[THREAD] Main poll: ident=139951606982080 native=1300990
[TIMING] BPF init CPU: 0.429s  wall: 0.431s
[TIMING] Setup CPU: 0.001s  wall: 0.001s
Starting to poll... (Ctrl+C to stop)
CPU [0] UID 1002 comm: gen_fast, count: 166
CPU [0] UID 1002 comm: gen_fast, count: 282
CPU [0] UID 1002 comm: gen_fast, count: 300
CPU [0] UID 1002 comm: gen_fast, count: 411
CPU [0] UID 1002 comm: gen_fast, count: 509
CPU [0] UID 1002 comm: gen_fast, count: 632
CPU [0] UID 1002 comm: gen_fast, count: 760
CPU [0] UID 1002 comm: gen_fast, count: 900
CPU [0] UID 1002 comm: gen_fast, count: 900
CPU [0] UID 1002 comm: gen_fast, count: 1006
CPU [0] UID 1002 comm: gen_fast, count: 1140
CPU [0] UID 1002 comm: gen_fast, count: 1200
CPU [0] UID 1002 comm: gen_fast, count: 1304
CPU [0] UID 1002 comm: gen_fast, count: 1427
CPU [0] UID 1002 comm: gen_fast, count: 1554
CPU [0] UID 1002 comm: gen_fast, count: 1681
CPU [0] UID 1002 comm: gen_fast, count: 1700
CPU [0] UID 1002 comm: gen_fast, count: 1801
CPU [0] UID 1002 comm: gen_fast, count: 1935
CPU [0] UID 1002 comm: gen_fast, count: 2067
CPU [0] UID 1002 comm: gen_fast, count: 2100
CPU [0] UID 1002 comm: gen_fast, count: 2200
CPU [0] UID 1002 comm: gen_fast, count: 2334
CPU [0] UID 1002 comm: gen_fast, count: 2471
CPU [0] UID 1002 comm: gen_fast, count: 2500
CPU [0] UID 1002 comm: gen_fast, count: 2612
CPU [0] UID 1002 comm: gen_fast, count: 2728
CPU [0] UID 1002 comm: gen_fast, count: 2875
CPU [0] UID 1002 comm: gen_fast, count: 2900
CPU [0] UID 1002 comm: gen_fast, count: 3000
CPU [0] UID 1002 comm: gen_fast, count: 3130
CPU [0] UID 1002 comm: gen_fast, count: 3284
CPU [0] UID 1002 comm: gen_fast, count: 3356
CPU [0] UID 1002 comm: gen_fast, count: 3404
CPU [0] UID 1002 comm: gen_fast, count: 3500
CPU [0] UID 1002 comm: gen_fast, count: 3642
CPU [0] UID 1002 comm: gen_fast, count: 3749
CPU [0] UID 1002 comm: gen_fast, count: 3800
CPU [0] UID 1002 comm: gen_fast, count: 3900
CPU [0] UID 1002 comm: gen_fast, count: 4045
CPU [0] UID 1002 comm: gen_fast, count: 4184
CPU [0] UID 1002 comm: gen_fast, count: 4200
CPU [0] UID 1002 comm: gen_fast, count: 4305
CPU [0] UID 1002 comm: gen_fast, count: 4463
CPU [0] UID 1002 comm: gen_fast, count: 4609
CPU [0] UID 1002 comm: gen_fast, count: 4609
CPU [0] UID 1002 comm: gen_fast, count: 4728
CPU [0] UID 1002 comm: gen_fast, count: 4876
CPU [0] UID 1002 comm: gen_fast, count: 4900
CPU [0] UID 1002 comm: gen_fast, count: 5050
CPU [0] UID 1002 comm: gen_fast, count: 5211
CPU [0] UID 1002 comm: gen_fast, count: 5211
CPU [0] UID 1002 comm: gen_fast, count: 5351
CPU [0] UID 1002 comm: gen_fast, count: 5400
CPU [0] UID 1002 comm: gen_fast, count: 5500
CPU [0] UID 1002 comm: gen_fast, count: 5628
CPU [0] UID 1002 comm: gen_fast, count: 5741
CPU [0] UID 1002 comm: gen_fast, count: 5874
CPU [0] UID 1002 comm: gen_fast, count: 5900
CPU [0] UID 1002 comm: gen_fast, count: 6003
CPU [0] UID 1002 comm: gen_fast, count: 6107
CPU [0] UID 1002 comm: gen_fast, count: 6229
CPU [0] UID 1002 comm: gen_fast, count: 6365
CPU [0] UID 1002 comm: gen_fast, count: 6404
CPU [0] UID 1002 comm: gen_fast, count: 6503
CPU [0] UID 1002 comm: gen_fast, count: 6614
CPU [0] UID 1002 comm: gen_fast, count: 6744
CPU [0] UID 1002 comm: gen_fast, count: 6827
CPU [0] UID 1002 comm: gen_fast, count: 6945
CPU [0] UID 1002 comm: gen_fast, count: 7072
CPU [0] UID 1002 comm: gen_fast, count: 7100
CPU [0] UID 1002 comm: gen_fast, count: 7200
CPU [0] UID 1002 comm: gen_fast, count: 7320
CPU [0] UID 1002 comm: gen_fast, count: 7400
CPU [0] UID 1002 comm: gen_fast, count: 7615
CPU [0] UID 1002 comm: gen_fast, count: 7615
CPU [0] UID 1002 comm: gen_fast, count: 7702
CPU [0] UID 1002 comm: gen_fast, count: 7820
CPU [0] UID 1002 comm: gen_fast, count: 7937
CPU [0] UID 1002 comm: gen_fast, count: 8062
CPU [0] UID 1002 comm: gen_fast, count: 8100
CPU [0] UID 1002 comm: gen_fast, count: 8200
CPU [0] UID 1002 comm: gen_fast, count: 8305
CPU [0] UID 1002 comm: gen_fast, count: 8401
CPU [0] UID 1002 comm: gen_fast, count: 8528
CPU [0] UID 1002 comm: gen_fast, count: 8647
CPU [0] UID 1002 comm: gen_fast, count: 8700
CPU [0] UID 1002 comm: gen_fast, count: 8915
CPU [0] UID 1002 comm: gen_fast, count: 8915
CPU [0] UID 1002 comm: gen_fast, count: 9034
CPU [0] UID 1002 comm: gen_fast, count: 9141
CPU [0] UID 1002 comm: gen_fast, count: 9267
CPU [0] UID 1002 comm: gen_fast, count: 9300
CPU [0] UID 1002 comm: gen_fast, count: 9400
CPU [0] UID 1002 comm: gen_fast, count: 9613
CPU [0] UID 1002 comm: gen_fast, count: 9613
CPU [0] UID 1002 comm: gen_fast, count: 9710
CPU [0] UID 1002 comm: gen_fast, count: 9903
CPU [0] UID 1002 comm: gen_fast, count: 9903
CPU [0] UID 1002 comm: gen_fast, count: 10157
CPU [0] UID 1002 comm: gen_fast, count: 10157
CPU [0] UID 1002 comm: gen_fast, count: 10200
CPU [0] UID 1002 comm: gen_fast, count: 10327
CPU [0] UID 1002 comm: gen_fast, count: 10400
CPU [0] UID 1002 comm: gen_fast, count: 10541
CPU [0] UID 1002 comm: gen_fast, count: 10607
CPU [0] UID 1002 comm: gen_fast, count: 10702
CPU [0] UID 1002 comm: gen_fast, count: 10800
CPU [0] UID 1002 comm: gen_fast, count: 10900
CPU [0] UID 1002 comm: gen_fast, count: 11046
CPU [0] UID 1002 comm: gen_fast, count: 11100
CPU [0] UID 1002 comm: gen_fast, count: 11202
CPU [0] UID 1002 comm: gen_fast, count: 11370
CPU [0] UID 1002 comm: gen_fast, count: 11400
CPU [0] UID 1002 comm: gen_fast, count: 11500
CPU [0] UID 1002 comm: gen_fast, count: 11683
CPU [0] UID 1002 comm: gen_fast, count: 11700
CPU [0] UID 1002 comm: gen_fast, count: 11832
CPU [0] UID 1002 comm: gen_fast, count: 11988
CPU [0] UID 1002 comm: gen_fast, count: 12000
CPU [0] UID 1002 comm: gen_fast, count: 12190
CPU [0] UID 1002 comm: gen_fast, count: 12200
CPU [0] UID 1002 comm: gen_fast, count: 12300
CPU [0] UID 1002 comm: gen_fast, count: 12400
CPU [0] UID 1002 comm: gen_fast, count: 12585
CPU [0] UID 1002 comm: gen_fast, count: 12600
CPU [0] UID 1002 comm: gen_fast, count: 12782
CPU [0] UID 1002 comm: gen_fast, count: 12800
CPU [0] UID 1002 comm: gen_fast, count: 13040
CPU [0] UID 1002 comm: gen_fast, count: 13040
CPU [0] UID 1002 comm: gen_fast, count: 13100
CPU [0] UID 1002 comm: gen_fast, count: 13200
CPU [0] UID 1002 comm: gen_fast, count: 13360
CPU [0] UID 1002 comm: gen_fast, count: 13400
CPU [0] UID 1002 comm: gen_fast, count: 13563
CPU [0] UID 1002 comm: gen_fast, count: 13600
CPU [0] UID 1002 comm: gen_fast, count: 13787
CPU [0] UID 1002 comm: gen_fast, count: 13800
CPU [0] UID 1002 comm: gen_fast, count: 13940
CPU [0] UID 1002 comm: gen_fast, count: 14000
CPU [0] UID 1002 comm: gen_fast, count: 14100
CPU [0] UID 1002 comm: gen_fast, count: 14277
CPU [0] UID 1002 comm: gen_fast, count: 14300
CPU [0] UID 1002 comm: gen_fast, count: 14401
CPU [0] UID 1002 comm: gen_fast, count: 14500
CPU [0] UID 1002 comm: gen_fast, count: 14600
CPU [0] UID 1002 comm: gen_fast, count: 14737
CPU [0] UID 1002 comm: gen_fast, count: 14824
CPU [0] UID 1002 comm: gen_fast, count: 14900
CPU [0] UID 1002 comm: gen_fast, count: 15000
CPU [0] UID 1002 comm: gen_fast, count: 15123
CPU [0] UID 1002 comm: gen_fast, count: 15203
CPU [0] UID 1002 comm: gen_fast, count: 15300
CPU [0] UID 1002 comm: gen_fast, count: 15400
CPU [0] UID 1002 comm: gen_fast, count: 15556
CPU [0] UID 1002 comm: gen_fast, count: 15762
CPU [0] UID 1002 comm: gen_fast, count: 15762
CPU [0] UID 1002 comm: gen_fast, count: 15800
CPU [0] UID 1002 comm: gen_fast, count: 15900
CPU [0] UID 1002 comm: gen_fast, count: 16000
CPU [0] UID 1002 comm: gen_fast, count: 16126
CPU [0] UID 1002 comm: gen_fast, count: 16263
CPU [0] UID 1002 comm: gen_fast, count: 16300
CPU [0] UID 1002 comm: gen_fast, count: 16400
CPU [0] UID 1002 comm: gen_fast, count: 16578
CPU [0] UID 1002 comm: gen_fast, count: 16600
CPU [0] UID 1002 comm: gen_fast, count: 16842
CPU [0] UID 1002 comm: gen_fast, count: 16842
CPU [0] UID 1002 comm: gen_fast, count: 16900
CPU [0] UID 1002 comm: gen_fast, count: 17104
CPU [0] UID 1002 comm: gen_fast, count: 17104
CPU [0] UID 1002 comm: gen_fast, count: 17200
CPU [0] UID 1002 comm: gen_fast, count: 17380
CPU [0] UID 1002 comm: gen_fast, count: 17400
CPU [0] UID 1002 comm: gen_fast, count: 17534
CPU [0] UID 1002 comm: gen_fast, count: 17697
CPU [0] UID 1002 comm: gen_fast, count: 17700
CPU [0] UID 1002 comm: gen_fast, count: 17876
CPU [0] UID 1002 comm: gen_fast, count: 17900
CPU [0] UID 1002 comm: gen_fast, count: 18040
CPU [0] UID 1002 comm: gen_fast, count: 18207
CPU [0] UID 1002 comm: gen_fast, count: 18207
CPU [0] UID 1002 comm: gen_fast, count: 18325
CPU [0] UID 1002 comm: gen_fast, count: 18418
CPU [0] UID 1002 comm: gen_fast, count: 18549
CPU [0] UID 1002 comm: gen_fast, count: 18600
CPU [0] UID 1002 comm: gen_fast, count: 18700
CPU [0] UID 1002 comm: gen_fast, count: 18840
CPU [0] UID 1002 comm: gen_fast, count: 18964
CPU [0] UID 1002 comm: gen_fast, count: 19000
CPU [0] UID 1002 comm: gen_fast, count: 19100
CPU [0] UID 1002 comm: gen_fast, count: 19200
CPU [0] UID 1002 comm: gen_fast, count: 19329
CPU [0] UID 1002 comm: gen_fast, count: 19400
CPU [0] UID 1002 comm: gen_fast, count: 19500
CPU [0] UID 1002 comm: gen_fast, count: 19670
CPU [0] UID 1002 comm: gen_fast, count: 19700
CPU [0] UID 1002 comm: gen_fast, count: 19800
CPU [0] UID 1002 comm: gen_fast, count: 19900
CPU [0] UID 1002 comm: gen_fast, count: 20025
CPU [0] UID 1002 comm: gen_fast, count: 20227
CPU [0] UID 1002 comm: gen_fast, count: 20227
CPU [0] UID 1002 comm: gen_fast, count: 20300
CPU [0] UID 1002 comm: gen_fast, count: 20455
CPU [0] UID 1002 comm: gen_fast, count: 20500
CPU [0] UID 1002 comm: gen_fast, count: 20621
CPU [0] UID 1002 comm: gen_fast, count: 20772
CPU [0] UID 1002 comm: gen_fast, count: 20800
CPU [0] UID 1002 comm: gen_fast, count: 20911
CPU [0] UID 1002 comm: gen_fast, count: 21073
CPU [0] UID 1002 comm: gen_fast, count: 21100
CPU [0] UID 1002 comm: gen_fast, count: 21232
CPU [0] UID 1002 comm: gen_fast, count: 21438
CPU [0] UID 1002 comm: gen_fast, count: 21438
CPU [0] UID 1002 comm: gen_fast, count: 21500
CPU [0] UID 1002 comm: gen_fast, count: 21635
CPU [0] UID 1002 comm: gen_fast, count: 21700
CPU [0] UID 1002 comm: gen_fast, count: 21808
CPU [0] UID 1002 comm: gen_fast, count: 21900
CPU [0] UID 1002 comm: gen_fast, count: 22035
CPU [0] UID 1002 comm: gen_fast, count: 22226
CPU [0] UID 1002 comm: gen_fast, count: 22226
CPU [0] UID 1002 comm: gen_fast, count: 22335
CPU [0] UID 1002 comm: gen_fast, count: 22458
CPU [0] UID 1002 comm: gen_fast, count: 22500
CPU [0] UID 1002 comm: gen_fast, count: 22600
CPU [0] UID 1002 comm: gen_fast, count: 22704
CPU [0] UID 1002 comm: gen_fast, count: 22823
CPU [0] UID 1002 comm: gen_fast, count: 22970
CPU [0] UID 1002 comm: gen_fast, count: 23000
CPU [0] UID 1002 comm: gen_fast, count: 23106
CPU [0] UID 1002 comm: gen_fast, count: 23306
CPU [0] UID 1002 comm: gen_fast, count: 23306
CPU [0] UID 1002 comm: gen_fast, count: 23409
CPU [0] UID 1002 comm: gen_fast, count: 23519
CPU [0] UID 1002 comm: gen_fast, count: 23725
CPU [0] UID 1002 comm: gen_fast, count: 23725
CPU [0] UID 1002 comm: gen_fast, count: 23811
CPU [0] UID 1002 comm: gen_fast, count: 24011
CPU [0] UID 1002 comm: gen_fast, count: 24011
CPU [0] UID 1002 comm: gen_fast, count: 24100
CPU [0] UID 1002 comm: gen_fast, count: 24255
CPU [0] UID 1002 comm: gen_fast, count: 24300
CPU [0] UID 1002 comm: gen_fast, count: 24410
CPU [0] UID 1002 comm: gen_fast, count: 24628
CPU [0] UID 1002 comm: gen_fast, count: 24628
CPU [0] UID 1002 comm: gen_fast, count: 24700
CPU [0] UID 1002 comm: gen_fast, count: 24829
CPU [0] UID 1002 comm: gen_fast, count: 24934
CPU [0] UID 1002 comm: gen_fast, count: 25074
CPU [0] UID 1002 comm: gen_fast, count: 25100
CPU [0] UID 1002 comm: gen_fast, count: 25200
CPU [0] UID 1002 comm: gen_fast, count: 25340
CPU [0] UID 1002 comm: gen_fast, count: 25400
CPU [0] UID 1002 comm: gen_fast, count: 25520
CPU [0] UID 1002 comm: gen_fast, count: 25600
CPU [0] UID 1002 comm: gen_fast, count: 25710
CPU [0] UID 1002 comm: gen_fast, count: 25816
CPU [0] UID 1002 comm: gen_fast, count: 25936
CPU [0] UID 1002 comm: gen_fast, count: 26060
CPU [0] UID 1002 comm: gen_fast, count: 26128
CPU [0] UID 1002 comm: gen_fast, count: 26252
CPU [0] UID 1002 comm: gen_fast, count: 26300
CPU [0] UID 1002 comm: gen_fast, count: 26400
CPU [0] UID 1002 comm: gen_fast, count: 26538
CPU [0] UID 1002 comm: gen_fast, count: 26736
CPU [0] UID 1002 comm: gen_fast, count: 26736
CPU [0] UID 1002 comm: gen_fast, count: 26900
CPU [0] UID 1002 comm: gen_fast, count: 26900
CPU [0] UID 1002 comm: gen_fast, count: 27042
CPU [0] UID 1002 comm: gen_fast, count: 27207
CPU [0] UID 1002 comm: gen_fast, count: 27207
CPU [0] UID 1002 comm: gen_fast, count: 27300
CPU [0] UID 1002 comm: gen_fast, count: 27432
CPU [0] UID 1002 comm: gen_fast, count: 27500
CPU [0] UID 1002 comm: gen_fast, count: 27600
CPU [0] UID 1002 comm: gen_fast, count: 27742
CPU [0] UID 1002 comm: gen_fast, count: 27870
CPU [0] UID 1002 comm: gen_fast, count: 27900
CPU [0] UID 1002 comm: gen_fast, count: 28026
CPU [0] UID 1002 comm: gen_fast, count: 28100
CPU [0] UID 1002 comm: gen_fast, count: 28200
CPU [0] UID 1002 comm: gen_fast, count: 28339
CPU [0] UID 1002 comm: gen_fast, count: 28421
CPU [0] UID 1002 comm: gen_fast, count: 28588
CPU [0] UID 1002 comm: gen_fast, count: 28600
CPU [0] UID 1002 comm: gen_fast, count: 28774
CPU [0] UID 1002 comm: gen_fast, count: 28800
CPU [0] UID 1002 comm: gen_fast, count: 28946
CPU [0] UID 1002 comm: gen_fast, count: 29000
CPU [0] UID 1002 comm: gen_fast, count: 29100
CPU [0] UID 1002 comm: gen_fast, count: 29279
CPU [0] UID 1002 comm: gen_fast, count: 29300
CPU [0] UID 1002 comm: gen_fast, count: 29524
CPU [0] UID 1002 comm: gen_fast, count: 29524
CPU [0] UID 1002 comm: gen_fast, count: 29600
CPU [0] UID 1002 comm: gen_fast, count: 29777
CPU [0] UID 1002 comm: gen_fast, count: 29800
CPU [0] UID 1002 comm: gen_fast, count: 29939
CPU [0] UID 1002 comm: gen_fast, count: 30000
CPU [0] UID 1002 comm: gen_fast, count: 30100
CPU [0] UID 1002 comm: gen_fast, count: 30284
CPU [0] UID 1002 comm: gen_fast, count: 30300
CPU [0] UID 1002 comm: gen_fast, count: 30420
CPU [0] UID 1002 comm: gen_fast, count: 30500
CPU [0] UID 1002 comm: gen_fast, count: 30600
CPU [0] UID 1002 comm: gen_fast, count: 30743
CPU [0] UID 1002 comm: gen_fast, count: 30917
CPU [0] UID 1002 comm: gen_fast, count: 30917
CPU [0] UID 1002 comm: gen_fast, count: 31000
CPU [0] UID 1002 comm: gen_fast, count: 31144
CPU [0] UID 1002 comm: gen_fast, count: 31266
CPU [0] UID 1002 comm: gen_fast, count: 31300
CPU [0] UID 1002 comm: gen_fast, count: 31400
CPU [0] UID 1002 comm: gen_fast, count: 31521
CPU [0] UID 1002 comm: gen_fast, count: 31670
CPU [0] UID 1002 comm: gen_fast, count: 31700
CPU [0] UID 1002 comm: gen_fast, count: 31800
CPU [0] UID 1002 comm: gen_fast, count: 31941
CPU [0] UID 1002 comm: gen_fast, count: 32098
CPU [0] UID 1002 comm: gen_fast, count: 32100
CPU [0] UID 1002 comm: gen_fast, count: 32202
CPU [0] UID 1002 comm: gen_fast, count: 32300
CPU [0] UID 1002 comm: gen_fast, count: 32417
CPU [0] UID 1002 comm: gen_fast, count: 32575
CPU [0] UID 1002 comm: gen_fast, count: 32600
CPU [0] UID 1002 comm: gen_fast, count: 32718
CPU [0] UID 1002 comm: gen_fast, count: 32859
CPU [0] UID 1002 comm: gen_fast, count: 32900
CPU [0] UID 1002 comm: gen_fast, count: 33000
CPU [0] UID 1002 comm: gen_fast, count: 33133
CPU [0] UID 1002 comm: gen_fast, count: 33277
CPU [0] UID 1002 comm: gen_fast, count: 33300
CPU [0] UID 1002 comm: gen_fast, count: 33410
CPU [0] UID 1002 comm: gen_fast, count: 33546
CPU [0] UID 1002 comm: gen_fast, count: 33679
CPU [0] UID 1002 comm: gen_fast, count: 33700
CPU [0] UID 1002 comm: gen_fast, count: 33832
CPU [0] UID 1002 comm: gen_fast, count: 34035
CPU [0] UID 1002 comm: gen_fast, count: 34035
CPU [0] UID 1002 comm: gen_fast, count: 34100
CPU [0] UID 1002 comm: gen_fast, count: 34262
CPU [0] UID 1002 comm: gen_fast, count: 34300
CPU [0] UID 1002 comm: gen_fast, count: 34405
CPU [0] UID 1002 comm: gen_fast, count: 34580
CPU [0] UID 1002 comm: gen_fast, count: 34600
CPU [0] UID 1002 comm: gen_fast, count: 34700
CPU [0] UID 1002 comm: gen_fast, count: 34916
CPU [0] UID 1002 comm: gen_fast, count: 34916
CPU [0] UID 1002 comm: gen_fast, count: 35128
CPU [0] UID 1002 comm: gen_fast, count: 35128
CPU [0] UID 1002 comm: gen_fast, count: 35200
CPU [0] UID 1002 comm: gen_fast, count: 35314
CPU [0] UID 1002 comm: gen_fast, count: 35511
CPU [0] UID 1002 comm: gen_fast, count: 35511
CPU [0] UID 1002 comm: gen_fast, count: 35632
CPU [0] UID 1002 comm: gen_fast, count: 35707
CPU [0] UID 1002 comm: gen_fast, count: 35834
CPU [0] UID 1002 comm: gen_fast, count: 35900
CPU [0] UID 1002 comm: gen_fast, count: 36003
CPU [0] UID 1002 comm: gen_fast, count: 36100
CPU [0] UID 1002 comm: gen_fast, count: 36215
CPU [0] UID 1002 comm: gen_fast, count: 36349
CPU [0] UID 1002 comm: gen_fast, count: 36400
CPU [0] UID 1002 comm: gen_fast, count: 36500
CPU [0] UID 1002 comm: gen_fast, count: 36638
CPU [0] UID 1002 comm: gen_fast, count: 36710
CPU [0] UID 1002 comm: gen_fast, count: 36812
CPU [0] UID 1002 comm: gen_fast, count: 37024
CPU [0] UID 1002 comm: gen_fast, count: 37024
CPU [0] UID 1002 comm: gen_fast, count: 37225
CPU [0] UID 1002 comm: gen_fast, count: 37225
CPU [0] UID 1002 comm: gen_fast, count: 37300
CPU [0] UID 1002 comm: gen_fast, count: 37453
CPU [0] UID 1002 comm: gen_fast, count: 37500
CPU [0] UID 1002 comm: gen_fast, count: 37620
CPU [0] UID 1002 comm: gen_fast, count: 37700
CPU [0] UID 1002 comm: gen_fast, count: 37800
CPU [0] UID 1002 comm: gen_fast, count: 37998
CPU [0] UID 1002 comm: gen_fast, count: 38000
CPU [0] UID 1002 comm: gen_fast, count: 38152
CPU [0] UID 1002 comm: gen_fast, count: 38200
CPU [0] UID 1002 comm: gen_fast, count: 38358
CPU [0] UID 1002 comm: gen_fast, count: 38429
CPU [0] UID 1002 comm: gen_fast, count: 38500
CPU [0] UID 1002 comm: gen_fast, count: 38600
CPU [0] UID 1002 comm: gen_fast, count: 38700
CPU [0] UID 1002 comm: gen_fast, count: 38819
CPU [0] UID 1002 comm: gen_fast, count: 39026
CPU [0] UID 1002 comm: gen_fast, count: 39026
CPU [0] UID 1002 comm: gen_fast, count: 39100
CPU [0] UID 1002 comm: gen_fast, count: 39253
CPU [0] UID 1002 comm: gen_fast, count: 39300
CPU [0] UID 1002 comm: gen_fast, count: 39400
CPU [0] UID 1002 comm: gen_fast, count: 39590
CPU [0] UID 1002 comm: gen_fast, count: 39600
CPU [0] UID 1002 comm: gen_fast, count: 39725
CPU [0] UID 1002 comm: gen_fast, count: 39837
CPU [0] UID 1002 comm: gen_fast, count: 39968
CPU [0] UID 1002 comm: gen_fast, count: 40106
CPU [0] UID 1002 comm: gen_fast, count: 40106
CPU [0] UID 1002 comm: gen_fast, count: 40211
CPU [0] UID 1002 comm: gen_fast, count: 40300
CPU [0] UID 1002 comm: gen_fast, count: 40409
CPU [0] UID 1002 comm: gen_fast, count: 40530
CPU [0] UID 1002 comm: gen_fast, count: 40630
CPU [0] UID 1002 comm: gen_fast, count: 40751
CPU [0] UID 1002 comm: gen_fast, count: 40879
CPU [0] UID 1002 comm: gen_fast, count: 40900
CPU [0] UID 1002 comm: gen_fast, count: 41000
CPU [0] UID 1002 comm: gen_fast, count: 41112
CPU [0] UID 1002 comm: gen_fast, count: 41237
CPU [0] UID 1002 comm: gen_fast, count: 41324
CPU [0] UID 1002 comm: gen_fast, count: 41445
CPU [0] UID 1002 comm: gen_fast, count: 41500
CPU [0] UID 1002 comm: gen_fast, count: 41600
CPU [0] UID 1002 comm: gen_fast, count: 41751
CPU [0] UID 1002 comm: gen_fast, count: 41800
CPU [0] UID 1002 comm: gen_fast, count: 41900
CPU [0] UID 1002 comm: gen_fast, count: 42045
CPU [0] UID 1002 comm: gen_fast, count: 42100
CPU [0] UID 1002 comm: gen_fast, count: 42200
CPU [0] UID 1002 comm: gen_fast, count: 42314
CPU [0] UID 1002 comm: gen_fast, count: 42451
CPU [0] UID 1002 comm: gen_fast, count: 42500
CPU [0] UID 1002 comm: gen_fast, count: 42608
CPU [0] UID 1002 comm: gen_fast, count: 42700
CPU [0] UID 1002 comm: gen_fast, count: 42800
CPU [0] UID 1002 comm: gen_fast, count: 42943
CPU [0] UID 1002 comm: gen_fast, count: 43009
CPU [0] UID 1002 comm: gen_fast, count: 43218
CPU [0] UID 1002 comm: gen_fast, count: 43218
CPU [0] UID 1002 comm: gen_fast, count: 43300
CPU [0] UID 1002 comm: gen_fast, count: 43422
CPU [0] UID 1002 comm: gen_fast, count: 43507
CPU [0] UID 1002 comm: gen_fast, count: 43600
CPU [0] UID 1002 comm: gen_fast, count: 43726
CPU [0] UID 1002 comm: gen_fast, count: 43808
CPU [0] UID 1002 comm: gen_fast, count: 43990
CPU [0] UID 1002 comm: gen_fast, count: 44000
CPU [0] UID 1002 comm: gen_fast, count: 44100
CPU [0] UID 1002 comm: gen_fast, count: 44209
CPU [0] UID 1002 comm: gen_fast, count: 44354
CPU [0] UID 1002 comm: gen_fast, count: 44406
CPU [0] UID 1002 comm: gen_fast, count: 44500
CPU [0] UID 1002 comm: gen_fast, count: 44600
CPU [0] UID 1002 comm: gen_fast, count: 44728
CPU [0] UID 1002 comm: gen_fast, count: 44800
CPU [0] UID 1002 comm: gen_fast, count: 44900
CPU [0] UID 1002 comm: gen_fast, count: 45019
CPU [0] UID 1002 comm: gen_fast, count: 45174
CPU [0] UID 1002 comm: gen_fast, count: 45200
CPU [0] UID 1002 comm: gen_fast, count: 45336
CPU [0] UID 1002 comm: gen_fast, count: 45419
CPU [0] UID 1002 comm: gen_fast, count: 45579
CPU [0] UID 1002 comm: gen_fast, count: 45600
CPU [0] UID 1002 comm: gen_fast, count: 45714
CPU [0] UID 1002 comm: gen_fast, count: 45800
CPU [0] UID 1002 comm: gen_fast, count: 45900
CPU [0] UID 1002 comm: gen_fast, count: 46094
CPU [0] UID 1002 comm: gen_fast, count: 46100
CPU [0] UID 1002 comm: gen_fast, count: 46200
CPU [0] UID 1002 comm: gen_fast, count: 46336
CPU [0] UID 1002 comm: gen_fast, count: 46400
CPU [0] UID 1002 comm: gen_fast, count: 46500
CPU [0] UID 1002 comm: gen_fast, count: 46632
CPU [0] UID 1002 comm: gen_fast, count: 46700
CPU [0] UID 1002 comm: gen_fast, count: 46813
CPU [0] UID 1002 comm: gen_fast, count: 46951
CPU [0] UID 1002 comm: gen_fast, count: 47018
CPU [0] UID 1002 comm: gen_fast, count: 47105
CPU [0] UID 1002 comm: gen_fast, count: 47244
CPU [0] UID 1002 comm: gen_fast, count: 47327
CPU [0] UID 1002 comm: gen_fast, count: 47400
CPU [0] UID 1002 comm: gen_fast, count: 47500
CPU [0] UID 1002 comm: gen_fast, count: 47600
CPU [0] UID 1002 comm: gen_fast, count: 47740
CPU [0] UID 1002 comm: gen_fast, count: 47883
CPU [0] UID 1002 comm: gen_fast, count: 47900
CPU [0] UID 1002 comm: gen_fast, count: 48050
CPU [0] UID 1002 comm: gen_fast, count: 48100
CPU [0] UID 1002 comm: gen_fast, count: 48240
CPU [0] UID 1002 comm: gen_fast, count: 48392
CPU [0] UID 1002 comm: gen_fast, count: 48400
CPU [0] UID 1002 comm: gen_fast, count: 48586
CPU [0] UID 1002 comm: gen_fast, count: 48600
CPU [0] UID 1002 comm: gen_fast, count: 48700
CPU [0] UID 1002 comm: gen_fast, count: 48839
CPU [0] UID 1002 comm: gen_fast, count: 48940
CPU [0] UID 1002 comm: gen_fast, count: 49060
CPU [0] UID 1002 comm: gen_fast, count: 49100
CPU [0] UID 1002 comm: gen_fast, count: 49211
CPU [0] UID 1002 comm: gen_fast, count: 49388
CPU [0] UID 1002 comm: gen_fast, count: 49400
CPU [0] UID 1002 comm: gen_fast, count: 49612
CPU [0] UID 1002 comm: gen_fast, count: 49612
CPU [0] UID 1002 comm: gen_fast, count: 49748
CPU [0] UID 1002 comm: gen_fast, count: 49840
CPU [0] UID 1002 comm: gen_fast, count: 50027
CPU [0] UID 1002 comm: gen_fast, count: 50027
CPU [0] UID 1002 comm: gen_fast, count: 50100
CPU [0] UID 1002 comm: gen_fast, count: 50225
CPU [0] UID 1002 comm: gen_fast, count: 50312
CPU [0] UID 1002 comm: gen_fast, count: 50400
CPU [0] UID 1002 comm: gen_fast, count: 50500
CPU [0] UID 1002 comm: gen_fast, count: 50686
CPU [0] UID 1002 comm: gen_fast, count: 50700
CPU [0] UID 1002 comm: gen_fast, count: 50803
CPU [0] UID 1002 comm: gen_fast, count: 50917
CPU [0] UID 1002 comm: gen_fast, count: 51000
CPU [0] UID 1002 comm: gen_fast, count: 51146
CPU [0] UID 1002 comm: gen_fast, count: 51215
CPU [0] UID 1002 comm: gen_fast, count: 51300
CPU [0] UID 1002 comm: gen_fast, count: 51400
CPU [0] UID 1002 comm: gen_fast, count: 51507
CPU [0] UID 1002 comm: gen_fast, count: 51600
CPU [0] UID 1002 comm: gen_fast, count: 51773
CPU [0] UID 1002 comm: gen_fast, count: 51800
CPU [0] UID 1002 comm: gen_fast, count: 51900
CPU [0] UID 1002 comm: gen_fast, count: 52000
CPU [0] UID 1002 comm: gen_fast, count: 52135
CPU [0] UID 1002 comm: gen_fast, count: 52336
CPU [0] UID 1002 comm: gen_fast, count: 52336
CPU [0] UID 1002 comm: gen_fast, count: 52400
CPU [0] UID 1002 comm: gen_fast, count: 52506
CPU [0] UID 1002 comm: gen_fast, count: 52613
CPU [0] UID 1002 comm: gen_fast, count: 52749
CPU [0] UID 1002 comm: gen_fast, count: 52800
CPU [0] UID 1002 comm: gen_fast, count: 52912
CPU [0] UID 1002 comm: gen_fast, count: 53046
CPU [0] UID 1002 comm: gen_fast, count: 53100
CPU [0] UID 1002 comm: gen_fast, count: 53200
CPU [0] UID 1002 comm: gen_fast, count: 53320
CPU [0] UID 1002 comm: gen_fast, count: 53403
CPU [0] UID 1002 comm: gen_fast, count: 53529
CPU [0] UID 1002 comm: gen_fast, count: 53600
CPU [0] UID 1002 comm: gen_fast, count: 53782
CPU [0] UID 1002 comm: gen_fast, count: 53800
CPU [0] UID 1002 comm: gen_fast, count: 53900
CPU [0] UID 1002 comm: gen_fast, count: 54023
CPU [0] UID 1002 comm: gen_fast, count: 54132
CPU [0] UID 1002 comm: gen_fast, count: 54206
CPU [0] UID 1002 comm: gen_fast, count: 54300
CPU [0] UID 1002 comm: gen_fast, count: 54494
CPU [0] UID 1002 comm: gen_fast, count: 54500
CPU [0] UID 1002 comm: gen_fast, count: 54647
CPU [0] UID 1002 comm: gen_fast, count: 54847
CPU [0] UID 1002 comm: gen_fast, count: 54847
CPU [0] UID 1002 comm: gen_fast, count: 54949
CPU [0] UID 1002 comm: gen_fast, count: 55000
CPU [0] UID 1002 comm: gen_fast, count: 55100
CPU [0] UID 1002 comm: gen_fast, count: 55283
CPU [0] UID 1002 comm: gen_fast, count: 55300
CPU [0] UID 1002 comm: gen_fast, count: 55413
CPU [0] UID 1002 comm: gen_fast, count: 55503
CPU [0] UID 1002 comm: gen_fast, count: 55600
CPU [0] UID 1002 comm: gen_fast, count: 55730
CPU [0] UID 1002 comm: gen_fast, count: 55800
CPU [0] UID 1002 comm: gen_fast, count: 55916
CPU [0] UID 1002 comm: gen_fast, count: 56053
CPU [0] UID 1002 comm: gen_fast, count: 56172
CPU [0] UID 1002 comm: gen_fast, count: 56200
CPU [0] UID 1002 comm: gen_fast, count: 56300
CPU [0] UID 1002 comm: gen_fast, count: 56405
CPU [0] UID 1002 comm: gen_fast, count: 56530
CPU [0] UID 1002 comm: gen_fast, count: 56600
CPU [0] UID 1002 comm: gen_fast, count: 56700
CPU [0] UID 1002 comm: gen_fast, count: 56854
CPU [0] UID 1002 comm: gen_fast, count: 56900
CPU [0] UID 1002 comm: gen_fast, count: 57000
CPU [0] UID 1002 comm: gen_fast, count: 57100
CPU [0] UID 1002 comm: gen_fast, count: 57217
CPU [0] UID 1002 comm: gen_fast, count: 57359
CPU [0] UID 1002 comm: gen_fast, count: 57400
CPU [0] UID 1002 comm: gen_fast, count: 57511
CPU [0] UID 1002 comm: gen_fast, count: 57629
CPU [0] UID 1002 comm: gen_fast, count: 57700
CPU [0] UID 1002 comm: gen_fast, count: 57800
CPU [0] UID 1002 comm: gen_fast, count: 57900
CPU [0] UID 1002 comm: gen_fast, count: 58016
CPU [0] UID 1002 comm: gen_fast, count: 58151
CPU [0] UID 1002 comm: gen_fast, count: 58247
CPU [0] UID 1002 comm: gen_fast, count: 58300
CPU [0] UID 1002 comm: gen_fast, count: 58400
CPU [0] UID 1002 comm: gen_fast, count: 58501
CPU [0] UID 1002 comm: gen_fast, count: 58624
CPU [0] UID 1002 comm: gen_fast, count: 58740
CPU [0] UID 1002 comm: gen_fast, count: 58868
CPU [0] UID 1002 comm: gen_fast, count: 58945
CPU [0] UID 1002 comm: gen_fast, count: 59064
CPU [0] UID 1002 comm: gen_fast, count: 59197
CPU [0] UID 1002 comm: gen_fast, count: 59200
CPU [0] UID 1002 comm: gen_fast, count: 59305
CPU [0] UID 1002 comm: gen_fast, count: 59426
CPU [0] UID 1002 comm: gen_fast, count: 59551
CPU [0] UID 1002 comm: gen_fast, count: 59674
CPU [0] UID 1002 comm: gen_fast, count: 59700
CPU [0] UID 1002 comm: gen_fast, count: 59800
CPU [0] UID 1002 comm: gen_fast, count: 59938
CPU [0] UID 1002 comm: gen_fast, count: 60038
CPU [0] UID 1002 comm: gen_fast, count: 60100
CPU [0] UID 1002 comm: gen_fast, count: 60206
CPU [0] UID 1002 comm: gen_fast, count: 60300
CPU [0] UID 1002 comm: gen_fast, count: 60424
CPU [0] UID 1002 comm: gen_fast, count: 60553
CPU [0] UID 1002 comm: gen_fast, count: 60612
CPU [0] UID 1002 comm: gen_fast, count: 60781
CPU [0] UID 1002 comm: gen_fast, count: 60800
CPU [0] UID 1002 comm: gen_fast, count: 60905
CPU [0] UID 1002 comm: gen_fast, count: 61013
CPU [0] UID 1002 comm: gen_fast, count: 61143
CPU [0] UID 1002 comm: gen_fast, count: 61260
CPU [0] UID 1002 comm: gen_fast, count: 61398
CPU [0] UID 1002 comm: gen_fast, count: 61400
CPU [0] UID 1002 comm: gen_fast, count: 61500
CPU [0] UID 1002 comm: gen_fast, count: 61619
CPU [0] UID 1002 comm: gen_fast, count: 61749
CPU [0] UID 1002 comm: gen_fast, count: 61862
CPU [0] UID 1002 comm: gen_fast, count: 61900
CPU [0] UID 1002 comm: gen_fast, count: 62026
CPU [0] UID 1002 comm: gen_fast, count: 62140
CPU [0] UID 1002 comm: gen_fast, count: 62271
CPU [0] UID 1002 comm: gen_fast, count: 62300
CPU [0] UID 1002 comm: gen_fast, count: 62400
CPU [0] UID 1002 comm: gen_fast, count: 62503
CPU [0] UID 1002 comm: gen_fast, count: 62698
CPU [0] UID 1002 comm: gen_fast, count: 62700
CPU [0] UID 1002 comm: gen_fast, count: 62803
CPU [0] UID 1002 comm: gen_fast, count: 62923
CPU [0] UID 1002 comm: gen_fast, count: 63026
CPU [0] UID 1002 comm: gen_fast, count: 63152
CPU [0] UID 1002 comm: gen_fast, count: 63200
CPU [0] UID 1002 comm: gen_fast, count: 63322
CPU [0] UID 1002 comm: gen_fast, count: 63454
CPU [0] UID 1002 comm: gen_fast, count: 63556
CPU [0] UID 1002 comm: gen_fast, count: 63681
CPU [0] UID 1002 comm: gen_fast, count: 63700
CPU [0] UID 1002 comm: gen_fast, count: 63806
CPU [0] UID 1002 comm: gen_fast, count: 63924
CPU [0] UID 1002 comm: gen_fast, count: 64058
CPU [0] UID 1002 comm: gen_fast, count: 64100
CPU [0] UID 1002 comm: gen_fast, count: 64303
CPU [0] UID 1002 comm: gen_fast, count: 64303
CPU [0] UID 1002 comm: gen_fast, count: 64400
CPU [0] UID 1002 comm: gen_fast, count: 64519
CPU [0] UID 1002 comm: gen_fast, count: 64656
CPU [0] UID 1002 comm: gen_fast, count: 64700
CPU [0] UID 1002 comm: gen_fast, count: 64800
CPU [0] UID 1002 comm: gen_fast, count: 64904
CPU [0] UID 1002 comm: gen_fast, count: 65000
CPU [0] UID 1002 comm: gen_fast, count: 65100
CPU [0] UID 1002 comm: gen_fast, count: 65218
CPU [0] UID 1002 comm: gen_fast, count: 65310
CPU [0] UID 1002 comm: gen_fast, count: 65400
CPU [0] UID 1002 comm: gen_fast, count: 65510
CPU [0] UID 1002 comm: gen_fast, count: 65653
CPU [0] UID 1002 comm: gen_fast, count: 65700
CPU [0] UID 1002 comm: gen_fast, count: 65801
CPU [0] UID 1002 comm: gen_fast, count: 65921
CPU [0] UID 1002 comm: gen_fast, count: 66000
CPU [0] UID 1002 comm: gen_fast, count: 66112
CPU [0] UID 1002 comm: gen_fast, count: 66239
CPU [0] UID 1002 comm: gen_fast, count: 66356
CPU [0] UID 1002 comm: gen_fast, count: 66473
CPU [0] UID 1002 comm: gen_fast, count: 66500
CPU [0] UID 1002 comm: gen_fast, count: 66608
CPU [0] UID 1002 comm: gen_fast, count: 66721
CPU [0] UID 1002 comm: gen_fast, count: 66839
CPU [0] UID 1002 comm: gen_fast, count: 66963
CPU [0] UID 1002 comm: gen_fast, count: 67095
CPU [0] UID 1002 comm: gen_fast, count: 67100
CPU [0] UID 1002 comm: gen_fast, count: 67200
CPU [0] UID 1002 comm: gen_fast, count: 67349
CPU [0] UID 1002 comm: gen_fast, count: 67400
CPU [0] UID 1002 comm: gen_fast, count: 67511
CPU [0] UID 1002 comm: gen_fast, count: 67665
CPU [0] UID 1002 comm: gen_fast, count: 67700
CPU [0] UID 1002 comm: gen_fast, count: 67854
CPU [0] UID 1002 comm: gen_fast, count: 67937
CPU [0] UID 1002 comm: gen_fast, count: 68117
CPU [0] UID 1002 comm: gen_fast, count: 68117
CPU [0] UID 1002 comm: gen_fast, count: 68238
CPU [0] UID 1002 comm: gen_fast, count: 68360
CPU [0] UID 1002 comm: gen_fast, count: 68494
CPU [0] UID 1002 comm: gen_fast, count: 68500
CPU [0] UID 1002 comm: gen_fast, count: 68602
CPU [0] UID 1002 comm: gen_fast, count: 68718
CPU [0] UID 1002 comm: gen_fast, count: 68834
CPU [0] UID 1002 comm: gen_fast, count: 68958
CPU [0] UID 1002 comm: gen_fast, count: 69029
CPU [0] UID 1002 comm: gen_fast, count: 69149
CPU [0] UID 1002 comm: gen_fast, count: 69267
CPU [0] UID 1002 comm: gen_fast, count: 69300
CPU [0] UID 1002 comm: gen_fast, count: 69401
CPU [0] UID 1002 comm: gen_fast, count: 69568
CPU [0] UID 1002 comm: gen_fast, count: 69670
CPU [0] UID 1002 comm: gen_fast, count: 69700
CPU [0] UID 1002 comm: gen_fast, count: 69855
CPU [0] UID 1002 comm: gen_fast, count: 69900
CPU [0] UID 1002 comm: gen_fast, count: 70018
CPU [0] UID 1002 comm: gen_fast, count: 70173
CPU [0] UID 1002 comm: gen_fast, count: 70200
CPU [0] UID 1002 comm: gen_fast, count: 70300
CPU [0] UID 1002 comm: gen_fast, count: 70417
CPU [0] UID 1002 comm: gen_fast, count: 70500
CPU [0] UID 1002 comm: gen_fast, count: 70616
CPU [0] UID 1002 comm: gen_fast, count: 70700
CPU [0] UID 1002 comm: gen_fast, count: 70800
CPU [0] UID 1002 comm: gen_fast, count: 70932
CPU [0] UID 1002 comm: gen_fast, count: 71128
CPU [0] UID 1002 comm: gen_fast, count: 71128
CPU [0] UID 1002 comm: gen_fast, count: 71210
CPU [0] UID 1002 comm: gen_fast, count: 71300
CPU [0] UID 1002 comm: gen_fast, count: 71447
CPU [0] UID 1002 comm: gen_fast, count: 71525
CPU [0] UID 1002 comm: gen_fast, count: 71685
CPU [0] UID 1002 comm: gen_fast, count: 71700
CPU [0] UID 1002 comm: gen_fast, count: 71817
CPU [0] UID 1002 comm: gen_fast, count: 71967
CPU [0] UID 1002 comm: gen_fast, count: 72120
CPU [0] UID 1002 comm: gen_fast, count: 72120
CPU [0] UID 1002 comm: gen_fast, count: 72211
CPU [0] UID 1002 comm: gen_fast, count: 72300
CPU [0] UID 1002 comm: gen_fast, count: 72400
CPU [0] UID 1002 comm: gen_fast, count: 72505
CPU [0] UID 1002 comm: gen_fast, count: 72649
CPU [0] UID 1002 comm: gen_fast, count: 72735
CPU [0] UID 1002 comm: gen_fast, count: 72828
CPU [0] UID 1002 comm: gen_fast, count: 72900
CPU [0] UID 1002 comm: gen_fast, count: 73003
CPU [0] UID 1002 comm: gen_fast, count: 73174
CPU [0] UID 1002 comm: gen_fast, count: 73200
CPU [0] UID 1002 comm: gen_fast, count: 73310
CPU [0] UID 1002 comm: gen_fast, count: 73400
CPU [0] UID 1002 comm: gen_fast, count: 73500
CPU [0] UID 1002 comm: gen_fast, count: 73639
CPU [0] UID 1002 comm: gen_fast, count: 73713
CPU [0] UID 1002 comm: gen_fast, count: 73864
CPU [0] UID 1002 comm: gen_fast, count: 73900
CPU [0] UID 1002 comm: gen_fast, count: 74052
CPU [0] UID 1002 comm: gen_fast, count: 74100
CPU [0] UID 1002 comm: gen_fast, count: 74200
CPU [0] UID 1002 comm: gen_fast, count: 74300
CPU [0] UID 1002 comm: gen_fast, count: 74414
CPU [0] UID 1002 comm: gen_fast, count: 74576
CPU [0] UID 1002 comm: gen_fast, count: 74600
CPU [0] UID 1002 comm: gen_fast, count: 74706
CPU [0] UID 1002 comm: gen_fast, count: 74882
CPU [0] UID 1002 comm: gen_fast, count: 74999
CPU [0] UID 1002 comm: gen_fast, count: 75000
CPU [0] UID 1002 comm: gen_fast, count: 75150
CPU [0] UID 1002 comm: gen_fast, count: 75200
CPU [0] UID 1002 comm: gen_fast, count: 75312
CPU [0] UID 1002 comm: gen_fast, count: 75480
CPU [0] UID 1002 comm: gen_fast, count: 75500
CPU [0] UID 1002 comm: gen_fast, count: 75634
CPU [0] UID 1002 comm: gen_fast, count: 75752
CPU [0] UID 1002 comm: gen_fast, count: 75880
CPU [0] UID 1002 comm: gen_fast, count: 75918
CPU [0] UID 1002 comm: gen_fast, count: 76000
CPU [0] UID 1002 comm: gen_fast, count: 76151
CPU [0] UID 1002 comm: gen_fast, count: 76200
CPU [0] UID 1002 comm: gen_fast, count: 76352
CPU [0] UID 1002 comm: gen_fast, count: 76432
CPU [0] UID 1002 comm: gen_fast, count: 76509
CPU [0] UID 1002 comm: gen_fast, count: 76660
CPU [0] UID 1002 comm: gen_fast, count: 76700
CPU [0] UID 1002 comm: gen_fast, count: 76800
CPU [0] UID 1002 comm: gen_fast, count: 76913
CPU [0] UID 1002 comm: gen_fast, count: 77057
CPU [0] UID 1002 comm: gen_fast, count: 77125
CPU [0] UID 1002 comm: gen_fast, count: 77207
CPU [0] UID 1002 comm: gen_fast, count: 77407
CPU [0] UID 1002 comm: gen_fast, count: 77407
CPU [0] UID 1002 comm: gen_fast, count: 77500
CPU [0] UID 1002 comm: gen_fast, count: 77600
CPU [0] UID 1002 comm: gen_fast, count: 77721
CPU [0] UID 1002 comm: gen_fast, count: 77876
CPU [0] UID 1002 comm: gen_fast, count: 77900
CPU [0] UID 1002 comm: gen_fast, count: 78009
CPU [0] UID 1002 comm: gen_fast, count: 78100
CPU [0] UID 1002 comm: gen_fast, count: 78238
CPU [0] UID 1002 comm: gen_fast, count: 78407
CPU [0] UID 1002 comm: gen_fast, count: 78407
CPU [0] UID 1002 comm: gen_fast, count: 78500
CPU [0] UID 1002 comm: gen_fast, count: 78650
CPU [0] UID 1002 comm: gen_fast, count: 78744
CPU [0] UID 1002 comm: gen_fast, count: 78800
CPU [0] UID 1002 comm: gen_fast, count: 78929
CPU [0] UID 1002 comm: gen_fast, count: 79000
CPU [0] UID 1002 comm: gen_fast, count: 79143
CPU [0] UID 1002 comm: gen_fast, count: 79227
CPU [0] UID 1002 comm: gen_fast, count: 79300
CPU [0] UID 1002 comm: gen_fast, count: 79400
CPU [0] UID 1002 comm: gen_fast, count: 79500
CPU [0] UID 1002 comm: gen_fast, count: 79755
CPU [0] UID 1002 comm: gen_fast, count: 79755
CPU [0] UID 1002 comm: gen_fast, count: 79800
CPU [0] UID 1002 comm: gen_fast, count: 80005
CPU [0] UID 1002 comm: gen_fast, count: 80005
CPU [0] UID 1002 comm: gen_fast, count: 80120
CPU [0] UID 1002 comm: gen_fast, count: 80234
CPU [0] UID 1002 comm: gen_fast, count: 80300
CPU [0] UID 1002 comm: gen_fast, count: 80406
CPU [0] UID 1002 comm: gen_fast, count: 80576
CPU [0] UID 1002 comm: gen_fast, count: 80600
CPU [0] UID 1002 comm: gen_fast, count: 80700
CPU [0] UID 1002 comm: gen_fast, count: 80841
CPU [0] UID 1002 comm: gen_fast, count: 81044
CPU [0] UID 1002 comm: gen_fast, count: 81044
CPU [0] UID 1002 comm: gen_fast, count: 81229
CPU [0] UID 1002 comm: gen_fast, count: 81229
CPU [0] UID 1002 comm: gen_fast, count: 81300
CPU [0] UID 1002 comm: gen_fast, count: 81400
CPU [0] UID 1002 comm: gen_fast, count: 81513
CPU [0] UID 1002 comm: gen_fast, count: 81690
CPU [0] UID 1002 comm: gen_fast, count: 81700
CPU [0] UID 1002 comm: gen_fast, count: 81828
CPU [0] UID 1002 comm: gen_fast, count: 82032
CPU [0] UID 1002 comm: gen_fast, count: 82032
CPU [0] UID 1002 comm: gen_fast, count: 82232
CPU [0] UID 1002 comm: gen_fast, count: 82232
CPU [0] UID 1002 comm: gen_fast, count: 82300
CPU [0] UID 1002 comm: gen_fast, count: 82531
CPU [0] UID 1002 comm: gen_fast, count: 82531
CPU [0] UID 1002 comm: gen_fast, count: 82600
CPU [0] UID 1002 comm: gen_fast, count: 82761
CPU [0] UID 1002 comm: gen_fast, count: 82800
CPU [0] UID 1002 comm: gen_fast, count: 82933
CPU [0] UID 1002 comm: gen_fast, count: 83000
CPU [0] UID 1002 comm: gen_fast, count: 83108
CPU [0] UID 1002 comm: gen_fast, count: 83200
CPU [0] UID 1002 comm: gen_fast, count: 83326
CPU [0] UID 1002 comm: gen_fast, count: 83506
CPU [0] UID 1002 comm: gen_fast, count: 83506
CPU [0] UID 1002 comm: gen_fast, count: 83652
CPU [0] UID 1002 comm: gen_fast, count: 83700
CPU [0] UID 1002 comm: gen_fast, count: 83834
CPU [0] UID 1002 comm: gen_fast, count: 83946
CPU [0] UID 1002 comm: gen_fast, count: 84000
CPU [0] UID 1002 comm: gen_fast, count: 84100
CPU [0] UID 1002 comm: gen_fast, count: 84262
CPU [0] UID 1002 comm: gen_fast, count: 84300
CPU [0] UID 1002 comm: gen_fast, count: 84404
CPU [0] UID 1002 comm: gen_fast, count: 84599
CPU [0] UID 1002 comm: gen_fast, count: 84600
CPU [0] UID 1002 comm: gen_fast, count: 84702
CPU [0] UID 1002 comm: gen_fast, count: 84807
CPU [0] UID 1002 comm: gen_fast, count: 85005
CPU [0] UID 1002 comm: gen_fast, count: 85005
CPU [0] UID 1002 comm: gen_fast, count: 85100
CPU [0] UID 1002 comm: gen_fast, count: 85228
CPU [0] UID 1002 comm: gen_fast, count: 85300
CPU [0] UID 1002 comm: gen_fast, count: 85432
CPU [0] UID 1002 comm: gen_fast, count: 85512
CPU [0] UID 1002 comm: gen_fast, count: 85602
CPU [0] UID 1002 comm: gen_fast, count: 85700
CPU [0] UID 1002 comm: gen_fast, count: 85821
CPU [0] UID 1002 comm: gen_fast, count: 86023
CPU [0] UID 1002 comm: gen_fast, count: 86023
CPU [0] UID 1002 comm: gen_fast, count: 86209
CPU [0] UID 1002 comm: gen_fast, count: 86209
CPU [0] UID 1002 comm: gen_fast, count: 86300
CPU [0] UID 1002 comm: gen_fast, count: 86400
CPU [0] UID 1002 comm: gen_fast, count: 86578
CPU [0] UID 1002 comm: gen_fast, count: 86600
CPU [0] UID 1002 comm: gen_fast, count: 86729
CPU [0] UID 1002 comm: gen_fast, count: 86800
CPU [0] UID 1002 comm: gen_fast, count: 86900
CPU [0] UID 1002 comm: gen_fast, count: 87025
CPU [0] UID 1002 comm: gen_fast, count: 87233
CPU [0] UID 1002 comm: gen_fast, count: 87233
CPU [0] UID 1002 comm: gen_fast, count: 87426
CPU [0] UID 1002 comm: gen_fast, count: 87426
CPU [0] UID 1002 comm: gen_fast, count: 87551
CPU [0] UID 1002 comm: gen_fast, count: 87617
CPU [0] UID 1002 comm: gen_fast, count: 87705
CPU [0] UID 1002 comm: gen_fast, count: 87800
CPU [0] UID 1002 comm: gen_fast, count: 87900
CPU [0] UID 1002 comm: gen_fast, count: 88039
CPU [0] UID 1002 comm: gen_fast, count: 88235
CPU [0] UID 1002 comm: gen_fast, count: 88235
CPU [0] UID 1002 comm: gen_fast, count: 88358
CPU [0] UID 1002 comm: gen_fast, count: 88441
CPU [0] UID 1002 comm: gen_fast, count: 88509
CPU [0] UID 1002 comm: gen_fast, count: 88620
CPU [0] UID 1002 comm: gen_fast, count: 88798
CPU [0] UID 1002 comm: gen_fast, count: 88800
CPU [0] UID 1002 comm: gen_fast, count: 88952
CPU [0] UID 1002 comm: gen_fast, count: 89000
CPU [0] UID 1002 comm: gen_fast, count: 89124
CPU [0] UID 1002 comm: gen_fast, count: 89299
CPU [0] UID 1002 comm: gen_fast, count: 89300
CPU [0] UID 1002 comm: gen_fast, count: 89409
CPU [0] UID 1002 comm: gen_fast, count: 89500
CPU [0] UID 1002 comm: gen_fast, count: 89644
CPU [0] UID 1002 comm: gen_fast, count: 89732
CPU [0] UID 1002 comm: gen_fast, count: 89929
CPU [0] UID 1002 comm: gen_fast, count: 89929
CPU [0] UID 1002 comm: gen_fast, count: 90012
CPU [0] UID 1002 comm: gen_fast, count: 90168
CPU [0] UID 1002 comm: gen_fast, count: 90200
CPU [0] UID 1002 comm: gen_fast, count: 90342
CPU [0] UID 1002 comm: gen_fast, count: 90400
CPU [0] UID 1002 comm: gen_fast, count: 90511
CPU [0] UID 1002 comm: gen_fast, count: 90674
CPU [0] UID 1002 comm: gen_fast, count: 90700
CPU [0] UID 1002 comm: gen_fast, count: 90873
CPU [0] UID 1002 comm: gen_fast, count: 90900
CPU [0] UID 1002 comm: gen_fast, count: 91065
CPU [0] UID 1002 comm: gen_fast, count: 91100
CPU [0] UID 1002 comm: gen_fast, count: 91211
CPU [0] UID 1002 comm: gen_fast, count: 91374
CPU [0] UID 1002 comm: gen_fast, count: 91400
CPU [0] UID 1002 comm: gen_fast, count: 91511
CPU [0] UID 1002 comm: gen_fast, count: 91600
CPU [0] UID 1002 comm: gen_fast, count: 91700
CPU [0] UID 1002 comm: gen_fast, count: 91811
CPU [0] UID 1002 comm: gen_fast, count: 91943
CPU [0] UID 1002 comm: gen_fast, count: 92076
CPU [0] UID 1002 comm: gen_fast, count: 92100
CPU [0] UID 1002 comm: gen_fast, count: 92273
CPU [0] UID 1002 comm: gen_fast, count: 92300
CPU [0] UID 1002 comm: gen_fast, count: 92518
CPU [0] UID 1002 comm: gen_fast, count: 92518
CPU [0] UID 1002 comm: gen_fast, count: 92600
CPU [0] UID 1002 comm: gen_fast, count: 92700
CPU [0] UID 1002 comm: gen_fast, count: 92827
CPU [0] UID 1002 comm: gen_fast, count: 92900
CPU [0] UID 1002 comm: gen_fast, count: 93000
CPU [0] UID 1002 comm: gen_fast, count: 93134
CPU [0] UID 1002 comm: gen_fast, count: 93328
CPU [0] UID 1002 comm: gen_fast, count: 93328
CPU [0] UID 1002 comm: gen_fast, count: 93504
CPU [0] UID 1002 comm: gen_fast, count: 93504
CPU [0] UID 1002 comm: gen_fast, count: 93629
CPU [0] UID 1002 comm: gen_fast, count: 93700
CPU [0] UID 1002 comm: gen_fast, count: 93800
CPU [0] UID 1002 comm: gen_fast, count: 93935
CPU [0] UID 1002 comm: gen_fast, count: 94148
CPU [0] UID 1002 comm: gen_fast, count: 94148
CPU [0] UID 1002 comm: gen_fast, count: 94200
CPU [0] UID 1002 comm: gen_fast, count: 94300
CPU [0] UID 1002 comm: gen_fast, count: 94400
CPU [0] UID 1002 comm: gen_fast, count: 94562
CPU [0] UID 1002 comm: gen_fast, count: 94673
CPU [0] UID 1002 comm: gen_fast, count: 94700
CPU [0] UID 1002 comm: gen_fast, count: 94822
CPU [0] UID 1002 comm: gen_fast, count: 94973
CPU [0] UID 1002 comm: gen_fast, count: 95000
CPU [0] UID 1002 comm: gen_fast, count: 95112
CPU [0] UID 1002 comm: gen_fast, count: 95261
CPU [0] UID 1002 comm: gen_fast, count: 95302
CPU [0] UID 1002 comm: gen_fast, count: 95402
CPU [0] UID 1002 comm: gen_fast, count: 95500
CPU [0] UID 1002 comm: gen_fast, count: 95600
CPU [0] UID 1002 comm: gen_fast, count: 95754
CPU [0] UID 1002 comm: gen_fast, count: 95832
CPU [0] UID 1002 comm: gen_fast, count: 95900
CPU [0] UID 1002 comm: gen_fast, count: 96000
CPU [0] UID 1002 comm: gen_fast, count: 96100
CPU [0] UID 1002 comm: gen_fast, count: 96293
CPU [0] UID 1002 comm: gen_fast, count: 96300
CPU [0] UID 1002 comm: gen_fast, count: 96469
CPU [0] UID 1002 comm: gen_fast, count: 96500
CPU [0] UID 1002 comm: gen_fast, count: 96736
CPU [0] UID 1002 comm: gen_fast, count: 96736
CPU [0] UID 1002 comm: gen_fast, count: 96800
CPU [0] UID 1002 comm: gen_fast, count: 96917
CPU [0] UID 1002 comm: gen_fast, count: 97000
CPU [0] UID 1002 comm: gen_fast, count: 97103
CPU [0] UID 1002 comm: gen_fast, count: 97200
CPU [0] UID 1002 comm: gen_fast, count: 97321
CPU [0] UID 1002 comm: gen_fast, count: 97449
CPU [0] UID 1002 comm: gen_fast, count: 97500
CPU [0] UID 1002 comm: gen_fast, count: 97600
CPU [0] UID 1002 comm: gen_fast, count: 97758
CPU [0] UID 1002 comm: gen_fast, count: 97800
CPU [0] UID 1002 comm: gen_fast, count: 97900
CPU [0] UID 1002 comm: gen_fast, count: 98019
CPU [0] UID 1002 comm: gen_fast, count: 98149
CPU [0] UID 1002 comm: gen_fast, count: 98279
CPU [0] UID 1002 comm: gen_fast, count: 98300
CPU [0] UID 1002 comm: gen_fast, count: 98401
CPU [0] UID 1002 comm: gen_fast, count: 98534
CPU [0] UID 1002 comm: gen_fast, count: 98602
CPU [0] UID 1002 comm: gen_fast, count: 98711
CPU [0] UID 1002 comm: gen_fast, count: 98818
CPU [0] UID 1002 comm: gen_fast, count: 98900
CPU [0] UID 1002 comm: gen_fast, count: 99025
CPU [0] UID 1002 comm: gen_fast, count: 99103
CPU [0] UID 1002 comm: gen_fast, count: 99200
CPU [0] UID 1002 comm: gen_fast, count: 99307
CPU [0] UID 1002 comm: gen_fast, count: 99409
CPU [0] UID 1002 comm: gen_fast, count: 99527
CPU [0] UID 1002 comm: gen_fast, count: 99620
CPU [0] UID 1002 comm: gen_fast, count: 99740
CPU [0] UID 1002 comm: gen_fast, count: 99902
CPU [0] UID 1002 comm: gen_fast, count: 99902
CPU [0] UID 1002 comm: gen_fast, count: 100000
CPU [0] UID 1002 comm: gen_fast, count: 100100
CPU [0] UID 1002 comm: gen_fast, count: 100200
CPU [0] UID 1002 comm: gen_fast, count: 100318
CPU [0] UID 1002 comm: gen_fast, count: 100454
CPU [0] UID 1002 comm: gen_fast, count: 100500
CPU [0] UID 1002 comm: gen_fast, count: 100600
CPU [0] UID 1002 comm: gen_fast, count: 100719
CPU [0] UID 1002 comm: gen_fast, count: 100831
CPU [0] UID 1002 comm: gen_fast, count: 100900
CPU [0] UID 1002 comm: gen_fast, count: 101005
CPU [0] UID 1002 comm: gen_fast, count: 101128
CPU [0] UID 1002 comm: gen_fast, count: 101257
CPU [0] UID 1002 comm: gen_fast, count: 101338
CPU [0] UID 1002 comm: gen_fast, count: 101400
CPU [0] UID 1002 comm: gen_fast, count: 101513
CPU [0] UID 1002 comm: gen_fast, count: 101633
CPU [0] UID 1002 comm: gen_fast, count: 101752
CPU [0] UID 1002 comm: gen_fast, count: 101801
CPU [0] UID 1002 comm: gen_fast, count: 101905
CPU [0] UID 1002 comm: gen_fast, count: 102000
CPU [0] UID 1002 comm: gen_fast, count: 102100
CPU [0] UID 1002 comm: gen_fast, count: 102238
CPU [0] UID 1002 comm: gen_fast, count: 102364
CPU [0] UID 1002 comm: gen_fast, count: 102400
CPU [0] UID 1002 comm: gen_fast, count: 102503
CPU [0] UID 1002 comm: gen_fast, count: 102600
CPU [0] UID 1002 comm: gen_fast, count: 102721
CPU [0] UID 1002 comm: gen_fast, count: 102801
CPU [0] UID 1002 comm: gen_fast, count: 102900
CPU [0] UID 1002 comm: gen_fast, count: 103000
CPU [0] UID 1002 comm: gen_fast, count: 103106
CPU [0] UID 1002 comm: gen_fast, count: 103211
CPU [0] UID 1002 comm: gen_fast, count: 103349
CPU [0] UID 1002 comm: gen_fast, count: 103474
CPU [0] UID 1002 comm: gen_fast, count: 103500
CPU [0] UID 1002 comm: gen_fast, count: 103600
CPU [0] UID 1002 comm: gen_fast, count: 103700
CPU [0] UID 1002 comm: gen_fast, count: 103800
CPU [0] UID 1002 comm: gen_fast, count: 103911
CPU [0] UID 1002 comm: gen_fast, count: 104025
CPU [0] UID 1002 comm: gen_fast, count: 104136
CPU [0] UID 1002 comm: gen_fast, count: 104274
CPU [0] UID 1002 comm: gen_fast, count: 104300
CPU [0] UID 1002 comm: gen_fast, count: 104414
CPU [0] UID 1002 comm: gen_fast, count: 104520
CPU [0] UID 1002 comm: gen_fast, count: 104614
CPU [0] UID 1002 comm: gen_fast, count: 104700
CPU [0] UID 1002 comm: gen_fast, count: 104818
CPU [0] UID 1002 comm: gen_fast, count: 104960
CPU [0] UID 1002 comm: gen_fast, count: 105095
CPU [0] UID 1002 comm: gen_fast, count: 105100
CPU [0] UID 1002 comm: gen_fast, count: 105200
CPU [0] UID 1002 comm: gen_fast, count: 105328
CPU [0] UID 1002 comm: gen_fast, count: 105400
CPU [0] UID 1002 comm: gen_fast, count: 105540
CPU [0] UID 1002 comm: gen_fast, count: 105600
CPU [0] UID 1002 comm: gen_fast, count: 105700
CPU [0] UID 1002 comm: gen_fast, count: 105815
CPU [0] UID 1002 comm: gen_fast, count: 105927
CPU [0] UID 1002 comm: gen_fast, count: 106047
CPU [0] UID 1002 comm: gen_fast, count: 106146
CPU [0] UID 1002 comm: gen_fast, count: 106200
CPU [0] UID 1002 comm: gen_fast, count: 106300
CPU [0] UID 1002 comm: gen_fast, count: 106409
CPU [0] UID 1002 comm: gen_fast, count: 106568
CPU [0] UID 1002 comm: gen_fast, count: 106600
CPU [0] UID 1002 comm: gen_fast, count: 106749
CPU [0] UID 1002 comm: gen_fast, count: 106800
CPU [0] UID 1002 comm: gen_fast, count: 106920
CPU [0] UID 1002 comm: gen_fast, count: 107072
CPU [0] UID 1002 comm: gen_fast, count: 107100
CPU [0] UID 1002 comm: gen_fast, count: 107227
CPU [0] UID 1002 comm: gen_fast, count: 107409
CPU [0] UID 1002 comm: gen_fast, count: 107409
CPU [0] UID 1002 comm: gen_fast, count: 107502
CPU [0] UID 1002 comm: gen_fast, count: 107636
CPU [0] UID 1002 comm: gen_fast, count: 107759
CPU [0] UID 1002 comm: gen_fast, count: 107800
CPU [0] UID 1002 comm: gen_fast, count: 107913
CPU [0] UID 1002 comm: gen_fast, count: 108112
CPU [0] UID 1002 comm: gen_fast, count: 108112
CPU [0] UID 1002 comm: gen_fast, count: 108221
CPU [0] UID 1002 comm: gen_fast, count: 108328
CPU [0] UID 1002 comm: gen_fast, count: 108496
CPU [0] UID 1002 comm: gen_fast, count: 108500
CPU [0] UID 1002 comm: gen_fast, count: 108618
CPU [0] UID 1002 comm: gen_fast, count: 108700
CPU [0] UID 1002 comm: gen_fast, count: 108800
CPU [0] UID 1002 comm: gen_fast, count: 108925
CPU [0] UID 1002 comm: gen_fast, count: 109016
CPU [0] UID 1002 comm: gen_fast, count: 109199
CPU [0] UID 1002 comm: gen_fast, count: 109200
CPU [0] UID 1002 comm: gen_fast, count: 109335
CPU [0] UID 1002 comm: gen_fast, count: 109415
CPU [0] UID 1002 comm: gen_fast, count: 109630
CPU [0] UID 1002 comm: gen_fast, count: 109630
CPU [0] UID 1002 comm: gen_fast, count: 109737
CPU [0] UID 1002 comm: gen_fast, count: 109936
CPU [0] UID 1002 comm: gen_fast, count: 109936
CPU [0] UID 1002 comm: gen_fast, count: 110000
CPU [0] UID 1002 comm: gen_fast, count: 110100
CPU [0] UID 1002 comm: gen_fast, count: 110264
CPU [0] UID 1002 comm: gen_fast, count: 110300
CPU [0] UID 1002 comm: gen_fast, count: 110400
CPU [0] UID 1002 comm: gen_fast, count: 110558
CPU [0] UID 1002 comm: gen_fast, count: 110600
CPU [0] UID 1002 comm: gen_fast, count: 110735
CPU [0] UID 1002 comm: gen_fast, count: 110800
CPU [0] UID 1002 comm: gen_fast, count: 110900
CPU [0] UID 1002 comm: gen_fast, count: 111043
CPU [0] UID 1002 comm: gen_fast, count: 111106
CPU [0] UID 1002 comm: gen_fast, count: 111200
CPU [0] UID 1002 comm: gen_fast, count: 111300
CPU [0] UID 1002 comm: gen_fast, count: 111433
CPU [0] UID 1002 comm: gen_fast, count: 111500
CPU [0] UID 1002 comm: gen_fast, count: 111600
CPU [0] UID 1002 comm: gen_fast, count: 111762
CPU [0] UID 1002 comm: gen_fast, count: 111811
CPU [0] UID 1002 comm: gen_fast, count: 111930
CPU [0] UID 1002 comm: gen_fast, count: 112000
CPU [0] UID 1002 comm: gen_fast, count: 112100
CPU [0] UID 1002 comm: gen_fast, count: 112281
CPU [0] UID 1002 comm: gen_fast, count: 112300
CPU [0] UID 1002 comm: gen_fast, count: 112435
CPU [0] UID 1002 comm: gen_fast, count: 112511
CPU [0] UID 1002 comm: gen_fast, count: 112600
CPU [0] UID 1002 comm: gen_fast, count: 112739
CPU [0] UID 1002 comm: gen_fast, count: 112800
CPU [0] UID 1002 comm: gen_fast, count: 112905
CPU [0] UID 1002 comm: gen_fast, count: 113000
CPU [0] UID 1002 comm: gen_fast, count: 113120
CPU [0] UID 1002 comm: gen_fast, count: 113252
CPU [0] UID 1002 comm: gen_fast, count: 113308
CPU [0] UID 1002 comm: gen_fast, count: 113416
CPU [0] UID 1002 comm: gen_fast, count: 113618
CPU [0] UID 1002 comm: gen_fast, count: 113618
CPU [0] UID 1002 comm: gen_fast, count: 113700
CPU [0] UID 1002 comm: gen_fast, count: 113854
CPU [0] UID 1002 comm: gen_fast, count: 113925
CPU [0] UID 1002 comm: gen_fast, count: 114000
CPU [0] UID 1002 comm: gen_fast, count: 114100
CPU [0] UID 1002 comm: gen_fast, count: 114235
CPU [0] UID 1002 comm: gen_fast, count: 114314
CPU [0] UID 1002 comm: gen_fast, count: 114468
CPU [0] UID 1002 comm: gen_fast, count: 114500
CPU [0] UID 1002 comm: gen_fast, count: 114600
CPU [0] UID 1002 comm: gen_fast, count: 114702
CPU [0] UID 1002 comm: gen_fast, count: 114832
CPU [0] UID 1002 comm: gen_fast, count: 114925
CPU [0] UID 1002 comm: gen_fast, count: 115044
CPU [0] UID 1002 comm: gen_fast, count: 115169
CPU [0] UID 1002 comm: gen_fast, count: 115200
CPU [0] UID 1002 comm: gen_fast, count: 115300
CPU [0] UID 1002 comm: gen_fast, count: 115423
CPU [0] UID 1002 comm: gen_fast, count: 115550
CPU [0] UID 1002 comm: gen_fast, count: 115676
CPU [0] UID 1002 comm: gen_fast, count: 115700
CPU [0] UID 1002 comm: gen_fast, count: 115800
CPU [0] UID 1002 comm: gen_fast, count: 115918
CPU [0] UID 1002 comm: gen_fast, count: 116039
CPU [0] UID 1002 comm: gen_fast, count: 116176
CPU [0] UID 1002 comm: gen_fast, count: 116200
CPU [0] UID 1002 comm: gen_fast, count: 116314
CPU [0] UID 1002 comm: gen_fast, count: 116408
CPU [0] UID 1002 comm: gen_fast, count: 116500
CPU [0] UID 1002 comm: gen_fast, count: 116614
CPU [0] UID 1002 comm: gen_fast, count: 116746
CPU [0] UID 1002 comm: gen_fast, count: 116857
CPU [0] UID 1002 comm: gen_fast, count: 116992
CPU [0] UID 1002 comm: gen_fast, count: 117000
CPU [0] UID 1002 comm: gen_fast, count: 117100
CPU [0] UID 1002 comm: gen_fast, count: 117223
CPU [0] UID 1002 comm: gen_fast, count: 117315
CPU [0] UID 1002 comm: gen_fast, count: 117426
CPU [0] UID 1002 comm: gen_fast, count: 117536
CPU [0] UID 1002 comm: gen_fast, count: 117644
CPU [0] UID 1002 comm: gen_fast, count: 117769
CPU [0] UID 1002 comm: gen_fast, count: 117800
CPU [0] UID 1002 comm: gen_fast, count: 117929
CPU [0] UID 1002 comm: gen_fast, count: 118000
CPU [0] UID 1002 comm: gen_fast, count: 118106
CPU [0] UID 1002 comm: gen_fast, count: 118200
CPU [0] UID 1002 comm: gen_fast, count: 118309
CPU [0] UID 1002 comm: gen_fast, count: 118400
CPU [0] UID 1002 comm: gen_fast, count: 118513
CPU [0] UID 1002 comm: gen_fast, count: 118651
CPU [0] UID 1002 comm: gen_fast, count: 118756
CPU [0] UID 1002 comm: gen_fast, count: 118806
CPU [0] UID 1002 comm: gen_fast, count: 118900
CPU [0] UID 1002 comm: gen_fast, count: 119035
CPU [0] UID 1002 comm: gen_fast, count: 119143
CPU [0] UID 1002 comm: gen_fast, count: 119281
CPU [0] UID 1002 comm: gen_fast, count: 119300
CPU [0] UID 1002 comm: gen_fast, count: 119419
CPU [0] UID 1002 comm: gen_fast, count: 119570
CPU [0] UID 1002 comm: gen_fast, count: 119600
CPU [0] UID 1002 comm: gen_fast, count: 119710
CPU [0] UID 1002 comm: gen_fast, count: 119861
CPU [0] UID 1002 comm: gen_fast, count: 119905
CPU [0] UID 1002 comm: gen_fast, count: 120000
CPU [0] UID 1002 comm: gen_fast, count: 120113
CPU [0] UID 1002 comm: gen_fast, count: 120200
CPU [0] UID 1002 comm: gen_fast, count: 120300
CPU [0] UID 1002 comm: gen_fast, count: 120411
CPU [0] UID 1002 comm: gen_fast, count: 120540
CPU [0] UID 1002 comm: gen_fast, count: 120600
CPU [0] UID 1002 comm: gen_fast, count: 120700
CPU [0] UID 1002 comm: gen_fast, count: 120800
CPU [0] UID 1002 comm: gen_fast, count: 120912
CPU [0] UID 1002 comm: gen_fast, count: 121020
CPU [0] UID 1002 comm: gen_fast, count: 121151
CPU [0] UID 1002 comm: gen_fast, count: 121233
CPU [0] UID 1002 comm: gen_fast, count: 121357
CPU [0] UID 1002 comm: gen_fast, count: 121468
CPU [0] UID 1002 comm: gen_fast, count: 121603
CPU [0] UID 1002 comm: gen_fast, count: 121603
CPU [0] UID 1002 comm: gen_fast, count: 121700
CPU [0] UID 1002 comm: gen_fast, count: 121813
CPU [0] UID 1002 comm: gen_fast, count: 121941
CPU [0] UID 1002 comm: gen_fast, count: 122073
CPU [0] UID 1002 comm: gen_fast, count: 122100
CPU [0] UID 1002 comm: gen_fast, count: 122200
CPU [0] UID 1002 comm: gen_fast, count: 122300
CPU [0] UID 1002 comm: gen_fast, count: 122405
CPU [0] UID 1002 comm: gen_fast, count: 122550
CPU [0] UID 1002 comm: gen_fast, count: 122627
CPU [0] UID 1002 comm: gen_fast, count: 122702
CPU [0] UID 1002 comm: gen_fast, count: 122824
CPU [0] UID 1002 comm: gen_fast, count: 122935
CPU [0] UID 1002 comm: gen_fast, count: 123062
CPU [0] UID 1002 comm: gen_fast, count: 123100
CPU [0] UID 1002 comm: gen_fast, count: 123200
CPU [0] UID 1002 comm: gen_fast, count: 123360
CPU [0] UID 1002 comm: gen_fast, count: 123400
CPU [0] UID 1002 comm: gen_fast, count: 123512
CPU [0] UID 1002 comm: gen_fast, count: 123600
CPU [0] UID 1002 comm: gen_fast, count: 123766
CPU [0] UID 1002 comm: gen_fast, count: 123800
CPU [0] UID 1002 comm: gen_fast, count: 123934
CPU [0] UID 1002 comm: gen_fast, count: 124000
CPU [0] UID 1002 comm: gen_fast, count: 124100
CPU [0] UID 1002 comm: gen_fast, count: 124232
CPU [0] UID 1002 comm: gen_fast, count: 124300
CPU [0] UID 1002 comm: gen_fast, count: 124400
CPU [0] UID 1002 comm: gen_fast, count: 124567
CPU [0] UID 1002 comm: gen_fast, count: 124600
CPU [0] UID 1002 comm: gen_fast, count: 124749
CPU [0] UID 1002 comm: gen_fast, count: 124800
CPU [0] UID 1002 comm: gen_fast, count: 124926
CPU [0] UID 1002 comm: gen_fast, count: 125119
CPU [0] UID 1002 comm: gen_fast, count: 125119
CPU [0] UID 1002 comm: gen_fast, count: 125200
CPU [0] UID 1002 comm: gen_fast, count: 125343
CPU [0] UID 1002 comm: gen_fast, count: 125400
CPU [0] UID 1002 comm: gen_fast, count: 125518
CPU [0] UID 1002 comm: gen_fast, count: 125670
CPU [0] UID 1002 comm: gen_fast, count: 125700
CPU [0] UID 1002 comm: gen_fast, count: 125847
CPU [0] UID 1002 comm: gen_fast, count: 125900
CPU [0] UID 1002 comm: gen_fast, count: 126000
CPU [0] UID 1002 comm: gen_fast, count: 126168
CPU [0] UID 1002 comm: gen_fast, count: 126200
CPU [0] UID 1002 comm: gen_fast, count: 126300
CPU [0] UID 1002 comm: gen_fast, count: 126500
CPU [0] UID 1002 comm: gen_fast, count: 126500
CPU [0] UID 1002 comm: gen_fast, count: 126600
CPU [0] UID 1002 comm: gen_fast, count: 126705
CPU [0] UID 1002 comm: gen_fast, count: 126813
CPU [0] UID 1002 comm: gen_fast, count: 126900
CPU [0] UID 1002 comm: gen_fast, count: 127043
CPU [0] UID 1002 comm: gen_fast, count: 127100
CPU [0] UID 1002 comm: gen_fast, count: 127281
CPU [0] UID 1002 comm: gen_fast, count: 127300
CPU [0] UID 1002 comm: gen_fast, count: 127481
CPU [0] UID 1002 comm: gen_fast, count: 127500
CPU [0] UID 1002 comm: gen_fast, count: 127601
CPU [0] UID 1002 comm: gen_fast, count: 127700
CPU [0] UID 1002 comm: gen_fast, count: 127845
CPU [0] UID 1002 comm: gen_fast, count: 127900
CPU [0] UID 1002 comm: gen_fast, count: 128043
CPU [0] UID 1002 comm: gen_fast, count: 128100
CPU [0] UID 1002 comm: gen_fast, count: 128200
CPU [0] UID 1002 comm: gen_fast, count: 128383
CPU [0] UID 1002 comm: gen_fast, count: 128400
CPU [0] UID 1002 comm: gen_fast, count: 128500
CPU [0] UID 1002 comm: gen_fast, count: 128600
CPU [0] UID 1002 comm: gen_fast, count: 128790
CPU [0] UID 1002 comm: gen_fast, count: 128800
CPU [0] UID 1002 comm: gen_fast, count: 128993
CPU [0] UID 1002 comm: gen_fast, count: 129000
CPU [0] UID 1002 comm: gen_fast, count: 129106
CPU [0] UID 1002 comm: gen_fast, count: 129224
CPU [0] UID 1002 comm: gen_fast, count: 129408
CPU [0] UID 1002 comm: gen_fast, count: 129408
CPU [0] UID 1002 comm: gen_fast, count: 129500
CPU [0] UID 1002 comm: gen_fast, count: 129657
CPU [0] UID 1002 comm: gen_fast, count: 129700
CPU [0] UID 1002 comm: gen_fast, count: 129800
CPU [0] UID 1002 comm: gen_fast, count: 129958
CPU [0] UID 1002 comm: gen_fast, count: 130026
CPU [0] UID 1002 comm: gen_fast, count: 130194
CPU [0] UID 1002 comm: gen_fast, count: 130200
CPU [0] UID 1002 comm: gen_fast, count: 130349
CPU [0] UID 1002 comm: gen_fast, count: 130431
CPU [0] UID 1002 comm: gen_fast, count: 130516
CPU [0] UID 1002 comm: gen_fast, count: 130600
CPU [0] UID 1002 comm: gen_fast, count: 130700
CPU [0] UID 1002 comm: gen_fast, count: 130853
CPU [0] UID 1002 comm: gen_fast, count: 130970
CPU [0] UID 1002 comm: gen_fast, count: 131000
CPU [0] UID 1002 comm: gen_fast, count: 131105
CPU [0] UID 1002 comm: gen_fast, count: 131318
CPU [0] UID 1002 comm: gen_fast, count: 131318
CPU [0] UID 1002 comm: gen_fast, count: 131400
CPU [0] UID 1002 comm: gen_fast, count: 131524
CPU [0] UID 1002 comm: gen_fast, count: 131616
CPU [0] UID 1002 comm: gen_fast, count: 131700
CPU [0] UID 1002 comm: gen_fast, count: 131802
CPU [0] UID 1002 comm: gen_fast, count: 131948
CPU [0] UID 1002 comm: gen_fast, count: 132024
CPU [0] UID 1002 comm: gen_fast, count: 132100
CPU [0] UID 1002 comm: gen_fast, count: 132200
CPU [0] UID 1002 comm: gen_fast, count: 132300
CPU [0] UID 1002 comm: gen_fast, count: 132441
CPU [0] UID 1002 comm: gen_fast, count: 132500
CPU [0] UID 1002 comm: gen_fast, count: 132636
CPU [0] UID 1002 comm: gen_fast, count: 132700
CPU [0] UID 1002 comm: gen_fast, count: 132800
CPU [0] UID 1002 comm: gen_fast, count: 132939
CPU [0] UID 1002 comm: gen_fast, count: 133141
CPU [0] UID 1002 comm: gen_fast, count: 133141
CPU [0] UID 1002 comm: gen_fast, count: 133325
CPU [0] UID 1002 comm: gen_fast, count: 133325
CPU [0] UID 1002 comm: gen_fast, count: 133400
CPU [0] UID 1002 comm: gen_fast, count: 133656
CPU [0] UID 1002 comm: gen_fast, count: 133656
CPU [0] UID 1002 comm: gen_fast, count: 133700
CPU [0] UID 1002 comm: gen_fast, count: 133880
CPU [0] UID 1002 comm: gen_fast, count: 133900
CPU [0] UID 1002 comm: gen_fast, count: 134052
CPU [0] UID 1002 comm: gen_fast, count: 134100
CPU [0] UID 1002 comm: gen_fast, count: 134200
CPU [0] UID 1002 comm: gen_fast, count: 134300
CPU [0] UID 1002 comm: gen_fast, count: 134443
CPU [0] UID 1002 comm: gen_fast, count: 134500
CPU [0] UID 1002 comm: gen_fast, count: 134659
CPU [0] UID 1002 comm: gen_fast, count: 134776
CPU [0] UID 1002 comm: gen_fast, count: 134800
CPU [0] UID 1002 comm: gen_fast, count: 134900
CPU [0] UID 1002 comm: gen_fast, count: 135009
CPU [0] UID 1002 comm: gen_fast, count: 135138
CPU [0] UID 1002 comm: gen_fast, count: 135237
CPU [0] UID 1002 comm: gen_fast, count: 135370
CPU [0] UID 1002 comm: gen_fast, count: 135511
CPU [0] UID 1002 comm: gen_fast, count: 135511
CPU [0] UID 1002 comm: gen_fast, count: 135678
CPU [0] UID 1002 comm: gen_fast, count: 135700
CPU [0] UID 1002 comm: gen_fast, count: 135825
CPU [0] UID 1002 comm: gen_fast, count: 136032
CPU [0] UID 1002 comm: gen_fast, count: 136032
CPU [0] UID 1002 comm: gen_fast, count: 136100
CPU [0] UID 1002 comm: gen_fast, count: 136238
CPU [0] UID 1002 comm: gen_fast, count: 136301
CPU [0] UID 1002 comm: gen_fast, count: 136400
CPU [0] UID 1002 comm: gen_fast, count: 136500
CPU [0] UID 1002 comm: gen_fast, count: 136600
CPU [0] UID 1002 comm: gen_fast, count: 136761
CPU [0] UID 1002 comm: gen_fast, count: 136864
CPU [0] UID 1002 comm: gen_fast, count: 136900
CPU [0] UID 1002 comm: gen_fast, count: 137046
CPU [0] UID 1002 comm: gen_fast, count: 137100
CPU [0] UID 1002 comm: gen_fast, count: 137272
CPU [0] UID 1002 comm: gen_fast, count: 137300
CPU [0] UID 1002 comm: gen_fast, count: 137400
CPU [0] UID 1002 comm: gen_fast, count: 137514
CPU [0] UID 1002 comm: gen_fast, count: 137600
CPU [0] UID 1002 comm: gen_fast, count: 137700
CPU [0] UID 1002 comm: gen_fast, count: 137835
CPU [0] UID 1002 comm: gen_fast, count: 138038
CPU [0] UID 1002 comm: gen_fast, count: 138038
CPU [0] UID 1002 comm: gen_fast, count: 138147
CPU [0] UID 1002 comm: gen_fast, count: 138200
CPU [0] UID 1002 comm: gen_fast, count: 138300
CPU [0] UID 1002 comm: gen_fast, count: 138416
CPU [0] UID 1002 comm: gen_fast, count: 138513
CPU [0] UID 1002 comm: gen_fast, count: 138721
CPU [0] UID 1002 comm: gen_fast, count: 138721
CPU [0] UID 1002 comm: gen_fast, count: 138800
CPU [0] UID 1002 comm: gen_fast, count: 138931
CPU [0] UID 1002 comm: gen_fast, count: 139130
CPU [0] UID 1002 comm: gen_fast, count: 139130
CPU [0] UID 1002 comm: gen_fast, count: 139200
CPU [0] UID 1002 comm: gen_fast, count: 139313
CPU [0] UID 1002 comm: gen_fast, count: 139455
CPU [0] UID 1002 comm: gen_fast, count: 139500
CPU [0] UID 1002 comm: gen_fast, count: 139661
CPU [0] UID 1002 comm: gen_fast, count: 139700
CPU [0] UID 1002 comm: gen_fast, count: 139845
CPU [0] UID 1002 comm: gen_fast, count: 139900
CPU [0] UID 1002 comm: gen_fast, count: 140000
CPU [0] UID 1002 comm: gen_fast, count: 140137
CPU [0] UID 1002 comm: gen_fast, count: 140200
CPU [0] UID 1002 comm: gen_fast, count: 140306
CPU [0] UID 1002 comm: gen_fast, count: 140490
CPU [0] UID 1002 comm: gen_fast, count: 140500
CPU [0] UID 1002 comm: gen_fast, count: 140716
CPU [0] UID 1002 comm: gen_fast, count: 140716
CPU [0] UID 1002 comm: gen_fast, count: 140860
CPU [0] UID 1002 comm: gen_fast, count: 141014
CPU [0] UID 1002 comm: gen_fast, count: 141014
CPU [0] UID 1002 comm: gen_fast, count: 141100
CPU [0] UID 1002 comm: gen_fast, count: 141215
CPU [0] UID 1002 comm: gen_fast, count: 141341
CPU [0] UID 1002 comm: gen_fast, count: 141472
CPU [0] UID 1002 comm: gen_fast, count: 141500
CPU [0] UID 1002 comm: gen_fast, count: 141600
CPU [0] UID 1002 comm: gen_fast, count: 141737
CPU [0] UID 1002 comm: gen_fast, count: 141877
CPU [0] UID 1002 comm: gen_fast, count: 141900
CPU [0] UID 1002 comm: gen_fast, count: 142015
CPU [0] UID 1002 comm: gen_fast, count: 142142
CPU [0] UID 1002 comm: gen_fast, count: 142291
CPU [0] UID 1002 comm: gen_fast, count: 142300
CPU [0] UID 1002 comm: gen_fast, count: 142422
CPU [0] UID 1002 comm: gen_fast, count: 142567
CPU [0] UID 1002 comm: gen_fast, count: 142600
CPU [0] UID 1002 comm: gen_fast, count: 142700
CPU [0] UID 1002 comm: gen_fast, count: 142840
CPU [0] UID 1002 comm: gen_fast, count: 142996
CPU [0] UID 1002 comm: gen_fast, count: 143000
CPU [0] UID 1002 comm: gen_fast, count: 143100
CPU [0] UID 1002 comm: gen_fast, count: 143200
CPU [0] UID 1002 comm: gen_fast, count: 143314
CPU [0] UID 1002 comm: gen_fast, count: 143400
CPU [0] UID 1002 comm: gen_fast, count: 143595
CPU [0] UID 1002 comm: gen_fast, count: 143600
CPU [0] UID 1002 comm: gen_fast, count: 143863
CPU [0] UID 1002 comm: gen_fast, count: 143863
CPU [0] UID 1002 comm: gen_fast, count: 143900
CPU [0] UID 1002 comm: gen_fast, count: 144047
CPU [0] UID 1002 comm: gen_fast, count: 144163
CPU [0] UID 1002 comm: gen_fast, count: 144312
CPU [0] UID 1002 comm: gen_fast, count: 144312
CPU [0] UID 1002 comm: gen_fast, count: 144409
CPU [0] UID 1002 comm: gen_fast, count: 144528
CPU [0] UID 1002 comm: gen_fast, count: 144600
CPU [0] UID 1002 comm: gen_fast, count: 144725
CPU [0] UID 1002 comm: gen_fast, count: 144859
CPU [0] UID 1002 comm: gen_fast, count: 144900
CPU [0] UID 1002 comm: gen_fast, count: 145000
CPU [0] UID 1002 comm: gen_fast, count: 145111
CPU [0] UID 1002 comm: gen_fast, count: 145200
CPU [0] UID 1002 comm: gen_fast, count: 145347
CPU [0] UID 1002 comm: gen_fast, count: 145485
CPU [0] UID 1002 comm: gen_fast, count: 145500
CPU [0] UID 1002 comm: gen_fast, count: 145615
CPU [0] UID 1002 comm: gen_fast, count: 145711
CPU [0] UID 1002 comm: gen_fast, count: 145851
CPU [0] UID 1002 comm: gen_fast, count: 145986
CPU [0] UID 1002 comm: gen_fast, count: 146000
CPU [0] UID 1002 comm: gen_fast, count: 146128
CPU [0] UID 1002 comm: gen_fast, count: 146247
CPU [0] UID 1002 comm: gen_fast, count: 146407
CPU [0] UID 1002 comm: gen_fast, count: 146407
CPU [0] UID 1002 comm: gen_fast, count: 146500
CPU [0] UID 1002 comm: gen_fast, count: 146619
CPU [0] UID 1002 comm: gen_fast, count: 146700
CPU [0] UID 1002 comm: gen_fast, count: 146840
CPU [0] UID 1002 comm: gen_fast, count: 146900
CPU [0] UID 1002 comm: gen_fast, count: 147016
CPU [0] UID 1002 comm: gen_fast, count: 147148
CPU [0] UID 1002 comm: gen_fast, count: 147226
CPU [0] UID 1002 comm: gen_fast, count: 147368
CPU [0] UID 1002 comm: gen_fast, count: 147400
CPU [0] UID 1002 comm: gen_fast, count: 147500
CPU [0] UID 1002 comm: gen_fast, count: 147627
CPU [0] UID 1002 comm: gen_fast, count: 147700
CPU [0] UID 1002 comm: gen_fast, count: 147800
CPU [0] UID 1002 comm: gen_fast, count: 147929
CPU [0] UID 1002 comm: gen_fast, count: 148073
CPU [0] UID 1002 comm: gen_fast, count: 148100
CPU [0] UID 1002 comm: gen_fast, count: 148219
CPU [0] UID 1002 comm: gen_fast, count: 148373
CPU [0] UID 1002 comm: gen_fast, count: 148400
CPU [0] UID 1002 comm: gen_fast, count: 148548
CPU [0] UID 1002 comm: gen_fast, count: 148600
CPU [0] UID 1002 comm: gen_fast, count: 148700
CPU [0] UID 1002 comm: gen_fast, count: 148834
CPU [0] UID 1002 comm: gen_fast, count: 148960
CPU [0] UID 1002 comm: gen_fast, count: 149107
CPU [0] UID 1002 comm: gen_fast, count: 149107
CPU [0] UID 1002 comm: gen_fast, count: 149237
CPU [0] UID 1002 comm: gen_fast, count: 149393
CPU [0] UID 1002 comm: gen_fast, count: 149400
CPU [0] UID 1002 comm: gen_fast, count: 149563
CPU [0] UID 1002 comm: gen_fast, count: 149646
CPU [0] UID 1002 comm: gen_fast, count: 149797
CPU [0] UID 1002 comm: gen_fast, count: 149800
CPU [0] UID 1002 comm: gen_fast, count: 149900
CPU [0] UID 1002 comm: gen_fast, count: 150007
CPU [0] UID 1002 comm: gen_fast, count: 150100
CPU [0] UID 1002 comm: gen_fast, count: 150219
CPU [0] UID 1002 comm: gen_fast, count: 150347
CPU [0] UID 1002 comm: gen_fast, count: 150516
CPU [0] UID 1002 comm: gen_fast, count: 150516
CPU [0] UID 1002 comm: gen_fast, count: 150600
CPU [0] UID 1002 comm: gen_fast, count: 150701
CPU [0] UID 1002 comm: gen_fast, count: 150837
CPU [0] UID 1002 comm: gen_fast, count: 150924
CPU [0] UID 1002 comm: gen_fast, count: 151070
CPU [0] UID 1002 comm: gen_fast, count: 151100
CPU [0] UID 1002 comm: gen_fast, count: 151284
CPU [0] UID 1002 comm: gen_fast, count: 151300
CPU [0] UID 1002 comm: gen_fast, count: 151483
CPU [0] UID 1002 comm: gen_fast, count: 151500
CPU [0] UID 1002 comm: gen_fast, count: 151600
CPU [0] UID 1002 comm: gen_fast, count: 151725
CPU [0] UID 1002 comm: gen_fast, count: 151804
CPU [0] UID 1002 comm: gen_fast, count: 151900
CPU [0] UID 1002 comm: gen_fast, count: 152009
CPU [0] UID 1002 comm: gen_fast, count: 152135
CPU [0] UID 1002 comm: gen_fast, count: 152274
CPU [0] UID 1002 comm: gen_fast, count: 152300
CPU [0] UID 1002 comm: gen_fast, count: 152412
CPU [0] UID 1002 comm: gen_fast, count: 152524
CPU [0] UID 1002 comm: gen_fast, count: 152611
CPU [0] UID 1002 comm: gen_fast, count: 152700
CPU [0] UID 1002 comm: gen_fast, count: 152800
CPU [0] UID 1002 comm: gen_fast, count: 152991
CPU [0] UID 1002 comm: gen_fast, count: 153000
CPU [0] UID 1002 comm: gen_fast, count: 153100
CPU [0] UID 1002 comm: gen_fast, count: 153236
CPU [0] UID 1002 comm: gen_fast, count: 153304
CPU [0] UID 1002 comm: gen_fast, count: 153400
CPU [0] UID 1002 comm: gen_fast, count: 153527
CPU [0] UID 1002 comm: gen_fast, count: 153600
CPU [0] UID 1002 comm: gen_fast, count: 153750
CPU [0] UID 1002 comm: gen_fast, count: 153802
CPU [0] UID 1002 comm: gen_fast, count: 153900
CPU [0] UID 1002 comm: gen_fast, count: 154069
CPU [0] UID 1002 comm: gen_fast, count: 154100
CPU [0] UID 1002 comm: gen_fast, count: 154200
CPU [0] UID 1002 comm: gen_fast, count: 154367
CPU [0] UID 1002 comm: gen_fast, count: 154400
CPU [0] UID 1002 comm: gen_fast, count: 154557
CPU [0] UID 1002 comm: gen_fast, count: 154600
CPU [0] UID 1002 comm: gen_fast, count: 154767
CPU [0] UID 1002 comm: gen_fast, count: 154800
CPU [0] UID 1002 comm: gen_fast, count: 154960
CPU [0] UID 1002 comm: gen_fast, count: 155000
CPU [0] UID 1002 comm: gen_fast, count: 155124
CPU [0] UID 1002 comm: gen_fast, count: 155200
CPU [0] UID 1002 comm: gen_fast, count: 155311
CPU [0] UID 1002 comm: gen_fast, count: 155400
CPU [0] UID 1002 comm: gen_fast, count: 155543
CPU [0] UID 1002 comm: gen_fast, count: 155600
CPU [0] UID 1002 comm: gen_fast, count: 155700
CPU [0] UID 1002 comm: gen_fast, count: 155895
CPU [0] UID 1002 comm: gen_fast, count: 155900
CPU [0] UID 1002 comm: gen_fast, count: 156035
CPU [0] UID 1002 comm: gen_fast, count: 156100
CPU [0] UID 1002 comm: gen_fast, count: 156200
CPU [0] UID 1002 comm: gen_fast, count: 156316
CPU [0] UID 1002 comm: gen_fast, count: 156452
CPU [0] UID 1002 comm: gen_fast, count: 156500
CPU [0] UID 1002 comm: gen_fast, count: 156622
CPU [0] UID 1002 comm: gen_fast, count: 156739
CPU [0] UID 1002 comm: gen_fast, count: 156854
CPU [0] UID 1002 comm: gen_fast, count: 156982
CPU [0] UID 1002 comm: gen_fast, count: 157000
CPU [0] UID 1002 comm: gen_fast, count: 157105
CPU [0] UID 1002 comm: gen_fast, count: 157200
CPU [0] UID 1002 comm: gen_fast, count: 157307
CPU [0] UID 1002 comm: gen_fast, count: 157409
CPU [0] UID 1002 comm: gen_fast, count: 157503
CPU [0] UID 1002 comm: gen_fast, count: 157600
CPU [0] UID 1002 comm: gen_fast, count: 157709
CPU [0] UID 1002 comm: gen_fast, count: 157815
CPU [0] UID 1002 comm: gen_fast, count: 157962
CPU [0] UID 1002 comm: gen_fast, count: 158000
CPU [0] UID 1002 comm: gen_fast, count: 158137
CPU [0] UID 1002 comm: gen_fast, count: 158314
CPU [0] UID 1002 comm: gen_fast, count: 158314
CPU [0] UID 1002 comm: gen_fast, count: 158410
CPU [0] UID 1002 comm: gen_fast, count: 158541
CPU [0] UID 1002 comm: gen_fast, count: 158600
CPU [0] UID 1002 comm: gen_fast, count: 158700
CPU [0] UID 1002 comm: gen_fast, count: 158808
CPU [0] UID 1002 comm: gen_fast, count: 158942
CPU [0] UID 1002 comm: gen_fast, count: 159059
CPU [0] UID 1002 comm: gen_fast, count: 159100
CPU [0] UID 1002 comm: gen_fast, count: 159200
CPU [0] UID 1002 comm: gen_fast, count: 159347
CPU [0] UID 1002 comm: gen_fast, count: 159400
CPU [0] UID 1002 comm: gen_fast, count: 159532
CPU [0] UID 1002 comm: gen_fast, count: 159600
CPU [0] UID 1002 comm: gen_fast, count: 159700
CPU [0] UID 1002 comm: gen_fast, count: 159818
CPU [0] UID 1002 comm: gen_fast, count: 159900
CPU [0] UID 1002 comm: gen_fast, count: 160038
CPU [0] UID 1002 comm: gen_fast, count: 160114
CPU [0] UID 1002 comm: gen_fast, count: 160200
CPU [0] UID 1002 comm: gen_fast, count: 160327
CPU [0] UID 1002 comm: gen_fast, count: 160414
CPU [0] UID 1002 comm: gen_fast, count: 160576
CPU [0] UID 1002 comm: gen_fast, count: 160600
CPU [0] UID 1002 comm: gen_fast, count: 160758
CPU [0] UID 1002 comm: gen_fast, count: 160800
CPU [0] UID 1002 comm: gen_fast, count: 160912
CPU [0] UID 1002 comm: gen_fast, count: 161055
CPU [0] UID 1002 comm: gen_fast, count: 161106
CPU [0] UID 1002 comm: gen_fast, count: 161242
CPU [0] UID 1002 comm: gen_fast, count: 161341
CPU [0] UID 1002 comm: gen_fast, count: 161400
CPU [0] UID 1002 comm: gen_fast, count: 161500
CPU [0] UID 1002 comm: gen_fast, count: 161631
CPU [0] UID 1002 comm: gen_fast, count: 161802
CPU [0] UID 1002 comm: gen_fast, count: 161802
CPU [0] UID 1002 comm: gen_fast, count: 161932
CPU [0] UID 1002 comm: gen_fast, count: 162069
CPU [0] UID 1002 comm: gen_fast, count: 162100
CPU [0] UID 1002 comm: gen_fast, count: 162230
CPU [0] UID 1002 comm: gen_fast, count: 162300
CPU [0] UID 1002 comm: gen_fast, count: 162437
CPU [0] UID 1002 comm: gen_fast, count: 162500
CPU [0] UID 1002 comm: gen_fast, count: 162600
CPU [0] UID 1002 comm: gen_fast, count: 162752
CPU [0] UID 1002 comm: gen_fast, count: 162800
CPU [0] UID 1002 comm: gen_fast, count: 162900
CPU [0] UID 1002 comm: gen_fast, count: 163049
CPU [0] UID 1002 comm: gen_fast, count: 163100
CPU [0] UID 1002 comm: gen_fast, count: 163200
CPU [0] UID 1002 comm: gen_fast, count: 163330
CPU [0] UID 1002 comm: gen_fast, count: 163445
CPU [0] UID 1002 comm: gen_fast, count: 163573
CPU [0] UID 1002 comm: gen_fast, count: 163600
CPU [0] UID 1002 comm: gen_fast, count: 163700
CPU [0] UID 1002 comm: gen_fast, count: 163819
CPU [0] UID 1002 comm: gen_fast, count: 163917
CPU [0] UID 1002 comm: gen_fast, count: 164023
CPU [0] UID 1002 comm: gen_fast, count: 164100
CPU [0] UID 1002 comm: gen_fast, count: 164201
CPU [0] UID 1002 comm: gen_fast, count: 164322
CPU [0] UID 1002 comm: gen_fast, count: 164404
CPU [0] UID 1002 comm: gen_fast, count: 164521
CPU [0] UID 1002 comm: gen_fast, count: 164642
CPU [0] UID 1002 comm: gen_fast, count: 164786
CPU [0] UID 1002 comm: gen_fast, count: 164800
CPU [0] UID 1002 comm: gen_fast, count: 164913
CPU [0] UID 1002 comm: gen_fast, count: 165048
CPU [0] UID 1002 comm: gen_fast, count: 165179
CPU [0] UID 1002 comm: gen_fast, count: 165200
CPU [0] UID 1002 comm: gen_fast, count: 165300
CPU [0] UID 1002 comm: gen_fast, count: 165433
CPU [0] UID 1002 comm: gen_fast, count: 165558
CPU [0] UID 1002 comm: gen_fast, count: 165600
CPU [0] UID 1002 comm: gen_fast, count: 165706
CPU [0] UID 1002 comm: gen_fast, count: 165800
CPU [0] UID 1002 comm: gen_fast, count: 165939
CPU [0] UID 1002 comm: gen_fast, count: 166000
CPU [0] UID 1002 comm: gen_fast, count: 166118
CPU [0] UID 1002 comm: gen_fast, count: 166200
CPU [0] UID 1002 comm: gen_fast, count: 166313
CPU [0] UID 1002 comm: gen_fast, count: 166448
CPU [0] UID 1002 comm: gen_fast, count: 166582
CPU [0] UID 1002 comm: gen_fast, count: 166600
CPU [0] UID 1002 comm: gen_fast, count: 166736
CPU [0] UID 1002 comm: gen_fast, count: 166873
CPU [0] UID 1002 comm: gen_fast, count: 166900
CPU [0] UID 1002 comm: gen_fast, count: 167000
CPU [0] UID 1002 comm: gen_fast, count: 167123
CPU [0] UID 1002 comm: gen_fast, count: 167253
CPU [0] UID 1002 comm: gen_fast, count: 167300
CPU [0] UID 1002 comm: gen_fast, count: 167413
CPU [0] UID 1002 comm: gen_fast, count: 167516
CPU [0] UID 1002 comm: gen_fast, count: 167645
CPU [0] UID 1002 comm: gen_fast, count: 167701
CPU [0] UID 1002 comm: gen_fast, count: 167800
CPU [0] UID 1002 comm: gen_fast, count: 168005
CPU [0] UID 1002 comm: gen_fast, count: 168005
CPU [0] UID 1002 comm: gen_fast, count: 168100
CPU [0] UID 1002 comm: gen_fast, count: 168200
CPU [0] UID 1002 comm: gen_fast, count: 168311
CPU [0] UID 1002 comm: gen_fast, count: 168434
CPU [0] UID 1002 comm: gen_fast, count: 168595
CPU [0] UID 1002 comm: gen_fast, count: 168600
CPU [0] UID 1002 comm: gen_fast, count: 168753
CPU [0] UID 1002 comm: gen_fast, count: 168880
CPU [0] UID 1002 comm: gen_fast, count: 168900
CPU [0] UID 1002 comm: gen_fast, count: 169017
CPU [0] UID 1002 comm: gen_fast, count: 169152
CPU [0] UID 1002 comm: gen_fast, count: 169200
CPU [0] UID 1002 comm: gen_fast, count: 169302
CPU [0] UID 1002 comm: gen_fast, count: 169471
CPU [0] UID 1002 comm: gen_fast, count: 169500
CPU [0] UID 1002 comm: gen_fast, count: 169600
CPU [0] UID 1002 comm: gen_fast, count: 169747
CPU [0] UID 1002 comm: gen_fast, count: 169800
CPU [0] UID 1002 comm: gen_fast, count: 169900
CPU [0] UID 1002 comm: gen_fast, count: 170108
CPU [0] UID 1002 comm: gen_fast, count: 170108
CPU [0] UID 1002 comm: gen_fast, count: 170244
CPU [0] UID 1002 comm: gen_fast, count: 170412
CPU [0] UID 1002 comm: gen_fast, count: 170412
CPU [0] UID 1002 comm: gen_fast, count: 170500
CPU [0] UID 1002 comm: gen_fast, count: 170653
CPU [0] UID 1002 comm: gen_fast, count: 170700
CPU [0] UID 1002 comm: gen_fast, count: 170829
CPU [0] UID 1002 comm: gen_fast, count: 170900
CPU [0] UID 1002 comm: gen_fast, count: 171037
CPU [0] UID 1002 comm: gen_fast, count: 171184
CPU [0] UID 1002 comm: gen_fast, count: 171200
CPU [0] UID 1002 comm: gen_fast, count: 171345
CPU [0] UID 1002 comm: gen_fast, count: 171400
CPU [0] UID 1002 comm: gen_fast, count: 171500
CPU [0] UID 1002 comm: gen_fast, count: 171694
CPU [0] UID 1002 comm: gen_fast, count: 171700
CPU [0] UID 1002 comm: gen_fast, count: 171898
CPU [0] UID 1002 comm: gen_fast, count: 171900
CPU [0] UID 1002 comm: gen_fast, count: 172000
CPU [0] UID 1002 comm: gen_fast, count: 172100
CPU [0] UID 1002 comm: gen_fast, count: 172230
CPU [0] UID 1002 comm: gen_fast, count: 172326
CPU [0] UID 1002 comm: gen_fast, count: 172522
CPU [0] UID 1002 comm: gen_fast, count: 172522
CPU [0] UID 1002 comm: gen_fast, count: 172600
CPU [0] UID 1002 comm: gen_fast, count: 172727
CPU [0] UID 1002 comm: gen_fast, count: 172890
CPU [0] UID 1002 comm: gen_fast, count: 172900
CPU [0] UID 1002 comm: gen_fast, count: 173071
CPU [0] UID 1002 comm: gen_fast, count: 173100
CPU [0] UID 1002 comm: gen_fast, count: 173229
CPU [0] UID 1002 comm: gen_fast, count: 173367
CPU [0] UID 1002 comm: gen_fast, count: 173400
CPU [0] UID 1002 comm: gen_fast, count: 173512
CPU [0] UID 1002 comm: gen_fast, count: 173617
CPU [0] UID 1002 comm: gen_fast, count: 173750
CPU [0] UID 1002 comm: gen_fast, count: 173918
CPU [0] UID 1002 comm: gen_fast, count: 173918
CPU [0] UID 1002 comm: gen_fast, count: 174053
CPU [0] UID 1002 comm: gen_fast, count: 174178
CPU [0] UID 1002 comm: gen_fast, count: 174200
CPU [0] UID 1002 comm: gen_fast, count: 174328
CPU [0] UID 1002 comm: gen_fast, count: 174473
CPU [0] UID 1002 comm: gen_fast, count: 174500
CPU [0] UID 1002 comm: gen_fast, count: 174619
CPU [0] UID 1002 comm: gen_fast, count: 174700
CPU [0] UID 1002 comm: gen_fast, count: 174826
CPU [0] UID 1002 comm: gen_fast, count: 174900
CPU [0] UID 1002 comm: gen_fast, count: 175000
CPU [0] UID 1002 comm: gen_fast, count: 175160
CPU [0] UID 1002 comm: gen_fast, count: 175200
CPU [0] UID 1002 comm: gen_fast, count: 175436
CPU [0] UID 1002 comm: gen_fast, count: 175436
CPU [0] UID 1002 comm: gen_fast, count: 175514
CPU [0] UID 1002 comm: gen_fast, count: 175600
CPU [0] UID 1002 comm: gen_fast, count: 175700
CPU [0] UID 1002 comm: gen_fast, count: 175866
CPU [0] UID 1002 comm: gen_fast, count: 175900
CPU [0] UID 1002 comm: gen_fast, count: 176004
CPU [0] UID 1002 comm: gen_fast, count: 176130
CPU [0] UID 1002 comm: gen_fast, count: 176254
CPU [0] UID 1002 comm: gen_fast, count: 176336
CPU [0] UID 1002 comm: gen_fast, count: 176407
CPU [0] UID 1002 comm: gen_fast, count: 176500
CPU [0] UID 1002 comm: gen_fast, count: 176641
CPU [0] UID 1002 comm: gen_fast, count: 176838
CPU [0] UID 1002 comm: gen_fast, count: 176838
CPU [0] UID 1002 comm: gen_fast, count: 176931
CPU [0] UID 1002 comm: gen_fast, count: 177000
CPU [0] UID 1002 comm: gen_fast, count: 177119
CPU [0] UID 1002 comm: gen_fast, count: 177263
CPU [0] UID 1002 comm: gen_fast, count: 177300
CPU [0] UID 1002 comm: gen_fast, count: 177400
CPU [0] UID 1002 comm: gen_fast, count: 177532
CPU [0] UID 1002 comm: gen_fast, count: 177712
CPU [0] UID 1002 comm: gen_fast, count: 177712
CPU [0] UID 1002 comm: gen_fast, count: 177806
CPU [0] UID 1002 comm: gen_fast, count: 177900
CPU [0] UID 1002 comm: gen_fast, count: 178035
CPU [0] UID 1002 comm: gen_fast, count: 178100
CPU [0] UID 1002 comm: gen_fast, count: 178200
CPU [0] UID 1002 comm: gen_fast, count: 178334
CPU [0] UID 1002 comm: gen_fast, count: 178468
CPU [0] UID 1002 comm: gen_fast, count: 178500
CPU [0] UID 1002 comm: gen_fast, count: 178683
CPU [0] UID 1002 comm: gen_fast, count: 178700
CPU [0] UID 1002 comm: gen_fast, count: 178836
CPU [0] UID 1002 comm: gen_fast, count: 178936
CPU [0] UID 1002 comm: gen_fast, count: 179141
CPU [0] UID 1002 comm: gen_fast, count: 179141
CPU [0] UID 1002 comm: gen_fast, count: 179309
CPU [0] UID 1002 comm: gen_fast, count: 179309
CPU [0] UID 1002 comm: gen_fast, count: 179450
CPU [0] UID 1002 comm: gen_fast, count: 179660
CPU [0] UID 1002 comm: gen_fast, count: 179660
CPU [0] UID 1002 comm: gen_fast, count: 179857
CPU [0] UID 1002 comm: gen_fast, count: 179857
CPU [0] UID 1002 comm: gen_fast, count: 179900
CPU [0] UID 1002 comm: gen_fast, count: 180010
CPU [0] UID 1002 comm: gen_fast, count: 180191
CPU [0] UID 1002 comm: gen_fast, count: 180267
CPU [0] UID 1002 comm: gen_fast, count: 180300
CPU [0] UID 1002 comm: gen_fast, count: 180425
CPU [0] UID 1002 comm: gen_fast, count: 180544
CPU [0] UID 1002 comm: gen_fast, count: 180629
CPU [0] UID 1002 comm: gen_fast, count: 180839
CPU [0] UID 1002 comm: gen_fast, count: 180839
CPU [0] UID 1002 comm: gen_fast, count: 180999
CPU [0] UID 1002 comm: gen_fast, count: 181000
CPU [0] UID 1002 comm: gen_fast, count: 181117
CPU [0] UID 1002 comm: gen_fast, count: 181200
CPU [0] UID 1002 comm: gen_fast, count: 181360
CPU [0] UID 1002 comm: gen_fast, count: 181400
CPU [0] UID 1002 comm: gen_fast, count: 181500
CPU [0] UID 1002 comm: gen_fast, count: 181663
CPU [0] UID 1002 comm: gen_fast, count: 181700
CPU [0] UID 1002 comm: gen_fast, count: 181859
CPU [0] UID 1002 comm: gen_fast, count: 181900
CPU [0] UID 1002 comm: gen_fast, count: 182090
CPU [0] UID 1002 comm: gen_fast, count: 182100
CPU [0] UID 1002 comm: gen_fast, count: 182230
CPU [0] UID 1002 comm: gen_fast, count: 182434
CPU [0] UID 1002 comm: gen_fast, count: 182434
CPU [0] UID 1002 comm: gen_fast, count: 182500
CPU [0] UID 1002 comm: gen_fast, count: 182695
CPU [0] UID 1002 comm: gen_fast, count: 182700
CPU [0] UID 1002 comm: gen_fast, count: 182800
CPU [0] UID 1002 comm: gen_fast, count: 182900
CPU [0] UID 1002 comm: gen_fast, count: 183031
CPU [0] UID 1002 comm: gen_fast, count: 183100
CPU [0] UID 1002 comm: gen_fast, count: 183200
CPU [0] UID 1002 comm: gen_fast, count: 183376
CPU [0] UID 1002 comm: gen_fast, count: 183400
CPU [0] UID 1002 comm: gen_fast, count: 183500
CPU [0] UID 1002 comm: gen_fast, count: 183623
CPU [0] UID 1002 comm: gen_fast, count: 183773
CPU [0] UID 1002 comm: gen_fast, count: 183800
CPU [0] UID 1002 comm: gen_fast, count: 183900
CPU [0] UID 1002 comm: gen_fast, count: 184070
CPU [0] UID 1002 comm: gen_fast, count: 184100
CPU [0] UID 1002 comm: gen_fast, count: 184220
CPU [0] UID 1002 comm: gen_fast, count: 184300
CPU [0] UID 1002 comm: gen_fast, count: 184453
CPU [0] UID 1002 comm: gen_fast, count: 184606
CPU [0] UID 1002 comm: gen_fast, count: 184606
CPU [0] UID 1002 comm: gen_fast, count: 184700
CPU [0] UID 1002 comm: gen_fast, count: 184825
CPU [0] UID 1002 comm: gen_fast, count: 184925
CPU [0] UID 1002 comm: gen_fast, count: 185000
CPU [0] UID 1002 comm: gen_fast, count: 185197
CPU [0] UID 1002 comm: gen_fast, count: 185200
CPU [0] UID 1002 comm: gen_fast, count: 185300
CPU [0] UID 1002 comm: gen_fast, count: 185415
CPU [0] UID 1002 comm: gen_fast, count: 185582
CPU [0] UID 1002 comm: gen_fast, count: 185600
CPU [0] UID 1002 comm: gen_fast, count: 185737
CPU [0] UID 1002 comm: gen_fast, count: 185803
CPU [0] UID 1002 comm: gen_fast, count: 185905
CPU [0] UID 1002 comm: gen_fast, count: 186085
CPU [0] UID 1002 comm: gen_fast, count: 186100
CPU [0] UID 1002 comm: gen_fast, count: 186242
CPU [0] UID 1002 comm: gen_fast, count: 186423
CPU [0] UID 1002 comm: gen_fast, count: 186423
CPU [0] UID 1002 comm: gen_fast, count: 186625
CPU [0] UID 1002 comm: gen_fast, count: 186625
CPU [0] UID 1002 comm: gen_fast, count: 186725
CPU [0] UID 1002 comm: gen_fast, count: 186889
CPU [0] UID 1002 comm: gen_fast, count: 186900
CPU [0] UID 1002 comm: gen_fast, count: 187028
CPU [0] UID 1002 comm: gen_fast, count: 187183
CPU [0] UID 1002 comm: gen_fast, count: 187200
CPU [0] UID 1002 comm: gen_fast, count: 187360
CPU [0] UID 1002 comm: gen_fast, count: 187400
CPU [0] UID 1002 comm: gen_fast, count: 187527
CPU [0] UID 1002 comm: gen_fast, count: 187640
CPU [0] UID 1002 comm: gen_fast, count: 187792
CPU [0] UID 1002 comm: gen_fast, count: 187800
CPU [0] UID 1002 comm: gen_fast, count: 187922
CPU [0] UID 1002 comm: gen_fast, count: 188062
CPU [0] UID 1002 comm: gen_fast, count: 188205
CPU [0] UID 1002 comm: gen_fast, count: 188205
CPU [0] UID 1002 comm: gen_fast, count: 188312
CPU [0] UID 1002 comm: gen_fast, count: 188456
CPU [0] UID 1002 comm: gen_fast, count: 188500
CPU [0] UID 1002 comm: gen_fast, count: 188706
CPU [0] UID 1002 comm: gen_fast, count: 188706
CPU [0] UID 1002 comm: gen_fast, count: 188800
CPU [0] UID 1002 comm: gen_fast, count: 188900
CPU [0] UID 1002 comm: gen_fast, count: 189000
CPU [0] UID 1002 comm: gen_fast, count: 189110
CPU [0] UID 1002 comm: gen_fast, count: 189222
CPU [0] UID 1002 comm: gen_fast, count: 189347
CPU [0] UID 1002 comm: gen_fast, count: 189462
CPU [0] UID 1002 comm: gen_fast, count: 189500
CPU [0] UID 1002 comm: gen_fast, count: 189600
CPU [0] UID 1002 comm: gen_fast, count: 189711
CPU [0] UID 1002 comm: gen_fast, count: 189800
CPU [0] UID 1002 comm: gen_fast, count: 189907
CPU [0] UID 1002 comm: gen_fast, count: 190011
CPU [0] UID 1002 comm: gen_fast, count: 190145
CPU [0] UID 1002 comm: gen_fast, count: 190263
CPU [0] UID 1002 comm: gen_fast, count: 190300
CPU [0] UID 1002 comm: gen_fast, count: 190400
CPU [0] UID 1002 comm: gen_fast, count: 190505
CPU [0] UID 1002 comm: gen_fast, count: 190614
CPU [0] UID 1002 comm: gen_fast, count: 190744
CPU [0] UID 1002 comm: gen_fast, count: 190857
CPU [0] UID 1002 comm: gen_fast, count: 190999
CPU [0] UID 1002 comm: gen_fast, count: 191000
CPU [0] UID 1002 comm: gen_fast, count: 191138
CPU [0] UID 1002 comm: gen_fast, count: 191249
CPU [0] UID 1002 comm: gen_fast, count: 191399
CPU [0] UID 1002 comm: gen_fast, count: 191400
CPU [0] UID 1002 comm: gen_fast, count: 191500
CPU [0] UID 1002 comm: gen_fast, count: 191614
CPU [0] UID 1002 comm: gen_fast, count: 191700
CPU [0] UID 1002 comm: gen_fast, count: 191807
CPU [0] UID 1002 comm: gen_fast, count: 191949
CPU [0] UID 1002 comm: gen_fast, count: 192069
CPU [0] UID 1002 comm: gen_fast, count: 192221
CPU [0] UID 1002 comm: gen_fast, count: 192221
CPU [0] UID 1002 comm: gen_fast, count: 192300
CPU [0] UID 1002 comm: gen_fast, count: 192475
CPU [0] UID 1002 comm: gen_fast, count: 192500
CPU [0] UID 1002 comm: gen_fast, count: 192712
CPU [0] UID 1002 comm: gen_fast, count: 192712
CPU [0] UID 1002 comm: gen_fast, count: 192905
CPU [0] UID 1002 comm: gen_fast, count: 192905
CPU [0] UID 1002 comm: gen_fast, count: 193014
CPU [0] UID 1002 comm: gen_fast, count: 193118
CPU [0] UID 1002 comm: gen_fast, count: 193317
CPU [0] UID 1002 comm: gen_fast, count: 193317
CPU [0] UID 1002 comm: gen_fast, count: 193400
CPU [0] UID 1002 comm: gen_fast, count: 193537
CPU [0] UID 1002 comm: gen_fast, count: 193656
CPU [0] UID 1002 comm: gen_fast, count: 193787
CPU [0] UID 1002 comm: gen_fast, count: 193800
CPU [0] UID 1002 comm: gen_fast, count: 193900
CPU [0] UID 1002 comm: gen_fast, count: 194033
CPU [0] UID 1002 comm: gen_fast, count: 194133
CPU [0] UID 1002 comm: gen_fast, count: 194200
CPU [0] UID 1002 comm: gen_fast, count: 194354
CPU [0] UID 1002 comm: gen_fast, count: 194410
CPU [0] UID 1002 comm: gen_fast, count: 194512
CPU [0] UID 1002 comm: gen_fast, count: 194600
CPU [0] UID 1002 comm: gen_fast, count: 194702
CPU [0] UID 1002 comm: gen_fast, count: 194800
CPU [0] UID 1002 comm: gen_fast, count: 194901
CPU [0] UID 1002 comm: gen_fast, count: 195014
CPU [0] UID 1002 comm: gen_fast, count: 195133
CPU [0] UID 1002 comm: gen_fast, count: 195226
CPU [0] UID 1002 comm: gen_fast, count: 195372
CPU [0] UID 1002 comm: gen_fast, count: 195419
CPU [0] UID 1002 comm: gen_fast, count: 195500
CPU [0] UID 1002 comm: gen_fast, count: 195624
CPU [0] UID 1002 comm: gen_fast, count: 195763
CPU [0] UID 1002 comm: gen_fast, count: 195800
CPU [0] UID 1002 comm: gen_fast, count: 195951
CPU [0] UID 1002 comm: gen_fast, count: 196116
CPU [0] UID 1002 comm: gen_fast, count: 196116
CPU [0] UID 1002 comm: gen_fast, count: 196227
CPU [0] UID 1002 comm: gen_fast, count: 196403
CPU [0] UID 1002 comm: gen_fast, count: 196403
CPU [0] UID 1002 comm: gen_fast, count: 196564
CPU [0] UID 1002 comm: gen_fast, count: 196600
CPU [0] UID 1002 comm: gen_fast, count: 196733
CPU [0] UID 1002 comm: gen_fast, count: 196800
CPU [0] UID 1002 comm: gen_fast, count: 196900
CPU [0] UID 1002 comm: gen_fast, count: 197103
CPU [0] UID 1002 comm: gen_fast, count: 197103
CPU [0] UID 1002 comm: gen_fast, count: 197200
CPU [0] UID 1002 comm: gen_fast, count: 197349
CPU [0] UID 1002 comm: gen_fast, count: 197428
CPU [0] UID 1002 comm: gen_fast, count: 197503
CPU [0] UID 1002 comm: gen_fast, count: 197600
CPU [0] UID 1002 comm: gen_fast, count: 197752
CPU [0] UID 1002 comm: gen_fast, count: 197923
CPU [0] UID 1002 comm: gen_fast, count: 197923
CPU [0] UID 1002 comm: gen_fast, count: 198000
CPU [0] UID 1002 comm: gen_fast, count: 198100
CPU [0] UID 1002 comm: gen_fast, count: 198275
CPU [0] UID 1002 comm: gen_fast, count: 198300
CPU [0] UID 1002 comm: gen_fast, count: 198429
CPU [0] UID 1002 comm: gen_fast, count: 198636
CPU [0] UID 1002 comm: gen_fast, count: 198636
CPU [0] UID 1002 comm: gen_fast, count: 198770
CPU [0] UID 1002 comm: gen_fast, count: 198800
CPU [0] UID 1002 comm: gen_fast, count: 198920
CPU [0] UID 1002 comm: gen_fast, count: 199000
CPU [0] UID 1002 comm: gen_fast, count: 199110
CPU [0] UID 1002 comm: gen_fast, count: 199200
CPU [0] UID 1002 comm: gen_fast, count: 199335
CPU [0] UID 1002 comm: gen_fast, count: 199437
CPU [0] UID 1002 comm: gen_fast, count: 199566
CPU [0] UID 1002 comm: gen_fast, count: 199600
CPU [0] UID 1002 comm: gen_fast, count: 199700
CPU [0] UID 1002 comm: gen_fast, count: 199807
CPU [0] UID 1002 comm: gen_fast, count: 199941
CPU [0] UID 1002 comm: gen_fast, count: 200000
CPU [0] UID 1002 comm: gen_fast, count: 200101
CPU [0] UID 1002 comm: gen_fast, count: 200216
CPU [0] UID 1002 comm: gen_fast, count: 200327
CPU [0] UID 1002 comm: gen_fast, count: 200407
CPU [0] UID 1002 comm: gen_fast, count: 200595
CPU [0] UID 1002 comm: gen_fast, count: 200600
CPU [0] UID 1002 comm: gen_fast, count: 200734
CPU [0] UID 1002 comm: gen_fast, count: 200807
CPU [0] UID 1002 comm: gen_fast, count: 200900
CPU [0] UID 1002 comm: gen_fast, count: 201033
CPU [0] UID 1002 comm: gen_fast, count: 201163
CPU [0] UID 1002 comm: gen_fast, count: 201200
CPU [0] UID 1002 comm: gen_fast, count: 201302
CPU [0] UID 1002 comm: gen_fast, count: 201484
CPU [0] UID 1002 comm: gen_fast, count: 201500
CPU [0] UID 1002 comm: gen_fast, count: 201630
CPU [0] UID 1002 comm: gen_fast, count: 201701
CPU [0] UID 1002 comm: gen_fast, count: 201819
CPU [0] UID 1002 comm: gen_fast, count: 201956
CPU [0] UID 1002 comm: gen_fast, count: 202091
CPU [0] UID 1002 comm: gen_fast, count: 202118
CPU [0] UID 1002 comm: gen_fast, count: 202230
CPU [0] UID 1002 comm: gen_fast, count: 202300
CPU [0] UID 1002 comm: gen_fast, count: 202444
CPU [0] UID 1002 comm: gen_fast, count: 202626
CPU [0] UID 1002 comm: gen_fast, count: 202626
CPU [0] UID 1002 comm: gen_fast, count: 202700
CPU [0] UID 1002 comm: gen_fast, count: 202834
CPU [0] UID 1002 comm: gen_fast, count: 202902
CPU [0] UID 1002 comm: gen_fast, count: 203025
CPU [0] UID 1002 comm: gen_fast, count: 203167
CPU [0] UID 1002 comm: gen_fast, count: 203279
CPU [0] UID 1002 comm: gen_fast, count: 203411
CPU [0] UID 1002 comm: gen_fast, count: 203411
CPU [0] UID 1002 comm: gen_fast, count: 203533
CPU [0] UID 1002 comm: gen_fast, count: 203658
CPU [0] UID 1002 comm: gen_fast, count: 203785
CPU [0] UID 1002 comm: gen_fast, count: 203800
CPU [0] UID 1002 comm: gen_fast, count: 203900
CPU [0] UID 1002 comm: gen_fast, count: 204043
CPU [0] UID 1002 comm: gen_fast, count: 204100
CPU [0] UID 1002 comm: gen_fast, count: 204200
CPU [0] UID 1002 comm: gen_fast, count: 204332
CPU [0] UID 1002 comm: gen_fast, count: 204483
CPU [0] UID 1002 comm: gen_fast, count: 204576
CPU [0] UID 1002 comm: gen_fast, count: 204673
CPU [0] UID 1002 comm: gen_fast, count: 204728
CPU [0] UID 1002 comm: gen_fast, count: 204800
CPU [0] UID 1002 comm: gen_fast, count: 204957
CPU [0] UID 1002 comm: gen_fast, count: 205054
CPU [0] UID 1002 comm: gen_fast, count: 205207
CPU [0] UID 1002 comm: gen_fast, count: 205207
CPU [0] UID 1002 comm: gen_fast, count: 205321
CPU [0] UID 1002 comm: gen_fast, count: 205407
CPU [0] UID 1002 comm: gen_fast, count: 205589
CPU [0] UID 1002 comm: gen_fast, count: 205600
CPU [0] UID 1002 comm: gen_fast, count: 205767
CPU [0] UID 1002 comm: gen_fast, count: 205800
CPU [0] UID 1002 comm: gen_fast, count: 205918
CPU [0] UID 1002 comm: gen_fast, count: 206098
CPU [0] UID 1002 comm: gen_fast, count: 206100
CPU [0] UID 1002 comm: gen_fast, count: 206227
CPU [0] UID 1002 comm: gen_fast, count: 206418
CPU [0] UID 1002 comm: gen_fast, count: 206418
CPU [0] UID 1002 comm: gen_fast, count: 206591
CPU [0] UID 1002 comm: gen_fast, count: 206600
CPU [0] UID 1002 comm: gen_fast, count: 206710
CPU [0] UID 1002 comm: gen_fast, count: 206839
CPU [0] UID 1002 comm: gen_fast, count: 206906
CPU [0] UID 1002 comm: gen_fast, count: 207021
CPU [0] UID 1002 comm: gen_fast, count: 207106
CPU [0] UID 1002 comm: gen_fast, count: 207240
CPU [0] UID 1002 comm: gen_fast, count: 207381
CPU [0] UID 1002 comm: gen_fast, count: 207400
CPU [0] UID 1002 comm: gen_fast, count: 207504
CPU [0] UID 1002 comm: gen_fast, count: 207630
CPU [0] UID 1002 comm: gen_fast, count: 207700
CPU [0] UID 1002 comm: gen_fast, count: 207822
CPU [0] UID 1002 comm: gen_fast, count: 207946
CPU [0] UID 1002 comm: gen_fast, count: 208062
CPU [0] UID 1002 comm: gen_fast, count: 208195
CPU [0] UID 1002 comm: gen_fast, count: 208200
CPU [0] UID 1002 comm: gen_fast, count: 208300
CPU [0] UID 1002 comm: gen_fast, count: 208445
CPU [0] UID 1002 comm: gen_fast, count: 208500
CPU [0] UID 1002 comm: gen_fast, count: 208611
CPU [0] UID 1002 comm: gen_fast, count: 208700
CPU [0] UID 1002 comm: gen_fast, count: 208828
CPU [0] UID 1002 comm: gen_fast, count: 209029
CPU [0] UID 1002 comm: gen_fast, count: 209029
CPU [0] UID 1002 comm: gen_fast, count: 209100
CPU [0] UID 1002 comm: gen_fast, count: 209241
CPU [0] UID 1002 comm: gen_fast, count: 209335
CPU [0] UID 1002 comm: gen_fast, count: 209400
CPU [0] UID 1002 comm: gen_fast, count: 209530
CPU [0] UID 1002 comm: gen_fast, count: 209600
CPU [0] UID 1002 comm: gen_fast, count: 209700
CPU [0] UID 1002 comm: gen_fast, count: 209848
CPU [0] UID 1002 comm: gen_fast, count: 210028
CPU [0] UID 1002 comm: gen_fast, count: 210028
CPU [0] UID 1002 comm: gen_fast, count: 210145
CPU [0] UID 1002 comm: gen_fast, count: 210208
CPU [0] UID 1002 comm: gen_fast, count: 210325
CPU [0] UID 1002 comm: gen_fast, count: 210490
CPU [0] UID 1002 comm: gen_fast, count: 210500
CPU [0] UID 1002 comm: gen_fast, count: 210643
CPU [0] UID 1002 comm: gen_fast, count: 210700
CPU [0] UID 1002 comm: gen_fast, count: 210805
CPU [0] UID 1002 comm: gen_fast, count: 210983
CPU [0] UID 1002 comm: gen_fast, count: 211000
CPU [0] UID 1002 comm: gen_fast, count: 211120
CPU [0] UID 1002 comm: gen_fast, count: 211334
CPU [0] UID 1002 comm: gen_fast, count: 211334
CPU [0] UID 1002 comm: gen_fast, count: 211510
CPU [0] UID 1002 comm: gen_fast, count: 211510
CPU [0] UID 1002 comm: gen_fast, count: 211618
CPU [0] UID 1002 comm: gen_fast, count: 211700
CPU [0] UID 1002 comm: gen_fast, count: 211832
CPU [0] UID 1002 comm: gen_fast, count: 211962
CPU [0] UID 1002 comm: gen_fast, count: 212098
CPU [0] UID 1002 comm: gen_fast, count: 212100
CPU [0] UID 1002 comm: gen_fast, count: 212231
CPU [0] UID 1002 comm: gen_fast, count: 212391
CPU [0] UID 1002 comm: gen_fast, count: 212400
CPU [0] UID 1002 comm: gen_fast, count: 212516
CPU [0] UID 1002 comm: gen_fast, count: 212644
CPU [0] UID 1002 comm: gen_fast, count: 212787
CPU [0] UID 1002 comm: gen_fast, count: 212800
CPU [0] UID 1002 comm: gen_fast, count: 212972
CPU [0] UID 1002 comm: gen_fast, count: 213000
CPU [0] UID 1002 comm: gen_fast, count: 213169
CPU [0] UID 1002 comm: gen_fast, count: 213200
CPU [0] UID 1002 comm: gen_fast, count: 213308
CPU [0] UID 1002 comm: gen_fast, count: 213406
CPU [0] UID 1002 comm: gen_fast, count: 213595
CPU [0] UID 1002 comm: gen_fast, count: 213600
CPU [0] UID 1002 comm: gen_fast, count: 213700
CPU [0] UID 1002 comm: gen_fast, count: 213844
CPU [0] UID 1002 comm: gen_fast, count: 214045
CPU [0] UID 1002 comm: gen_fast, count: 214045
CPU [0] UID 1002 comm: gen_fast, count: 214100
CPU [0] UID 1002 comm: gen_fast, count: 214272
CPU [0] UID 1002 comm: gen_fast, count: 214300
CPU [0] UID 1002 comm: gen_fast, count: 214412
CPU [0] UID 1002 comm: gen_fast, count: 214592
CPU [0] UID 1002 comm: gen_fast, count: 214600
CPU [0] UID 1002 comm: gen_fast, count: 214740
CPU [0] UID 1002 comm: gen_fast, count: 214800
CPU [0] UID 1002 comm: gen_fast, count: 214905
CPU [0] UID 1002 comm: gen_fast, count: 215086
CPU [0] UID 1002 comm: gen_fast, count: 215100
CPU [0] UID 1002 comm: gen_fast, count: 215200
CPU [0] UID 1002 comm: gen_fast, count: 215325
CPU [0] UID 1002 comm: gen_fast, count: 215470
CPU [0] UID 1002 comm: gen_fast, count: 215511
CPU [0] UID 1002 comm: gen_fast, count: 215735
CPU [0] UID 1002 comm: gen_fast, count: 215735
CPU [0] UID 1002 comm: gen_fast, count: 215858
CPU [0] UID 1002 comm: gen_fast, count: 215900
CPU [0] UID 1002 comm: gen_fast, count: 216038
CPU [0] UID 1002 comm: gen_fast, count: 216104
CPU [0] UID 1002 comm: gen_fast, count: 216200
CPU [0] UID 1002 comm: gen_fast, count: 216339
CPU [0] UID 1002 comm: gen_fast, count: 216436
CPU [0] UID 1002 comm: gen_fast, count: 216500
CPU [0] UID 1002 comm: gen_fast, count: 216600
CPU [0] UID 1002 comm: gen_fast, count: 216725
CPU [0] UID 1002 comm: gen_fast, count: 216876
CPU [0] UID 1002 comm: gen_fast, count: 216900
CPU [0] UID 1002 comm: gen_fast, count: 217000
CPU [0] UID 1002 comm: gen_fast, count: 217100
CPU [0] UID 1002 comm: gen_fast, count: 217200
CPU [0] UID 1002 comm: gen_fast, count: 217348
CPU [0] UID 1002 comm: gen_fast, count: 217405
CPU [0] UID 1002 comm: gen_fast, count: 217500
CPU [0] UID 1002 comm: gen_fast, count: 217600
CPU [0] UID 1002 comm: gen_fast, count: 217716
CPU [0] UID 1002 comm: gen_fast, count: 217811
CPU [0] UID 1002 comm: gen_fast, count: 217934
CPU [0] UID 1002 comm: gen_fast, count: 218001
CPU [0] UID 1002 comm: gen_fast, count: 218124
CPU [0] UID 1002 comm: gen_fast, count: 218216
CPU [0] UID 1002 comm: gen_fast, count: 218381
CPU [0] UID 1002 comm: gen_fast, count: 218400
CPU [0] UID 1002 comm: gen_fast, count: 218500
CPU [0] UID 1002 comm: gen_fast, count: 218662
CPU [0] UID 1002 comm: gen_fast, count: 218700
CPU [0] UID 1002 comm: gen_fast, count: 218800
CPU [0] UID 1002 comm: gen_fast, count: 218916
CPU [0] UID 1002 comm: gen_fast, count: 219060
CPU [0] UID 1002 comm: gen_fast, count: 219100
CPU [0] UID 1002 comm: gen_fast, count: 219220
CPU [0] UID 1002 comm: gen_fast, count: 219300
CPU [0] UID 1002 comm: gen_fast, count: 219435
CPU [0] UID 1002 comm: gen_fast, count: 219577
CPU [0] UID 1002 comm: gen_fast, count: 219600
CPU [0] UID 1002 comm: gen_fast, count: 219700
CPU [0] UID 1002 comm: gen_fast, count: 219859
CPU [0] UID 1002 comm: gen_fast, count: 219910
CPU [0] UID 1002 comm: gen_fast, count: 220000
CPU [0] UID 1002 comm: gen_fast, count: 220190
CPU [0] UID 1002 comm: gen_fast, count: 220200
CPU [0] UID 1002 comm: gen_fast, count: 220329
CPU [0] UID 1002 comm: gen_fast, count: 220549
CPU [0] UID 1002 comm: gen_fast, count: 220549
CPU [0] UID 1002 comm: gen_fast, count: 220600
CPU [0] UID 1002 comm: gen_fast, count: 220711
CPU [0] UID 1002 comm: gen_fast, count: 220829
CPU [0] UID 1002 comm: gen_fast, count: 220962
CPU [0] UID 1002 comm: gen_fast, count: 221000
CPU [0] UID 1002 comm: gen_fast, count: 221100
CPU [0] UID 1002 comm: gen_fast, count: 221216
CPU [0] UID 1002 comm: gen_fast, count: 221346
CPU [0] UID 1002 comm: gen_fast, count: 221492
CPU [0] UID 1002 comm: gen_fast, count: 221500
CPU [0] UID 1002 comm: gen_fast, count: 221607
CPU [0] UID 1002 comm: gen_fast, count: 221769
CPU [0] UID 1002 comm: gen_fast, count: 221800
CPU [0] UID 1002 comm: gen_fast, count: 221945
CPU [0] UID 1002 comm: gen_fast, count: 222000
CPU [0] UID 1002 comm: gen_fast, count: 222100
CPU [0] UID 1002 comm: gen_fast, count: 222284
CPU [0] UID 1002 comm: gen_fast, count: 222300
CPU [0] UID 1002 comm: gen_fast, count: 222409
CPU [0] UID 1002 comm: gen_fast, count: 222546
CPU [0] UID 1002 comm: gen_fast, count: 222676
CPU [0] UID 1002 comm: gen_fast, count: 222700
CPU [0] UID 1002 comm: gen_fast, count: 222825
CPU [0] UID 1002 comm: gen_fast, count: 222949
CPU [0] UID 1002 comm: gen_fast, count: 223000
CPU [0] UID 1002 comm: gen_fast, count: 223134
CPU [0] UID 1002 comm: gen_fast, count: 223273
CPU [0] UID 1002 comm: gen_fast, count: 223300
CPU [0] UID 1002 comm: gen_fast, count: 223436
CPU [0] UID 1002 comm: gen_fast, count: 223634
CPU [0] UID 1002 comm: gen_fast, count: 223634
CPU [0] UID 1002 comm: gen_fast, count: 223807
CPU [0] UID 1002 comm: gen_fast, count: 223807
CPU [0] UID 1002 comm: gen_fast, count: 223946
CPU [0] UID 1002 comm: gen_fast, count: 224035
CPU [0] UID 1002 comm: gen_fast, count: 224100
CPU [0] UID 1002 comm: gen_fast, count: 224200
CPU [0] UID 1002 comm: gen_fast, count: 224319
CPU [0] UID 1002 comm: gen_fast, count: 224492
CPU [0] UID 1002 comm: gen_fast, count: 224500
CPU [0] UID 1002 comm: gen_fast, count: 224641
CPU [0] UID 1002 comm: gen_fast, count: 224833
CPU [0] UID 1002 comm: gen_fast, count: 224833
CPU [0] UID 1002 comm: gen_fast, count: 225003
CPU [0] UID 1002 comm: gen_fast, count: 225003
CPU [0] UID 1002 comm: gen_fast, count: 225112
CPU [0] UID 1002 comm: gen_fast, count: 225251
CPU [0] UID 1002 comm: gen_fast, count: 225368
CPU [0] UID 1002 comm: gen_fast, count: 225520
CPU [0] UID 1002 comm: gen_fast, count: 225520
CPU [0] UID 1002 comm: gen_fast, count: 225615
CPU [0] UID 1002 comm: gen_fast, count: 225700
CPU [0] UID 1002 comm: gen_fast, count: 225868
CPU [0] UID 1002 comm: gen_fast, count: 225900
CPU [0] UID 1002 comm: gen_fast, count: 226028
CPU [0] UID 1002 comm: gen_fast, count: 226156
CPU [0] UID 1002 comm: gen_fast, count: 226200
CPU [0] UID 1002 comm: gen_fast, count: 226303
CPU [0] UID 1002 comm: gen_fast, count: 226453
CPU [0] UID 1002 comm: gen_fast, count: 226500
CPU [0] UID 1002 comm: gen_fast, count: 226729
CPU [0] UID 1002 comm: gen_fast, count: 226729
CPU [0] UID 1002 comm: gen_fast, count: 226924
CPU [0] UID 1002 comm: gen_fast, count: 226924
CPU [0] UID 1002 comm: gen_fast, count: 227000
CPU [0] UID 1002 comm: gen_fast, count: 227139
CPU [0] UID 1002 comm: gen_fast, count: 227355
CPU [0] UID 1002 comm: gen_fast, count: 227355
CPU [0] UID 1002 comm: gen_fast, count: 227400
CPU [0] UID 1002 comm: gen_fast, count: 227572
CPU [0] UID 1002 comm: gen_fast, count: 227600
CPU [0] UID 1002 comm: gen_fast, count: 227724
CPU [0] UID 1002 comm: gen_fast, count: 227871
CPU [0] UID 1002 comm: gen_fast, count: 227900
CPU [0] UID 1002 comm: gen_fast, count: 228053
CPU [0] UID 1002 comm: gen_fast, count: 228109
CPU [0] UID 1002 comm: gen_fast, count: 228239
CPU [0] UID 1002 comm: gen_fast, count: 228300
CPU [0] UID 1002 comm: gen_fast, count: 228400
CPU [0] UID 1002 comm: gen_fast, count: 228579
CPU [0] UID 1002 comm: gen_fast, count: 228600
CPU [0] UID 1002 comm: gen_fast, count: 228700
CPU [0] UID 1002 comm: gen_fast, count: 228847
CPU [0] UID 1002 comm: gen_fast, count: 228900
CPU [0] UID 1002 comm: gen_fast, count: 229037
CPU [0] UID 1002 comm: gen_fast, count: 229204
CPU [0] UID 1002 comm: gen_fast, count: 229204
CPU [0] UID 1002 comm: gen_fast, count: 229333
CPU [0] UID 1002 comm: gen_fast, count: 229436
CPU [0] UID 1002 comm: gen_fast, count: 229500
CPU [0] UID 1002 comm: gen_fast, count: 229600
CPU [0] UID 1002 comm: gen_fast, count: 229718
CPU [0] UID 1002 comm: gen_fast, count: 229903
CPU [0] UID 1002 comm: gen_fast, count: 229903
CPU [0] UID 1002 comm: gen_fast, count: 230036
CPU [0] UID 1002 comm: gen_fast, count: 230158
CPU [0] UID 1002 comm: gen_fast, count: 230323
CPU [0] UID 1002 comm: gen_fast, count: 230323
CPU [0] UID 1002 comm: gen_fast, count: 230400
CPU [0] UID 1002 comm: gen_fast, count: 230516
CPU [0] UID 1002 comm: gen_fast, count: 230600
CPU [0] UID 1002 comm: gen_fast, count: 230710
CPU [0] UID 1002 comm: gen_fast, count: 230853
CPU [0] UID 1002 comm: gen_fast, count: 230900
CPU [0] UID 1002 comm: gen_fast, count: 231057
CPU [0] UID 1002 comm: gen_fast, count: 231100
CPU [0] UID 1002 comm: gen_fast, count: 231236
CPU [0] UID 1002 comm: gen_fast, count: 231349
CPU [0] UID 1002 comm: gen_fast, count: 231556
CPU [0] UID 1002 comm: gen_fast, count: 231556
CPU [0] UID 1002 comm: gen_fast, count: 231746
CPU [0] UID 1002 comm: gen_fast, count: 231746
CPU [0] UID 1002 comm: gen_fast, count: 231800
CPU [0] UID 1002 comm: gen_fast, count: 231968
CPU [0] UID 1002 comm: gen_fast, count: 232000
CPU [0] UID 1002 comm: gen_fast, count: 232127
CPU [0] UID 1002 comm: gen_fast, count: 232301
CPU [0] UID 1002 comm: gen_fast, count: 232301
CPU [0] UID 1002 comm: gen_fast, count: 232430
CPU [0] UID 1002 comm: gen_fast, count: 232500
CPU [0] UID 1002 comm: gen_fast, count: 232610
CPU [0] UID 1002 comm: gen_fast, count: 232763
CPU [0] UID 1002 comm: gen_fast, count: 232800
CPU [0] UID 1002 comm: gen_fast, count: 232906
CPU [0] UID 1002 comm: gen_fast, count: 233070
CPU [0] UID 1002 comm: gen_fast, count: 233156
CPU [0] UID 1002 comm: gen_fast, count: 233212
CPU [0] UID 1002 comm: gen_fast, count: 233335
CPU [0] UID 1002 comm: gen_fast, count: 233438
CPU [0] UID 1002 comm: gen_fast, count: 233500
CPU [0] UID 1002 comm: gen_fast, count: 233601
CPU [0] UID 1002 comm: gen_fast, count: 233771
CPU [0] UID 1002 comm: gen_fast, count: 233800
CPU [0] UID 1002 comm: gen_fast, count: 233917
CPU [0] UID 1002 comm: gen_fast, count: 234000
CPU [0] UID 1002 comm: gen_fast, count: 234114
CPU [0] UID 1002 comm: gen_fast, count: 234257
CPU [0] UID 1002 comm: gen_fast, count: 234300
CPU [0] UID 1002 comm: gen_fast, count: 234400
CPU [0] UID 1002 comm: gen_fast, count: 234560
CPU [0] UID 1002 comm: gen_fast, count: 234600
CPU [0] UID 1002 comm: gen_fast, count: 234735
CPU [0] UID 1002 comm: gen_fast, count: 234882
CPU [0] UID 1002 comm: gen_fast, count: 234900
CPU [0] UID 1002 comm: gen_fast, count: 235040
CPU [0] UID 1002 comm: gen_fast, count: 235100
CPU [0] UID 1002 comm: gen_fast, count: 235200
CPU [0] UID 1002 comm: gen_fast, count: 235356
CPU [0] UID 1002 comm: gen_fast, count: 235400
CPU [0] UID 1002 comm: gen_fast, count: 235556
CPU [0] UID 1002 comm: gen_fast, count: 235600
CPU [0] UID 1002 comm: gen_fast, count: 235748
CPU [0] UID 1002 comm: gen_fast, count: 235948
CPU [0] UID 1002 comm: gen_fast, count: 235948
CPU [0] UID 1002 comm: gen_fast, count: 236000
CPU [0] UID 1002 comm: gen_fast, count: 236100
CPU [0] UID 1002 comm: gen_fast, count: 236237
CPU [0] UID 1002 comm: gen_fast, count: 236311
CPU [0] UID 1002 comm: gen_fast, count: 236400
CPU [0] UID 1002 comm: gen_fast, count: 236500
CPU [0] UID 1002 comm: gen_fast, count: 236621
CPU [0] UID 1002 comm: gen_fast, count: 236711
CPU [0] UID 1002 comm: gen_fast, count: 236800
CPU [0] UID 1002 comm: gen_fast, count: 236900
CPU [0] UID 1002 comm: gen_fast, count: 237004
CPU [0] UID 1002 comm: gen_fast, count: 237120
CPU [0] UID 1002 comm: gen_fast, count: 237258
CPU [0] UID 1002 comm: gen_fast, count: 237381
CPU [0] UID 1002 comm: gen_fast, count: 237400
CPU [0] UID 1002 comm: gen_fast, count: 237504
CPU [0] UID 1002 comm: gen_fast, count: 237643
CPU [0] UID 1002 comm: gen_fast, count: 237784
CPU [0] UID 1002 comm: gen_fast, count: 237800
CPU [0] UID 1002 comm: gen_fast, count: 237931
CPU [0] UID 1002 comm: gen_fast, count: 238066
CPU [0] UID 1002 comm: gen_fast, count: 238100
CPU [0] UID 1002 comm: gen_fast, count: 238216
CPU [0] UID 1002 comm: gen_fast, count: 238320
CPU [0] UID 1002 comm: gen_fast, count: 238400
CPU [0] UID 1002 comm: gen_fast, count: 238549
CPU [0] UID 1002 comm: gen_fast, count: 238627
CPU [0] UID 1002 comm: gen_fast, count: 238712
CPU [0] UID 1002 comm: gen_fast, count: 238921
CPU [0] UID 1002 comm: gen_fast, count: 238921
CPU [0] UID 1002 comm: gen_fast, count: 239000
CPU [0] UID 1002 comm: gen_fast, count: 239100
CPU [0] UID 1002 comm: gen_fast, count: 239200
CPU [0] UID 1002 comm: gen_fast, count: 239340
CPU [0] UID 1002 comm: gen_fast, count: 239400
CPU [0] UID 1002 comm: gen_fast, count: 239500
CPU [0] UID 1002 comm: gen_fast, count: 239682
CPU [0] UID 1002 comm: gen_fast, count: 239700
CPU [0] UID 1002 comm: gen_fast, count: 239804
CPU [0] UID 1002 comm: gen_fast, count: 239900
CPU [0] UID 1002 comm: gen_fast, count: 240029
CPU [0] UID 1002 comm: gen_fast, count: 240156
CPU [0] UID 1002 comm: gen_fast, count: 240241
CPU [0] UID 1002 comm: gen_fast, count: 240322
CPU [0] UID 1002 comm: gen_fast, count: 240400
CPU [0] UID 1002 comm: gen_fast, count: 240518
CPU [0] UID 1002 comm: gen_fast, count: 240603
CPU [0] UID 1002 comm: gen_fast, count: 240735
CPU [0] UID 1002 comm: gen_fast, count: 240934
CPU [0] UID 1002 comm: gen_fast, count: 240934
CPU [0] UID 1002 comm: gen_fast, count: 241100
CPU [0] UID 1002 comm: gen_fast, count: 241100
CPU [0] UID 1002 comm: gen_fast, count: 241243
CPU [0] UID 1002 comm: gen_fast, count: 241300
CPU [0] UID 1002 comm: gen_fast, count: 241400
CPU [0] UID 1002 comm: gen_fast, count: 241539
CPU [0] UID 1002 comm: gen_fast, count: 241600
CPU [0] UID 1002 comm: gen_fast, count: 241700
CPU [0] UID 1002 comm: gen_fast, count: 241818
CPU [0] UID 1002 comm: gen_fast, count: 241990
CPU [0] UID 1002 comm: gen_fast, count: 242064
CPU [0] UID 1002 comm: gen_fast, count: 242100
CPU [0] UID 1002 comm: gen_fast, count: 242200
CPU [0] UID 1002 comm: gen_fast, count: 242326
CPU [0] UID 1002 comm: gen_fast, count: 242468
CPU [0] UID 1002 comm: gen_fast, count: 242500
CPU [0] UID 1002 comm: gen_fast, count: 242622
CPU [0] UID 1002 comm: gen_fast, count: 242700
CPU [0] UID 1002 comm: gen_fast, count: 242808
CPU [0] UID 1002 comm: gen_fast, count: 242925
CPU [0] UID 1002 comm: gen_fast, count: 243057
CPU [0] UID 1002 comm: gen_fast, count: 243100
CPU [0] UID 1002 comm: gen_fast, count: 243200
CPU [0] UID 1002 comm: gen_fast, count: 243312
CPU [0] UID 1002 comm: gen_fast, count: 243420
CPU [0] UID 1002 comm: gen_fast, count: 243550
CPU [0] UID 1002 comm: gen_fast, count: 243605
CPU [0] UID 1002 comm: gen_fast, count: 243700
CPU [0] UID 1002 comm: gen_fast, count: 243822
CPU [0] UID 1002 comm: gen_fast, count: 243935
CPU [0] UID 1002 comm: gen_fast, count: 244069
CPU [0] UID 1002 comm: gen_fast, count: 244100
CPU [0] UID 1002 comm: gen_fast, count: 244227
CPU [0] UID 1002 comm: gen_fast, count: 244352
CPU [0] UID 1002 comm: gen_fast, count: 244486
CPU [0] UID 1002 comm: gen_fast, count: 244500
CPU [0] UID 1002 comm: gen_fast, count: 244605
CPU [0] UID 1002 comm: gen_fast, count: 244729
CPU [0] UID 1002 comm: gen_fast, count: 244853
CPU [0] UID 1002 comm: gen_fast, count: 244900
CPU [0] UID 1002 comm: gen_fast, count: 245023
CPU [0] UID 1002 comm: gen_fast, count: 245165
CPU [0] UID 1002 comm: gen_fast, count: 245200
CPU [0] UID 1002 comm: gen_fast, count: 245300
CPU [0] UID 1002 comm: gen_fast, count: 245400
CPU [0] UID 1002 comm: gen_fast, count: 245523
CPU [0] UID 1002 comm: gen_fast, count: 245648
CPU [0] UID 1002 comm: gen_fast, count: 245778
CPU [0] UID 1002 comm: gen_fast, count: 245800
CPU [0] UID 1002 comm: gen_fast, count: 245900
CPU [0] UID 1002 comm: gen_fast, count: 246072
CPU [0] UID 1002 comm: gen_fast, count: 246100
CPU [0] UID 1002 comm: gen_fast, count: 246211
CPU [0] UID 1002 comm: gen_fast, count: 246335
CPU [0] UID 1002 comm: gen_fast, count: 246400
CPU [0] UID 1002 comm: gen_fast, count: 246516
CPU [0] UID 1002 comm: gen_fast, count: 246600
CPU [0] UID 1002 comm: gen_fast, count: 246717
CPU [0] UID 1002 comm: gen_fast, count: 246859
CPU [0] UID 1002 comm: gen_fast, count: 246900
CPU [0] UID 1002 comm: gen_fast, count: 247000
CPU [0] UID 1002 comm: gen_fast, count: 247100
CPU [0] UID 1002 comm: gen_fast, count: 247217
CPU [0] UID 1002 comm: gen_fast, count: 247356
CPU [0] UID 1002 comm: gen_fast, count: 247477
CPU [0] UID 1002 comm: gen_fast, count: 247500
CPU [0] UID 1002 comm: gen_fast, count: 247628
CPU [0] UID 1002 comm: gen_fast, count: 247700
CPU [0] UID 1002 comm: gen_fast, count: 247800
CPU [0] UID 1002 comm: gen_fast, count: 247986
CPU [0] UID 1002 comm: gen_fast, count: 248000
CPU [0] UID 1002 comm: gen_fast, count: 248149
CPU [0] UID 1002 comm: gen_fast, count: 248200
CPU [0] UID 1002 comm: gen_fast, count: 248300
CPU [0] UID 1002 comm: gen_fast, count: 248413
CPU [0] UID 1002 comm: gen_fast, count: 248501
CPU [0] UID 1002 comm: gen_fast, count: 248600
CPU [0] UID 1002 comm: gen_fast, count: 248700
CPU [0] UID 1002 comm: gen_fast, count: 248833
CPU [0] UID 1002 comm: gen_fast, count: 249046
CPU [0] UID 1002 comm: gen_fast, count: 249046
CPU [0] UID 1002 comm: gen_fast, count: 249239
CPU [0] UID 1002 comm: gen_fast, count: 249239
CPU [0] UID 1002 comm: gen_fast, count: 249300
CPU [0] UID 1002 comm: gen_fast, count: 249400
CPU [0] UID 1002 comm: gen_fast, count: 249534
CPU [0] UID 1002 comm: gen_fast, count: 249614
CPU [0] UID 1002 comm: gen_fast, count: 249700
CPU [0] UID 1002 comm: gen_fast, count: 249800
CPU [0] UID 1002 comm: gen_fast, count: 249965
CPU [0] UID 1002 comm: gen_fast, count: 250000
CPU [0] UID 1002 comm: gen_fast, count: 250172
CPU [0] UID 1002 comm: gen_fast, count: 250200
CPU [0] UID 1002 comm: gen_fast, count: 250300
CPU [0] UID 1002 comm: gen_fast, count: 250468
CPU [0] UID 1002 comm: gen_fast, count: 250500
CPU [0] UID 1002 comm: gen_fast, count: 250648
CPU [0] UID 1002 comm: gen_fast, count: 250847
CPU [0] UID 1002 comm: gen_fast, count: 250847
CPU [0] UID 1002 comm: gen_fast, count: 250960
CPU [0] UID 1002 comm: gen_fast, count: 251000
CPU [0] UID 1002 comm: gen_fast, count: 251100
CPU [0] UID 1002 comm: gen_fast, count: 251214
CPU [0] UID 1002 comm: gen_fast, count: 251330
CPU [0] UID 1002 comm: gen_fast, count: 251400
CPU [0] UID 1002 comm: gen_fast, count: 251500
CPU [0] UID 1002 comm: gen_fast, count: 251699
CPU [0] UID 1002 comm: gen_fast, count: 251700
CPU [0] UID 1002 comm: gen_fast, count: 251818
CPU [0] UID 1002 comm: gen_fast, count: 251900
CPU [0] UID 1002 comm: gen_fast, count: 252000
CPU [0] UID 1002 comm: gen_fast, count: 252170
CPU [0] UID 1002 comm: gen_fast, count: 252200
CPU [0] UID 1002 comm: gen_fast, count: 252337
CPU [0] UID 1002 comm: gen_fast, count: 252400
CPU [0] UID 1002 comm: gen_fast, count: 252502
CPU [0] UID 1002 comm: gen_fast, count: 252652
CPU [0] UID 1002 comm: gen_fast, count: 252787
CPU [0] UID 1002 comm: gen_fast, count: 252800
CPU [0] UID 1002 comm: gen_fast, count: 252903
CPU [0] UID 1002 comm: gen_fast, count: 253032
CPU [0] UID 1002 comm: gen_fast, count: 253244
CPU [0] UID 1002 comm: gen_fast, count: 253244
CPU [0] UID 1002 comm: gen_fast, count: 253300
CPU [0] UID 1002 comm: gen_fast, count: 253459
CPU [0] UID 1002 comm: gen_fast, count: 253500
CPU [0] UID 1002 comm: gen_fast, count: 253600
CPU [0] UID 1002 comm: gen_fast, count: 253767
CPU [0] UID 1002 comm: gen_fast, count: 253800
CPU [0] UID 1002 comm: gen_fast, count: 253903
CPU [0] UID 1002 comm: gen_fast, count: 254053
CPU [0] UID 1002 comm: gen_fast, count: 254149
CPU [0] UID 1002 comm: gen_fast, count: 254203
CPU [0] UID 1002 comm: gen_fast, count: 254329
CPU [0] UID 1002 comm: gen_fast, count: 254486
CPU [0] UID 1002 comm: gen_fast, count: 254500
CPU [0] UID 1002 comm: gen_fast, count: 254600
CPU [0] UID 1002 comm: gen_fast, count: 254739
CPU [0] UID 1002 comm: gen_fast, count: 254800
CPU [0] UID 1002 comm: gen_fast, count: 254902
CPU [0] UID 1002 comm: gen_fast, count: 255030
CPU [0] UID 1002 comm: gen_fast, count: 255100
CPU [0] UID 1002 comm: gen_fast, count: 255279
CPU [0] UID 1002 comm: gen_fast, count: 255362
CPU [0] UID 1002 comm: gen_fast, count: 255400
CPU [0] UID 1002 comm: gen_fast, count: 255519
CPU [0] UID 1002 comm: gen_fast, count: 255628
CPU [0] UID 1002 comm: gen_fast, count: 255732
CPU [0] UID 1002 comm: gen_fast, count: 255935
CPU [0] UID 1002 comm: gen_fast, count: 255935
CPU [0] UID 1002 comm: gen_fast, count: 256000
CPU [0] UID 1002 comm: gen_fast, count: 256149
CPU [0] UID 1002 comm: gen_fast, count: 256333
CPU [0] UID 1002 comm: gen_fast, count: 256333
CPU [0] UID 1002 comm: gen_fast, count: 256400
CPU [0] UID 1002 comm: gen_fast, count: 256500
CPU [0] UID 1002 comm: gen_fast, count: 256658
CPU [0] UID 1002 comm: gen_fast, count: 256700
CPU [0] UID 1002 comm: gen_fast, count: 256808
CPU [0] UID 1002 comm: gen_fast, count: 256964
CPU [0] UID 1002 comm: gen_fast, count: 257000
CPU [0] UID 1002 comm: gen_fast, count: 257138
CPU [0] UID 1002 comm: gen_fast, count: 257306
CPU [0] UID 1002 comm: gen_fast, count: 257306
CPU [0] UID 1002 comm: gen_fast, count: 257414
CPU [0] UID 1002 comm: gen_fast, count: 257544
CPU [0] UID 1002 comm: gen_fast, count: 257649
CPU [0] UID 1002 comm: gen_fast, count: 257700
CPU [0] UID 1002 comm: gen_fast, count: 257800
CPU [0] UID 1002 comm: gen_fast, count: 257921
CPU [0] UID 1002 comm: gen_fast, count: 258017
CPU [0] UID 1002 comm: gen_fast, count: 258100
CPU [0] UID 1002 comm: gen_fast, count: 258241
CPU [0] UID 1002 comm: gen_fast, count: 258445
CPU [0] UID 1002 comm: gen_fast, count: 258445
CPU [0] UID 1002 comm: gen_fast, count: 258646
CPU [0] UID 1002 comm: gen_fast, count: 258646
CPU [0] UID 1002 comm: gen_fast, count: 258700
CPU [0] UID 1002 comm: gen_fast, count: 258848
CPU [0] UID 1002 comm: gen_fast, count: 258964
CPU [0] UID 1002 comm: gen_fast, count: 259116
CPU [0] UID 1002 comm: gen_fast, count: 259116
CPU [0] UID 1002 comm: gen_fast, count: 259232
CPU [0] UID 1002 comm: gen_fast, count: 259364
CPU [0] UID 1002 comm: gen_fast, count: 259400
CPU [0] UID 1002 comm: gen_fast, count: 259500
CPU [0] UID 1002 comm: gen_fast, count: 259613
CPU [0] UID 1002 comm: gen_fast, count: 259724
CPU [0] UID 1002 comm: gen_fast, count: 259859
CPU [0] UID 1002 comm: gen_fast, count: 259900
CPU [0] UID 1002 comm: gen_fast, count: 260019
CPU [0] UID 1002 comm: gen_fast, count: 260160
CPU [0] UID 1002 comm: gen_fast, count: 260200
CPU [0] UID 1002 comm: gen_fast, count: 260300
CPU [0] UID 1002 comm: gen_fast, count: 260409
CPU [0] UID 1002 comm: gen_fast, count: 260503
CPU [0] UID 1002 comm: gen_fast, count: 260621
CPU [0] UID 1002 comm: gen_fast, count: 260700
CPU [0] UID 1002 comm: gen_fast, count: 260806
CPU [0] UID 1002 comm: gen_fast, count: 260900
CPU [0] UID 1002 comm: gen_fast, count: 261072
CPU [0] UID 1002 comm: gen_fast, count: 261100
CPU [0] UID 1002 comm: gen_fast, count: 261223
CPU [0] UID 1002 comm: gen_fast, count: 261352
CPU [0] UID 1002 comm: gen_fast, count: 261400
CPU [0] UID 1002 comm: gen_fast, count: 261530
CPU [0] UID 1002 comm: gen_fast, count: 261600
CPU [0] UID 1002 comm: gen_fast, count: 261700
CPU [0] UID 1002 comm: gen_fast, count: 261838
CPU [0] UID 1002 comm: gen_fast, count: 261967
CPU [0] UID 1002 comm: gen_fast, count: 262000
CPU [0] UID 1002 comm: gen_fast, count: 262114
CPU [0] UID 1002 comm: gen_fast, count: 262240
CPU [0] UID 1002 comm: gen_fast, count: 262387
CPU [0] UID 1002 comm: gen_fast, count: 262400
CPU [0] UID 1002 comm: gen_fast, count: 262565
CPU [0] UID 1002 comm: gen_fast, count: 262600
CPU [0] UID 1002 comm: gen_fast, count: 262790
CPU [0] UID 1002 comm: gen_fast, count: 262800
CPU [0] UID 1002 comm: gen_fast, count: 262932
CPU [0] UID 1002 comm: gen_fast, count: 263138
CPU [0] UID 1002 comm: gen_fast, count: 263138
CPU [0] UID 1002 comm: gen_fast, count: 263212
CPU [0] UID 1002 comm: gen_fast, count: 263342
CPU [0] UID 1002 comm: gen_fast, count: 263407
CPU [0] UID 1002 comm: gen_fast, count: 263573
CPU [0] UID 1002 comm: gen_fast, count: 263600
CPU [0] UID 1002 comm: gen_fast, count: 263721
CPU [0] UID 1002 comm: gen_fast, count: 263863
CPU [0] UID 1002 comm: gen_fast, count: 263931
CPU [0] UID 1002 comm: gen_fast, count: 264022
CPU [0] UID 1002 comm: gen_fast, count: 264182
CPU [0] UID 1002 comm: gen_fast, count: 264200
CPU [0] UID 1002 comm: gen_fast, count: 264300
CPU [0] UID 1002 comm: gen_fast, count: 264400
CPU [0] UID 1002 comm: gen_fast, count: 264587
CPU [0] UID 1002 comm: gen_fast, count: 264600
CPU [0] UID 1002 comm: gen_fast, count: 264733
CPU [0] UID 1002 comm: gen_fast, count: 264800
CPU [0] UID 1002 comm: gen_fast, count: 264900
CPU [0] UID 1002 comm: gen_fast, count: 265050
CPU [0] UID 1002 comm: gen_fast, count: 265214
CPU [0] UID 1002 comm: gen_fast, count: 265214
CPU [0] UID 1002 comm: gen_fast, count: 265308
CPU [0] UID 1002 comm: gen_fast, count: 265400
CPU [0] UID 1002 comm: gen_fast, count: 265543
CPU [0] UID 1002 comm: gen_fast, count: 265653
CPU [0] UID 1002 comm: gen_fast, count: 265700
CPU [0] UID 1002 comm: gen_fast, count: 265800
CPU [0] UID 1002 comm: gen_fast, count: 265934
CPU [0] UID 1002 comm: gen_fast, count: 266092
CPU [0] UID 1002 comm: gen_fast, count: 266100
CPU [0] UID 1002 comm: gen_fast, count: 266200
CPU [0] UID 1002 comm: gen_fast, count: 266300
CPU [0] UID 1002 comm: gen_fast, count: 266408
CPU [0] UID 1002 comm: gen_fast, count: 266525
CPU [0] UID 1002 comm: gen_fast, count: 266643
CPU [0] UID 1002 comm: gen_fast, count: 266775
CPU [0] UID 1002 comm: gen_fast, count: 266800
CPU [0] UID 1002 comm: gen_fast, count: 266919
CPU [0] UID 1002 comm: gen_fast, count: 267040
CPU [0] UID 1002 comm: gen_fast, count: 267179
CPU [0] UID 1002 comm: gen_fast, count: 267200
CPU [0] UID 1002 comm: gen_fast, count: 267340
CPU [0] UID 1002 comm: gen_fast, count: 267400
CPU [0] UID 1002 comm: gen_fast, count: 267500
CPU [0] UID 1002 comm: gen_fast, count: 267628
CPU [0] UID 1002 comm: gen_fast, count: 267777
CPU [0] UID 1002 comm: gen_fast, count: 267800
CPU [0] UID 1002 comm: gen_fast, count: 267900
CPU [0] UID 1002 comm: gen_fast, count: 268028
CPU [0] UID 1002 comm: gen_fast, count: 268100
CPU [0] UID 1002 comm: gen_fast, count: 268218
CPU [0] UID 1002 comm: gen_fast, count: 268392
CPU [0] UID 1002 comm: gen_fast, count: 268400
CPU [0] UID 1002 comm: gen_fast, count: 268500
CPU [0] UID 1002 comm: gen_fast, count: 268600
CPU [0] UID 1002 comm: gen_fast, count: 268712
CPU [0] UID 1002 comm: gen_fast, count: 268854
CPU [0] UID 1002 comm: gen_fast, count: 268900
CPU [0] UID 1002 comm: gen_fast, count: 269100
CPU [0] UID 1002 comm: gen_fast, count: 269100
CPU [0] UID 1002 comm: gen_fast, count: 269237
CPU [0] UID 1002 comm: gen_fast, count: 269327
CPU [0] UID 1002 comm: gen_fast, count: 269486
CPU [0] UID 1002 comm: gen_fast, count: 269500
CPU [0] UID 1002 comm: gen_fast, count: 269658
CPU [0] UID 1002 comm: gen_fast, count: 269700
CPU [0] UID 1002 comm: gen_fast, count: 269851
CPU [0] UID 1002 comm: gen_fast, count: 269940
CPU [0] UID 1002 comm: gen_fast, count: 270095
CPU [0] UID 1002 comm: gen_fast, count: 270100
CPU [0] UID 1002 comm: gen_fast, count: 270266
CPU [0] UID 1002 comm: gen_fast, count: 270300
CPU [0] UID 1002 comm: gen_fast, count: 270469
CPU [0] UID 1002 comm: gen_fast, count: 270500
CPU [0] UID 1002 comm: gen_fast, count: 270659
CPU [0] UID 1002 comm: gen_fast, count: 270825
CPU [0] UID 1002 comm: gen_fast, count: 270825
CPU [0] UID 1002 comm: gen_fast, count: 270949
CPU [0] UID 1002 comm: gen_fast, count: 271013
CPU [0] UID 1002 comm: gen_fast, count: 271117
CPU [0] UID 1002 comm: gen_fast, count: 271309
CPU [0] UID 1002 comm: gen_fast, count: 271309
CPU [0] UID 1002 comm: gen_fast, count: 271423
CPU [0] UID 1002 comm: gen_fast, count: 271510
CPU [0] UID 1002 comm: gen_fast, count: 271711
CPU [0] UID 1002 comm: gen_fast, count: 271711
CPU [0] UID 1002 comm: gen_fast, count: 271899
CPU [0] UID 1002 comm: gen_fast, count: 271900
CPU [0] UID 1002 comm: gen_fast, count: 272015
CPU [0] UID 1002 comm: gen_fast, count: 272174
CPU [0] UID 1002 comm: gen_fast, count: 272200
CPU [0] UID 1002 comm: gen_fast, count: 272346
CPU [0] UID 1002 comm: gen_fast, count: 272400
CPU [0] UID 1002 comm: gen_fast, count: 272516
CPU [0] UID 1002 comm: gen_fast, count: 272601
CPU [0] UID 1002 comm: gen_fast, count: 272741
CPU [0] UID 1002 comm: gen_fast, count: 272946
CPU [0] UID 1002 comm: gen_fast, count: 272946
CPU [0] UID 1002 comm: gen_fast, count: 273146
CPU [0] UID 1002 comm: gen_fast, count: 273146
CPU [0] UID 1002 comm: gen_fast, count: 273200
CPU [0] UID 1002 comm: gen_fast, count: 273300
CPU [0] UID 1002 comm: gen_fast, count: 273422
CPU [0] UID 1002 comm: gen_fast, count: 273511
CPU [0] UID 1002 comm: gen_fast, count: 273662
CPU [0] UID 1002 comm: gen_fast, count: 273792
CPU [0] UID 1002 comm: gen_fast, count: 273800
CPU [0] UID 1002 comm: gen_fast, count: 273900
CPU [0] UID 1002 comm: gen_fast, count: 274022
CPU [0] UID 1002 comm: gen_fast, count: 274146
CPU [0] UID 1002 comm: gen_fast, count: 274266
CPU [0] UID 1002 comm: gen_fast, count: 274322
CPU [0] UID 1002 comm: gen_fast, count: 274400
CPU [0] UID 1002 comm: gen_fast, count: 274502
CPU [0] UID 1002 comm: gen_fast, count: 274622
CPU [0] UID 1002 comm: gen_fast, count: 274700
CPU [0] UID 1002 comm: gen_fast, count: 274800
CPU [0] UID 1002 comm: gen_fast, count: 274900
CPU [0] UID 1002 comm: gen_fast, count: 275004
CPU [0] UID 1002 comm: gen_fast, count: 275100
CPU [0] UID 1002 comm: gen_fast, count: 275211
CPU [0] UID 1002 comm: gen_fast, count: 275300
CPU [0] UID 1002 comm: gen_fast, count: 275400
CPU [0] UID 1002 comm: gen_fast, count: 275542
CPU [0] UID 1002 comm: gen_fast, count: 275688
CPU [0] UID 1002 comm: gen_fast, count: 275700
CPU [0] UID 1002 comm: gen_fast, count: 275814
CPU [0] UID 1002 comm: gen_fast, count: 275981
CPU [0] UID 1002 comm: gen_fast, count: 276000
CPU [0] UID 1002 comm: gen_fast, count: 276100
CPU [0] UID 1002 comm: gen_fast, count: 276239
CPU [0] UID 1002 comm: gen_fast, count: 276369
CPU [0] UID 1002 comm: gen_fast, count: 276400
CPU [0] UID 1002 comm: gen_fast, count: 276500
CPU [0] UID 1002 comm: gen_fast, count: 276614
CPU [0] UID 1002 comm: gen_fast, count: 276700
CPU [0] UID 1002 comm: gen_fast, count: 276822
CPU [0] UID 1002 comm: gen_fast, count: 276924
CPU [0] UID 1002 comm: gen_fast, count: 277000
CPU [0] UID 1002 comm: gen_fast, count: 277127
CPU [0] UID 1002 comm: gen_fast, count: 277253
CPU [0] UID 1002 comm: gen_fast, count: 277300
CPU [0] UID 1002 comm: gen_fast, count: 277418
CPU [0] UID 1002 comm: gen_fast, count: 277500
CPU [0] UID 1002 comm: gen_fast, count: 277600
CPU [0] UID 1002 comm: gen_fast, count: 277718
CPU [0] UID 1002 comm: gen_fast, count: 277897
CPU [0] UID 1002 comm: gen_fast, count: 277900
CPU [0] UID 1002 comm: gen_fast, count: 278000
CPU [0] UID 1002 comm: gen_fast, count: 278105
CPU [0] UID 1002 comm: gen_fast, count: 278235
CPU [0] UID 1002 comm: gen_fast, count: 278370
CPU [0] UID 1002 comm: gen_fast, count: 278400
CPU [0] UID 1002 comm: gen_fast, count: 278500
CPU [0] UID 1002 comm: gen_fast, count: 278611
CPU [0] UID 1002 comm: gen_fast, count: 278742
CPU [0] UID 1002 comm: gen_fast, count: 278854
CPU [0] UID 1002 comm: gen_fast, count: 278977
CPU [0] UID 1002 comm: gen_fast, count: 279000
CPU [0] UID 1002 comm: gen_fast, count: 279100
CPU [0] UID 1002 comm: gen_fast, count: 279213
CPU [0] UID 1002 comm: gen_fast, count: 279354
CPU [0] UID 1002 comm: gen_fast, count: 279500
CPU [0] UID 1002 comm: gen_fast, count: 279500
CPU [0] UID 1002 comm: gen_fast, count: 279600
CPU [0] UID 1002 comm: gen_fast, count: 279710
CPU [0] UID 1002 comm: gen_fast, count: 279829
CPU [0] UID 1002 comm: gen_fast, count: 279900
CPU [0] UID 1002 comm: gen_fast, count: 280015
CPU [0] UID 1002 comm: gen_fast, count: 280139
CPU [0] UID 1002 comm: gen_fast, count: 280267
CPU [0] UID 1002 comm: gen_fast, count: 280300
CPU [0] UID 1002 comm: gen_fast, count: 280400
CPU [0] UID 1002 comm: gen_fast, count: 280500
CPU [0] UID 1002 comm: gen_fast, count: 280600
CPU [0] UID 1002 comm: gen_fast, count: 280706
CPU [0] UID 1002 comm: gen_fast, count: 280858
CPU [0] UID 1002 comm: gen_fast, count: 281007
CPU [0] UID 1002 comm: gen_fast, count: 281007
CPU [0] UID 1002 comm: gen_fast, count: 281100
CPU [0] UID 1002 comm: gen_fast, count: 281217
CPU [0] UID 1002 comm: gen_fast, count: 281300
CPU [0] UID 1002 comm: gen_fast, count: 281413
CPU [0] UID 1002 comm: gen_fast, count: 281563
CPU [0] UID 1002 comm: gen_fast, count: 281600
CPU [0] UID 1002 comm: gen_fast, count: 281743
CPU [0] UID 1002 comm: gen_fast, count: 281898
CPU [0] UID 1002 comm: gen_fast, count: 281900
CPU [0] UID 1002 comm: gen_fast, count: 282032
CPU [0] UID 1002 comm: gen_fast, count: 282179
CPU [0] UID 1002 comm: gen_fast, count: 282200
CPU [0] UID 1002 comm: gen_fast, count: 282300
CPU [0] UID 1002 comm: gen_fast, count: 282419
CPU [0] UID 1002 comm: gen_fast, count: 282563
CPU [0] UID 1002 comm: gen_fast, count: 282600
CPU [0] UID 1002 comm: gen_fast, count: 282718
CPU [0] UID 1002 comm: gen_fast, count: 282858
CPU [0] UID 1002 comm: gen_fast, count: 282900
CPU [0] UID 1002 comm: gen_fast, count: 283006
CPU [0] UID 1002 comm: gen_fast, count: 283100
CPU [0] UID 1002 comm: gen_fast, count: 283206
CPU [0] UID 1002 comm: gen_fast, count: 283337
CPU [0] UID 1002 comm: gen_fast, count: 283467
CPU [0] UID 1002 comm: gen_fast, count: 283526
CPU [0] UID 1002 comm: gen_fast, count: 283600
CPU [0] UID 1002 comm: gen_fast, count: 283716
CPU [0] UID 1002 comm: gen_fast, count: 283800
CPU [0] UID 1002 comm: gen_fast, count: 283940
CPU [0] UID 1002 comm: gen_fast, count: 284000
CPU [0] UID 1002 comm: gen_fast, count: 284116
CPU [0] UID 1002 comm: gen_fast, count: 284254
CPU [0] UID 1002 comm: gen_fast, count: 284373
CPU [0] UID 1002 comm: gen_fast, count: 284400
CPU [0] UID 1002 comm: gen_fast, count: 284525
CPU [0] UID 1002 comm: gen_fast, count: 284695
CPU [0] UID 1002 comm: gen_fast, count: 284700
CPU [0] UID 1002 comm: gen_fast, count: 284802
CPU [0] UID 1002 comm: gen_fast, count: 284900
CPU [0] UID 1002 comm: gen_fast, count: 285052
CPU [0] UID 1002 comm: gen_fast, count: 285100
CPU [0] UID 1002 comm: gen_fast, count: 285215
CPU [0] UID 1002 comm: gen_fast, count: 285370
CPU [0] UID 1002 comm: gen_fast, count: 285400
CPU [0] UID 1002 comm: gen_fast, count: 285528
CPU [0] UID 1002 comm: gen_fast, count: 285600
CPU [0] UID 1002 comm: gen_fast, count: 285700
CPU [0] UID 1002 comm: gen_fast, count: 285827
CPU [0] UID 1002 comm: gen_fast, count: 285900
CPU [0] UID 1002 comm: gen_fast, count: 286047
CPU [0] UID 1002 comm: gen_fast, count: 286100
CPU [0] UID 1002 comm: gen_fast, count: 286207
CPU [0] UID 1002 comm: gen_fast, count: 286313
CPU [0] UID 1002 comm: gen_fast, count: 286500
CPU [0] UID 1002 comm: gen_fast, count: 286500
CPU [0] UID 1002 comm: gen_fast, count: 286620
CPU [0] UID 1002 comm: gen_fast, count: 286755
CPU [0] UID 1002 comm: gen_fast, count: 286800
CPU [0] UID 1002 comm: gen_fast, count: 286903
CPU [0] UID 1002 comm: gen_fast, count: 287000
CPU [0] UID 1002 comm: gen_fast, count: 287210
CPU [0] UID 1002 comm: gen_fast, count: 287210
CPU [0] UID 1002 comm: gen_fast, count: 287309
CPU [0] UID 1002 comm: gen_fast, count: 287443
CPU [0] UID 1002 comm: gen_fast, count: 287611
CPU [0] UID 1002 comm: gen_fast, count: 287611
CPU [0] UID 1002 comm: gen_fast, count: 287762
CPU [0] UID 1002 comm: gen_fast, count: 287800
CPU [0] UID 1002 comm: gen_fast, count: 287900
CPU [0] UID 1002 comm: gen_fast, count: 288000
CPU [0] UID 1002 comm: gen_fast, count: 288122
CPU [0] UID 1002 comm: gen_fast, count: 288260
CPU [0] UID 1002 comm: gen_fast, count: 288311
CPU [0] UID 1002 comm: gen_fast, count: 288400
CPU [0] UID 1002 comm: gen_fast, count: 288500
CPU [0] UID 1002 comm: gen_fast, count: 288655
CPU [0] UID 1002 comm: gen_fast, count: 288700
CPU [0] UID 1002 comm: gen_fast, count: 288865
CPU [0] UID 1002 comm: gen_fast, count: 288953
CPU [0] UID 1002 comm: gen_fast, count: 289000
CPU [0] UID 1002 comm: gen_fast, count: 289153
CPU [0] UID 1002 comm: gen_fast, count: 289200
CPU [0] UID 1002 comm: gen_fast, count: 289333
CPU [0] UID 1002 comm: gen_fast, count: 289401
CPU [0] UID 1002 comm: gen_fast, count: 289500
CPU [0] UID 1002 comm: gen_fast, count: 289600
CPU [0] UID 1002 comm: gen_fast, count: 289720
CPU [0] UID 1002 comm: gen_fast, count: 289837
CPU [0] UID 1002 comm: gen_fast, count: 289950
CPU [0] UID 1002 comm: gen_fast, count: 290076
CPU [0] UID 1002 comm: gen_fast, count: 290100
CPU [0] UID 1002 comm: gen_fast, count: 290200
CPU [0] UID 1002 comm: gen_fast, count: 290327
CPU [0] UID 1002 comm: gen_fast, count: 290482
CPU [0] UID 1002 comm: gen_fast, count: 290500
CPU [0] UID 1002 comm: gen_fast, count: 290600
CPU [0] UID 1002 comm: gen_fast, count: 290704
CPU [0] UID 1002 comm: gen_fast, count: 290825
CPU [0] UID 1002 comm: gen_fast, count: 290934
CPU [0] UID 1002 comm: gen_fast, count: 291055
CPU [0] UID 1002 comm: gen_fast, count: 291100
CPU [0] UID 1002 comm: gen_fast, count: 291230
CPU [0] UID 1002 comm: gen_fast, count: 291348
CPU [0] UID 1002 comm: gen_fast, count: 291400
CPU [0] UID 1002 comm: gen_fast, count: 291500
CPU [0] UID 1002 comm: gen_fast, count: 291607
CPU [0] UID 1002 comm: gen_fast, count: 291732
CPU [0] UID 1002 comm: gen_fast, count: 291818
CPU [0] UID 1002 comm: gen_fast, count: 291900
CPU [0] UID 1002 comm: gen_fast, count: 292029
CPU [0] UID 1002 comm: gen_fast, count: 292100
CPU [0] UID 1002 comm: gen_fast, count: 292200
CPU [0] UID 1002 comm: gen_fast, count: 292327
CPU [0] UID 1002 comm: gen_fast, count: 292449
CPU [0] UID 1002 comm: gen_fast, count: 292593
CPU [0] UID 1002 comm: gen_fast, count: 292600
CPU [0] UID 1002 comm: gen_fast, count: 292719
CPU [0] UID 1002 comm: gen_fast, count: 292800
CPU [0] UID 1002 comm: gen_fast, count: 292939
CPU [0] UID 1002 comm: gen_fast, count: 293051
CPU [0] UID 1002 comm: gen_fast, count: 293192
CPU [0] UID 1002 comm: gen_fast, count: 293200
CPU [0] UID 1002 comm: gen_fast, count: 293394
CPU [0] UID 1002 comm: gen_fast, count: 293400
CPU [0] UID 1002 comm: gen_fast, count: 293522
CPU [0] UID 1002 comm: gen_fast, count: 293662
CPU [0] UID 1002 comm: gen_fast, count: 293700
CPU [0] UID 1002 comm: gen_fast, count: 293800
CPU [0] UID 1002 comm: gen_fast, count: 293936
CPU [0] UID 1002 comm: gen_fast, count: 294072
CPU [0] UID 1002 comm: gen_fast, count: 294153
CPU [0] UID 1002 comm: gen_fast, count: 294241
CPU [0] UID 1002 comm: gen_fast, count: 294300
CPU [0] UID 1002 comm: gen_fast, count: 294400
CPU [0] UID 1002 comm: gen_fast, count: 294510
CPU [0] UID 1002 comm: gen_fast, count: 294642
CPU [0] UID 1002 comm: gen_fast, count: 294779
CPU [0] UID 1002 comm: gen_fast, count: 294800
CPU [0] UID 1002 comm: gen_fast, count: 294900
CPU [0] UID 1002 comm: gen_fast, count: 295077
CPU [0] UID 1002 comm: gen_fast, count: 295100
CPU [0] UID 1002 comm: gen_fast, count: 295200
CPU [0] UID 1002 comm: gen_fast, count: 295307
CPU [0] UID 1002 comm: gen_fast, count: 295475
CPU [0] UID 1002 comm: gen_fast, count: 295500
CPU [0] UID 1002 comm: gen_fast, count: 295628
CPU [0] UID 1002 comm: gen_fast, count: 295700
CPU [0] UID 1002 comm: gen_fast, count: 295800
CPU [0] UID 1002 comm: gen_fast, count: 295923
CPU [0] UID 1002 comm: gen_fast, count: 296004
CPU [0] UID 1002 comm: gen_fast, count: 296100
CPU [0] UID 1002 comm: gen_fast, count: 296236
CPU [0] UID 1002 comm: gen_fast, count: 296300
CPU [0] UID 1002 comm: gen_fast, count: 296400
CPU [0] UID 1002 comm: gen_fast, count: 296500
CPU [0] UID 1002 comm: gen_fast, count: 296639
CPU [0] UID 1002 comm: gen_fast, count: 296823
CPU [0] UID 1002 comm: gen_fast, count: 296823
CPU [0] UID 1002 comm: gen_fast, count: 296966
CPU [0] UID 1002 comm: gen_fast, count: 297000
CPU [0] UID 1002 comm: gen_fast, count: 297146
CPU [0] UID 1002 comm: gen_fast, count: 297200
CPU [0] UID 1002 comm: gen_fast, count: 297313
CPU [0] UID 1002 comm: gen_fast, count: 297437
CPU [0] UID 1002 comm: gen_fast, count: 297552
CPU [0] UID 1002 comm: gen_fast, count: 297600
CPU [0] UID 1002 comm: gen_fast, count: 297700
CPU [0] UID 1002 comm: gen_fast, count: 297814
CPU [0] UID 1002 comm: gen_fast, count: 297944
CPU [0] UID 1002 comm: gen_fast, count: 298000
CPU [0] UID 1002 comm: gen_fast, count: 298100
CPU [0] UID 1002 comm: gen_fast, count: 298209
CPU [0] UID 1002 comm: gen_fast, count: 298335
CPU [0] UID 1002 comm: gen_fast, count: 298469
CPU [0] UID 1002 comm: gen_fast, count: 298608
CPU [0] UID 1002 comm: gen_fast, count: 298608
CPU [0] UID 1002 comm: gen_fast, count: 298700
CPU [0] UID 1002 comm: gen_fast, count: 298829
CPU [0] UID 1002 comm: gen_fast, count: 298983
CPU [0] UID 1002 comm: gen_fast, count: 299000
CPU [0] UID 1002 comm: gen_fast, count: 299163
CPU [0] UID 1002 comm: gen_fast, count: 299200
CPU [0] UID 1002 comm: gen_fast, count: 299357
CPU [0] UID 1002 comm: gen_fast, count: 299400
CPU [0] UID 1002 comm: gen_fast, count: 299503
CPU [0] UID 1002 comm: gen_fast, count: 299636
CPU [0] UID 1002 comm: gen_fast, count: 299832
CPU [0] UID 1002 comm: gen_fast, count: 299832
CPU [0] UID 1002 comm: gen_fast, count: 299924
CPU [0] UID 1002 comm: gen_fast, count: 300000
CPU [0] UID 1002 comm: gen_fast, count: 300127
CPU [0] UID 1002 comm: gen_fast, count: 300200
CPU [0] UID 1002 comm: gen_fast, count: 300300
CPU [0] UID 1002 comm: gen_fast, count: 300472
CPU [0] UID 1002 comm: gen_fast, count: 300500
CPU [0] UID 1002 comm: gen_fast, count: 300600
CPU [0] UID 1002 comm: gen_fast, count: 300700
CPU [0] UID 1002 comm: gen_fast, count: 300811
CPU [0] UID 1002 comm: gen_fast, count: 300900
CPU [0] UID 1002 comm: gen_fast, count: 301020
CPU [0] UID 1002 comm: gen_fast, count: 301147
CPU [0] UID 1002 comm: gen_fast, count: 301262
CPU [0] UID 1002 comm: gen_fast, count: 301348
CPU [0] UID 1002 comm: gen_fast, count: 301467
CPU [0] UID 1002 comm: gen_fast, count: 301585
CPU [0] UID 1002 comm: gen_fast, count: 301600
CPU [0] UID 1002 comm: gen_fast, count: 301709
CPU [0] UID 1002 comm: gen_fast, count: 301829
CPU [0] UID 1002 comm: gen_fast, count: 301947
CPU [0] UID 1002 comm: gen_fast, count: 302010
CPU [0] UID 1002 comm: gen_fast, count: 302191
CPU [0] UID 1002 comm: gen_fast, count: 302200
CPU [0] UID 1002 comm: gen_fast, count: 302305
CPU [0] UID 1002 comm: gen_fast, count: 302467
CPU [0] UID 1002 comm: gen_fast, count: 302500
CPU [0] UID 1002 comm: gen_fast, count: 302616
CPU [0] UID 1002 comm: gen_fast, count: 302700
CPU [0] UID 1002 comm: gen_fast, count: 302914
CPU [0] UID 1002 comm: gen_fast, count: 302914
CPU [0] UID 1002 comm: gen_fast, count: 303057
CPU [0] UID 1002 comm: gen_fast, count: 303131
CPU [0] UID 1002 comm: gen_fast, count: 303200
CPU [0] UID 1002 comm: gen_fast, count: 303377
CPU [0] UID 1002 comm: gen_fast, count: 303400
CPU [0] UID 1002 comm: gen_fast, count: 303586
CPU [0] UID 1002 comm: gen_fast, count: 303600
CPU [0] UID 1002 comm: gen_fast, count: 303700
CPU [0] UID 1002 comm: gen_fast, count: 303945
CPU [0] UID 1002 comm: gen_fast, count: 303945
CPU [0] UID 1002 comm: gen_fast, count: 304000
CPU [0] UID 1002 comm: gen_fast, count: 304115
CPU [0] UID 1002 comm: gen_fast, count: 304292
CPU [0] UID 1002 comm: gen_fast, count: 304300
CPU [0] UID 1002 comm: gen_fast, count: 304445
CPU [0] UID 1002 comm: gen_fast, count: 304500
CPU [0] UID 1002 comm: gen_fast, count: 304660
CPU [0] UID 1002 comm: gen_fast, count: 304700
CPU [0] UID 1002 comm: gen_fast, count: 304929
CPU [0] UID 1002 comm: gen_fast, count: 304929
CPU [0] UID 1002 comm: gen_fast, count: 305000
CPU [0] UID 1002 comm: gen_fast, count: 305138
CPU [0] UID 1002 comm: gen_fast, count: 305200
CPU [0] UID 1002 comm: gen_fast, count: 305320
CPU [0] UID 1002 comm: gen_fast, count: 305400
CPU [0] UID 1002 comm: gen_fast, count: 305500
CPU [0] UID 1002 comm: gen_fast, count: 305664
CPU [0] UID 1002 comm: gen_fast, count: 305700
CPU [0] UID 1002 comm: gen_fast, count: 305880
CPU [0] UID 1002 comm: gen_fast, count: 305900
CPU [0] UID 1002 comm: gen_fast, count: 306000
CPU [0] UID 1002 comm: gen_fast, count: 306100
CPU [0] UID 1002 comm: gen_fast, count: 306224
CPU [0] UID 1002 comm: gen_fast, count: 306347
CPU [0] UID 1002 comm: gen_fast, count: 306442
CPU [0] UID 1002 comm: gen_fast, count: 306576
CPU [0] UID 1002 comm: gen_fast, count: 306600
CPU [0] UID 1002 comm: gen_fast, count: 306716
CPU [0] UID 1002 comm: gen_fast, count: 306826
CPU [0] UID 1002 comm: gen_fast, count: 306910
CPU [0] UID 1002 comm: gen_fast, count: 307024
CPU [0] UID 1002 comm: gen_fast, count: 307134
CPU [0] UID 1002 comm: gen_fast, count: 307250
CPU [0] UID 1002 comm: gen_fast, count: 307357
CPU [0] UID 1002 comm: gen_fast, count: 307489
CPU [0] UID 1002 comm: gen_fast, count: 307500
CPU [0] UID 1002 comm: gen_fast, count: 307606
CPU [0] UID 1002 comm: gen_fast, count: 307709
CPU [0] UID 1002 comm: gen_fast, count: 307829
CPU [0] UID 1002 comm: gen_fast, count: 307933
CPU [0] UID 1002 comm: gen_fast, count: 308074
CPU [0] UID 1002 comm: gen_fast, count: 308100
CPU [0] UID 1002 comm: gen_fast, count: 308220
CPU [0] UID 1002 comm: gen_fast, count: 308300
CPU [0] UID 1002 comm: gen_fast, count: 308402
CPU [0] UID 1002 comm: gen_fast, count: 308528
CPU [0] UID 1002 comm: gen_fast, count: 308645
CPU [0] UID 1002 comm: gen_fast, count: 308754
CPU [0] UID 1002 comm: gen_fast, count: 308890
CPU [0] UID 1002 comm: gen_fast, count: 308900
CPU [0] UID 1002 comm: gen_fast, count: 309000
CPU [0] UID 1002 comm: gen_fast, count: 309109
CPU [0] UID 1002 comm: gen_fast, count: 309200
CPU [0] UID 1002 comm: gen_fast, count: 309315
CPU [0] UID 1002 comm: gen_fast, count: 309425
CPU [0] UID 1002 comm: gen_fast, count: 309551
CPU [0] UID 1002 comm: gen_fast, count: 309600
CPU [0] UID 1002 comm: gen_fast, count: 309700
CPU [0] UID 1002 comm: gen_fast, count: 309845
CPU [0] UID 1002 comm: gen_fast, count: 309900
CPU [0] UID 1002 comm: gen_fast, count: 310000
CPU [0] UID 1002 comm: gen_fast, count: 310100
CPU [0] UID 1002 comm: gen_fast, count: 310227
CPU [0] UID 1002 comm: gen_fast, count: 310300
CPU [0] UID 1002 comm: gen_fast, count: 310400
CPU [0] UID 1002 comm: gen_fast, count: 310500
CPU [0] UID 1002 comm: gen_fast, count: 310642
CPU [0] UID 1002 comm: gen_fast, count: 310849
CPU [0] UID 1002 comm: gen_fast, count: 310849
CPU [0] UID 1002 comm: gen_fast, count: 310900
CPU [0] UID 1002 comm: gen_fast, count: 311061
CPU [0] UID 1002 comm: gen_fast, count: 311100
CPU [0] UID 1002 comm: gen_fast, count: 311261
CPU [0] UID 1002 comm: gen_fast, count: 311300
CPU [0] UID 1002 comm: gen_fast, count: 311462
CPU [0] UID 1002 comm: gen_fast, count: 311500
CPU [0] UID 1002 comm: gen_fast, count: 311674
CPU [0] UID 1002 comm: gen_fast, count: 311700
CPU [0] UID 1002 comm: gen_fast, count: 311809
CPU [0] UID 1002 comm: gen_fast, count: 311900
CPU [0] UID 1002 comm: gen_fast, count: 312000
CPU [0] UID 1002 comm: gen_fast, count: 312126
CPU [0] UID 1002 comm: gen_fast, count: 312217
CPU [0] UID 1002 comm: gen_fast, count: 312300
CPU [0] UID 1002 comm: gen_fast, count: 312439
CPU [0] UID 1002 comm: gen_fast, count: 312500
CPU [0] UID 1002 comm: gen_fast, count: 312600
CPU [0] UID 1002 comm: gen_fast, count: 312713
CPU [0] UID 1002 comm: gen_fast, count: 312856
CPU [0] UID 1002 comm: gen_fast, count: 312900
CPU [0] UID 1002 comm: gen_fast, count: 313000
CPU [0] UID 1002 comm: gen_fast, count: 313129
CPU [0] UID 1002 comm: gen_fast, count: 313200
CPU [0] UID 1002 comm: gen_fast, count: 313340
CPU [0] UID 1002 comm: gen_fast, count: 313403
CPU [0] UID 1002 comm: gen_fast, count: 313522
CPU [0] UID 1002 comm: gen_fast, count: 313605
CPU [0] UID 1002 comm: gen_fast, count: 313767
CPU [0] UID 1002 comm: gen_fast, count: 313800
CPU [0] UID 1002 comm: gen_fast, count: 313900
CPU [0] UID 1002 comm: gen_fast, count: 314019
CPU [0] UID 1002 comm: gen_fast, count: 314139
CPU [0] UID 1002 comm: gen_fast, count: 314218
CPU [0] UID 1002 comm: gen_fast, count: 314307
CPU [0] UID 1002 comm: gen_fast, count: 314400
CPU [0] UID 1002 comm: gen_fast, count: 314500
CPU [0] UID 1002 comm: gen_fast, count: 314642
CPU [0] UID 1002 comm: gen_fast, count: 314739
CPU [0] UID 1002 comm: gen_fast, count: 314894
CPU [0] UID 1002 comm: gen_fast, count: 314900
CPU [0] UID 1002 comm: gen_fast, count: 315001
CPU [0] UID 1002 comm: gen_fast, count: 315102
CPU [0] UID 1002 comm: gen_fast, count: 315200
CPU [0] UID 1002 comm: gen_fast, count: 315304
CPU [0] UID 1002 comm: gen_fast, count: 315420
CPU [0] UID 1002 comm: gen_fast, count: 315534
CPU [0] UID 1002 comm: gen_fast, count: 315600
CPU [0] UID 1002 comm: gen_fast, count: 315733
CPU [0] UID 1002 comm: gen_fast, count: 315822
CPU [0] UID 1002 comm: gen_fast, count: 315900
CPU [0] UID 1002 comm: gen_fast, count: 316029
CPU [0] UID 1002 comm: gen_fast, count: 316100
CPU [0] UID 1002 comm: gen_fast, count: 316200
CPU [0] UID 1002 comm: gen_fast, count: 316300
CPU [0] UID 1002 comm: gen_fast, count: 316446
CPU [0] UID 1002 comm: gen_fast, count: 316524
CPU [0] UID 1002 comm: gen_fast, count: 316600
CPU [0] UID 1002 comm: gen_fast, count: 316702
CPU [0] UID 1002 comm: gen_fast, count: 316800
CPU [0] UID 1002 comm: gen_fast, count: 316900
CPU [0] UID 1002 comm: gen_fast, count: 317000
CPU [0] UID 1002 comm: gen_fast, count: 317100
CPU [0] UID 1002 comm: gen_fast, count: 317200
CPU [0] UID 1002 comm: gen_fast, count: 317337
CPU [0] UID 1002 comm: gen_fast, count: 317432
CPU [0] UID 1002 comm: gen_fast, count: 317597
CPU [0] UID 1002 comm: gen_fast, count: 317600
CPU [0] UID 1002 comm: gen_fast, count: 317726
CPU [0] UID 1002 comm: gen_fast, count: 317815
CPU [0] UID 1002 comm: gen_fast, count: 317900
CPU [0] UID 1002 comm: gen_fast, count: 318000
CPU [0] UID 1002 comm: gen_fast, count: 318179
CPU [0] UID 1002 comm: gen_fast, count: 318200
CPU [0] UID 1002 comm: gen_fast, count: 318319
CPU [0] UID 1002 comm: gen_fast, count: 318461
CPU [0] UID 1002 comm: gen_fast, count: 318500
CPU [0] UID 1002 comm: gen_fast, count: 318630
CPU [0] UID 1002 comm: gen_fast, count: 318772
CPU [0] UID 1002 comm: gen_fast, count: 318800
CPU [0] UID 1002 comm: gen_fast, count: 318900
CPU [0] UID 1002 comm: gen_fast, count: 319070
CPU [0] UID 1002 comm: gen_fast, count: 319100
CPU [0] UID 1002 comm: gen_fast, count: 319220
CPU [0] UID 1002 comm: gen_fast, count: 319418
CPU [0] UID 1002 comm: gen_fast, count: 319418
CPU [0] UID 1002 comm: gen_fast, count: 319500
CPU [0] UID 1002 comm: gen_fast, count: 319650
CPU [0] UID 1002 comm: gen_fast, count: 319711
CPU [0] UID 1002 comm: gen_fast, count: 319824
CPU [0] UID 1002 comm: gen_fast, count: 319900
CPU [0] UID 1002 comm: gen_fast, count: 320000
CPU [0] UID 1002 comm: gen_fast, count: 320188
CPU [0] UID 1002 comm: gen_fast, count: 320200
CPU [0] UID 1002 comm: gen_fast, count: 320392
CPU [0] UID 1002 comm: gen_fast, count: 320400
CPU [0] UID 1002 comm: gen_fast, count: 320502
CPU [0] UID 1002 comm: gen_fast, count: 320600
CPU [0] UID 1002 comm: gen_fast, count: 320700
CPU [0] UID 1002 comm: gen_fast, count: 320843
CPU [0] UID 1002 comm: gen_fast, count: 321041
CPU [0] UID 1002 comm: gen_fast, count: 321041
CPU [0] UID 1002 comm: gen_fast, count: 321100
CPU [0] UID 1002 comm: gen_fast, count: 321257
CPU [0] UID 1002 comm: gen_fast, count: 321319
CPU [0] UID 1002 comm: gen_fast, count: 321406
CPU [0] UID 1002 comm: gen_fast, count: 321530
CPU [0] UID 1002 comm: gen_fast, count: 321606
CPU [0] UID 1002 comm: gen_fast, count: 321700
CPU [0] UID 1002 comm: gen_fast, count: 321803
CPU [0] UID 1002 comm: gen_fast, count: 321924
CPU [0] UID 1002 comm: gen_fast, count: 322007
CPU [0] UID 1002 comm: gen_fast, count: 322166
CPU [0] UID 1002 comm: gen_fast, count: 322340
CPU [0] UID 1002 comm: gen_fast, count: 322340
CPU [0] UID 1002 comm: gen_fast, count: 322485
CPU [0] UID 1002 comm: gen_fast, count: 322500
CPU [0] UID 1002 comm: gen_fast, count: 322603
CPU [0] UID 1002 comm: gen_fast, count: 322759
CPU [0] UID 1002 comm: gen_fast, count: 322800
CPU [0] UID 1002 comm: gen_fast, count: 322945
CPU [0] UID 1002 comm: gen_fast, count: 323002
CPU [0] UID 1002 comm: gen_fast, count: 323100
CPU [0] UID 1002 comm: gen_fast, count: 323226
CPU [0] UID 1002 comm: gen_fast, count: 323350
CPU [0] UID 1002 comm: gen_fast, count: 323404
CPU [0] UID 1002 comm: gen_fast, count: 323500
CPU [0] UID 1002 comm: gen_fast, count: 323627
CPU [0] UID 1002 comm: gen_fast, count: 323731
CPU [0] UID 1002 comm: gen_fast, count: 323800
CPU [0] UID 1002 comm: gen_fast, count: 323910
CPU [0] UID 1002 comm: gen_fast, count: 324001
CPU [0] UID 1002 comm: gen_fast, count: 324121
CPU [0] UID 1002 comm: gen_fast, count: 324243
CPU [0] UID 1002 comm: gen_fast, count: 324300
CPU [0] UID 1002 comm: gen_fast, count: 324404
CPU [0] UID 1002 comm: gen_fast, count: 324568
CPU [0] UID 1002 comm: gen_fast, count: 324600
CPU [0] UID 1002 comm: gen_fast, count: 324746
CPU [0] UID 1002 comm: gen_fast, count: 324831
CPU [0] UID 1002 comm: gen_fast, count: 325049
CPU [0] UID 1002 comm: gen_fast, count: 325049
CPU [0] UID 1002 comm: gen_fast, count: 325100
CPU [0] UID 1002 comm: gen_fast, count: 325221
CPU [0] UID 1002 comm: gen_fast, count: 325300
CPU [0] UID 1002 comm: gen_fast, count: 325400
CPU [0] UID 1002 comm: gen_fast, count: 325563
CPU [0] UID 1002 comm: gen_fast, count: 325600
CPU [0] UID 1002 comm: gen_fast, count: 325749
CPU [0] UID 1002 comm: gen_fast, count: 325800
CPU [0] UID 1002 comm: gen_fast, count: 325947
CPU [0] UID 1002 comm: gen_fast, count: 326043
CPU [0] UID 1002 comm: gen_fast, count: 326100
CPU [0] UID 1002 comm: gen_fast, count: 326202
CPU [0] UID 1002 comm: gen_fast, count: 326350
CPU [0] UID 1002 comm: gen_fast, count: 326410
CPU [0] UID 1002 comm: gen_fast, count: 326524
CPU [0] UID 1002 comm: gen_fast, count: 326682
CPU [0] UID 1002 comm: gen_fast, count: 326700
CPU [0] UID 1002 comm: gen_fast, count: 326888
CPU [0] UID 1002 comm: gen_fast, count: 326900
CPU [0] UID 1002 comm: gen_fast, count: 327066
CPU [0] UID 1002 comm: gen_fast, count: 327100
CPU [0] UID 1002 comm: gen_fast, count: 327200
CPU [0] UID 1002 comm: gen_fast, count: 327300
CPU [0] UID 1002 comm: gen_fast, count: 327411
CPU [0] UID 1002 comm: gen_fast, count: 327500
CPU [0] UID 1002 comm: gen_fast, count: 327600
CPU [0] UID 1002 comm: gen_fast, count: 327770
CPU [0] UID 1002 comm: gen_fast, count: 327800
CPU [0] UID 1002 comm: gen_fast, count: 327966
CPU [0] UID 1002 comm: gen_fast, count: 328000
CPU [0] UID 1002 comm: gen_fast, count: 328153
CPU [0] UID 1002 comm: gen_fast, count: 328200
CPU [0] UID 1002 comm: gen_fast, count: 328405
CPU [0] UID 1002 comm: gen_fast, count: 328405
CPU [0] UID 1002 comm: gen_fast, count: 328500
CPU [0] UID 1002 comm: gen_fast, count: 328659
CPU [0] UID 1002 comm: gen_fast, count: 328700
CPU [0] UID 1002 comm: gen_fast, count: 328854
CPU [0] UID 1002 comm: gen_fast, count: 328900
CPU [0] UID 1002 comm: gen_fast, count: 329059
CPU [0] UID 1002 comm: gen_fast, count: 329100
CPU [0] UID 1002 comm: gen_fast, count: 329214
CPU [0] UID 1002 comm: gen_fast, count: 329403
CPU [0] UID 1002 comm: gen_fast, count: 329403
CPU [0] UID 1002 comm: gen_fast, count: 329520
CPU [0] UID 1002 comm: gen_fast, count: 329600
CPU [0] UID 1002 comm: gen_fast, count: 329798
CPU [0] UID 1002 comm: gen_fast, count: 329800
CPU [0] UID 1002 comm: gen_fast, count: 329976
CPU [0] UID 1002 comm: gen_fast, count: 330000
CPU [0] UID 1002 comm: gen_fast, count: 330102
CPU [0] UID 1002 comm: gen_fast, count: 330200
CPU [0] UID 1002 comm: gen_fast, count: 330300
CPU [0] UID 1002 comm: gen_fast, count: 330422
CPU [0] UID 1002 comm: gen_fast, count: 330630
CPU [0] UID 1002 comm: gen_fast, count: 330630
CPU [0] UID 1002 comm: gen_fast, count: 330835
CPU [0] UID 1002 comm: gen_fast, count: 330835
CPU [0] UID 1002 comm: gen_fast, count: 330900
CPU [0] UID 1002 comm: gen_fast, count: 331044
CPU [0] UID 1002 comm: gen_fast, count: 331235
CPU [0] UID 1002 comm: gen_fast, count: 331235
CPU [0] UID 1002 comm: gen_fast, count: 331300
CPU [0] UID 1002 comm: gen_fast, count: 331400
CPU [0] UID 1002 comm: gen_fast, count: 331505
CPU [0] UID 1002 comm: gen_fast, count: 331618
CPU [0] UID 1002 comm: gen_fast, count: 331789
CPU [0] UID 1002 comm: gen_fast, count: 331800
CPU [0] UID 1002 comm: gen_fast, count: 331911
CPU [0] UID 1002 comm: gen_fast, count: 332000
CPU [0] UID 1002 comm: gen_fast, count: 332100
CPU [0] UID 1002 comm: gen_fast, count: 332200
CPU [0] UID 1002 comm: gen_fast, count: 332362
CPU [0] UID 1002 comm: gen_fast, count: 332491
CPU [0] UID 1002 comm: gen_fast, count: 332500
CPU [0] UID 1002 comm: gen_fast, count: 332632
CPU [0] UID 1002 comm: gen_fast, count: 332700
CPU [0] UID 1002 comm: gen_fast, count: 332800
CPU [0] UID 1002 comm: gen_fast, count: 332997
CPU [0] UID 1002 comm: gen_fast, count: 333000
CPU [0] UID 1002 comm: gen_fast, count: 333104
CPU [0] UID 1002 comm: gen_fast, count: 333231
CPU [0] UID 1002 comm: gen_fast, count: 333300
CPU [0] UID 1002 comm: gen_fast, count: 333450
CPU [0] UID 1002 comm: gen_fast, count: 333500
CPU [0] UID 1002 comm: gen_fast, count: 333628
CPU [0] UID 1002 comm: gen_fast, count: 333700
CPU [0] UID 1002 comm: gen_fast, count: 333835
CPU [0] UID 1002 comm: gen_fast, count: 333997
CPU [0] UID 1002 comm: gen_fast, count: 334000
CPU [0] UID 1002 comm: gen_fast, count: 334158
CPU [0] UID 1002 comm: gen_fast, count: 334200
CPU [0] UID 1002 comm: gen_fast, count: 334343
CPU [0] UID 1002 comm: gen_fast, count: 334400
CPU [0] UID 1002 comm: gen_fast, count: 334529
CPU [0] UID 1002 comm: gen_fast, count: 334600
CPU [0] UID 1002 comm: gen_fast, count: 334716
CPU [0] UID 1002 comm: gen_fast, count: 334880
CPU [0] UID 1002 comm: gen_fast, count: 334900
CPU [0] UID 1002 comm: gen_fast, count: 335032
CPU [0] UID 1002 comm: gen_fast, count: 335236
CPU [0] UID 1002 comm: gen_fast, count: 335236
CPU [0] UID 1002 comm: gen_fast, count: 335300
CPU [0] UID 1002 comm: gen_fast, count: 335421
CPU [0] UID 1002 comm: gen_fast, count: 335500
CPU [0] UID 1002 comm: gen_fast, count: 335600
CPU [0] UID 1002 comm: gen_fast, count: 335727
CPU [0] UID 1002 comm: gen_fast, count: 335938
CPU [0] UID 1002 comm: gen_fast, count: 335938
CPU [0] UID 1002 comm: gen_fast, count: 336142
CPU [0] UID 1002 comm: gen_fast, count: 336142
CPU [0] UID 1002 comm: gen_fast, count: 336200
CPU [0] UID 1002 comm: gen_fast, count: 336404
CPU [0] UID 1002 comm: gen_fast, count: 336404
CPU [0] UID 1002 comm: gen_fast, count: 336508
CPU [0] UID 1002 comm: gen_fast, count: 336600
CPU [0] UID 1002 comm: gen_fast, count: 336715
CPU [0] UID 1002 comm: gen_fast, count: 336827
CPU [0] UID 1002 comm: gen_fast, count: 336900
CPU [0] UID 1002 comm: gen_fast, count: 337000
CPU [0] UID 1002 comm: gen_fast, count: 337103
CPU [0] UID 1002 comm: gen_fast, count: 337248
CPU [0] UID 1002 comm: gen_fast, count: 337300
CPU [0] UID 1002 comm: gen_fast, count: 337445
CPU [0] UID 1002 comm: gen_fast, count: 337500
CPU [0] UID 1002 comm: gen_fast, count: 337602
CPU [0] UID 1002 comm: gen_fast, count: 337702
CPU [0] UID 1002 comm: gen_fast, count: 337829
CPU [0] UID 1002 comm: gen_fast, count: 337985
CPU [0] UID 1002 comm: gen_fast, count: 338000
CPU [0] UID 1002 comm: gen_fast, count: 338133
CPU [0] UID 1002 comm: gen_fast, count: 338200
CPU [0] UID 1002 comm: gen_fast, count: 338313
CPU [0] UID 1002 comm: gen_fast, count: 338494
CPU [0] UID 1002 comm: gen_fast, count: 338500
CPU [0] UID 1002 comm: gen_fast, count: 338643
CPU [0] UID 1002 comm: gen_fast, count: 338700
CPU [0] UID 1002 comm: gen_fast, count: 338861
CPU [0] UID 1002 comm: gen_fast, count: 338900
CPU [0] UID 1002 comm: gen_fast, count: 339018
CPU [0] UID 1002 comm: gen_fast, count: 339121
CPU [0] UID 1002 comm: gen_fast, count: 339250
CPU [0] UID 1002 comm: gen_fast, count: 339365
CPU [0] UID 1002 comm: gen_fast, count: 339431
CPU [0] UID 1002 comm: gen_fast, count: 339500
CPU [0] UID 1002 comm: gen_fast, count: 339600
CPU [0] UID 1002 comm: gen_fast, count: 339707
CPU [0] UID 1002 comm: gen_fast, count: 339822
CPU [0] UID 1002 comm: gen_fast, count: 339970
CPU [0] UID 1002 comm: gen_fast, count: 340004
CPU [0] UID 1002 comm: gen_fast, count: 340100
CPU [0] UID 1002 comm: gen_fast, count: 340206
CPU [0] UID 1002 comm: gen_fast, count: 340349
CPU [0] UID 1002 comm: gen_fast, count: 340428
CPU [0] UID 1002 comm: gen_fast, count: 340500
CPU [0] UID 1002 comm: gen_fast, count: 340622
CPU [0] UID 1002 comm: gen_fast, count: 340722
CPU [0] UID 1002 comm: gen_fast, count: 340847
CPU [0] UID 1002 comm: gen_fast, count: 340970
CPU [0] UID 1002 comm: gen_fast, count: 341000
CPU [0] UID 1002 comm: gen_fast, count: 341100
CPU [0] UID 1002 comm: gen_fast, count: 341205
CPU [0] UID 1002 comm: gen_fast, count: 341321
CPU [0] UID 1002 comm: gen_fast, count: 341490
CPU [0] UID 1002 comm: gen_fast, count: 341500
CPU [0] UID 1002 comm: gen_fast, count: 341627
CPU [0] UID 1002 comm: gen_fast, count: 341700
CPU [0] UID 1002 comm: gen_fast, count: 341849
CPU [0] UID 1002 comm: gen_fast, count: 341980
CPU [0] UID 1002 comm: gen_fast, count: 342038
CPU [0] UID 1002 comm: gen_fast, count: 342100
CPU [0] UID 1002 comm: gen_fast, count: 342206
CPU [0] UID 1002 comm: gen_fast, count: 342322
CPU [0] UID 1002 comm: gen_fast, count: 342447
CPU [0] UID 1002 comm: gen_fast, count: 342530
CPU [0] UID 1002 comm: gen_fast, count: 342654
CPU [0] UID 1002 comm: gen_fast, count: 342700
CPU [0] UID 1002 comm: gen_fast, count: 342800
CPU [0] UID 1002 comm: gen_fast, count: 342952
CPU [0] UID 1002 comm: gen_fast, count: 343000
CPU [0] UID 1002 comm: gen_fast, count: 343114
CPU [0] UID 1002 comm: gen_fast, count: 343213
CPU [0] UID 1002 comm: gen_fast, count: 343360
CPU [0] UID 1002 comm: gen_fast, count: 343400
CPU [0] UID 1002 comm: gen_fast, count: 343500
CPU [0] UID 1002 comm: gen_fast, count: 343627
CPU [0] UID 1002 comm: gen_fast, count: 343732
CPU [0] UID 1002 comm: gen_fast, count: 343800
CPU [0] UID 1002 comm: gen_fast, count: 343911
CPU [0] UID 1002 comm: gen_fast, count: 344079
CPU [0] UID 1002 comm: gen_fast, count: 344100
CPU [0] UID 1002 comm: gen_fast, count: 344240
CPU [0] UID 1002 comm: gen_fast, count: 344300
CPU [0] UID 1002 comm: gen_fast, count: 344400
CPU [0] UID 1002 comm: gen_fast, count: 344578
CPU [0] UID 1002 comm: gen_fast, count: 344600
CPU [0] UID 1002 comm: gen_fast, count: 344737
CPU [0] UID 1002 comm: gen_fast, count: 344823
CPU [0] UID 1002 comm: gen_fast, count: 344900
CPU [0] UID 1002 comm: gen_fast, count: 345000
CPU [0] UID 1002 comm: gen_fast, count: 345186
CPU [0] UID 1002 comm: gen_fast, count: 345200
CPU [0] UID 1002 comm: gen_fast, count: 345300
CPU [0] UID 1002 comm: gen_fast, count: 345410
CPU [0] UID 1002 comm: gen_fast, count: 345508
CPU [0] UID 1002 comm: gen_fast, count: 345705
CPU [0] UID 1002 comm: gen_fast, count: 345705
CPU [0] UID 1002 comm: gen_fast, count: 345826
CPU [0] UID 1002 comm: gen_fast, count: 345917
CPU [0] UID 1002 comm: gen_fast, count: 346004
CPU [0] UID 1002 comm: gen_fast, count: 346100
CPU [0] UID 1002 comm: gen_fast, count: 346200
CPU [0] UID 1002 comm: gen_fast, count: 346300
CPU [0] UID 1002 comm: gen_fast, count: 346432
CPU [0] UID 1002 comm: gen_fast, count: 346655
CPU [0] UID 1002 comm: gen_fast, count: 346655
CPU [0] UID 1002 comm: gen_fast, count: 346732
CPU [0] UID 1002 comm: gen_fast, count: 346804
CPU [0] UID 1002 comm: gen_fast, count: 346945
CPU [0] UID 1002 comm: gen_fast, count: 347014
CPU [0] UID 1002 comm: gen_fast, count: 347115
CPU [0] UID 1002 comm: gen_fast, count: 347306
CPU [0] UID 1002 comm: gen_fast, count: 347306
CPU [0] UID 1002 comm: gen_fast, count: 347491
CPU [0] UID 1002 comm: gen_fast, count: 347500
CPU [0] UID 1002 comm: gen_fast, count: 347610
CPU [0] UID 1002 comm: gen_fast, count: 347828
CPU [0] UID 1002 comm: gen_fast, count: 347828
CPU [0] UID 1002 comm: gen_fast, count: 347900
CPU [0] UID 1002 comm: gen_fast, count: 348000
CPU [0] UID 1002 comm: gen_fast, count: 348120
CPU [0] UID 1002 comm: gen_fast, count: 348200
CPU [0] UID 1002 comm: gen_fast, count: 348334
CPU [0] UID 1002 comm: gen_fast, count: 348410
CPU [0] UID 1002 comm: gen_fast, count: 348500
CPU [0] UID 1002 comm: gen_fast, count: 348613
CPU [0] UID 1002 comm: gen_fast, count: 348700
CPU [0] UID 1002 comm: gen_fast, count: 348806
CPU [0] UID 1002 comm: gen_fast, count: 348949
CPU [0] UID 1002 comm: gen_fast, count: 349098
CPU [0] UID 1002 comm: gen_fast, count: 349100
CPU [0] UID 1002 comm: gen_fast, count: 349200
CPU [0] UID 1002 comm: gen_fast, count: 349313
CPU [0] UID 1002 comm: gen_fast, count: 349441
CPU [0] UID 1002 comm: gen_fast, count: 349577
CPU [0] UID 1002 comm: gen_fast, count: 349600
CPU [0] UID 1002 comm: gen_fast, count: 349700
CPU [0] UID 1002 comm: gen_fast, count: 349878
CPU [0] UID 1002 comm: gen_fast, count: 349900
CPU [0] UID 1002 comm: gen_fast, count: 350041
CPU [0] UID 1002 comm: gen_fast, count: 350100
CPU [0] UID 1002 comm: gen_fast, count: 350212
CPU [0] UID 1002 comm: gen_fast, count: 350349
CPU [0] UID 1002 comm: gen_fast, count: 350438
CPU [0] UID 1002 comm: gen_fast, count: 350526
CPU [0] UID 1002 comm: gen_fast, count: 350615
CPU [0] UID 1002 comm: gen_fast, count: 350704
CPU [0] UID 1002 comm: gen_fast, count: 350875
CPU [0] UID 1002 comm: gen_fast, count: 350900
CPU [0] UID 1002 comm: gen_fast, count: 351000
CPU [0] UID 1002 comm: gen_fast, count: 351111
CPU [0] UID 1002 comm: gen_fast, count: 351311
CPU [0] UID 1002 comm: gen_fast, count: 351311
CPU [0] UID 1002 comm: gen_fast, count: 351479
CPU [0] UID 1002 comm: gen_fast, count: 351500
CPU [0] UID 1002 comm: gen_fast, count: 351639
CPU [0] UID 1002 comm: gen_fast, count: 351700
CPU [0] UID 1002 comm: gen_fast, count: 351801
CPU [0] UID 1002 comm: gen_fast, count: 351977
CPU [0] UID 1002 comm: gen_fast, count: 352000
CPU [0] UID 1002 comm: gen_fast, count: 352145
CPU [0] UID 1002 comm: gen_fast, count: 352202
CPU [0] UID 1002 comm: gen_fast, count: 352361
CPU [0] UID 1002 comm: gen_fast, count: 352400
CPU [0] UID 1002 comm: gen_fast, count: 352513
CPU [0] UID 1002 comm: gen_fast, count: 352675
CPU [0] UID 1002 comm: gen_fast, count: 352700
CPU [0] UID 1002 comm: gen_fast, count: 352819
CPU [0] UID 1002 comm: gen_fast, count: 352900
CPU [0] UID 1002 comm: gen_fast, count: 353018
CPU [0] UID 1002 comm: gen_fast, count: 353192
CPU [0] UID 1002 comm: gen_fast, count: 353200
CPU [0] UID 1002 comm: gen_fast, count: 353358
CPU [0] UID 1002 comm: gen_fast, count: 353400
CPU [0] UID 1002 comm: gen_fast, count: 353500
CPU [0] UID 1002 comm: gen_fast, count: 353611
CPU [0] UID 1002 comm: gen_fast, count: 353732
CPU [0] UID 1002 comm: gen_fast, count: 353844
CPU [0] UID 1002 comm: gen_fast, count: 353961
CPU [0] UID 1002 comm: gen_fast, count: 354089
CPU [0] UID 1002 comm: gen_fast, count: 354100
CPU [0] UID 1002 comm: gen_fast, count: 354200
CPU [0] UID 1002 comm: gen_fast, count: 354316
CPU [0] UID 1002 comm: gen_fast, count: 354431
CPU [0] UID 1002 comm: gen_fast, count: 354615
CPU [0] UID 1002 comm: gen_fast, count: 354615
CPU [0] UID 1002 comm: gen_fast, count: 354700
CPU [0] UID 1002 comm: gen_fast, count: 354800
CPU [0] UID 1002 comm: gen_fast, count: 354948
CPU [0] UID 1002 comm: gen_fast, count: 355157
CPU [0] UID 1002 comm: gen_fast, count: 355157
CPU [0] UID 1002 comm: gen_fast, count: 355200
CPU [0] UID 1002 comm: gen_fast, count: 355337
CPU [0] UID 1002 comm: gen_fast, count: 355554
CPU [0] UID 1002 comm: gen_fast, count: 355554
CPU [0] UID 1002 comm: gen_fast, count: 355600
CPU [0] UID 1002 comm: gen_fast, count: 355755
CPU [0] UID 1002 comm: gen_fast, count: 355800
CPU [0] UID 1002 comm: gen_fast, count: 355900
CPU [0] UID 1002 comm: gen_fast, count: 356098
CPU [0] UID 1002 comm: gen_fast, count: 356100
CPU [0] UID 1002 comm: gen_fast, count: 356239
CPU [0] UID 1002 comm: gen_fast, count: 356300
CPU [0] UID 1002 comm: gen_fast, count: 356428
CPU [0] UID 1002 comm: gen_fast, count: 356500
CPU [0] UID 1002 comm: gen_fast, count: 356600
CPU [0] UID 1002 comm: gen_fast, count: 356748
CPU [0] UID 1002 comm: gen_fast, count: 356800
CPU [0] UID 1002 comm: gen_fast, count: 356900
CPU [0] UID 1002 comm: gen_fast, count: 357023
CPU [0] UID 1002 comm: gen_fast, count: 357201
CPU [0] UID 1002 comm: gen_fast, count: 357201
CPU [0] UID 1002 comm: gen_fast, count: 357300
CPU [0] UID 1002 comm: gen_fast, count: 357423
CPU [0] UID 1002 comm: gen_fast, count: 357583
CPU [0] UID 1002 comm: gen_fast, count: 357600
CPU [0] UID 1002 comm: gen_fast, count: 357766
CPU [0] UID 1002 comm: gen_fast, count: 357800
CPU [0] UID 1002 comm: gen_fast, count: 357919
CPU [0] UID 1002 comm: gen_fast, count: 358000
CPU [0] UID 1002 comm: gen_fast, count: 358106
CPU [0] UID 1002 comm: gen_fast, count: 358212
CPU [0] UID 1002 comm: gen_fast, count: 358340
CPU [0] UID 1002 comm: gen_fast, count: 358400
CPU [0] UID 1002 comm: gen_fast, count: 358501
CPU [0] UID 1002 comm: gen_fast, count: 358608
CPU [0] UID 1002 comm: gen_fast, count: 358700
CPU [0] UID 1002 comm: gen_fast, count: 358861
CPU [0] UID 1002 comm: gen_fast, count: 358900
CPU [0] UID 1002 comm: gen_fast, count: 359057
CPU [0] UID 1002 comm: gen_fast, count: 359172
CPU [0] UID 1002 comm: gen_fast, count: 359200
CPU [0] UID 1002 comm: gen_fast, count: 359303
CPU [0] UID 1002 comm: gen_fast, count: 359416
CPU [0] UID 1002 comm: gen_fast, count: 359563
CPU [0] UID 1002 comm: gen_fast, count: 359600
CPU [0] UID 1002 comm: gen_fast, count: 359709
CPU [0] UID 1002 comm: gen_fast, count: 359888
CPU [0] UID 1002 comm: gen_fast, count: 359900
CPU [0] UID 1002 comm: gen_fast, count: 360102
CPU [0] UID 1002 comm: gen_fast, count: 360102
CPU [0] UID 1002 comm: gen_fast, count: 360210
CPU [0] UID 1002 comm: gen_fast, count: 360300
CPU [0] UID 1002 comm: gen_fast, count: 360458
CPU [0] UID 1002 comm: gen_fast, count: 360543
CPU [0] UID 1002 comm: gen_fast, count: 360744
CPU [0] UID 1002 comm: gen_fast, count: 360744
CPU [0] UID 1002 comm: gen_fast, count: 360869
CPU [0] UID 1002 comm: gen_fast, count: 360900
CPU [0] UID 1002 comm: gen_fast, count: 361000
CPU [0] UID 1002 comm: gen_fast, count: 361119
CPU [0] UID 1002 comm: gen_fast, count: 361201
CPU [0] UID 1002 comm: gen_fast, count: 361300
CPU [0] UID 1002 comm: gen_fast, count: 361427
CPU [0] UID 1002 comm: gen_fast, count: 361536
CPU [0] UID 1002 comm: gen_fast, count: 361602
CPU [0] UID 1002 comm: gen_fast, count: 361731
CPU [0] UID 1002 comm: gen_fast, count: 361800
CPU [0] UID 1002 comm: gen_fast, count: 361915
CPU [0] UID 1002 comm: gen_fast, count: 362046
CPU [0] UID 1002 comm: gen_fast, count: 362148
CPU [0] UID 1002 comm: gen_fast, count: 362200
CPU [0] UID 1002 comm: gen_fast, count: 362300
CPU [0] UID 1002 comm: gen_fast, count: 362438
CPU [0] UID 1002 comm: gen_fast, count: 362505
CPU [0] UID 1002 comm: gen_fast, count: 362657
CPU [0] UID 1002 comm: gen_fast, count: 362700
CPU [0] UID 1002 comm: gen_fast, count: 362800
CPU [0] UID 1002 comm: gen_fast, count: 362935
CPU [0] UID 1002 comm: gen_fast, count: 363141
CPU [0] UID 1002 comm: gen_fast, count: 363141
CPU [0] UID 1002 comm: gen_fast, count: 363200
CPU [0] UID 1002 comm: gen_fast, count: 363386
CPU [0] UID 1002 comm: gen_fast, count: 363400
CPU [0] UID 1002 comm: gen_fast, count: 363500
CPU [0] UID 1002 comm: gen_fast, count: 363600
CPU [0] UID 1002 comm: gen_fast, count: 363745
CPU [0] UID 1002 comm: gen_fast, count: 363800
CPU [0] UID 1002 comm: gen_fast, count: 363900
CPU [0] UID 1002 comm: gen_fast, count: 364002
CPU [0] UID 1002 comm: gen_fast, count: 364123
CPU [0] UID 1002 comm: gen_fast, count: 364246
CPU [0] UID 1002 comm: gen_fast, count: 364377
CPU [0] UID 1002 comm: gen_fast, count: 364400
CPU [0] UID 1002 comm: gen_fast, count: 364522
CPU [0] UID 1002 comm: gen_fast, count: 364647
CPU [0] UID 1002 comm: gen_fast, count: 364779
CPU [0] UID 1002 comm: gen_fast, count: 364800
CPU [0] UID 1002 comm: gen_fast, count: 364900
CPU [0] UID 1002 comm: gen_fast, count: 365035
CPU [0] UID 1002 comm: gen_fast, count: 365156
CPU [0] UID 1002 comm: gen_fast, count: 365295
CPU [0] UID 1002 comm: gen_fast, count: 365300
CPU [0] UID 1002 comm: gen_fast, count: 365400
CPU [0] UID 1002 comm: gen_fast, count: 365538
CPU [0] UID 1002 comm: gen_fast, count: 365677
CPU [0] UID 1002 comm: gen_fast, count: 365700
CPU [0] UID 1002 comm: gen_fast, count: 365879
CPU [0] UID 1002 comm: gen_fast, count: 365900
CPU [0] UID 1002 comm: gen_fast, count: 366013
CPU [0] UID 1002 comm: gen_fast, count: 366124
CPU [0] UID 1002 comm: gen_fast, count: 366206
CPU [0] UID 1002 comm: gen_fast, count: 366300
CPU [0] UID 1002 comm: gen_fast, count: 366435
CPU [0] UID 1002 comm: gen_fast, count: 366644
CPU [0] UID 1002 comm: gen_fast, count: 366644
CPU [0] UID 1002 comm: gen_fast, count: 366834
CPU [0] UID 1002 comm: gen_fast, count: 366834
CPU [0] UID 1002 comm: gen_fast, count: 366900
CPU [0] UID 1002 comm: gen_fast, count: 367000
CPU [0] UID 1002 comm: gen_fast, count: 367107
CPU [0] UID 1002 comm: gen_fast, count: 367202
CPU [0] UID 1002 comm: gen_fast, count: 367345
CPU [0] UID 1002 comm: gen_fast, count: 367400
CPU [0] UID 1002 comm: gen_fast, count: 367508
CPU [0] UID 1002 comm: gen_fast, count: 367655
CPU [0] UID 1002 comm: gen_fast, count: 367700
CPU [0] UID 1002 comm: gen_fast, count: 367853
CPU [0] UID 1002 comm: gen_fast, count: 368041
CPU [0] UID 1002 comm: gen_fast, count: 368041
CPU [0] UID 1002 comm: gen_fast, count: 368100
CPU [0] UID 1002 comm: gen_fast, count: 368200
CPU [0] UID 1002 comm: gen_fast, count: 368382
CPU [0] UID 1002 comm: gen_fast, count: 368400
CPU [0] UID 1002 comm: gen_fast, count: 368627
CPU [0] UID 1002 comm: gen_fast, count: 368627
CPU [0] UID 1002 comm: gen_fast, count: 368797
CPU [0] UID 1002 comm: gen_fast, count: 368800
CPU [0] UID 1002 comm: gen_fast, count: 368950
CPU [0] UID 1002 comm: gen_fast, count: 369000
CPU [0] UID 1002 comm: gen_fast, count: 369115
CPU [0] UID 1002 comm: gen_fast, count: 369200
CPU [0] UID 1002 comm: gen_fast, count: 369333
CPU [0] UID 1002 comm: gen_fast, count: 369490
CPU [0] UID 1002 comm: gen_fast, count: 369500
CPU [0] UID 1002 comm: gen_fast, count: 369635
CPU [0] UID 1002 comm: gen_fast, count: 369772
CPU [0] UID 1002 comm: gen_fast, count: 369800
CPU [0] UID 1002 comm: gen_fast, count: 369953
CPU [0] UID 1002 comm: gen_fast, count: 370090
CPU [0] UID 1002 comm: gen_fast, count: 370100
CPU [0] UID 1002 comm: gen_fast, count: 370218
CPU [0] UID 1002 comm: gen_fast, count: 370366
CPU [0] UID 1002 comm: gen_fast, count: 370543
CPU [0] UID 1002 comm: gen_fast, count: 370543
CPU [0] UID 1002 comm: gen_fast, count: 370600
CPU [0] UID 1002 comm: gen_fast, count: 370730
CPU [0] UID 1002 comm: gen_fast, count: 370800
CPU [0] UID 1002 comm: gen_fast, count: 370900
CPU [0] UID 1002 comm: gen_fast, count: 371062
CPU [0] UID 1002 comm: gen_fast, count: 371100
CPU [0] UID 1002 comm: gen_fast, count: 371260
CPU [0] UID 1002 comm: gen_fast, count: 371300
CPU [0] UID 1002 comm: gen_fast, count: 371431
CPU [0] UID 1002 comm: gen_fast, count: 371602
CPU [0] UID 1002 comm: gen_fast, count: 371602
CPU [0] UID 1002 comm: gen_fast, count: 371739
CPU [0] UID 1002 comm: gen_fast, count: 371906
CPU [0] UID 1002 comm: gen_fast, count: 371906
CPU [0] UID 1002 comm: gen_fast, count: 372020
CPU [0] UID 1002 comm: gen_fast, count: 372196
CPU [0] UID 1002 comm: gen_fast, count: 372200
CPU [0] UID 1002 comm: gen_fast, count: 372393
CPU [0] UID 1002 comm: gen_fast, count: 372400
CPU [0] UID 1002 comm: gen_fast, count: 372587
CPU [0] UID 1002 comm: gen_fast, count: 372600
CPU [0] UID 1002 comm: gen_fast, count: 372739
CPU [0] UID 1002 comm: gen_fast, count: 372936
CPU [0] UID 1002 comm: gen_fast, count: 372936
CPU [0] UID 1002 comm: gen_fast, count: 373053
CPU [0] UID 1002 comm: gen_fast, count: 373112
CPU [0] UID 1002 comm: gen_fast, count: 373200
CPU [0] UID 1002 comm: gen_fast, count: 373332
CPU [0] UID 1002 comm: gen_fast, count: 373400
CPU [0] UID 1002 comm: gen_fast, count: 373507
CPU [0] UID 1002 comm: gen_fast, count: 373609
CPU [0] UID 1002 comm: gen_fast, count: 373761
CPU [0] UID 1002 comm: gen_fast, count: 373800
CPU [0] UID 1002 comm: gen_fast, count: 373907
CPU [0] UID 1002 comm: gen_fast, count: 374052
CPU [0] UID 1002 comm: gen_fast, count: 374105
CPU [0] UID 1002 comm: gen_fast, count: 374215
CPU [0] UID 1002 comm: gen_fast, count: 374363
CPU [0] UID 1002 comm: gen_fast, count: 374400
CPU [0] UID 1002 comm: gen_fast, count: 374500
CPU [0] UID 1002 comm: gen_fast, count: 374613
CPU [0] UID 1002 comm: gen_fast, count: 374742
CPU [0] UID 1002 comm: gen_fast, count: 374891
CPU [0] UID 1002 comm: gen_fast, count: 374900
CPU [0] UID 1002 comm: gen_fast, count: 375000
CPU [0] UID 1002 comm: gen_fast, count: 375119
CPU [0] UID 1002 comm: gen_fast, count: 375266
CPU [0] UID 1002 comm: gen_fast, count: 375395
CPU [0] UID 1002 comm: gen_fast, count: 375400
CPU [0] UID 1002 comm: gen_fast, count: 375501
CPU [0] UID 1002 comm: gen_fast, count: 375627
CPU [0] UID 1002 comm: gen_fast, count: 375700
CPU [0] UID 1002 comm: gen_fast, count: 375807
CPU [0] UID 1002 comm: gen_fast, count: 375936
CPU [0] UID 1002 comm: gen_fast, count: 376060
CPU [0] UID 1002 comm: gen_fast, count: 376130
CPU [0] UID 1002 comm: gen_fast, count: 376200
CPU [0] UID 1002 comm: gen_fast, count: 376451
CPU [0] UID 1002 comm: gen_fast, count: 376451
CPU [0] UID 1002 comm: gen_fast, count: 376519
CPU [0] UID 1002 comm: gen_fast, count: 376653
CPU [0] UID 1002 comm: gen_fast, count: 376700
CPU [0] UID 1002 comm: gen_fast, count: 376800
CPU [0] UID 1002 comm: gen_fast, count: 376927
CPU [0] UID 1002 comm: gen_fast, count: 377027
CPU [0] UID 1002 comm: gen_fast, count: 377158
CPU [0] UID 1002 comm: gen_fast, count: 377291
CPU [0] UID 1002 comm: gen_fast, count: 377300
CPU [0] UID 1002 comm: gen_fast, count: 377403
CPU [0] UID 1002 comm: gen_fast, count: 377539
CPU [0] UID 1002 comm: gen_fast, count: 377600
CPU [0] UID 1002 comm: gen_fast, count: 377700
CPU [0] UID 1002 comm: gen_fast, count: 377816
CPU [0] UID 1002 comm: gen_fast, count: 377900
CPU [0] UID 1002 comm: gen_fast, count: 378004
CPU [0] UID 1002 comm: gen_fast, count: 378100
CPU [0] UID 1002 comm: gen_fast, count: 378228
CPU [0] UID 1002 comm: gen_fast, count: 378340
CPU [0] UID 1002 comm: gen_fast, count: 378484
CPU [0] UID 1002 comm: gen_fast, count: 378500
CPU [0] UID 1002 comm: gen_fast, count: 378628
CPU [0] UID 1002 comm: gen_fast, count: 378750
CPU [0] UID 1002 comm: gen_fast, count: 378800
CPU [0] UID 1002 comm: gen_fast, count: 378900
CPU [0] UID 1002 comm: gen_fast, count: 379026
CPU [0] UID 1002 comm: gen_fast, count: 379171
CPU [0] UID 1002 comm: gen_fast, count: 379200
CPU [0] UID 1002 comm: gen_fast, count: 379320
CPU [0] UID 1002 comm: gen_fast, count: 379409
CPU [0] UID 1002 comm: gen_fast, count: 379557
CPU [0] UID 1002 comm: gen_fast, count: 379696
CPU [0] UID 1002 comm: gen_fast, count: 379700
CPU [0] UID 1002 comm: gen_fast, count: 379827
CPU [0] UID 1002 comm: gen_fast, count: 379958
CPU [0] UID 1002 comm: gen_fast, count: 380000
CPU [0] UID 1002 comm: gen_fast, count: 380136
CPU [0] UID 1002 comm: gen_fast, count: 380200
CPU [0] UID 1002 comm: gen_fast, count: 380310
CPU [0] UID 1002 comm: gen_fast, count: 380449
CPU [0] UID 1002 comm: gen_fast, count: 380607
CPU [0] UID 1002 comm: gen_fast, count: 380607
CPU [0] UID 1002 comm: gen_fast, count: 380735
CPU [0] UID 1002 comm: gen_fast, count: 380894
CPU [0] UID 1002 comm: gen_fast, count: 380900
CPU [0] UID 1002 comm: gen_fast, count: 381000
CPU [0] UID 1002 comm: gen_fast, count: 381106
CPU [0] UID 1002 comm: gen_fast, count: 381203
CPU [0] UID 1002 comm: gen_fast, count: 381323
CPU [0] UID 1002 comm: gen_fast, count: 381447
CPU [0] UID 1002 comm: gen_fast, count: 381589
CPU [0] UID 1002 comm: gen_fast, count: 381600
CPU [0] UID 1002 comm: gen_fast, count: 381740
CPU [0] UID 1002 comm: gen_fast, count: 381800
CPU [0] UID 1002 comm: gen_fast, count: 381923
CPU [0] UID 1002 comm: gen_fast, count: 382001
CPU [0] UID 1002 comm: gen_fast, count: 382157
CPU [0] UID 1002 comm: gen_fast, count: 382200
CPU [0] UID 1002 comm: gen_fast, count: 382328
CPU [0] UID 1002 comm: gen_fast, count: 382476
CPU [0] UID 1002 comm: gen_fast, count: 382500
CPU [0] UID 1002 comm: gen_fast, count: 382600
CPU [0] UID 1002 comm: gen_fast, count: 382700
CPU [0] UID 1002 comm: gen_fast, count: 382843
CPU [0] UID 1002 comm: gen_fast, count: 382956
CPU [0] UID 1002 comm: gen_fast, count: 383111
CPU [0] UID 1002 comm: gen_fast, count: 383111
CPU [0] UID 1002 comm: gen_fast, count: 383200
CPU [0] UID 1002 comm: gen_fast, count: 383300
CPU [0] UID 1002 comm: gen_fast, count: 383400
CPU [0] UID 1002 comm: gen_fast, count: 383500
CPU [0] UID 1002 comm: gen_fast, count: 383640
CPU [0] UID 1002 comm: gen_fast, count: 383709
CPU [0] UID 1002 comm: gen_fast, count: 383800
CPU [0] UID 1002 comm: gen_fast, count: 383919
CPU [0] UID 1002 comm: gen_fast, count: 384015
CPU [0] UID 1002 comm: gen_fast, count: 384151
CPU [0] UID 1002 comm: gen_fast, count: 384226
CPU [0] UID 1002 comm: gen_fast, count: 384300
CPU [0] UID 1002 comm: gen_fast, count: 384427
CPU [0] UID 1002 comm: gen_fast, count: 384503
CPU [0] UID 1002 comm: gen_fast, count: 384634
CPU [0] UID 1002 comm: gen_fast, count: 384703
CPU [0] UID 1002 comm: gen_fast, count: 384845
CPU [0] UID 1002 comm: gen_fast, count: 384900
CPU [0] UID 1002 comm: gen_fast, count: 385010
CPU [0] UID 1002 comm: gen_fast, count: 385144
CPU [0] UID 1002 comm: gen_fast, count: 385217
CPU [0] UID 1002 comm: gen_fast, count: 385300
CPU [0] UID 1002 comm: gen_fast, count: 385418
CPU [0] UID 1002 comm: gen_fast, count: 385562
CPU [0] UID 1002 comm: gen_fast, count: 385607
CPU [0] UID 1002 comm: gen_fast, count: 385711
CPU [0] UID 1002 comm: gen_fast, count: 385876
CPU [0] UID 1002 comm: gen_fast, count: 385900
CPU [0] UID 1002 comm: gen_fast, count: 386002
CPU [0] UID 1002 comm: gen_fast, count: 386116
CPU [0] UID 1002 comm: gen_fast, count: 386201
CPU [0] UID 1002 comm: gen_fast, count: 386349
CPU [0] UID 1002 comm: gen_fast, count: 386400
CPU [0] UID 1002 comm: gen_fast, count: 386500
CPU [0] UID 1002 comm: gen_fast, count: 386686
CPU [0] UID 1002 comm: gen_fast, count: 386700
CPU [0] UID 1002 comm: gen_fast, count: 386800
CPU [0] UID 1002 comm: gen_fast, count: 386900
CPU [0] UID 1002 comm: gen_fast, count: 387016
CPU [0] UID 1002 comm: gen_fast, count: 387127
CPU [0] UID 1002 comm: gen_fast, count: 387277
CPU [0] UID 1002 comm: gen_fast, count: 387300
CPU [0] UID 1002 comm: gen_fast, count: 387412
CPU [0] UID 1002 comm: gen_fast, count: 387535
CPU [0] UID 1002 comm: gen_fast, count: 387666
CPU [0] UID 1002 comm: gen_fast, count: 387731
CPU [0] UID 1002 comm: gen_fast, count: 387876
CPU [0] UID 1002 comm: gen_fast, count: 387900
CPU [0] UID 1002 comm: gen_fast, count: 388044
CPU [0] UID 1002 comm: gen_fast, count: 388100
CPU [0] UID 1002 comm: gen_fast, count: 388200
CPU [0] UID 1002 comm: gen_fast, count: 388331
CPU [0] UID 1002 comm: gen_fast, count: 388404
CPU [0] UID 1002 comm: gen_fast, count: 388500
CPU [0] UID 1002 comm: gen_fast, count: 388600
CPU [0] UID 1002 comm: gen_fast, count: 388700
CPU [0] UID 1002 comm: gen_fast, count: 388820
CPU [0] UID 1002 comm: gen_fast, count: 388926
CPU [0] UID 1002 comm: gen_fast, count: 389000
CPU [0] UID 1002 comm: gen_fast, count: 389125
CPU [0] UID 1002 comm: gen_fast, count: 389257
CPU [0] UID 1002 comm: gen_fast, count: 389300
CPU [0] UID 1002 comm: gen_fast, count: 389400
CPU [0] UID 1002 comm: gen_fast, count: 389500
CPU [0] UID 1002 comm: gen_fast, count: 389612
CPU [0] UID 1002 comm: gen_fast, count: 389715
CPU [0] UID 1002 comm: gen_fast, count: 389851
CPU [0] UID 1002 comm: gen_fast, count: 389900
CPU [0] UID 1002 comm: gen_fast, count: 390000
CPU [0] UID 1002 comm: gen_fast, count: 390142
CPU [0] UID 1002 comm: gen_fast, count: 390321
CPU [0] UID 1002 comm: gen_fast, count: 390321
CPU [0] UID 1002 comm: gen_fast, count: 390400
CPU [0] UID 1002 comm: gen_fast, count: 390539
CPU [0] UID 1002 comm: gen_fast, count: 390755
CPU [0] UID 1002 comm: gen_fast, count: 390755
CPU [0] UID 1002 comm: gen_fast, count: 390800
CPU [0] UID 1002 comm: gen_fast, count: 390946
CPU [0] UID 1002 comm: gen_fast, count: 391122
CPU [0] UID 1002 comm: gen_fast, count: 391122
CPU [0] UID 1002 comm: gen_fast, count: 391299
CPU [0] UID 1002 comm: gen_fast, count: 391300
CPU [0] UID 1002 comm: gen_fast, count: 391456
CPU [0] UID 1002 comm: gen_fast, count: 391500
CPU [0] UID 1002 comm: gen_fast, count: 391655
CPU [0] UID 1002 comm: gen_fast, count: 391715
CPU [0] UID 1002 comm: gen_fast, count: 391800
CPU [0] UID 1002 comm: gen_fast, count: 391935
CPU [0] UID 1002 comm: gen_fast, count: 392060
CPU [0] UID 1002 comm: gen_fast, count: 392210
CPU [0] UID 1002 comm: gen_fast, count: 392210
CPU [0] UID 1002 comm: gen_fast, count: 392306
CPU [0] UID 1002 comm: gen_fast, count: 392416
CPU [0] UID 1002 comm: gen_fast, count: 392500
CPU [0] UID 1002 comm: gen_fast, count: 392707
CPU [0] UID 1002 comm: gen_fast, count: 392707
CPU [0] UID 1002 comm: gen_fast, count: 392839
CPU [0] UID 1002 comm: gen_fast, count: 393048
CPU [0] UID 1002 comm: gen_fast, count: 393048
CPU [0] UID 1002 comm: gen_fast, count: 393199
CPU [0] UID 1002 comm: gen_fast, count: 393200
CPU [0] UID 1002 comm: gen_fast, count: 393311
CPU [0] UID 1002 comm: gen_fast, count: 393400
CPU [0] UID 1002 comm: gen_fast, count: 393601
CPU [0] UID 1002 comm: gen_fast, count: 393601
CPU [0] UID 1002 comm: gen_fast, count: 393854
CPU [0] UID 1002 comm: gen_fast, count: 393854
CPU [0] UID 1002 comm: gen_fast, count: 393901
CPU [0] UID 1002 comm: gen_fast, count: 394042
CPU [0] UID 1002 comm: gen_fast, count: 394100
CPU [0] UID 1002 comm: gen_fast, count: 394200
CPU [0] UID 1002 comm: gen_fast, count: 394363
CPU [0] UID 1002 comm: gen_fast, count: 394400
CPU [0] UID 1002 comm: gen_fast, count: 394510
CPU [0] UID 1002 comm: gen_fast, count: 394600
CPU [0] UID 1002 comm: gen_fast, count: 394700
CPU [0] UID 1002 comm: gen_fast, count: 394819
CPU [0] UID 1002 comm: gen_fast, count: 394911
CPU [0] UID 1002 comm: gen_fast, count: 395101
CPU [0] UID 1002 comm: gen_fast, count: 395101
CPU [0] UID 1002 comm: gen_fast, count: 395200
CPU [0] UID 1002 comm: gen_fast, count: 395362
CPU [0] UID 1002 comm: gen_fast, count: 395400
CPU [0] UID 1002 comm: gen_fast, count: 395583
CPU [0] UID 1002 comm: gen_fast, count: 395600
CPU [0] UID 1002 comm: gen_fast, count: 395753
CPU [0] UID 1002 comm: gen_fast, count: 395800
CPU [0] UID 1002 comm: gen_fast, count: 395900
CPU [0] UID 1002 comm: gen_fast, count: 396056
CPU [0] UID 1002 comm: gen_fast, count: 396129
CPU [0] UID 1002 comm: gen_fast, count: 396202
CPU [0] UID 1002 comm: gen_fast, count: 396327
CPU [0] UID 1002 comm: gen_fast, count: 396406
CPU [0] UID 1002 comm: gen_fast, count: 396604
CPU [0] UID 1002 comm: gen_fast, count: 396604
CPU [0] UID 1002 comm: gen_fast, count: 396808
CPU [0] UID 1002 comm: gen_fast, count: 396808
CPU [0] UID 1002 comm: gen_fast, count: 396900
CPU [0] UID 1002 comm: gen_fast, count: 397020
CPU [0] UID 1002 comm: gen_fast, count: 397100
CPU [0] UID 1002 comm: gen_fast, count: 397200
CPU [0] UID 1002 comm: gen_fast, count: 397388
CPU [0] UID 1002 comm: gen_fast, count: 397400
CPU [0] UID 1002 comm: gen_fast, count: 397591
CPU [0] UID 1002 comm: gen_fast, count: 397600
CPU [0] UID 1002 comm: gen_fast, count: 397841
CPU [0] UID 1002 comm: gen_fast, count: 397841
CPU [0] UID 1002 comm: gen_fast, count: 398039
CPU [0] UID 1002 comm: gen_fast, count: 398039
CPU [0] UID 1002 comm: gen_fast, count: 398100
CPU [0] UID 1002 comm: gen_fast, count: 398234
CPU [0] UID 1002 comm: gen_fast, count: 398405
CPU [0] UID 1002 comm: gen_fast, count: 398405
CPU [0] UID 1002 comm: gen_fast, count: 398603
CPU [0] UID 1002 comm: gen_fast, count: 398603
CPU [0] UID 1002 comm: gen_fast, count: 398700
CPU [0] UID 1002 comm: gen_fast, count: 398856
CPU [0] UID 1002 comm: gen_fast, count: 398906
CPU [0] UID 1002 comm: gen_fast, count: 399044
CPU [0] UID 1002 comm: gen_fast, count: 399100
CPU [0] UID 1002 comm: gen_fast, count: 399274
CPU [0] UID 1002 comm: gen_fast, count: 399300
CPU [0] UID 1002 comm: gen_fast, count: 399405
CPU [0] UID 1002 comm: gen_fast, count: 399500
CPU [0] UID 1002 comm: gen_fast, count: 399600
CPU [0] UID 1002 comm: gen_fast, count: 399700
CPU [0] UID 1002 comm: gen_fast, count: 399809
CPU [0] UID 1002 comm: gen_fast, count: 399967
CPU [0] UID 1002 comm: gen_fast, count: 400000
CPU [0] UID 1002 comm: gen_fast, count: 400165
CPU [0] UID 1002 comm: gen_fast, count: 400200
CPU [0] UID 1002 comm: gen_fast, count: 400337
CPU [0] UID 1002 comm: gen_fast, count: 400506
CPU [0] UID 1002 comm: gen_fast, count: 400506
CPU [0] UID 1002 comm: gen_fast, count: 400620
CPU [0] UID 1002 comm: gen_fast, count: 400810
CPU [0] UID 1002 comm: gen_fast, count: 400810
CPU [0] UID 1002 comm: gen_fast, count: 400969
CPU [0] UID 1002 comm: gen_fast, count: 401000
CPU [0] UID 1002 comm: gen_fast, count: 401141
CPU [0] UID 1002 comm: gen_fast, count: 401200
CPU [0] UID 1002 comm: gen_fast, count: 401334
CPU [0] UID 1002 comm: gen_fast, count: 401410
CPU [0] UID 1002 comm: gen_fast, count: 401500
CPU [0] UID 1002 comm: gen_fast, count: 401600
CPU [0] UID 1002 comm: gen_fast, count: 401750
CPU [0] UID 1002 comm: gen_fast, count: 401909
CPU [0] UID 1002 comm: gen_fast, count: 401909
CPU [0] UID 1002 comm: gen_fast, count: 402062
CPU [0] UID 1002 comm: gen_fast, count: 402100
CPU [0] UID 1002 comm: gen_fast, count: 402235
CPU [0] UID 1002 comm: gen_fast, count: 402374
CPU [0] UID 1002 comm: gen_fast, count: 402400
CPU [0] UID 1002 comm: gen_fast, count: 402562
CPU [0] UID 1002 comm: gen_fast, count: 402600
CPU [0] UID 1002 comm: gen_fast, count: 402745
CPU [0] UID 1002 comm: gen_fast, count: 402800
CPU [0] UID 1002 comm: gen_fast, count: 402900
CPU [0] UID 1002 comm: gen_fast, count: 403016
CPU [0] UID 1002 comm: gen_fast, count: 403162
CPU [0] UID 1002 comm: gen_fast, count: 403200
CPU [0] UID 1002 comm: gen_fast, count: 403317
CPU [0] UID 1002 comm: gen_fast, count: 403531
CPU [0] UID 1002 comm: gen_fast, count: 403531
CPU [0] UID 1002 comm: gen_fast, count: 403732
CPU [0] UID 1002 comm: gen_fast, count: 403732
CPU [0] UID 1002 comm: gen_fast, count: 403800
CPU [0] UID 1002 comm: gen_fast, count: 403994
CPU [0] UID 1002 comm: gen_fast, count: 404000
CPU [0] UID 1002 comm: gen_fast, count: 404199
CPU [0] UID 1002 comm: gen_fast, count: 404200
CPU [0] UID 1002 comm: gen_fast, count: 404302
CPU [0] UID 1002 comm: gen_fast, count: 404447
CPU [0] UID 1002 comm: gen_fast, count: 404512
CPU [0] UID 1002 comm: gen_fast, count: 404609
CPU [0] UID 1002 comm: gen_fast, count: 404787
CPU [0] UID 1002 comm: gen_fast, count: 404800
CPU [0] UID 1002 comm: gen_fast, count: 405033
CPU [0] UID 1002 comm: gen_fast, count: 405033
CPU [0] UID 1002 comm: gen_fast, count: 405100
CPU [0] UID 1002 comm: gen_fast, count: 405272
CPU [0] UID 1002 comm: gen_fast, count: 405300
CPU [0] UID 1002 comm: gen_fast, count: 405417
CPU [0] UID 1002 comm: gen_fast, count: 405566
CPU [0] UID 1002 comm: gen_fast, count: 405600
CPU [0] UID 1002 comm: gen_fast, count: 405766
CPU [0] UID 1002 comm: gen_fast, count: 405800
CPU [0] UID 1002 comm: gen_fast, count: 405900
CPU [0] UID 1002 comm: gen_fast, count: 406000
CPU [0] UID 1002 comm: gen_fast, count: 406179
CPU [0] UID 1002 comm: gen_fast, count: 406200
CPU [0] UID 1002 comm: gen_fast, count: 406300
CPU [0] UID 1002 comm: gen_fast, count: 406400
CPU [0] UID 1002 comm: gen_fast, count: 406591
CPU [0] UID 1002 comm: gen_fast, count: 406600
CPU [0] UID 1002 comm: gen_fast, count: 406740
CPU [0] UID 1002 comm: gen_fast, count: 406803
CPU [0] UID 1002 comm: gen_fast, count: 406909
CPU [0] UID 1002 comm: gen_fast, count: 407079
CPU [0] UID 1002 comm: gen_fast, count: 407100
CPU [0] UID 1002 comm: gen_fast, count: 407228
CPU [0] UID 1002 comm: gen_fast, count: 407300
CPU [0] UID 1002 comm: gen_fast, count: 407408
CPU [0] UID 1002 comm: gen_fast, count: 407500
CPU [0] UID 1002 comm: gen_fast, count: 407641
CPU [0] UID 1002 comm: gen_fast, count: 407730
CPU [0] UID 1002 comm: gen_fast, count: 407811
CPU [0] UID 1002 comm: gen_fast, count: 407900
CPU [0] UID 1002 comm: gen_fast, count: 408000
CPU [0] UID 1002 comm: gen_fast, count: 408126
CPU [0] UID 1002 comm: gen_fast, count: 408219
CPU [0] UID 1002 comm: gen_fast, count: 408421
CPU [0] UID 1002 comm: gen_fast, count: 408421
CPU [0] UID 1002 comm: gen_fast, count: 408532
CPU [0] UID 1002 comm: gen_fast, count: 408604
CPU [0] UID 1002 comm: gen_fast, count: 408754
CPU [0] UID 1002 comm: gen_fast, count: 408800
CPU [0] UID 1002 comm: gen_fast, count: 408935
CPU [0] UID 1002 comm: gen_fast, count: 409000
CPU [0] UID 1002 comm: gen_fast, count: 409149
CPU [0] UID 1002 comm: gen_fast, count: 409226
CPU [0] UID 1002 comm: gen_fast, count: 409393
CPU [0] UID 1002 comm: gen_fast, count: 409400
CPU [0] UID 1002 comm: gen_fast, count: 409552
CPU [0] UID 1002 comm: gen_fast, count: 409600
CPU [0] UID 1002 comm: gen_fast, count: 409705
CPU [0] UID 1002 comm: gen_fast, count: 409857
CPU [0] UID 1002 comm: gen_fast, count: 409904
CPU [0] UID 1002 comm: gen_fast, count: 410023
CPU [0] UID 1002 comm: gen_fast, count: 410100
CPU [0] UID 1002 comm: gen_fast, count: 410244
CPU [0] UID 1002 comm: gen_fast, count: 410307
CPU [0] UID 1002 comm: gen_fast, count: 410400
CPU [0] UID 1002 comm: gen_fast, count: 410500
CPU [0] UID 1002 comm: gen_fast, count: 410633
CPU [0] UID 1002 comm: gen_fast, count: 410790
CPU [0] UID 1002 comm: gen_fast, count: 410911
CPU [0] UID 1002 comm: gen_fast, count: 410911
CPU [0] UID 1002 comm: gen_fast, count: 411048
CPU [0] UID 1002 comm: gen_fast, count: 411100
CPU [0] UID 1002 comm: gen_fast, count: 411200
CPU [0] UID 1002 comm: gen_fast, count: 411376
CPU [0] UID 1002 comm: gen_fast, count: 411400
CPU [0] UID 1002 comm: gen_fast, count: 411500
CPU [0] UID 1002 comm: gen_fast, count: 411600
CPU [0] UID 1002 comm: gen_fast, count: 411730
CPU [0] UID 1002 comm: gen_fast, count: 411861
CPU [0] UID 1002 comm: gen_fast, count: 411900
CPU [0] UID 1002 comm: gen_fast, count: 412006
CPU [0] UID 1002 comm: gen_fast, count: 412126
CPU [0] UID 1002 comm: gen_fast, count: 412292
CPU [0] UID 1002 comm: gen_fast, count: 412300
CPU [0] UID 1002 comm: gen_fast, count: 412446
CPU [0] UID 1002 comm: gen_fast, count: 412500
CPU [0] UID 1002 comm: gen_fast, count: 412600
CPU [0] UID 1002 comm: gen_fast, count: 412768
CPU [0] UID 1002 comm: gen_fast, count: 412800
CPU [0] UID 1002 comm: gen_fast, count: 412916
CPU [0] UID 1002 comm: gen_fast, count: 413058
CPU [0] UID 1002 comm: gen_fast, count: 413100
CPU [0] UID 1002 comm: gen_fast, count: 413202
CPU [0] UID 1002 comm: gen_fast, count: 413300
CPU [0] UID 1002 comm: gen_fast, count: 413419
CPU [0] UID 1002 comm: gen_fast, count: 413536
CPU [0] UID 1002 comm: gen_fast, count: 413600
CPU [0] UID 1002 comm: gen_fast, count: 413709
CPU [0] UID 1002 comm: gen_fast, count: 413831
CPU [0] UID 1002 comm: gen_fast, count: 413946
CPU [0] UID 1002 comm: gen_fast, count: 414000
CPU [0] UID 1002 comm: gen_fast, count: 414107
CPU [0] UID 1002 comm: gen_fast, count: 414201
CPU [0] UID 1002 comm: gen_fast, count: 414300
CPU [0] UID 1002 comm: gen_fast, count: 414425
CPU [0] UID 1002 comm: gen_fast, count: 414566
CPU [0] UID 1002 comm: gen_fast, count: 414600
CPU [0] UID 1002 comm: gen_fast, count: 414700
CPU [0] UID 1002 comm: gen_fast, count: 414860
CPU [0] UID 1002 comm: gen_fast, count: 414900
CPU [0] UID 1002 comm: gen_fast, count: 415055
CPU [0] UID 1002 comm: gen_fast, count: 415100
CPU [0] UID 1002 comm: gen_fast, count: 415200
CPU [0] UID 1002 comm: gen_fast, count: 415388
CPU [0] UID 1002 comm: gen_fast, count: 415400
CPU [0] UID 1002 comm: gen_fast, count: 415501
CPU [0] UID 1002 comm: gen_fast, count: 415655
CPU [0] UID 1002 comm: gen_fast, count: 415700
CPU [0] UID 1002 comm: gen_fast, count: 415814
CPU [0] UID 1002 comm: gen_fast, count: 415960
CPU [0] UID 1002 comm: gen_fast, count: 416000
CPU [0] UID 1002 comm: gen_fast, count: 416100
CPU [0] UID 1002 comm: gen_fast, count: 416200
CPU [0] UID 1002 comm: gen_fast, count: 416305
CPU [0] UID 1002 comm: gen_fast, count: 416420
CPU [0] UID 1002 comm: gen_fast, count: 416557
CPU [0] UID 1002 comm: gen_fast, count: 416600
CPU [0] UID 1002 comm: gen_fast, count: 416711
CPU [0] UID 1002 comm: gen_fast, count: 416850
CPU [0] UID 1002 comm: gen_fast, count: 416979
CPU [0] UID 1002 comm: gen_fast, count: 417000
CPU [0] UID 1002 comm: gen_fast, count: 417100
CPU [0] UID 1002 comm: gen_fast, count: 417222
CPU [0] UID 1002 comm: gen_fast, count: 417358
CPU [0] UID 1002 comm: gen_fast, count: 417400
CPU [0] UID 1002 comm: gen_fast, count: 417500
CPU [0] UID 1002 comm: gen_fast, count: 417612
CPU [0] UID 1002 comm: gen_fast, count: 417700
CPU [0] UID 1002 comm: gen_fast, count: 417819
CPU [0] UID 1002 comm: gen_fast, count: 417996
CPU [0] UID 1002 comm: gen_fast, count: 418000
CPU [0] UID 1002 comm: gen_fast, count: 418105
CPU [0] UID 1002 comm: gen_fast, count: 418209
CPU [0] UID 1002 comm: gen_fast, count: 418405
CPU [0] UID 1002 comm: gen_fast, count: 418405
CPU [0] UID 1002 comm: gen_fast, count: 418549
CPU [0] UID 1002 comm: gen_fast, count: 418604
CPU [0] UID 1002 comm: gen_fast, count: 418700
CPU [0] UID 1002 comm: gen_fast, count: 418844
CPU [0] UID 1002 comm: gen_fast, count: 419029
CPU [0] UID 1002 comm: gen_fast, count: 419029
CPU [0] UID 1002 comm: gen_fast, count: 419148
CPU [0] UID 1002 comm: gen_fast, count: 419219
CPU [0] UID 1002 comm: gen_fast, count: 419370
CPU [0] UID 1002 comm: gen_fast, count: 419400
CPU [0] UID 1002 comm: gen_fast, count: 419564
CPU [0] UID 1002 comm: gen_fast, count: 419600
CPU [0] UID 1002 comm: gen_fast, count: 419744
CPU [0] UID 1002 comm: gen_fast, count: 419800
CPU [0] UID 1002 comm: gen_fast, count: 419915
CPU [0] UID 1002 comm: gen_fast, count: 420074
CPU [0] UID 1002 comm: gen_fast, count: 420100
CPU [0] UID 1002 comm: gen_fast, count: 420236
CPU [0] UID 1002 comm: gen_fast, count: 420300
CPU [0] UID 1002 comm: gen_fast, count: 420443
CPU [0] UID 1002 comm: gen_fast, count: 420643
CPU [0] UID 1002 comm: gen_fast, count: 420643
CPU [0] UID 1002 comm: gen_fast, count: 420717
CPU [0] UID 1002 comm: gen_fast, count: 420800
CPU [0] UID 1002 comm: gen_fast, count: 420900
CPU [0] UID 1002 comm: gen_fast, count: 421005
CPU [0] UID 1002 comm: gen_fast, count: 421100
CPU [0] UID 1002 comm: gen_fast, count: 421241
CPU [0] UID 1002 comm: gen_fast, count: 421442
CPU [0] UID 1002 comm: gen_fast, count: 421442
CPU [0] UID 1002 comm: gen_fast, count: 421500
CPU [0] UID 1002 comm: gen_fast, count: 421666
CPU [0] UID 1002 comm: gen_fast, count: 421700
CPU [0] UID 1002 comm: gen_fast, count: 421800
CPU [0] UID 1002 comm: gen_fast, count: 421949
CPU [0] UID 1002 comm: gen_fast, count: 422000
CPU [0] UID 1002 comm: gen_fast, count: 422100
CPU [0] UID 1002 comm: gen_fast, count: 422205
CPU [0] UID 1002 comm: gen_fast, count: 422334
CPU [0] UID 1002 comm: gen_fast, count: 422472
CPU [0] UID 1002 comm: gen_fast, count: 422500
CPU [0] UID 1002 comm: gen_fast, count: 422610
CPU [0] UID 1002 comm: gen_fast, count: 422700
CPU [0] UID 1002 comm: gen_fast, count: 422800
CPU [0] UID 1002 comm: gen_fast, count: 422923
CPU [0] UID 1002 comm: gen_fast, count: 423000
CPU [0] UID 1002 comm: gen_fast, count: 423116
CPU [0] UID 1002 comm: gen_fast, count: 423314
CPU [0] UID 1002 comm: gen_fast, count: 423314
CPU [0] UID 1002 comm: gen_fast, count: 423408
CPU [0] UID 1002 comm: gen_fast, count: 423500
CPU [0] UID 1002 comm: gen_fast, count: 423633
CPU [0] UID 1002 comm: gen_fast, count: 423717
CPU [0] UID 1002 comm: gen_fast, count: 423800
CPU [0] UID 1002 comm: gen_fast, count: 423932
CPU [0] UID 1002 comm: gen_fast, count: 424076
CPU [0] UID 1002 comm: gen_fast, count: 424100
CPU [0] UID 1002 comm: gen_fast, count: 424237
CPU [0] UID 1002 comm: gen_fast, count: 424369
CPU [0] UID 1002 comm: gen_fast, count: 424400
CPU [0] UID 1002 comm: gen_fast, count: 424500
CPU [0] UID 1002 comm: gen_fast, count: 424616
CPU [0] UID 1002 comm: gen_fast, count: 424749
CPU [0] UID 1002 comm: gen_fast, count: 424800
CPU [0] UID 1002 comm: gen_fast, count: 424900
CPU [0] UID 1002 comm: gen_fast, count: 425000
CPU [0] UID 1002 comm: gen_fast, count: 425100
CPU [0] UID 1002 comm: gen_fast, count: 425200
CPU [0] UID 1002 comm: gen_fast, count: 425302
CPU [0] UID 1002 comm: gen_fast, count: 425400
CPU [0] UID 1002 comm: gen_fast, count: 425516
CPU [0] UID 1002 comm: gen_fast, count: 425625
CPU [0] UID 1002 comm: gen_fast, count: 425761
CPU [0] UID 1002 comm: gen_fast, count: 425800
CPU [0] UID 1002 comm: gen_fast, count: 425900
CPU [0] UID 1002 comm: gen_fast, count: 426019
CPU [0] UID 1002 comm: gen_fast, count: 426100
CPU [0] UID 1002 comm: gen_fast, count: 426206
CPU [0] UID 1002 comm: gen_fast, count: 426325
CPU [0] UID 1002 comm: gen_fast, count: 426447
CPU [0] UID 1002 comm: gen_fast, count: 426570
CPU [0] UID 1002 comm: gen_fast, count: 426600
CPU [0] UID 1002 comm: gen_fast, count: 426700
CPU [0] UID 1002 comm: gen_fast, count: 426807
CPU [0] UID 1002 comm: gen_fast, count: 426953
CPU [0] UID 1002 comm: gen_fast, count: 427086
CPU [0] UID 1002 comm: gen_fast, count: 427100
CPU [0] UID 1002 comm: gen_fast, count: 427200
CPU [0] UID 1002 comm: gen_fast, count: 427330
CPU [0] UID 1002 comm: gen_fast, count: 427431
CPU [0] UID 1002 comm: gen_fast, count: 427564
CPU [0] UID 1002 comm: gen_fast, count: 427600
CPU [0] UID 1002 comm: gen_fast, count: 427700
CPU [0] UID 1002 comm: gen_fast, count: 427818
CPU [0] UID 1002 comm: gen_fast, count: 427938
CPU [0] UID 1002 comm: gen_fast, count: 428077
CPU [0] UID 1002 comm: gen_fast, count: 428100
CPU [0] UID 1002 comm: gen_fast, count: 428204
CPU [0] UID 1002 comm: gen_fast, count: 428327
CPU [0] UID 1002 comm: gen_fast, count: 428456
CPU [0] UID 1002 comm: gen_fast, count: 428580
CPU [0] UID 1002 comm: gen_fast, count: 428600
CPU [0] UID 1002 comm: gen_fast, count: 428700
CPU [0] UID 1002 comm: gen_fast, count: 428825
CPU [0] UID 1002 comm: gen_fast, count: 428942
CPU [0] UID 1002 comm: gen_fast, count: 429060
CPU [0] UID 1002 comm: gen_fast, count: 429100
CPU [0] UID 1002 comm: gen_fast, count: 429200
CPU [0] UID 1002 comm: gen_fast, count: 429304
CPU [0] UID 1002 comm: gen_fast, count: 429431
CPU [0] UID 1002 comm: gen_fast, count: 429558
CPU [0] UID 1002 comm: gen_fast, count: 429600
CPU [0] UID 1002 comm: gen_fast, count: 429700
CPU [0] UID 1002 comm: gen_fast, count: 429800
CPU [0] UID 1002 comm: gen_fast, count: 429906
CPU [0] UID 1002 comm: gen_fast, count: 430000
CPU [0] UID 1002 comm: gen_fast, count: 430118
CPU [0] UID 1002 comm: gen_fast, count: 430200
CPU [0] UID 1002 comm: gen_fast, count: 430323
CPU [0] UID 1002 comm: gen_fast, count: 430400
CPU [0] UID 1002 comm: gen_fast, count: 430500
CPU [0] UID 1002 comm: gen_fast, count: 430613
CPU [0] UID 1002 comm: gen_fast, count: 430710
CPU [0] UID 1002 comm: gen_fast, count: 430835
CPU [0] UID 1002 comm: gen_fast, count: 430966
CPU [0] UID 1002 comm: gen_fast, count: 431000
CPU [0] UID 1002 comm: gen_fast, count: 431100
CPU [0] UID 1002 comm: gen_fast, count: 431225
CPU [0] UID 1002 comm: gen_fast, count: 431345
CPU [0] UID 1002 comm: gen_fast, count: 431464
CPU [0] UID 1002 comm: gen_fast, count: 431500
CPU [0] UID 1002 comm: gen_fast, count: 431600
CPU [0] UID 1002 comm: gen_fast, count: 431717
CPU [0] UID 1002 comm: gen_fast, count: 431878
CPU [0] UID 1002 comm: gen_fast, count: 431900
CPU [0] UID 1002 comm: gen_fast, count: 432005
CPU [0] UID 1002 comm: gen_fast, count: 432139
CPU [0] UID 1002 comm: gen_fast, count: 432200
CPU [0] UID 1002 comm: gen_fast, count: 432300
CPU [0] UID 1002 comm: gen_fast, count: 432415
CPU [0] UID 1002 comm: gen_fast, count: 432555
CPU [0] UID 1002 comm: gen_fast, count: 432600
CPU [0] UID 1002 comm: gen_fast, count: 432700
CPU [0] UID 1002 comm: gen_fast, count: 432816
CPU [0] UID 1002 comm: gen_fast, count: 432912
CPU [0] UID 1002 comm: gen_fast, count: 433000
CPU [0] UID 1002 comm: gen_fast, count: 433121
CPU [0] UID 1002 comm: gen_fast, count: 433252
CPU [0] UID 1002 comm: gen_fast, count: 433300
CPU [0] UID 1002 comm: gen_fast, count: 433400
CPU [0] UID 1002 comm: gen_fast, count: 433506
CPU [0] UID 1002 comm: gen_fast, count: 433637
CPU [0] UID 1002 comm: gen_fast, count: 433769
CPU [0] UID 1002 comm: gen_fast, count: 433800
CPU [0] UID 1002 comm: gen_fast, count: 433900
CPU [0] UID 1002 comm: gen_fast, count: 434022
CPU [0] UID 1002 comm: gen_fast, count: 434159
CPU [0] UID 1002 comm: gen_fast, count: 434251
CPU [0] UID 1002 comm: gen_fast, count: 434300
CPU [0] UID 1002 comm: gen_fast, count: 434400
CPU [0] UID 1002 comm: gen_fast, count: 434550
CPU [0] UID 1002 comm: gen_fast, count: 434600
CPU [0] UID 1002 comm: gen_fast, count: 434700
CPU [0] UID 1002 comm: gen_fast, count: 434836
CPU [0] UID 1002 comm: gen_fast, count: 435030
CPU [0] UID 1002 comm: gen_fast, count: 435030
CPU [0] UID 1002 comm: gen_fast, count: 435100
CPU [0] UID 1002 comm: gen_fast, count: 435200
CPU [0] UID 1002 comm: gen_fast, count: 435313
CPU [0] UID 1002 comm: gen_fast, count: 435410
CPU [0] UID 1002 comm: gen_fast, count: 435604
CPU [0] UID 1002 comm: gen_fast, count: 435604
CPU [0] UID 1002 comm: gen_fast, count: 435703
CPU [0] UID 1002 comm: gen_fast, count: 435840
CPU [0] UID 1002 comm: gen_fast, count: 435900
CPU [0] UID 1002 comm: gen_fast, count: 436000
CPU [0] UID 1002 comm: gen_fast, count: 436146
CPU [0] UID 1002 comm: gen_fast, count: 436213
CPU [0] UID 1002 comm: gen_fast, count: 436306
CPU [0] UID 1002 comm: gen_fast, count: 436506
CPU [0] UID 1002 comm: gen_fast, count: 436506
CPU [0] UID 1002 comm: gen_fast, count: 436673
CPU [0] UID 1002 comm: gen_fast, count: 436700
CPU [0] UID 1002 comm: gen_fast, count: 436813
CPU [0] UID 1002 comm: gen_fast, count: 436900
CPU [0] UID 1002 comm: gen_fast, count: 437000
CPU [0] UID 1002 comm: gen_fast, count: 437170
CPU [0] UID 1002 comm: gen_fast, count: 437200
CPU [0] UID 1002 comm: gen_fast, count: 437360
CPU [0] UID 1002 comm: gen_fast, count: 437400
CPU [0] UID 1002 comm: gen_fast, count: 437563
CPU [0] UID 1002 comm: gen_fast, count: 437600
CPU [0] UID 1002 comm: gen_fast, count: 437764
CPU [0] UID 1002 comm: gen_fast, count: 437800
CPU [0] UID 1002 comm: gen_fast, count: 437921
CPU [0] UID 1002 comm: gen_fast, count: 438000
CPU [0] UID 1002 comm: gen_fast, count: 438147
CPU [0] UID 1002 comm: gen_fast, count: 438200
CPU [0] UID 1002 comm: gen_fast, count: 438302
CPU [0] UID 1002 comm: gen_fast, count: 438434
CPU [0] UID 1002 comm: gen_fast, count: 438513
CPU [0] UID 1002 comm: gen_fast, count: 438600
CPU [0] UID 1002 comm: gen_fast, count: 438700
CPU [0] UID 1002 comm: gen_fast, count: 438800
CPU [0] UID 1002 comm: gen_fast, count: 438956
CPU [0] UID 1002 comm: gen_fast, count: 439008
CPU [0] UID 1002 comm: gen_fast, count: 439134
CPU [0] UID 1002 comm: gen_fast, count: 439200
CPU [0] UID 1002 comm: gen_fast, count: 439300
CPU [0] UID 1002 comm: gen_fast, count: 439454
CPU [0] UID 1002 comm: gen_fast, count: 439500
CPU [0] UID 1002 comm: gen_fast, count: 439641
CPU [0] UID 1002 comm: gen_fast, count: 439731
CPU [0] UID 1002 comm: gen_fast, count: 439854
CPU [0] UID 1002 comm: gen_fast, count: 439900
CPU [0] UID 1002 comm: gen_fast, count: 440000
CPU [0] UID 1002 comm: gen_fast, count: 440114
CPU [0] UID 1002 comm: gen_fast, count: 440212
CPU [0] UID 1002 comm: gen_fast, count: 440332
CPU [0] UID 1002 comm: gen_fast, count: 440456
CPU [0] UID 1002 comm: gen_fast, count: 440571
CPU [0] UID 1002 comm: gen_fast, count: 440600
CPU [0] UID 1002 comm: gen_fast, count: 440717
CPU [0] UID 1002 comm: gen_fast, count: 440800
CPU [0] UID 1002 comm: gen_fast, count: 440935
CPU [0] UID 1002 comm: gen_fast, count: 441000
CPU [0] UID 1002 comm: gen_fast, count: 441100
CPU [0] UID 1002 comm: gen_fast, count: 441272
CPU [0] UID 1002 comm: gen_fast, count: 441300
CPU [0] UID 1002 comm: gen_fast, count: 441423
CPU [0] UID 1002 comm: gen_fast, count: 441574
CPU [0] UID 1002 comm: gen_fast, count: 441600
CPU [0] UID 1002 comm: gen_fast, count: 441700
CPU [0] UID 1002 comm: gen_fast, count: 441859
CPU [0] UID 1002 comm: gen_fast, count: 441900
CPU [0] UID 1002 comm: gen_fast, count: 442000
CPU [0] UID 1002 comm: gen_fast, count: 442116
CPU [0] UID 1002 comm: gen_fast, count: 442258
CPU [0] UID 1002 comm: gen_fast, count: 442300
CPU [0] UID 1002 comm: gen_fast, count: 442400
CPU [0] UID 1002 comm: gen_fast, count: 442511
CPU [0] UID 1002 comm: gen_fast, count: 442715
CPU [0] UID 1002 comm: gen_fast, count: 442715
CPU [0] UID 1002 comm: gen_fast, count: 442820
CPU [0] UID 1002 comm: gen_fast, count: 442911
CPU [0] UID 1002 comm: gen_fast, count: 443084
CPU [0] UID 1002 comm: gen_fast, count: 443100
CPU [0] UID 1002 comm: gen_fast, count: 443206
CPU [0] UID 1002 comm: gen_fast, count: 443378
CPU [0] UID 1002 comm: gen_fast, count: 443400
CPU [0] UID 1002 comm: gen_fast, count: 443539
CPU [0] UID 1002 comm: gen_fast, count: 443699
CPU [0] UID 1002 comm: gen_fast, count: 443700
CPU [0] UID 1002 comm: gen_fast, count: 443842
CPU [0] UID 1002 comm: gen_fast, count: 443900
CPU [0] UID 1002 comm: gen_fast, count: 444000
CPU [0] UID 1002 comm: gen_fast, count: 444137
CPU [0] UID 1002 comm: gen_fast, count: 444336
CPU [0] UID 1002 comm: gen_fast, count: 444336
CPU [0] UID 1002 comm: gen_fast, count: 444477
CPU [0] UID 1002 comm: gen_fast, count: 444500
CPU [0] UID 1002 comm: gen_fast, count: 444615
CPU [0] UID 1002 comm: gen_fast, count: 444786
CPU [0] UID 1002 comm: gen_fast, count: 444800
CPU [0] UID 1002 comm: gen_fast, count: 444922
CPU [0] UID 1002 comm: gen_fast, count: 445072
CPU [0] UID 1002 comm: gen_fast, count: 445100
CPU [0] UID 1002 comm: gen_fast, count: 445212
CPU [0] UID 1002 comm: gen_fast, count: 445376
CPU [0] UID 1002 comm: gen_fast, count: 445435
CPU [0] UID 1002 comm: gen_fast, count: 445500
CPU [0] UID 1002 comm: gen_fast, count: 445600
CPU [0] UID 1002 comm: gen_fast, count: 445753
CPU [0] UID 1002 comm: gen_fast, count: 445800
CPU [0] UID 1002 comm: gen_fast, count: 445900
CPU [0] UID 1002 comm: gen_fast, count: 446071
CPU [0] UID 1002 comm: gen_fast, count: 446100
CPU [0] UID 1002 comm: gen_fast, count: 446206
CPU [0] UID 1002 comm: gen_fast, count: 446383
CPU [0] UID 1002 comm: gen_fast, count: 446400
CPU [0] UID 1002 comm: gen_fast, count: 446500
CPU [0] UID 1002 comm: gen_fast, count: 446600
CPU [0] UID 1002 comm: gen_fast, count: 446768
CPU [0] UID 1002 comm: gen_fast, count: 446831
CPU [0] UID 1002 comm: gen_fast, count: 446900
CPU [0] UID 1002 comm: gen_fast, count: 447000
CPU [0] UID 1002 comm: gen_fast, count: 447190
CPU [0] UID 1002 comm: gen_fast, count: 447200
CPU [0] UID 1002 comm: gen_fast, count: 447300
CPU [0] UID 1002 comm: gen_fast, count: 447480
CPU [0] UID 1002 comm: gen_fast, count: 447500
CPU [0] UID 1002 comm: gen_fast, count: 447725
CPU [0] UID 1002 comm: gen_fast, count: 447725
CPU [0] UID 1002 comm: gen_fast, count: 447818
CPU [0] UID 1002 comm: gen_fast, count: 447901
CPU [0] UID 1002 comm: gen_fast, count: 448109
CPU [0] UID 1002 comm: gen_fast, count: 448109
CPU [0] UID 1002 comm: gen_fast, count: 448225
CPU [0] UID 1002 comm: gen_fast, count: 448338
CPU [0] UID 1002 comm: gen_fast, count: 448400
CPU [0] UID 1002 comm: gen_fast, count: 448527
CPU [0] UID 1002 comm: gen_fast, count: 448678
CPU [0] UID 1002 comm: gen_fast, count: 448700
CPU [0] UID 1002 comm: gen_fast, count: 448865
CPU [0] UID 1002 comm: gen_fast, count: 448900
CPU [0] UID 1002 comm: gen_fast, count: 449009
CPU [0] UID 1002 comm: gen_fast, count: 449100
CPU [0] UID 1002 comm: gen_fast, count: 449239
CPU [0] UID 1002 comm: gen_fast, count: 449385
CPU [0] UID 1002 comm: gen_fast, count: 449400
CPU [0] UID 1002 comm: gen_fast, count: 449528
CPU [0] UID 1002 comm: gen_fast, count: 449714
CPU [0] UID 1002 comm: gen_fast, count: 449714
CPU [0] UID 1002 comm: gen_fast, count: 449872
CPU [0] UID 1002 comm: gen_fast, count: 449900
CPU [0] UID 1002 comm: gen_fast, count: 450065
CPU [0] UID 1002 comm: gen_fast, count: 450100
CPU [0] UID 1002 comm: gen_fast, count: 450222
CPU [0] UID 1002 comm: gen_fast, count: 450367
CPU [0] UID 1002 comm: gen_fast, count: 450400
CPU [0] UID 1002 comm: gen_fast, count: 450521
CPU [0] UID 1002 comm: gen_fast, count: 450726
CPU [0] UID 1002 comm: gen_fast, count: 450726
CPU [0] UID 1002 comm: gen_fast, count: 450800
CPU [0] UID 1002 comm: gen_fast, count: 450934
CPU [0] UID 1002 comm: gen_fast, count: 451020
CPU [0] UID 1002 comm: gen_fast, count: 451100
CPU [0] UID 1002 comm: gen_fast, count: 451200
CPU [0] UID 1002 comm: gen_fast, count: 451300
CPU [0] UID 1002 comm: gen_fast, count: 451400
CPU [0] UID 1002 comm: gen_fast, count: 451518
CPU [0] UID 1002 comm: gen_fast, count: 451616
CPU [0] UID 1002 comm: gen_fast, count: 451761
CPU [0] UID 1002 comm: gen_fast, count: 451800
CPU [0] UID 1002 comm: gen_fast, count: 451921
CPU [0] UID 1002 comm: gen_fast, count: 452064
CPU [0] UID 1002 comm: gen_fast, count: 452100
CPU [0] UID 1002 comm: gen_fast, count: 452224
CPU [0] UID 1002 comm: gen_fast, count: 452362
CPU [0] UID 1002 comm: gen_fast, count: 452405
CPU [0] UID 1002 comm: gen_fast, count: 452510
CPU [0] UID 1002 comm: gen_fast, count: 452673
CPU [0] UID 1002 comm: gen_fast, count: 452700
CPU [0] UID 1002 comm: gen_fast, count: 452805
CPU [0] UID 1002 comm: gen_fast, count: 452900
CPU [0] UID 1002 comm: gen_fast, count: 453034
CPU [0] UID 1002 comm: gen_fast, count: 453154
CPU [0] UID 1002 comm: gen_fast, count: 453287
CPU [0] UID 1002 comm: gen_fast, count: 453300
CPU [0] UID 1002 comm: gen_fast, count: 453401
CPU [0] UID 1002 comm: gen_fast, count: 453558
CPU [0] UID 1002 comm: gen_fast, count: 453600
CPU [0] UID 1002 comm: gen_fast, count: 453853
CPU [0] UID 1002 comm: gen_fast, count: 453853
CPU [0] UID 1002 comm: gen_fast, count: 454056
CPU [0] UID 1002 comm: gen_fast, count: 454056
CPU [0] UID 1002 comm: gen_fast, count: 454100
CPU [0] UID 1002 comm: gen_fast, count: 454261
CPU [0] UID 1002 comm: gen_fast, count: 454300
CPU [0] UID 1002 comm: gen_fast, count: 454449
CPU [0] UID 1002 comm: gen_fast, count: 454500
CPU [0] UID 1002 comm: gen_fast, count: 454600
CPU [0] UID 1002 comm: gen_fast, count: 454706
CPU [0] UID 1002 comm: gen_fast, count: 454800
CPU [0] UID 1002 comm: gen_fast, count: 454922
CPU [0] UID 1002 comm: gen_fast, count: 455055
CPU [0] UID 1002 comm: gen_fast, count: 455100
CPU [0] UID 1002 comm: gen_fast, count: 455200
CPU [0] UID 1002 comm: gen_fast, count: 455332
CPU [0] UID 1002 comm: gen_fast, count: 455469
CPU [0] UID 1002 comm: gen_fast, count: 455500
CPU [0] UID 1002 comm: gen_fast, count: 455600
CPU [0] UID 1002 comm: gen_fast, count: 455722
CPU [0] UID 1002 comm: gen_fast, count: 455821
CPU [0] UID 1002 comm: gen_fast, count: 455976
CPU [0] UID 1002 comm: gen_fast, count: 456000
CPU [0] UID 1002 comm: gen_fast, count: 456173
CPU [0] UID 1002 comm: gen_fast, count: 456200
CPU [0] UID 1002 comm: gen_fast, count: 456327
CPU [0] UID 1002 comm: gen_fast, count: 456400
CPU [0] UID 1002 comm: gen_fast, count: 456500
CPU [0] UID 1002 comm: gen_fast, count: 456630
CPU [0] UID 1002 comm: gen_fast, count: 456711
CPU [0] UID 1002 comm: gen_fast, count: 456800
CPU [0] UID 1002 comm: gen_fast, count: 456900
CPU [0] UID 1002 comm: gen_fast, count: 457049
CPU [0] UID 1002 comm: gen_fast, count: 457257
CPU [0] UID 1002 comm: gen_fast, count: 457257
CPU [0] UID 1002 comm: gen_fast, count: 457300
CPU [0] UID 1002 comm: gen_fast, count: 457400
CPU [0] UID 1002 comm: gen_fast, count: 457500
CPU [0] UID 1002 comm: gen_fast, count: 457660
CPU [0] UID 1002 comm: gen_fast, count: 457700
CPU [0] UID 1002 comm: gen_fast, count: 457869
CPU [0] UID 1002 comm: gen_fast, count: 457900
CPU [0] UID 1002 comm: gen_fast, count: 458028
CPU [0] UID 1002 comm: gen_fast, count: 458100
CPU [0] UID 1002 comm: gen_fast, count: 458200
CPU [0] UID 1002 comm: gen_fast, count: 458312
CPU [0] UID 1002 comm: gen_fast, count: 458462
CPU [0] UID 1002 comm: gen_fast, count: 458616
CPU [0] UID 1002 comm: gen_fast, count: 458616
CPU [0] UID 1002 comm: gen_fast, count: 458700
CPU [0] UID 1002 comm: gen_fast, count: 458846
CPU [0] UID 1002 comm: gen_fast, count: 458900
CPU [0] UID 1002 comm: gen_fast, count: 459019
CPU [0] UID 1002 comm: gen_fast, count: 459159
CPU [0] UID 1002 comm: gen_fast, count: 459222
CPU [0] UID 1002 comm: gen_fast, count: 459300
CPU [0] UID 1002 comm: gen_fast, count: 459437
CPU [0] UID 1002 comm: gen_fast, count: 459577
CPU [0] UID 1002 comm: gen_fast, count: 459600
CPU [0] UID 1002 comm: gen_fast, count: 459700
CPU [0] UID 1002 comm: gen_fast, count: 459840
CPU [0] UID 1002 comm: gen_fast, count: 459981
CPU [0] UID 1002 comm: gen_fast, count: 460000
CPU [0] UID 1002 comm: gen_fast, count: 460110
CPU [0] UID 1002 comm: gen_fast, count: 460240
CPU [0] UID 1002 comm: gen_fast, count: 460300
CPU [0] UID 1002 comm: gen_fast, count: 460410
CPU [0] UID 1002 comm: gen_fast, count: 460500
CPU [0] UID 1002 comm: gen_fast, count: 460607
CPU [0] UID 1002 comm: gen_fast, count: 460741
CPU [0] UID 1002 comm: gen_fast, count: 460872
CPU [0] UID 1002 comm: gen_fast, count: 460900
CPU [0] UID 1002 comm: gen_fast, count: 461006
CPU [0] UID 1002 comm: gen_fast, count: 461207
CPU [0] UID 1002 comm: gen_fast, count: 461207
CPU [0] UID 1002 comm: gen_fast, count: 461312
CPU [0] UID 1002 comm: gen_fast, count: 461424
CPU [0] UID 1002 comm: gen_fast, count: 461576
CPU [0] UID 1002 comm: gen_fast, count: 461600
CPU [0] UID 1002 comm: gen_fast, count: 461727
CPU [0] UID 1002 comm: gen_fast, count: 461859
CPU [0] UID 1002 comm: gen_fast, count: 461904
CPU [0] UID 1002 comm: gen_fast, count: 462000
CPU [0] UID 1002 comm: gen_fast, count: 462108
CPU [0] UID 1002 comm: gen_fast, count: 462230
CPU [0] UID 1002 comm: gen_fast, count: 462346
CPU [0] UID 1002 comm: gen_fast, count: 462474
CPU [0] UID 1002 comm: gen_fast, count: 462500
CPU [0] UID 1002 comm: gen_fast, count: 462643
CPU [0] UID 1002 comm: gen_fast, count: 462764
CPU [0] UID 1002 comm: gen_fast, count: 462906
CPU [0] UID 1002 comm: gen_fast, count: 462906
CPU [0] UID 1002 comm: gen_fast, count: 463042
CPU [0] UID 1002 comm: gen_fast, count: 463116
CPU [0] UID 1002 comm: gen_fast, count: 463203
CPU [0] UID 1002 comm: gen_fast, count: 463348
CPU [0] UID 1002 comm: gen_fast, count: 463417
CPU [0] UID 1002 comm: gen_fast, count: 463601
CPU [0] UID 1002 comm: gen_fast, count: 463601
CPU [0] UID 1002 comm: gen_fast, count: 463770
CPU [0] UID 1002 comm: gen_fast, count: 463800
CPU [0] UID 1002 comm: gen_fast, count: 463925
CPU [0] UID 1002 comm: gen_fast, count: 464000
CPU [0] UID 1002 comm: gen_fast, count: 464100
CPU [0] UID 1002 comm: gen_fast, count: 464237
CPU [0] UID 1002 comm: gen_fast, count: 464439
CPU [0] UID 1002 comm: gen_fast, count: 464439
CPU [0] UID 1002 comm: gen_fast, count: 464609
CPU [0] UID 1002 comm: gen_fast, count: 464609
CPU [0] UID 1002 comm: gen_fast, count: 464700
CPU [0] UID 1002 comm: gen_fast, count: 464863
CPU [0] UID 1002 comm: gen_fast, count: 464900
CPU [0] UID 1002 comm: gen_fast, count: 465095
CPU [0] UID 1002 comm: gen_fast, count: 465100
CPU [0] UID 1002 comm: gen_fast, count: 465207
CPU [0] UID 1002 comm: gen_fast, count: 465408
CPU [0] UID 1002 comm: gen_fast, count: 465408
CPU [0] UID 1002 comm: gen_fast, count: 465508
CPU [0] UID 1002 comm: gen_fast, count: 465600
CPU [0] UID 1002 comm: gen_fast, count: 465734
CPU [0] UID 1002 comm: gen_fast, count: 465811
CPU [0] UID 1002 comm: gen_fast, count: 465900
CPU [0] UID 1002 comm: gen_fast, count: 466000
CPU [0] UID 1002 comm: gen_fast, count: 466127
CPU [0] UID 1002 comm: gen_fast, count: 466282
CPU [0] UID 1002 comm: gen_fast, count: 466300
CPU [0] UID 1002 comm: gen_fast, count: 466432
CPU [0] UID 1002 comm: gen_fast, count: 466500
CPU [0] UID 1002 comm: gen_fast, count: 466625
CPU [0] UID 1002 comm: gen_fast, count: 466718
CPU [0] UID 1002 comm: gen_fast, count: 466848
CPU [0] UID 1002 comm: gen_fast, count: 466976
CPU [0] UID 1002 comm: gen_fast, count: 467000
CPU [0] UID 1002 comm: gen_fast, count: 467164
CPU [0] UID 1002 comm: gen_fast, count: 467200
CPU [0] UID 1002 comm: gen_fast, count: 467313
CPU [0] UID 1002 comm: gen_fast, count: 467505
CPU [0] UID 1002 comm: gen_fast, count: 467505
CPU [0] UID 1002 comm: gen_fast, count: 467600
CPU [0] UID 1002 comm: gen_fast, count: 467762
CPU [0] UID 1002 comm: gen_fast, count: 467800
CPU [0] UID 1002 comm: gen_fast, count: 467913
CPU [0] UID 1002 comm: gen_fast, count: 468000
CPU [0] UID 1002 comm: gen_fast, count: 468116
CPU [0] UID 1002 comm: gen_fast, count: 468317
CPU [0] UID 1002 comm: gen_fast, count: 468317
CPU [0] UID 1002 comm: gen_fast, count: 468506
CPU [0] UID 1002 comm: gen_fast, count: 468506
CPU [0] UID 1002 comm: gen_fast, count: 468600
CPU [0] UID 1002 comm: gen_fast, count: 468731
CPU [0] UID 1002 comm: gen_fast, count: 468822
CPU [0] UID 1002 comm: gen_fast, count: 469028
CPU [0] UID 1002 comm: gen_fast, count: 469028
CPU [0] UID 1002 comm: gen_fast, count: 469104
CPU [0] UID 1002 comm: gen_fast, count: 469276
CPU [0] UID 1002 comm: gen_fast, count: 469300
CPU [0] UID 1002 comm: gen_fast, count: 469445
CPU [0] UID 1002 comm: gen_fast, count: 469551
CPU [0] UID 1002 comm: gen_fast, count: 469681
CPU [0] UID 1002 comm: gen_fast, count: 469700
CPU [0] UID 1002 comm: gen_fast, count: 469840
CPU [0] UID 1002 comm: gen_fast, count: 469971
CPU [0] UID 1002 comm: gen_fast, count: 470055
CPU [0] UID 1002 comm: gen_fast, count: 470173
CPU [0] UID 1002 comm: gen_fast, count: 470200
CPU [0] UID 1002 comm: gen_fast, count: 470300
CPU [0] UID 1002 comm: gen_fast, count: 470442
CPU [0] UID 1002 comm: gen_fast, count: 470609
CPU [0] UID 1002 comm: gen_fast, count: 470609
CPU [0] UID 1002 comm: gen_fast, count: 470700
CPU [0] UID 1002 comm: gen_fast, count: 470845
CPU [0] UID 1002 comm: gen_fast, count: 471014
CPU [0] UID 1002 comm: gen_fast, count: 471014
CPU [0] UID 1002 comm: gen_fast, count: 471167
CPU [0] UID 1002 comm: gen_fast, count: 471200
CPU [0] UID 1002 comm: gen_fast, count: 471365
CPU [0] UID 1002 comm: gen_fast, count: 471400
CPU [0] UID 1002 comm: gen_fast, count: 471584
CPU [0] UID 1002 comm: gen_fast, count: 471600
CPU [0] UID 1002 comm: gen_fast, count: 471716
CPU [0] UID 1002 comm: gen_fast, count: 471925
CPU [0] UID 1002 comm: gen_fast, count: 471925
CPU [0] UID 1002 comm: gen_fast, count: 472066
CPU [0] UID 1002 comm: gen_fast, count: 472110
CPU [0] UID 1002 comm: gen_fast, count: 472223
CPU [0] UID 1002 comm: gen_fast, count: 472365
CPU [0] UID 1002 comm: gen_fast, count: 472400
CPU [0] UID 1002 comm: gen_fast, count: 472522
CPU [0] UID 1002 comm: gen_fast, count: 472600
CPU [0] UID 1002 comm: gen_fast, count: 472700
CPU [0] UID 1002 comm: gen_fast, count: 472883
CPU [0] UID 1002 comm: gen_fast, count: 472900
CPU [0] UID 1002 comm: gen_fast, count: 473000
CPU [0] UID 1002 comm: gen_fast, count: 473102
CPU [0] UID 1002 comm: gen_fast, count: 473200
CPU [0] UID 1002 comm: gen_fast, count: 473327
CPU [0] UID 1002 comm: gen_fast, count: 473400
CPU [0] UID 1002 comm: gen_fast, count: 473579
CPU [0] UID 1002 comm: gen_fast, count: 473600
CPU [0] UID 1002 comm: gen_fast, count: 473737
CPU [0] UID 1002 comm: gen_fast, count: 473800
CPU [0] UID 1002 comm: gen_fast, count: 473900
CPU [0] UID 1002 comm: gen_fast, count: 474000
CPU [0] UID 1002 comm: gen_fast, count: 474164
CPU [0] UID 1002 comm: gen_fast, count: 474200
CPU [0] UID 1002 comm: gen_fast, count: 474301
CPU [0] UID 1002 comm: gen_fast, count: 474400
CPU [0] UID 1002 comm: gen_fast, count: 474537
CPU [0] UID 1002 comm: gen_fast, count: 474600
CPU [0] UID 1002 comm: gen_fast, count: 474717
CPU [0] UID 1002 comm: gen_fast, count: 474800
CPU [0] UID 1002 comm: gen_fast, count: 474933
CPU [0] UID 1002 comm: gen_fast, count: 475009
CPU [0] UID 1002 comm: gen_fast, count: 475195
CPU [0] UID 1002 comm: gen_fast, count: 475200
CPU [0] UID 1002 comm: gen_fast, count: 475303
CPU [0] UID 1002 comm: gen_fast, count: 475400
CPU [0] UID 1002 comm: gen_fast, count: 475577
CPU [0] UID 1002 comm: gen_fast, count: 475600
CPU [0] UID 1002 comm: gen_fast, count: 475733
CPU [0] UID 1002 comm: gen_fast, count: 475920
CPU [0] UID 1002 comm: gen_fast, count: 475920
CPU [0] UID 1002 comm: gen_fast, count: 476000
CPU [0] UID 1002 comm: gen_fast, count: 476140
CPU [0] UID 1002 comm: gen_fast, count: 476200
CPU [0] UID 1002 comm: gen_fast, count: 476326
CPU [0] UID 1002 comm: gen_fast, count: 476400
CPU [0] UID 1002 comm: gen_fast, count: 476500
CPU [0] UID 1002 comm: gen_fast, count: 476695
CPU [0] UID 1002 comm: gen_fast, count: 476700
CPU [0] UID 1002 comm: gen_fast, count: 476879
CPU [0] UID 1002 comm: gen_fast, count: 476900
CPU [0] UID 1002 comm: gen_fast, count: 477000
CPU [0] UID 1002 comm: gen_fast, count: 477120
CPU [0] UID 1002 comm: gen_fast, count: 477200
CPU [0] UID 1002 comm: gen_fast, count: 477311
CPU [0] UID 1002 comm: gen_fast, count: 477421
CPU [0] UID 1002 comm: gen_fast, count: 477542
CPU [0] UID 1002 comm: gen_fast, count: 477650
CPU [0] UID 1002 comm: gen_fast, count: 477728
CPU [0] UID 1002 comm: gen_fast, count: 477864
CPU [0] UID 1002 comm: gen_fast, count: 477900
CPU [0] UID 1002 comm: gen_fast, count: 478002
CPU [0] UID 1002 comm: gen_fast, count: 478118
CPU [0] UID 1002 comm: gen_fast, count: 478269
CPU [0] UID 1002 comm: gen_fast, count: 478300
CPU [0] UID 1002 comm: gen_fast, count: 478454
CPU [0] UID 1002 comm: gen_fast, count: 478500
CPU [0] UID 1002 comm: gen_fast, count: 478651
CPU [0] UID 1002 comm: gen_fast, count: 478700
CPU [0] UID 1002 comm: gen_fast, count: 478815
CPU [0] UID 1002 comm: gen_fast, count: 478969
CPU [0] UID 1002 comm: gen_fast, count: 479000
CPU [0] UID 1002 comm: gen_fast, count: 479110
CPU [0] UID 1002 comm: gen_fast, count: 479299
CPU [0] UID 1002 comm: gen_fast, count: 479300
CPU [0] UID 1002 comm: gen_fast, count: 479462
CPU [0] UID 1002 comm: gen_fast, count: 479500
CPU [0] UID 1002 comm: gen_fast, count: 479600
CPU [0] UID 1002 comm: gen_fast, count: 479700
CPU [0] UID 1002 comm: gen_fast, count: 479833
CPU [0] UID 1002 comm: gen_fast, count: 480005
CPU [0] UID 1002 comm: gen_fast, count: 480005
CPU [0] UID 1002 comm: gen_fast, count: 480152
CPU [0] UID 1002 comm: gen_fast, count: 480206
CPU [0] UID 1002 comm: gen_fast, count: 480306
CPU [0] UID 1002 comm: gen_fast, count: 480446
CPU [0] UID 1002 comm: gen_fast, count: 480640
CPU [0] UID 1002 comm: gen_fast, count: 480640
CPU [0] UID 1002 comm: gen_fast, count: 480700
CPU [0] UID 1002 comm: gen_fast, count: 480800
CPU [0] UID 1002 comm: gen_fast, count: 480913
CPU [0] UID 1002 comm: gen_fast, count: 481000
CPU [0] UID 1002 comm: gen_fast, count: 481100
CPU [0] UID 1002 comm: gen_fast, count: 481223
CPU [0] UID 1002 comm: gen_fast, count: 481305
CPU [0] UID 1002 comm: gen_fast, count: 481465
CPU [0] UID 1002 comm: gen_fast, count: 481500
CPU [0] UID 1002 comm: gen_fast, count: 481600
CPU [0] UID 1002 comm: gen_fast, count: 481740
CPU [0] UID 1002 comm: gen_fast, count: 481874
CPU [0] UID 1002 comm: gen_fast, count: 481900
CPU [0] UID 1002 comm: gen_fast, count: 482029
CPU [0] UID 1002 comm: gen_fast, count: 482194
CPU [0] UID 1002 comm: gen_fast, count: 482200
CPU [0] UID 1002 comm: gen_fast, count: 482300
CPU [0] UID 1002 comm: gen_fast, count: 482400
CPU [0] UID 1002 comm: gen_fast, count: 482528
CPU [0] UID 1002 comm: gen_fast, count: 482685
CPU [0] UID 1002 comm: gen_fast, count: 482700
CPU [0] UID 1002 comm: gen_fast, count: 482808
CPU [0] UID 1002 comm: gen_fast, count: 482949
CPU [0] UID 1002 comm: gen_fast, count: 483049
CPU [0] UID 1002 comm: gen_fast, count: 483100
CPU [0] UID 1002 comm: gen_fast, count: 483200
CPU [0] UID 1002 comm: gen_fast, count: 483325
CPU [0] UID 1002 comm: gen_fast, count: 483456
CPU [0] UID 1002 comm: gen_fast, count: 483500
CPU [0] UID 1002 comm: gen_fast, count: 483600
CPU [0] UID 1002 comm: gen_fast, count: 483726
CPU [0] UID 1002 comm: gen_fast, count: 483837
CPU [0] UID 1002 comm: gen_fast, count: 483983
CPU [0] UID 1002 comm: gen_fast, count: 484000
CPU [0] UID 1002 comm: gen_fast, count: 484111
CPU [0] UID 1002 comm: gen_fast, count: 484229
CPU [0] UID 1002 comm: gen_fast, count: 484371
CPU [0] UID 1002 comm: gen_fast, count: 484400
CPU [0] UID 1002 comm: gen_fast, count: 484500
CPU [0] UID 1002 comm: gen_fast, count: 484626
CPU [0] UID 1002 comm: gen_fast, count: 484700
CPU [0] UID 1002 comm: gen_fast, count: 484830
CPU [0] UID 1002 comm: gen_fast, count: 484900
CPU [0] UID 1002 comm: gen_fast, count: 485046
CPU [0] UID 1002 comm: gen_fast, count: 485103
CPU [0] UID 1002 comm: gen_fast, count: 485200
CPU [0] UID 1002 comm: gen_fast, count: 485355
CPU [0] UID 1002 comm: gen_fast, count: 485400
CPU [0] UID 1002 comm: gen_fast, count: 485521
CPU [0] UID 1002 comm: gen_fast, count: 485653
CPU [0] UID 1002 comm: gen_fast, count: 485779
CPU [0] UID 1002 comm: gen_fast, count: 485800
CPU [0] UID 1002 comm: gen_fast, count: 485926
CPU [0] UID 1002 comm: gen_fast, count: 486151
CPU [0] UID 1002 comm: gen_fast, count: 486151
CPU [0] UID 1002 comm: gen_fast, count: 486266
CPU [0] UID 1002 comm: gen_fast, count: 486300
CPU [0] UID 1002 comm: gen_fast, count: 486400
CPU [0] UID 1002 comm: gen_fast, count: 486501
CPU [0] UID 1002 comm: gen_fast, count: 486628
CPU [0] UID 1002 comm: gen_fast, count: 486742
CPU [0] UID 1002 comm: gen_fast, count: 486862
CPU [0] UID 1002 comm: gen_fast, count: 486900
CPU [0] UID 1002 comm: gen_fast, count: 487000
CPU [0] UID 1002 comm: gen_fast, count: 487101
CPU [0] UID 1002 comm: gen_fast, count: 487200
CPU [0] UID 1002 comm: gen_fast, count: 487333
CPU [0] UID 1002 comm: gen_fast, count: 487400
CPU [0] UID 1002 comm: gen_fast, count: 487500
CPU [0] UID 1002 comm: gen_fast, count: 487626
CPU [0] UID 1002 comm: gen_fast, count: 487770
CPU [0] UID 1002 comm: gen_fast, count: 487800
CPU [0] UID 1002 comm: gen_fast, count: 487934
CPU [0] UID 1002 comm: gen_fast, count: 488106
CPU [0] UID 1002 comm: gen_fast, count: 488106
CPU [0] UID 1002 comm: gen_fast, count: 488206
CPU [0] UID 1002 comm: gen_fast, count: 488300
CPU [0] UID 1002 comm: gen_fast, count: 488437
CPU [0] UID 1002 comm: gen_fast, count: 488595
CPU [0] UID 1002 comm: gen_fast, count: 488600
CPU [0] UID 1002 comm: gen_fast, count: 488753
CPU [0] UID 1002 comm: gen_fast, count: 488909
CPU [0] UID 1002 comm: gen_fast, count: 488909
CPU [0] UID 1002 comm: gen_fast, count: 489049
CPU [0] UID 1002 comm: gen_fast, count: 489100
CPU [0] UID 1002 comm: gen_fast, count: 489321
CPU [0] UID 1002 comm: gen_fast, count: 489321
CPU [0] UID 1002 comm: gen_fast, count: 489441
CPU [0] UID 1002 comm: gen_fast, count: 489579
CPU [0] UID 1002 comm: gen_fast, count: 489600
CPU [0] UID 1002 comm: gen_fast, count: 489714
CPU [0] UID 1002 comm: gen_fast, count: 489800
CPU [0] UID 1002 comm: gen_fast, count: 489900
CPU [0] UID 1002 comm: gen_fast, count: 490019
CPU [0] UID 1002 comm: gen_fast, count: 490151
CPU [0] UID 1002 comm: gen_fast, count: 490200
CPU [0] UID 1002 comm: gen_fast, count: 490300
CPU [0] UID 1002 comm: gen_fast, count: 490404
CPU [0] UID 1002 comm: gen_fast, count: 490556
CPU [0] UID 1002 comm: gen_fast, count: 490633
CPU [0] UID 1002 comm: gen_fast, count: 490769
CPU [0] UID 1002 comm: gen_fast, count: 490811
CPU [0] UID 1002 comm: gen_fast, count: 490906
CPU [0] UID 1002 comm: gen_fast, count: 491002
CPU [0] UID 1002 comm: gen_fast, count: 491120
CPU [0] UID 1002 comm: gen_fast, count: 491245
CPU [0] UID 1002 comm: gen_fast, count: 491352
CPU [0] UID 1002 comm: gen_fast, count: 491491
CPU [0] UID 1002 comm: gen_fast, count: 491500
CPU [0] UID 1002 comm: gen_fast, count: 491600
CPU [0] UID 1002 comm: gen_fast, count: 491719
CPU [0] UID 1002 comm: gen_fast, count: 491845
CPU [0] UID 1002 comm: gen_fast, count: 491965
CPU [0] UID 1002 comm: gen_fast, count: 492110
CPU [0] UID 1002 comm: gen_fast, count: 492110
CPU [0] UID 1002 comm: gen_fast, count: 492266
CPU [0] UID 1002 comm: gen_fast, count: 492300
CPU [0] UID 1002 comm: gen_fast, count: 492421
CPU [0] UID 1002 comm: gen_fast, count: 492570
CPU [0] UID 1002 comm: gen_fast, count: 492600
CPU [0] UID 1002 comm: gen_fast, count: 492700
CPU [0] UID 1002 comm: gen_fast, count: 492853
CPU [0] UID 1002 comm: gen_fast, count: 492914
CPU [0] UID 1002 comm: gen_fast, count: 493006
CPU [0] UID 1002 comm: gen_fast, count: 493118
CPU [0] UID 1002 comm: gen_fast, count: 493303
CPU [0] UID 1002 comm: gen_fast, count: 493303
CPU [0] UID 1002 comm: gen_fast, count: 493400
CPU [0] UID 1002 comm: gen_fast, count: 493500
CPU [0] UID 1002 comm: gen_fast, count: 493629
CPU [0] UID 1002 comm: gen_fast, count: 493700
CPU [0] UID 1002 comm: gen_fast, count: 493807
CPU [0] UID 1002 comm: gen_fast, count: 493911
CPU [0] UID 1002 comm: gen_fast, count: 494040
CPU [0] UID 1002 comm: gen_fast, count: 494169
CPU [0] UID 1002 comm: gen_fast, count: 494200
CPU [0] UID 1002 comm: gen_fast, count: 494300
CPU [0] UID 1002 comm: gen_fast, count: 494420
CPU [0] UID 1002 comm: gen_fast, count: 494500
CPU [0] UID 1002 comm: gen_fast, count: 494635
CPU [0] UID 1002 comm: gen_fast, count: 494719
CPU [0] UID 1002 comm: gen_fast, count: 494852
CPU [0] UID 1002 comm: gen_fast, count: 494900
CPU [0] UID 1002 comm: gen_fast, count: 495029
CPU [0] UID 1002 comm: gen_fast, count: 495166
CPU [0] UID 1002 comm: gen_fast, count: 495200
CPU [0] UID 1002 comm: gen_fast, count: 495324
CPU [0] UID 1002 comm: gen_fast, count: 495400
CPU [0] UID 1002 comm: gen_fast, count: 495523
CPU [0] UID 1002 comm: gen_fast, count: 495668
CPU [0] UID 1002 comm: gen_fast, count: 495700
CPU [0] UID 1002 comm: gen_fast, count: 495817
CPU [0] UID 1002 comm: gen_fast, count: 495951
CPU [0] UID 1002 comm: gen_fast, count: 496000
CPU [0] UID 1002 comm: gen_fast, count: 496100
CPU [0] UID 1002 comm: gen_fast, count: 496260
CPU [0] UID 1002 comm: gen_fast, count: 496300
CPU [0] UID 1002 comm: gen_fast, count: 496400
CPU [0] UID 1002 comm: gen_fast, count: 496500
CPU [0] UID 1002 comm: gen_fast, count: 496635
CPU [0] UID 1002 comm: gen_fast, count: 496700
CPU [0] UID 1002 comm: gen_fast, count: 496800
CPU [0] UID 1002 comm: gen_fast, count: 496927
CPU [0] UID 1002 comm: gen_fast, count: 497000
CPU [0] UID 1002 comm: gen_fast, count: 497110
CPU [0] UID 1002 comm: gen_fast, count: 497200
CPU [0] UID 1002 comm: gen_fast, count: 497324
CPU [0] UID 1002 comm: gen_fast, count: 497411
CPU [0] UID 1002 comm: gen_fast, count: 497612
CPU [0] UID 1002 comm: gen_fast, count: 497612
CPU [0] UID 1002 comm: gen_fast, count: 497700
CPU [0] UID 1002 comm: gen_fast, count: 497800
CPU [0] UID 1002 comm: gen_fast, count: 497955
CPU [0] UID 1002 comm: gen_fast, count: 498041
CPU [0] UID 1002 comm: gen_fast, count: 498248
CPU [0] UID 1002 comm: gen_fast, count: 498248
CPU [0] UID 1002 comm: gen_fast, count: 498300
CPU [0] UID 1002 comm: gen_fast, count: 498425
CPU [0] UID 1002 comm: gen_fast, count: 498621
CPU [0] UID 1002 comm: gen_fast, count: 498621
CPU [0] UID 1002 comm: gen_fast, count: 498700
CPU [0] UID 1002 comm: gen_fast, count: 498803
CPU [0] UID 1002 comm: gen_fast, count: 498933
CPU [0] UID 1002 comm: gen_fast, count: 499000
CPU [0] UID 1002 comm: gen_fast, count: 499100
CPU [0] UID 1002 comm: gen_fast, count: 499220
CPU [0] UID 1002 comm: gen_fast, count: 499372
CPU [0] UID 1002 comm: gen_fast, count: 499400
CPU [0] UID 1002 comm: gen_fast, count: 499510
CPU [0] UID 1002 comm: gen_fast, count: 499609
CPU [0] UID 1002 comm: gen_fast, count: 499749
CPU [0] UID 1002 comm: gen_fast, count: 499884
CPU [0] UID 1002 comm: gen_fast, count: 499900
CPU [0] UID 1002 comm: gen_fast, count: 500010
CPU [0] UID 1002 comm: gen_fast, count: 500128
CPU [0] UID 1002 comm: gen_fast, count: 500307
CPU [0] UID 1002 comm: gen_fast, count: 500307
CPU [0] UID 1002 comm: gen_fast, count: 500400
CPU [0] UID 1002 comm: gen_fast, count: 500527
CPU [0] UID 1002 comm: gen_fast, count: 500600
CPU [0] UID 1002 comm: gen_fast, count: 500703
CPU [0] UID 1002 comm: gen_fast, count: 500800
CPU [0] UID 1002 comm: gen_fast, count: 500915
CPU [0] UID 1002 comm: gen_fast, count: 501067
CPU [0] UID 1002 comm: gen_fast, count: 501212
CPU [0] UID 1002 comm: gen_fast, count: 501212
CPU [0] UID 1002 comm: gen_fast, count: 501326
CPU [0] UID 1002 comm: gen_fast, count: 501416
CPU [0] UID 1002 comm: gen_fast, count: 501589
CPU [0] UID 1002 comm: gen_fast, count: 501600
CPU [0] UID 1002 comm: gen_fast, count: 501755
CPU [0] UID 1002 comm: gen_fast, count: 501800
CPU [0] UID 1002 comm: gen_fast, count: 501910
CPU [0] UID 1002 comm: gen_fast, count: 502116
CPU [0] UID 1002 comm: gen_fast, count: 502116
CPU [0] UID 1002 comm: gen_fast, count: 502289
CPU [0] UID 1002 comm: gen_fast, count: 502300
CPU [0] UID 1002 comm: gen_fast, count: 502465
CPU [0] UID 1002 comm: gen_fast, count: 502500
CPU [0] UID 1002 comm: gen_fast, count: 502604
CPU [0] UID 1002 comm: gen_fast, count: 502700
CPU [0] UID 1002 comm: gen_fast, count: 502800
CPU [0] UID 1002 comm: gen_fast, count: 502928
CPU [0] UID 1002 comm: gen_fast, count: 503000
CPU [0] UID 1002 comm: gen_fast, count: 503143
CPU [0] UID 1002 comm: gen_fast, count: 503200
CPU [0] UID 1002 comm: gen_fast, count: 503313
CPU [0] UID 1002 comm: gen_fast, count: 503452
CPU [0] UID 1002 comm: gen_fast, count: 503500
CPU [0] UID 1002 comm: gen_fast, count: 503602
CPU [0] UID 1002 comm: gen_fast, count: 503720
CPU [0] UID 1002 comm: gen_fast, count: 503811
CPU [0] UID 1002 comm: gen_fast, count: 503956
CPU [0] UID 1002 comm: gen_fast, count: 504079
CPU [0] UID 1002 comm: gen_fast, count: 504100
CPU [0] UID 1002 comm: gen_fast, count: 504233
CPU [0] UID 1002 comm: gen_fast, count: 504300
CPU [0] UID 1002 comm: gen_fast, count: 504435
CPU [0] UID 1002 comm: gen_fast, count: 504522
CPU [0] UID 1002 comm: gen_fast, count: 504600
CPU [0] UID 1002 comm: gen_fast, count: 504700
CPU [0] UID 1002 comm: gen_fast, count: 504857
CPU [0] UID 1002 comm: gen_fast, count: 504900
CPU [0] UID 1002 comm: gen_fast, count: 505066
CPU [0] UID 1002 comm: gen_fast, count: 505100
CPU [0] UID 1002 comm: gen_fast, count: 505200
CPU [0] UID 1002 comm: gen_fast, count: 505340
CPU [0] UID 1002 comm: gen_fast, count: 505400
CPU [0] UID 1002 comm: gen_fast, count: 505520
CPU [0] UID 1002 comm: gen_fast, count: 505674
CPU [0] UID 1002 comm: gen_fast, count: 505700
CPU [0] UID 1002 comm: gen_fast, count: 505815
CPU [0] UID 1002 comm: gen_fast, count: 505995
CPU [0] UID 1002 comm: gen_fast, count: 506000
CPU [0] UID 1002 comm: gen_fast, count: 506100
CPU [0] UID 1002 comm: gen_fast, count: 506267
CPU [0] UID 1002 comm: gen_fast, count: 506300
CPU [0] UID 1002 comm: gen_fast, count: 506521
CPU [0] UID 1002 comm: gen_fast, count: 506521
CPU [0] UID 1002 comm: gen_fast, count: 506677
CPU [0] UID 1002 comm: gen_fast, count: 506700
CPU [0] UID 1002 comm: gen_fast, count: 506822
CPU [0] UID 1002 comm: gen_fast, count: 506900
CPU [0] UID 1002 comm: gen_fast, count: 507040
CPU [0] UID 1002 comm: gen_fast, count: 507104
CPU [0] UID 1002 comm: gen_fast, count: 507200
CPU [0] UID 1002 comm: gen_fast, count: 507368
CPU [0] UID 1002 comm: gen_fast, count: 507400
CPU [0] UID 1002 comm: gen_fast, count: 507509
CPU [0] UID 1002 comm: gen_fast, count: 507646
CPU [0] UID 1002 comm: gen_fast, count: 507821
CPU [0] UID 1002 comm: gen_fast, count: 507821
CPU [0] UID 1002 comm: gen_fast, count: 508051
CPU [0] UID 1002 comm: gen_fast, count: 508051
CPU [0] UID 1002 comm: gen_fast, count: 508104
CPU [0] UID 1002 comm: gen_fast, count: 508243
CPU [0] UID 1002 comm: gen_fast, count: 508311
CPU [0] UID 1002 comm: gen_fast, count: 508482
CPU [0] UID 1002 comm: gen_fast, count: 508500
CPU [0] UID 1002 comm: gen_fast, count: 508615
CPU [0] UID 1002 comm: gen_fast, count: 508700
CPU [0] UID 1002 comm: gen_fast, count: 508812
CPU [0] UID 1002 comm: gen_fast, count: 508904
CPU [0] UID 1002 comm: gen_fast, count: 509053
CPU [0] UID 1002 comm: gen_fast, count: 509100
CPU [0] UID 1002 comm: gen_fast, count: 509200
CPU [0] UID 1002 comm: gen_fast, count: 509359
CPU [0] UID 1002 comm: gen_fast, count: 509400
CPU [0] UID 1002 comm: gen_fast, count: 509500
CPU [0] UID 1002 comm: gen_fast, count: 509620
CPU [0] UID 1002 comm: gen_fast, count: 509767
CPU [0] UID 1002 comm: gen_fast, count: 509800
CPU [0] UID 1002 comm: gen_fast, count: 509913
CPU [0] UID 1002 comm: gen_fast, count: 510040
CPU [0] UID 1002 comm: gen_fast, count: 510116
CPU [0] UID 1002 comm: gen_fast, count: 510200
CPU [0] UID 1002 comm: gen_fast, count: 510329
CPU [0] UID 1002 comm: gen_fast, count: 510403
CPU [0] UID 1002 comm: gen_fast, count: 510523
CPU [0] UID 1002 comm: gen_fast, count: 510661
CPU [0] UID 1002 comm: gen_fast, count: 510802
CPU [0] UID 1002 comm: gen_fast, count: 510802
CPU [0] UID 1002 comm: gen_fast, count: 510946
CPU [0] UID 1002 comm: gen_fast, count: 511142
CPU [0] UID 1002 comm: gen_fast, count: 511142
CPU [0] UID 1002 comm: gen_fast, count: 511200
CPU [0] UID 1002 comm: gen_fast, count: 511350
CPU [0] UID 1002 comm: gen_fast, count: 511400
CPU [0] UID 1002 comm: gen_fast, count: 511530
CPU [0] UID 1002 comm: gen_fast, count: 511608
CPU [0] UID 1002 comm: gen_fast, count: 511797
CPU [0] UID 1002 comm: gen_fast, count: 511800
CPU [0] UID 1002 comm: gen_fast, count: 511902
CPU [0] UID 1002 comm: gen_fast, count: 512000
CPU [0] UID 1002 comm: gen_fast, count: 512122
CPU [0] UID 1002 comm: gen_fast, count: 512289
CPU [0] UID 1002 comm: gen_fast, count: 512300
CPU [0] UID 1002 comm: gen_fast, count: 512476
CPU [0] UID 1002 comm: gen_fast, count: 512500
CPU [0] UID 1002 comm: gen_fast, count: 512651
CPU [0] UID 1002 comm: gen_fast, count: 512727
CPU [0] UID 1002 comm: gen_fast, count: 512818
CPU [0] UID 1002 comm: gen_fast, count: 512959
CPU [0] UID 1002 comm: gen_fast, count: 513082
CPU [0] UID 1002 comm: gen_fast, count: 513138
CPU [0] UID 1002 comm: gen_fast, count: 513200
CPU [0] UID 1002 comm: gen_fast, count: 513300
CPU [0] UID 1002 comm: gen_fast, count: 513400
CPU [0] UID 1002 comm: gen_fast, count: 513502
CPU [0] UID 1002 comm: gen_fast, count: 513612
CPU [0] UID 1002 comm: gen_fast, count: 513718
CPU [0] UID 1002 comm: gen_fast, count: 513856
CPU [0] UID 1002 comm: gen_fast, count: 513970
CPU [0] UID 1002 comm: gen_fast, count: 514104
CPU [0] UID 1002 comm: gen_fast, count: 514104
CPU [0] UID 1002 comm: gen_fast, count: 514213
CPU [0] UID 1002 comm: gen_fast, count: 514337
CPU [0] UID 1002 comm: gen_fast, count: 514400
CPU [0] UID 1002 comm: gen_fast, count: 514503
CPU [0] UID 1002 comm: gen_fast, count: 514663
CPU [0] UID 1002 comm: gen_fast, count: 514700
CPU [0] UID 1002 comm: gen_fast, count: 514835
CPU [0] UID 1002 comm: gen_fast, count: 515017
CPU [0] UID 1002 comm: gen_fast, count: 515017
CPU [0] UID 1002 comm: gen_fast, count: 515100
CPU [0] UID 1002 comm: gen_fast, count: 515216
CPU [0] UID 1002 comm: gen_fast, count: 515383
CPU [0] UID 1002 comm: gen_fast, count: 515400
CPU [0] UID 1002 comm: gen_fast, count: 515532
CPU [0] UID 1002 comm: gen_fast, count: 515600
CPU [0] UID 1002 comm: gen_fast, count: 515727
CPU [0] UID 1002 comm: gen_fast, count: 515893
CPU [0] UID 1002 comm: gen_fast, count: 515900
CPU [0] UID 1002 comm: gen_fast, count: 516020
CPU [0] UID 1002 comm: gen_fast, count: 516137
CPU [0] UID 1002 comm: gen_fast, count: 516249
CPU [0] UID 1002 comm: gen_fast, count: 516378
CPU [0] UID 1002 comm: gen_fast, count: 516400
CPU [0] UID 1002 comm: gen_fast, count: 516530
CPU [0] UID 1002 comm: gen_fast, count: 516673
CPU [0] UID 1002 comm: gen_fast, count: 516700
CPU [0] UID 1002 comm: gen_fast, count: 516822
CPU [0] UID 1002 comm: gen_fast, count: 516963
CPU [0] UID 1002 comm: gen_fast, count: 517000
CPU [0] UID 1002 comm: gen_fast, count: 517120
CPU [0] UID 1002 comm: gen_fast, count: 517200
CPU [0] UID 1002 comm: gen_fast, count: 517372
CPU [0] UID 1002 comm: gen_fast, count: 517400
CPU [0] UID 1002 comm: gen_fast, count: 517544
CPU [0] UID 1002 comm: gen_fast, count: 517600
CPU [0] UID 1002 comm: gen_fast, count: 517700
CPU [0] UID 1002 comm: gen_fast, count: 517884
CPU [0] UID 1002 comm: gen_fast, count: 517900
CPU [0] UID 1002 comm: gen_fast, count: 518000
CPU [0] UID 1002 comm: gen_fast, count: 518134
CPU [0] UID 1002 comm: gen_fast, count: 518217
CPU [0] UID 1002 comm: gen_fast, count: 518300
CPU [0] UID 1002 comm: gen_fast, count: 518470
CPU [0] UID 1002 comm: gen_fast, count: 518500
CPU [0] UID 1002 comm: gen_fast, count: 518651
CPU [0] UID 1002 comm: gen_fast, count: 518735
CPU [0] UID 1002 comm: gen_fast, count: 518800
CPU [0] UID 1002 comm: gen_fast, count: 518900
CPU [0] UID 1002 comm: gen_fast, count: 519106
CPU [0] UID 1002 comm: gen_fast, count: 519106
CPU [0] UID 1002 comm: gen_fast, count: 519284
CPU [0] UID 1002 comm: gen_fast, count: 519300
CPU [0] UID 1002 comm: gen_fast, count: 519400
CPU [0] UID 1002 comm: gen_fast, count: 519500
CPU [0] UID 1002 comm: gen_fast, count: 519697
CPU [0] UID 1002 comm: gen_fast, count: 519700
CPU [0] UID 1002 comm: gen_fast, count: 519806
CPU [0] UID 1002 comm: gen_fast, count: 519942
CPU [0] UID 1002 comm: gen_fast, count: 520000
CPU [0] UID 1002 comm: gen_fast, count: 520106
CPU [0] UID 1002 comm: gen_fast, count: 520250
CPU [0] UID 1002 comm: gen_fast, count: 520360
CPU [0] UID 1002 comm: gen_fast, count: 520495
CPU [0] UID 1002 comm: gen_fast, count: 520500
CPU [0] UID 1002 comm: gen_fast, count: 520600
CPU [0] UID 1002 comm: gen_fast, count: 520737
CPU [0] UID 1002 comm: gen_fast, count: 520883
CPU [0] UID 1002 comm: gen_fast, count: 520900
CPU [0] UID 1002 comm: gen_fast, count: 521026
CPU [0] UID 1002 comm: gen_fast, count: 521100
CPU [0] UID 1002 comm: gen_fast, count: 521214
CPU [0] UID 1002 comm: gen_fast, count: 521365
CPU [0] UID 1002 comm: gen_fast, count: 521400
CPU [0] UID 1002 comm: gen_fast, count: 521500
CPU [0] UID 1002 comm: gen_fast, count: 521616
CPU [0] UID 1002 comm: gen_fast, count: 521710
CPU [0] UID 1002 comm: gen_fast, count: 521800
CPU [0] UID 1002 comm: gen_fast, count: 521926
CPU [0] UID 1002 comm: gen_fast, count: 522082
CPU [0] UID 1002 comm: gen_fast, count: 522100
CPU [0] UID 1002 comm: gen_fast, count: 522239
CPU [0] UID 1002 comm: gen_fast, count: 522345
CPU [0] UID 1002 comm: gen_fast, count: 522400
CPU [0] UID 1002 comm: gen_fast, count: 522507
CPU [0] UID 1002 comm: gen_fast, count: 522601
CPU [0] UID 1002 comm: gen_fast, count: 522714
CPU [0] UID 1002 comm: gen_fast, count: 522873
CPU [0] UID 1002 comm: gen_fast, count: 522900
CPU [0] UID 1002 comm: gen_fast, count: 523019
CPU [0] UID 1002 comm: gen_fast, count: 523146
CPU [0] UID 1002 comm: gen_fast, count: 523274
CPU [0] UID 1002 comm: gen_fast, count: 523327
CPU [0] UID 1002 comm: gen_fast, count: 523454
CPU [0] UID 1002 comm: gen_fast, count: 523583
CPU [0] UID 1002 comm: gen_fast, count: 523600
CPU [0] UID 1002 comm: gen_fast, count: 523710
CPU [0] UID 1002 comm: gen_fast, count: 523846
CPU [0] UID 1002 comm: gen_fast, count: 523900
CPU [0] UID 1002 comm: gen_fast, count: 524005
CPU [0] UID 1002 comm: gen_fast, count: 524121
CPU [0] UID 1002 comm: gen_fast, count: 524222
CPU [0] UID 1002 comm: gen_fast, count: 524407
CPU [0] UID 1002 comm: gen_fast, count: 524407
CPU [0] UID 1002 comm: gen_fast, count: 524547
CPU [0] UID 1002 comm: gen_fast, count: 524614
CPU [0] UID 1002 comm: gen_fast, count: 524702
CPU [0] UID 1002 comm: gen_fast, count: 524887
CPU [0] UID 1002 comm: gen_fast, count: 524900
CPU [0] UID 1002 comm: gen_fast, count: 525055
CPU [0] UID 1002 comm: gen_fast, count: 525100
CPU [0] UID 1002 comm: gen_fast, count: 525200
CPU [0] UID 1002 comm: gen_fast, count: 525351
CPU [0] UID 1002 comm: gen_fast, count: 525416
CPU [0] UID 1002 comm: gen_fast, count: 525502
CPU [0] UID 1002 comm: gen_fast, count: 525671
CPU [0] UID 1002 comm: gen_fast, count: 525700
CPU [0] UID 1002 comm: gen_fast, count: 525800
CPU [0] UID 1002 comm: gen_fast, count: 525971
CPU [0] UID 1002 comm: gen_fast, count: 526000
CPU [0] UID 1002 comm: gen_fast, count: 526121
CPU [0] UID 1002 comm: gen_fast, count: 526211
CPU [0] UID 1002 comm: gen_fast, count: 526406
CPU [0] UID 1002 comm: gen_fast, count: 526406
CPU [0] UID 1002 comm: gen_fast, count: 526500
CPU [0] UID 1002 comm: gen_fast, count: 526600
CPU [0] UID 1002 comm: gen_fast, count: 526718
CPU [0] UID 1002 comm: gen_fast, count: 526816
CPU [0] UID 1002 comm: gen_fast, count: 526944
CPU [0] UID 1002 comm: gen_fast, count: 527078
CPU [0] UID 1002 comm: gen_fast, count: 527100
CPU [0] UID 1002 comm: gen_fast, count: 527233
CPU [0] UID 1002 comm: gen_fast, count: 527303
CPU [0] UID 1002 comm: gen_fast, count: 527400
CPU [0] UID 1002 comm: gen_fast, count: 527543
CPU [0] UID 1002 comm: gen_fast, count: 527687
CPU [0] UID 1002 comm: gen_fast, count: 527700
CPU [0] UID 1002 comm: gen_fast, count: 527833
CPU [0] UID 1002 comm: gen_fast, count: 527953
CPU [0] UID 1002 comm: gen_fast, count: 528006
CPU [0] UID 1002 comm: gen_fast, count: 528133
CPU [0] UID 1002 comm: gen_fast, count: 528200
CPU [0] UID 1002 comm: gen_fast, count: 528300
CPU [0] UID 1002 comm: gen_fast, count: 528435
CPU [0] UID 1002 comm: gen_fast, count: 528500
CPU [0] UID 1002 comm: gen_fast, count: 528666
CPU [0] UID 1002 comm: gen_fast, count: 528700
CPU [0] UID 1002 comm: gen_fast, count: 528800
CPU [0] UID 1002 comm: gen_fast, count: 528900
CPU [0] UID 1002 comm: gen_fast, count: 529014
CPU [0] UID 1002 comm: gen_fast, count: 529198
CPU [0] UID 1002 comm: gen_fast, count: 529200
CPU [0] UID 1002 comm: gen_fast, count: 529355
CPU [0] UID 1002 comm: gen_fast, count: 529400
CPU [0] UID 1002 comm: gen_fast, count: 529519
CPU [0] UID 1002 comm: gen_fast, count: 529663
CPU [0] UID 1002 comm: gen_fast, count: 529700
CPU [0] UID 1002 comm: gen_fast, count: 529800
CPU [0] UID 1002 comm: gen_fast, count: 529929
CPU [0] UID 1002 comm: gen_fast, count: 530000
CPU [0] UID 1002 comm: gen_fast, count: 530100
CPU [0] UID 1002 comm: gen_fast, count: 530242
CPU [0] UID 1002 comm: gen_fast, count: 530300
CPU [0] UID 1002 comm: gen_fast, count: 530512
CPU [0] UID 1002 comm: gen_fast, count: 530512
CPU [0] UID 1002 comm: gen_fast, count: 530643
CPU [0] UID 1002 comm: gen_fast, count: 530770
CPU [0] UID 1002 comm: gen_fast, count: 530800
CPU [0] UID 1002 comm: gen_fast, count: 530900
CPU [0] UID 1002 comm: gen_fast, count: 531000
CPU [0] UID 1002 comm: gen_fast, count: 531178
CPU [0] UID 1002 comm: gen_fast, count: 531232
CPU [0] UID 1002 comm: gen_fast, count: 531300
CPU [0] UID 1002 comm: gen_fast, count: 531424
CPU [0] UID 1002 comm: gen_fast, count: 531539
CPU [0] UID 1002 comm: gen_fast, count: 531604
CPU [0] UID 1002 comm: gen_fast, count: 531726
CPU [0] UID 1002 comm: gen_fast, count: 531859
CPU [0] UID 1002 comm: gen_fast, count: 531915
CPU [0] UID 1002 comm: gen_fast, count: 532009
CPU [0] UID 1002 comm: gen_fast, count: 532100
CPU [0] UID 1002 comm: gen_fast, count: 532241
CPU [0] UID 1002 comm: gen_fast, count: 532415
CPU [0] UID 1002 comm: gen_fast, count: 532415
CPU [0] UID 1002 comm: gen_fast, count: 532545
CPU [0] UID 1002 comm: gen_fast, count: 532600
CPU [0] UID 1002 comm: gen_fast, count: 532700
CPU [0] UID 1002 comm: gen_fast, count: 532821
CPU [0] UID 1002 comm: gen_fast, count: 532984
CPU [0] UID 1002 comm: gen_fast, count: 533000
CPU [0] UID 1002 comm: gen_fast, count: 533153
CPU [0] UID 1002 comm: gen_fast, count: 533200
CPU [0] UID 1002 comm: gen_fast, count: 533300
CPU [0] UID 1002 comm: gen_fast, count: 533444
CPU [0] UID 1002 comm: gen_fast, count: 533500
CPU [0] UID 1002 comm: gen_fast, count: 533623
CPU [0] UID 1002 comm: gen_fast, count: 533758
CPU [0] UID 1002 comm: gen_fast, count: 533800
CPU [0] UID 1002 comm: gen_fast, count: 533925
CPU [0] UID 1002 comm: gen_fast, count: 534052
CPU [0] UID 1002 comm: gen_fast, count: 534100
CPU [0] UID 1002 comm: gen_fast, count: 534213
CPU [0] UID 1002 comm: gen_fast, count: 534300
CPU [0] UID 1002 comm: gen_fast, count: 534425
CPU [0] UID 1002 comm: gen_fast, count: 534520
CPU [0] UID 1002 comm: gen_fast, count: 534637
CPU [0] UID 1002 comm: gen_fast, count: 534769
CPU [0] UID 1002 comm: gen_fast, count: 534915
CPU [0] UID 1002 comm: gen_fast, count: 534915
CPU [0] UID 1002 comm: gen_fast, count: 535034
CPU [0] UID 1002 comm: gen_fast, count: 535275
CPU [0] UID 1002 comm: gen_fast, count: 535275
CPU [0] UID 1002 comm: gen_fast, count: 535300
CPU [0] UID 1002 comm: gen_fast, count: 535406
CPU [0] UID 1002 comm: gen_fast, count: 535527
CPU [0] UID 1002 comm: gen_fast, count: 535663
CPU [0] UID 1002 comm: gen_fast, count: 535700
CPU [0] UID 1002 comm: gen_fast, count: 535800
CPU [0] UID 1002 comm: gen_fast, count: 535912
CPU [0] UID 1002 comm: gen_fast, count: 536030
CPU [0] UID 1002 comm: gen_fast, count: 536176
CPU [0] UID 1002 comm: gen_fast, count: 536200
CPU [0] UID 1002 comm: gen_fast, count: 536300
CPU [0] UID 1002 comm: gen_fast, count: 536419
CPU [0] UID 1002 comm: gen_fast, count: 536500
CPU [0] UID 1002 comm: gen_fast, count: 536610
CPU [0] UID 1002 comm: gen_fast, count: 536700
CPU [0] UID 1002 comm: gen_fast, count: 536843
CPU [0] UID 1002 comm: gen_fast, count: 536990
CPU [0] UID 1002 comm: gen_fast, count: 537000
CPU [0] UID 1002 comm: gen_fast, count: 537100
CPU [0] UID 1002 comm: gen_fast, count: 537200
CPU [0] UID 1002 comm: gen_fast, count: 537300
CPU [0] UID 1002 comm: gen_fast, count: 537435
CPU [0] UID 1002 comm: gen_fast, count: 537573
CPU [0] UID 1002 comm: gen_fast, count: 537600
CPU [0] UID 1002 comm: gen_fast, count: 537725
CPU [0] UID 1002 comm: gen_fast, count: 537800
CPU [0] UID 1002 comm: gen_fast, count: 537941
CPU [0] UID 1002 comm: gen_fast, count: 538081
CPU [0] UID 1002 comm: gen_fast, count: 538100
CPU [0] UID 1002 comm: gen_fast, count: 538208
CPU [0] UID 1002 comm: gen_fast, count: 538344
CPU [0] UID 1002 comm: gen_fast, count: 538400
CPU [0] UID 1002 comm: gen_fast, count: 538500
CPU [0] UID 1002 comm: gen_fast, count: 538648
CPU [0] UID 1002 comm: gen_fast, count: 538700
CPU [0] UID 1002 comm: gen_fast, count: 538816
CPU [0] UID 1002 comm: gen_fast, count: 538954
CPU [0] UID 1002 comm: gen_fast, count: 539141
CPU [0] UID 1002 comm: gen_fast, count: 539141
CPU [0] UID 1002 comm: gen_fast, count: 539200
CPU [0] UID 1002 comm: gen_fast, count: 539300
CPU [0] UID 1002 comm: gen_fast, count: 539435
CPU [0] UID 1002 comm: gen_fast, count: 539500
CPU [0] UID 1002 comm: gen_fast, count: 539600
CPU [0] UID 1002 comm: gen_fast, count: 539748
CPU [0] UID 1002 comm: gen_fast, count: 539949
CPU [0] UID 1002 comm: gen_fast, count: 539949
CPU [0] UID 1002 comm: gen_fast, count: 540000
CPU [0] UID 1002 comm: gen_fast, count: 540113
CPU [0] UID 1002 comm: gen_fast, count: 540201
CPU [0] UID 1002 comm: gen_fast, count: 540338
CPU [0] UID 1002 comm: gen_fast, count: 540475
CPU [0] UID 1002 comm: gen_fast, count: 540500
CPU [0] UID 1002 comm: gen_fast, count: 540600
CPU [0] UID 1002 comm: gen_fast, count: 540747
CPU [0] UID 1002 comm: gen_fast, count: 540943
CPU [0] UID 1002 comm: gen_fast, count: 540943
CPU [0] UID 1002 comm: gen_fast, count: 541000
CPU [0] UID 1002 comm: gen_fast, count: 541120
CPU [0] UID 1002 comm: gen_fast, count: 541217
CPU [0] UID 1002 comm: gen_fast, count: 541386
CPU [0] UID 1002 comm: gen_fast, count: 541400
CPU [0] UID 1002 comm: gen_fast, count: 541500
CPU [0] UID 1002 comm: gen_fast, count: 541600
CPU [0] UID 1002 comm: gen_fast, count: 541700
CPU [0] UID 1002 comm: gen_fast, count: 541815
CPU [0] UID 1002 comm: gen_fast, count: 541952
CPU [0] UID 1002 comm: gen_fast, count: 542073
CPU [0] UID 1002 comm: gen_fast, count: 542100
CPU [0] UID 1002 comm: gen_fast, count: 542253
CPU [0] UID 1002 comm: gen_fast, count: 542300
CPU [0] UID 1002 comm: gen_fast, count: 542463
CPU [0] UID 1002 comm: gen_fast, count: 542500
CPU [0] UID 1002 comm: gen_fast, count: 542732
CPU [0] UID 1002 comm: gen_fast, count: 542732
CPU [0] UID 1002 comm: gen_fast, count: 542911
CPU [0] UID 1002 comm: gen_fast, count: 542911
CPU [0] UID 1002 comm: gen_fast, count: 543000
CPU [0] UID 1002 comm: gen_fast, count: 543142
CPU [0] UID 1002 comm: gen_fast, count: 543359
CPU [0] UID 1002 comm: gen_fast, count: 543359
CPU [0] UID 1002 comm: gen_fast, count: 543400
CPU [0] UID 1002 comm: gen_fast, count: 543500
CPU [0] UID 1002 comm: gen_fast, count: 543600
CPU [0] UID 1002 comm: gen_fast, count: 543747
CPU [0] UID 1002 comm: gen_fast, count: 543949
CPU [0] UID 1002 comm: gen_fast, count: 543949
CPU [0] UID 1002 comm: gen_fast, count: 544000
CPU [0] UID 1002 comm: gen_fast, count: 544176
CPU [0] UID 1002 comm: gen_fast, count: 544200
CPU [0] UID 1002 comm: gen_fast, count: 544306
CPU [0] UID 1002 comm: gen_fast, count: 544464
CPU [0] UID 1002 comm: gen_fast, count: 544500
CPU [0] UID 1002 comm: gen_fast, count: 544600
CPU [0] UID 1002 comm: gen_fast, count: 544723
CPU [0] UID 1002 comm: gen_fast, count: 544886
CPU [0] UID 1002 comm: gen_fast, count: 544900
CPU [0] UID 1002 comm: gen_fast, count: 545064
CPU [0] UID 1002 comm: gen_fast, count: 545100
CPU [0] UID 1002 comm: gen_fast, count: 545200
CPU [0] UID 1002 comm: gen_fast, count: 545300
CPU [0] UID 1002 comm: gen_fast, count: 545400
CPU [0] UID 1002 comm: gen_fast, count: 545518
CPU [0] UID 1002 comm: gen_fast, count: 545656
CPU [0] UID 1002 comm: gen_fast, count: 545700
CPU [0] UID 1002 comm: gen_fast, count: 545841
CPU [0] UID 1002 comm: gen_fast, count: 545998
CPU [0] UID 1002 comm: gen_fast, count: 546000
CPU [0] UID 1002 comm: gen_fast, count: 546119
CPU [0] UID 1002 comm: gen_fast, count: 546200
CPU [0] UID 1002 comm: gen_fast, count: 546317
CPU [0] UID 1002 comm: gen_fast, count: 546480
CPU [0] UID 1002 comm: gen_fast, count: 546500
CPU [0] UID 1002 comm: gen_fast, count: 546619
CPU [0] UID 1002 comm: gen_fast, count: 546782
CPU [0] UID 1002 comm: gen_fast, count: 546800
CPU [0] UID 1002 comm: gen_fast, count: 546926
CPU [0] UID 1002 comm: gen_fast, count: 547069
CPU [0] UID 1002 comm: gen_fast, count: 547100
CPU [0] UID 1002 comm: gen_fast, count: 547248
CPU [0] UID 1002 comm: gen_fast, count: 547300
CPU [0] UID 1002 comm: gen_fast, count: 547463
CPU [0] UID 1002 comm: gen_fast, count: 547509
CPU [0] UID 1002 comm: gen_fast, count: 547616
CPU [0] UID 1002 comm: gen_fast, count: 547791
CPU [0] UID 1002 comm: gen_fast, count: 547800
CPU [0] UID 1002 comm: gen_fast, count: 547973
CPU [0] UID 1002 comm: gen_fast, count: 548000
CPU [0] UID 1002 comm: gen_fast, count: 548167
CPU [0] UID 1002 comm: gen_fast, count: 548200
CPU [0] UID 1002 comm: gen_fast, count: 548309
CPU [0] UID 1002 comm: gen_fast, count: 548452
CPU [0] UID 1002 comm: gen_fast, count: 548500
CPU [0] UID 1002 comm: gen_fast, count: 548600
CPU [0] UID 1002 comm: gen_fast, count: 548706
CPU [0] UID 1002 comm: gen_fast, count: 548814
CPU [0] UID 1002 comm: gen_fast, count: 548932
CPU [0] UID 1002 comm: gen_fast, count: 549072
CPU [0] UID 1002 comm: gen_fast, count: 549100
CPU [0] UID 1002 comm: gen_fast, count: 549200
CPU [0] UID 1002 comm: gen_fast, count: 549316
CPU [0] UID 1002 comm: gen_fast, count: 549441
CPU [0] UID 1002 comm: gen_fast, count: 549500
CPU [0] UID 1002 comm: gen_fast, count: 549626
CPU [0] UID 1002 comm: gen_fast, count: 549747
CPU [0] UID 1002 comm: gen_fast, count: 549800
CPU [0] UID 1002 comm: gen_fast, count: 549900
CPU [0] UID 1002 comm: gen_fast, count: 550014
CPU [0] UID 1002 comm: gen_fast, count: 550153
CPU [0] UID 1002 comm: gen_fast, count: 550204
CPU [0] UID 1002 comm: gen_fast, count: 550300
CPU [0] UID 1002 comm: gen_fast, count: 550472
CPU [0] UID 1002 comm: gen_fast, count: 550500
CPU [0] UID 1002 comm: gen_fast, count: 550666
CPU [0] UID 1002 comm: gen_fast, count: 550700
CPU [0] UID 1002 comm: gen_fast, count: 550800
CPU [0] UID 1002 comm: gen_fast, count: 550921
CPU [0] UID 1002 comm: gen_fast, count: 551000
CPU [0] UID 1002 comm: gen_fast, count: 551100
CPU [0] UID 1002 comm: gen_fast, count: 551251
CPU [0] UID 1002 comm: gen_fast, count: 551300
CPU [0] UID 1002 comm: gen_fast, count: 551400
CPU [0] UID 1002 comm: gen_fast, count: 551525
CPU [0] UID 1002 comm: gen_fast, count: 551600
CPU [0] UID 1002 comm: gen_fast, count: 551700
CPU [0] UID 1002 comm: gen_fast, count: 551855
CPU [0] UID 1002 comm: gen_fast, count: 551962
CPU [0] UID 1002 comm: gen_fast, count: 552000
CPU [0] UID 1002 comm: gen_fast, count: 552160
CPU [0] UID 1002 comm: gen_fast, count: 552211
CPU [0] UID 1002 comm: gen_fast, count: 552339
CPU [0] UID 1002 comm: gen_fast, count: 552400
CPU [0] UID 1002 comm: gen_fast, count: 552500
CPU [0] UID 1002 comm: gen_fast, count: 552647
CPU [0] UID 1002 comm: gen_fast, count: 552736
CPU [0] UID 1002 comm: gen_fast, count: 552924
CPU [0] UID 1002 comm: gen_fast, count: 552924
CPU [0] UID 1002 comm: gen_fast, count: 553000
CPU [0] UID 1002 comm: gen_fast, count: 553124
CPU [0] UID 1002 comm: gen_fast, count: 553301
CPU [0] UID 1002 comm: gen_fast, count: 553301
CPU [0] UID 1002 comm: gen_fast, count: 553427
CPU [0] UID 1002 comm: gen_fast, count: 553555
CPU [0] UID 1002 comm: gen_fast, count: 553602
CPU [0] UID 1002 comm: gen_fast, count: 553701
CPU [0] UID 1002 comm: gen_fast, count: 553853
CPU [0] UID 1002 comm: gen_fast, count: 554022
CPU [0] UID 1002 comm: gen_fast, count: 554022
CPU [0] UID 1002 comm: gen_fast, count: 554148
CPU [0] UID 1002 comm: gen_fast, count: 554301
CPU [0] UID 1002 comm: gen_fast, count: 554301
CPU [0] UID 1002 comm: gen_fast, count: 554418
CPU [0] UID 1002 comm: gen_fast, count: 554584
CPU [0] UID 1002 comm: gen_fast, count: 554600
CPU [0] UID 1002 comm: gen_fast, count: 554722
CPU [0] UID 1002 comm: gen_fast, count: 554846
CPU [0] UID 1002 comm: gen_fast, count: 554900
CPU [0] UID 1002 comm: gen_fast, count: 555000
CPU [0] UID 1002 comm: gen_fast, count: 555131
CPU [0] UID 1002 comm: gen_fast, count: 555284
CPU [0] UID 1002 comm: gen_fast, count: 555300
CPU [0] UID 1002 comm: gen_fast, count: 555469
CPU [0] UID 1002 comm: gen_fast, count: 555500
CPU [0] UID 1002 comm: gen_fast, count: 555600
CPU [0] UID 1002 comm: gen_fast, count: 555741
CPU [0] UID 1002 comm: gen_fast, count: 555841
CPU [0] UID 1002 comm: gen_fast, count: 556013
CPU [0] UID 1002 comm: gen_fast, count: 556013
CPU [0] UID 1002 comm: gen_fast, count: 556166
CPU [0] UID 1002 comm: gen_fast, count: 556200
CPU [0] UID 1002 comm: gen_fast, count: 556317
CPU [0] UID 1002 comm: gen_fast, count: 556446
CPU [0] UID 1002 comm: gen_fast, count: 556599
CPU [0] UID 1002 comm: gen_fast, count: 556600
CPU [0] UID 1002 comm: gen_fast, count: 556717
CPU [0] UID 1002 comm: gen_fast, count: 556850
CPU [0] UID 1002 comm: gen_fast, count: 556977
CPU [0] UID 1002 comm: gen_fast, count: 557000
CPU [0] UID 1002 comm: gen_fast, count: 557100
CPU [0] UID 1002 comm: gen_fast, count: 557218
CPU [0] UID 1002 comm: gen_fast, count: 557355
CPU [0] UID 1002 comm: gen_fast, count: 557400
CPU [0] UID 1002 comm: gen_fast, count: 557513
CPU [0] UID 1002 comm: gen_fast, count: 557646
CPU [0] UID 1002 comm: gen_fast, count: 557721
CPU [0] UID 1002 comm: gen_fast, count: 557800
CPU [0] UID 1002 comm: gen_fast, count: 557900
CPU [0] UID 1002 comm: gen_fast, count: 558047
CPU [0] UID 1002 comm: gen_fast, count: 558122
CPU [0] UID 1002 comm: gen_fast, count: 558258
CPU [0] UID 1002 comm: gen_fast, count: 558300
CPU [0] UID 1002 comm: gen_fast, count: 558403
CPU [0] UID 1002 comm: gen_fast, count: 558552
CPU [0] UID 1002 comm: gen_fast, count: 558600
CPU [0] UID 1002 comm: gen_fast, count: 558707
CPU [0] UID 1002 comm: gen_fast, count: 558800
CPU [0] UID 1002 comm: gen_fast, count: 558918
CPU [0] UID 1002 comm: gen_fast, count: 559012
CPU [0] UID 1002 comm: gen_fast, count: 559141
CPU [0] UID 1002 comm: gen_fast, count: 559253
CPU [0] UID 1002 comm: gen_fast, count: 559300
CPU [0] UID 1002 comm: gen_fast, count: 559453
CPU [0] UID 1002 comm: gen_fast, count: 559587
CPU [0] UID 1002 comm: gen_fast, count: 559600
CPU [0] UID 1002 comm: gen_fast, count: 559700
CPU [0] UID 1002 comm: gen_fast, count: 559909
CPU [0] UID 1002 comm: gen_fast, count: 559909
CPU [0] UID 1002 comm: gen_fast, count: 560000
CPU [0] UID 1002 comm: gen_fast, count: 560108
CPU [0] UID 1002 comm: gen_fast, count: 560230
CPU [0] UID 1002 comm: gen_fast, count: 560359
CPU [0] UID 1002 comm: gen_fast, count: 560481
CPU [0] UID 1002 comm: gen_fast, count: 560500
CPU [0] UID 1002 comm: gen_fast, count: 560620
CPU [0] UID 1002 comm: gen_fast, count: 560700
CPU [0] UID 1002 comm: gen_fast, count: 560859
CPU [0] UID 1002 comm: gen_fast, count: 560900
CPU [0] UID 1002 comm: gen_fast, count: 561007
CPU [0] UID 1002 comm: gen_fast, count: 561150
CPU [0] UID 1002 comm: gen_fast, count: 561200
CPU [0] UID 1002 comm: gen_fast, count: 561300
CPU [0] UID 1002 comm: gen_fast, count: 561415
CPU [0] UID 1002 comm: gen_fast, count: 561500
CPU [0] UID 1002 comm: gen_fast, count: 561600
CPU [0] UID 1002 comm: gen_fast, count: 561767
CPU [0] UID 1002 comm: gen_fast, count: 561800
CPU [0] UID 1002 comm: gen_fast, count: 561910
CPU [0] UID 1002 comm: gen_fast, count: 562075
CPU [0] UID 1002 comm: gen_fast, count: 562100
CPU [0] UID 1002 comm: gen_fast, count: 562212
CPU [0] UID 1002 comm: gen_fast, count: 562319
CPU [0] UID 1002 comm: gen_fast, count: 562480
CPU [0] UID 1002 comm: gen_fast, count: 562500
CPU [0] UID 1002 comm: gen_fast, count: 562644
CPU [0] UID 1002 comm: gen_fast, count: 562798
CPU [0] UID 1002 comm: gen_fast, count: 562800
CPU [0] UID 1002 comm: gen_fast, count: 562902
CPU [0] UID 1002 comm: gen_fast, count: 563000
CPU [0] UID 1002 comm: gen_fast, count: 563122
CPU [0] UID 1002 comm: gen_fast, count: 563245
CPU [0] UID 1002 comm: gen_fast, count: 563348
CPU [0] UID 1002 comm: gen_fast, count: 563489
CPU [0] UID 1002 comm: gen_fast, count: 563500
CPU [0] UID 1002 comm: gen_fast, count: 563630
CPU [0] UID 1002 comm: gen_fast, count: 563700
CPU [0] UID 1002 comm: gen_fast, count: 563800
CPU [0] UID 1002 comm: gen_fast, count: 563907
CPU [0] UID 1002 comm: gen_fast, count: 564049
CPU [0] UID 1002 comm: gen_fast, count: 564229
CPU [0] UID 1002 comm: gen_fast, count: 564229
CPU [0] UID 1002 comm: gen_fast, count: 564357
CPU [0] UID 1002 comm: gen_fast, count: 564562
CPU [0] UID 1002 comm: gen_fast, count: 564562
CPU [0] UID 1002 comm: gen_fast, count: 564620
CPU [0] UID 1002 comm: gen_fast, count: 564705
CPU [0] UID 1002 comm: gen_fast, count: 564844
CPU [0] UID 1002 comm: gen_fast, count: 564906
CPU [0] UID 1002 comm: gen_fast, count: 565012
CPU [0] UID 1002 comm: gen_fast, count: 565221
CPU [0] UID 1002 comm: gen_fast, count: 565221
CPU [0] UID 1002 comm: gen_fast, count: 565353
CPU [0] UID 1002 comm: gen_fast, count: 565400
CPU [0] UID 1002 comm: gen_fast, count: 565500
CPU [0] UID 1002 comm: gen_fast, count: 565700
CPU [0] UID 1002 comm: gen_fast, count: 565700
CPU [0] UID 1002 comm: gen_fast, count: 565811
CPU [0] UID 1002 comm: gen_fast, count: 565900
CPU [0] UID 1002 comm: gen_fast, count: 566023
CPU [0] UID 1002 comm: gen_fast, count: 566182
CPU [0] UID 1002 comm: gen_fast, count: 566200
CPU [0] UID 1002 comm: gen_fast, count: 566324
CPU [0] UID 1002 comm: gen_fast, count: 566400
CPU [0] UID 1002 comm: gen_fast, count: 566500
CPU [0] UID 1002 comm: gen_fast, count: 566637
CPU [0] UID 1002 comm: gen_fast, count: 566833
CPU [0] UID 1002 comm: gen_fast, count: 566833
CPU [0] UID 1002 comm: gen_fast, count: 566900
CPU [0] UID 1002 comm: gen_fast, count: 567000
CPU [0] UID 1002 comm: gen_fast, count: 567236
CPU [0] UID 1002 comm: gen_fast, count: 567236
CPU [0] UID 1002 comm: gen_fast, count: 567442
CPU [0] UID 1002 comm: gen_fast, count: 567442
CPU [0] UID 1002 comm: gen_fast, count: 567500
CPU [0] UID 1002 comm: gen_fast, count: 567608
CPU [0] UID 1002 comm: gen_fast, count: 567748
CPU [0] UID 1002 comm: gen_fast, count: 567826
CPU [0] UID 1002 comm: gen_fast, count: 567902
CPU [0] UID 1002 comm: gen_fast, count: 568000
CPU [0] UID 1002 comm: gen_fast, count: 568143
CPU [0] UID 1002 comm: gen_fast, count: 568202
CPU [0] UID 1002 comm: gen_fast, count: 568300
CPU [0] UID 1002 comm: gen_fast, count: 568438
CPU [0] UID 1002 comm: gen_fast, count: 568500
CPU [0] UID 1002 comm: gen_fast, count: 568619
CPU [0] UID 1002 comm: gen_fast, count: 568712
CPU [0] UID 1002 comm: gen_fast, count: 568880
CPU [0] UID 1002 comm: gen_fast, count: 568900
CPU [0] UID 1002 comm: gen_fast, count: 569009
CPU [0] UID 1002 comm: gen_fast, count: 569100
CPU [0] UID 1002 comm: gen_fast, count: 569200
CPU [0] UID 1002 comm: gen_fast, count: 569348
CPU [0] UID 1002 comm: gen_fast, count: 569543
CPU [0] UID 1002 comm: gen_fast, count: 569543
CPU [0] UID 1002 comm: gen_fast, count: 569718
CPU [0] UID 1002 comm: gen_fast, count: 569718
CPU [0] UID 1002 comm: gen_fast, count: 569825
CPU [0] UID 1002 comm: gen_fast, count: 570017
CPU [0] UID 1002 comm: gen_fast, count: 570017
CPU [0] UID 1002 comm: gen_fast, count: 570152
CPU [0] UID 1002 comm: gen_fast, count: 570238
CPU [0] UID 1002 comm: gen_fast, count: 570329
CPU [0] UID 1002 comm: gen_fast, count: 570464
CPU [0] UID 1002 comm: gen_fast, count: 570604
CPU [0] UID 1002 comm: gen_fast, count: 570604
CPU [0] UID 1002 comm: gen_fast, count: 570700
CPU [0] UID 1002 comm: gen_fast, count: 570872
CPU [0] UID 1002 comm: gen_fast, count: 570900
CPU [0] UID 1002 comm: gen_fast, count: 571000
CPU [0] UID 1002 comm: gen_fast, count: 571128
CPU [0] UID 1002 comm: gen_fast, count: 571252
CPU [0] UID 1002 comm: gen_fast, count: 571357
CPU [0] UID 1002 comm: gen_fast, count: 571495
CPU [0] UID 1002 comm: gen_fast, count: 571500
CPU [0] UID 1002 comm: gen_fast, count: 571619
CPU [0] UID 1002 comm: gen_fast, count: 571719
CPU [0] UID 1002 comm: gen_fast, count: 571847
CPU [0] UID 1002 comm: gen_fast, count: 571900
CPU [0] UID 1002 comm: gen_fast, count: 572000
CPU [0] UID 1002 comm: gen_fast, count: 572124
CPU [0] UID 1002 comm: gen_fast, count: 572200
CPU [0] UID 1002 comm: gen_fast, count: 572300
CPU [0] UID 1002 comm: gen_fast, count: 572531
CPU [0] UID 1002 comm: gen_fast, count: 572531
CPU [0] UID 1002 comm: gen_fast, count: 572670
CPU [0] UID 1002 comm: gen_fast, count: 572700
CPU [0] UID 1002 comm: gen_fast, count: 572851
CPU [0] UID 1002 comm: gen_fast, count: 572900
CPU [0] UID 1002 comm: gen_fast, count: 573052
CPU [0] UID 1002 comm: gen_fast, count: 573169
CPU [0] UID 1002 comm: gen_fast, count: 573200
CPU [0] UID 1002 comm: gen_fast, count: 573312
CPU [0] UID 1002 comm: gen_fast, count: 573416
CPU [0] UID 1002 comm: gen_fast, count: 573566
CPU [0] UID 1002 comm: gen_fast, count: 573600
CPU [0] UID 1002 comm: gen_fast, count: 573734
CPU [0] UID 1002 comm: gen_fast, count: 573883
CPU [0] UID 1002 comm: gen_fast, count: 573900
CPU [0] UID 1002 comm: gen_fast, count: 574000
CPU [0] UID 1002 comm: gen_fast, count: 574147
CPU [0] UID 1002 comm: gen_fast, count: 574289
CPU [0] UID 1002 comm: gen_fast, count: 574300
CPU [0] UID 1002 comm: gen_fast, count: 574448
CPU [0] UID 1002 comm: gen_fast, count: 574581
CPU [0] UID 1002 comm: gen_fast, count: 574600
CPU [0] UID 1002 comm: gen_fast, count: 574780
CPU [0] UID 1002 comm: gen_fast, count: 574800
CPU [0] UID 1002 comm: gen_fast, count: 574900
CPU [0] UID 1002 comm: gen_fast, count: 575000
CPU [0] UID 1002 comm: gen_fast, count: 575151
CPU [0] UID 1002 comm: gen_fast, count: 575200
CPU [0] UID 1002 comm: gen_fast, count: 575300
CPU [0] UID 1002 comm: gen_fast, count: 575437
CPU [0] UID 1002 comm: gen_fast, count: 575500
CPU [0] UID 1002 comm: gen_fast, count: 575602
CPU [0] UID 1002 comm: gen_fast, count: 575764
CPU [0] UID 1002 comm: gen_fast, count: 575806
CPU [0] UID 1002 comm: gen_fast, count: 575928
CPU [0] UID 1002 comm: gen_fast, count: 576076
CPU [0] UID 1002 comm: gen_fast, count: 576100
CPU [0] UID 1002 comm: gen_fast, count: 576229
CPU [0] UID 1002 comm: gen_fast, count: 576415
CPU [0] UID 1002 comm: gen_fast, count: 576415
CPU [0] UID 1002 comm: gen_fast, count: 576579
CPU [0] UID 1002 comm: gen_fast, count: 576600
CPU [0] UID 1002 comm: gen_fast, count: 576761
CPU [0] UID 1002 comm: gen_fast, count: 576800
CPU [0] UID 1002 comm: gen_fast, count: 576950
CPU [0] UID 1002 comm: gen_fast, count: 577025
CPU [0] UID 1002 comm: gen_fast, count: 577100
CPU [0] UID 1002 comm: gen_fast, count: 577200
CPU [0] UID 1002 comm: gen_fast, count: 577321
CPU [0] UID 1002 comm: gen_fast, count: 577518
CPU [0] UID 1002 comm: gen_fast, count: 577518
CPU [0] UID 1002 comm: gen_fast, count: 577644
CPU [0] UID 1002 comm: gen_fast, count: 577700
CPU [0] UID 1002 comm: gen_fast, count: 577800
CPU [0] UID 1002 comm: gen_fast, count: 577916
CPU [0] UID 1002 comm: gen_fast, count: 578005
CPU [0] UID 1002 comm: gen_fast, count: 578122
CPU [0] UID 1002 comm: gen_fast, count: 578254
CPU [0] UID 1002 comm: gen_fast, count: 578374
CPU [0] UID 1002 comm: gen_fast, count: 578400
CPU [0] UID 1002 comm: gen_fast, count: 578500
CPU [0] UID 1002 comm: gen_fast, count: 578620
CPU [0] UID 1002 comm: gen_fast, count: 578720
CPU [0] UID 1002 comm: gen_fast, count: 578854
CPU [0] UID 1002 comm: gen_fast, count: 578900
CPU [0] UID 1002 comm: gen_fast, count: 579000
CPU [0] UID 1002 comm: gen_fast, count: 579100
CPU [0] UID 1002 comm: gen_fast, count: 579278
CPU [0] UID 1002 comm: gen_fast, count: 579300
CPU [0] UID 1002 comm: gen_fast, count: 579425
CPU [0] UID 1002 comm: gen_fast, count: 579550
CPU [0] UID 1002 comm: gen_fast, count: 579727
CPU [0] UID 1002 comm: gen_fast, count: 579727
CPU [0] UID 1002 comm: gen_fast, count: 579800
CPU [0] UID 1002 comm: gen_fast, count: 579977
CPU [0] UID 1002 comm: gen_fast, count: 580000
CPU [0] UID 1002 comm: gen_fast, count: 580100
CPU [0] UID 1002 comm: gen_fast, count: 580255
CPU [0] UID 1002 comm: gen_fast, count: 580315
CPU [0] UID 1002 comm: gen_fast, count: 580400
CPU [0] UID 1002 comm: gen_fast, count: 580500
CPU [0] UID 1002 comm: gen_fast, count: 580616
CPU [0] UID 1002 comm: gen_fast, count: 580732
CPU [0] UID 1002 comm: gen_fast, count: 580884
CPU [0] UID 1002 comm: gen_fast, count: 580900
CPU [0] UID 1002 comm: gen_fast, count: 581000
CPU [0] UID 1002 comm: gen_fast, count: 581206
CPU [0] UID 1002 comm: gen_fast, count: 581206
CPU [0] UID 1002 comm: gen_fast, count: 581337
CPU [0] UID 1002 comm: gen_fast, count: 581400
CPU [0] UID 1002 comm: gen_fast, count: 581508
CPU [0] UID 1002 comm: gen_fast, count: 581627
CPU [0] UID 1002 comm: gen_fast, count: 581734
CPU [0] UID 1002 comm: gen_fast, count: 581900
CPU [0] UID 1002 comm: gen_fast, count: 581900
CPU [0] UID 1002 comm: gen_fast, count: 582047
CPU [0] UID 1002 comm: gen_fast, count: 582100
CPU [0] UID 1002 comm: gen_fast, count: 582216
CPU [0] UID 1002 comm: gen_fast, count: 582300
CPU [0] UID 1002 comm: gen_fast, count: 582418
CPU [0] UID 1002 comm: gen_fast, count: 582594
CPU [0] UID 1002 comm: gen_fast, count: 582600
CPU [0] UID 1002 comm: gen_fast, count: 582700
CPU [0] UID 1002 comm: gen_fast, count: 582807
CPU [0] UID 1002 comm: gen_fast, count: 583011
CPU [0] UID 1002 comm: gen_fast, count: 583011
CPU [0] UID 1002 comm: gen_fast, count: 583211
CPU [0] UID 1002 comm: gen_fast, count: 583211
CPU [0] UID 1002 comm: gen_fast, count: 583300
CPU [0] UID 1002 comm: gen_fast, count: 583400
CPU [0] UID 1002 comm: gen_fast, count: 583543
CPU [0] UID 1002 comm: gen_fast, count: 583628
CPU [0] UID 1002 comm: gen_fast, count: 583701
CPU [0] UID 1002 comm: gen_fast, count: 583991
CPU [0] UID 1002 comm: gen_fast, count: 583991
CPU [0] UID 1002 comm: gen_fast, count: 584000
CPU [0] UID 1002 comm: gen_fast, count: 584123
CPU [0] UID 1002 comm: gen_fast, count: 584272
CPU [0] UID 1002 comm: gen_fast, count: 584300
CPU [0] UID 1002 comm: gen_fast, count: 584442
CPU [0] UID 1002 comm: gen_fast, count: 584500
CPU [0] UID 1002 comm: gen_fast, count: 584621
CPU [0] UID 1002 comm: gen_fast, count: 584764
CPU [0] UID 1002 comm: gen_fast, count: 584800
CPU [0] UID 1002 comm: gen_fast, count: 585023
CPU [0] UID 1002 comm: gen_fast, count: 585023
CPU [0] UID 1002 comm: gen_fast, count: 585104
CPU [0] UID 1002 comm: gen_fast, count: 585200
CPU [0] UID 1002 comm: gen_fast, count: 585323
CPU [0] UID 1002 comm: gen_fast, count: 585469
CPU [0] UID 1002 comm: gen_fast, count: 585547
CPU [0] UID 1002 comm: gen_fast, count: 585660
CPU [0] UID 1002 comm: gen_fast, count: 585805
CPU [0] UID 1002 comm: gen_fast, count: 585805
CPU [0] UID 1002 comm: gen_fast, count: 585930
CPU [0] UID 1002 comm: gen_fast, count: 586034
CPU [0] UID 1002 comm: gen_fast, count: 586160
CPU [0] UID 1002 comm: gen_fast, count: 586291
CPU [0] UID 1002 comm: gen_fast, count: 586300
CPU [0] UID 1002 comm: gen_fast, count: 586422
CPU [0] UID 1002 comm: gen_fast, count: 586543
CPU [0] UID 1002 comm: gen_fast, count: 586667
CPU [0] UID 1002 comm: gen_fast, count: 586700
CPU [0] UID 1002 comm: gen_fast, count: 586800
CPU [0] UID 1002 comm: gen_fast, count: 586904
CPU [0] UID 1002 comm: gen_fast, count: 587041
CPU [0] UID 1002 comm: gen_fast, count: 587106
CPU [0] UID 1002 comm: gen_fast, count: 587200
CPU [0] UID 1002 comm: gen_fast, count: 587300
CPU [0] UID 1002 comm: gen_fast, count: 587469
CPU [0] UID 1002 comm: gen_fast, count: 587563
CPU [0] UID 1002 comm: gen_fast, count: 587600
CPU [0] UID 1002 comm: gen_fast, count: 587759
CPU [0] UID 1002 comm: gen_fast, count: 587800
CPU [0] UID 1002 comm: gen_fast, count: 587900
CPU [0] UID 1002 comm: gen_fast, count: 588040
CPU [0] UID 1002 comm: gen_fast, count: 588182
CPU [0] UID 1002 comm: gen_fast, count: 588200
CPU [0] UID 1002 comm: gen_fast, count: 588359
CPU [0] UID 1002 comm: gen_fast, count: 588552
CPU [0] UID 1002 comm: gen_fast, count: 588552
CPU [0] UID 1002 comm: gen_fast, count: 588600
CPU [0] UID 1002 comm: gen_fast, count: 588700
CPU [0] UID 1002 comm: gen_fast, count: 588835
CPU [0] UID 1002 comm: gen_fast, count: 588900
CPU [0] UID 1002 comm: gen_fast, count: 589000
CPU [0] UID 1002 comm: gen_fast, count: 589145
CPU [0] UID 1002 comm: gen_fast, count: 589200
CPU [0] UID 1002 comm: gen_fast, count: 589326
CPU [0] UID 1002 comm: gen_fast, count: 589489
CPU [0] UID 1002 comm: gen_fast, count: 589500
CPU [0] UID 1002 comm: gen_fast, count: 589657
CPU [0] UID 1002 comm: gen_fast, count: 589700
CPU [0] UID 1002 comm: gen_fast, count: 589808
CPU [0] UID 1002 comm: gen_fast, count: 589966
CPU [0] UID 1002 comm: gen_fast, count: 590000
CPU [0] UID 1002 comm: gen_fast, count: 590113
CPU [0] UID 1002 comm: gen_fast, count: 590289
CPU [0] UID 1002 comm: gen_fast, count: 590300
CPU [0] UID 1002 comm: gen_fast, count: 590400
CPU [0] UID 1002 comm: gen_fast, count: 590500
CPU [0] UID 1002 comm: gen_fast, count: 590600
CPU [0] UID 1002 comm: gen_fast, count: 590753
CPU [0] UID 1002 comm: gen_fast, count: 590800
CPU [0] UID 1002 comm: gen_fast, count: 590943
CPU [0] UID 1002 comm: gen_fast, count: 591000
CPU [0] UID 1002 comm: gen_fast, count: 591100
CPU [0] UID 1002 comm: gen_fast, count: 591231
CPU [0] UID 1002 comm: gen_fast, count: 591386
CPU [0] UID 1002 comm: gen_fast, count: 591400
CPU [0] UID 1002 comm: gen_fast, count: 591532
CPU [0] UID 1002 comm: gen_fast, count: 591600
CPU [0] UID 1002 comm: gen_fast, count: 591712
CPU [0] UID 1002 comm: gen_fast, count: 591861
CPU [0] UID 1002 comm: gen_fast, count: 591900
CPU [0] UID 1002 comm: gen_fast, count: 592026
CPU [0] UID 1002 comm: gen_fast, count: 592177
CPU [0] UID 1002 comm: gen_fast, count: 592200
CPU [0] UID 1002 comm: gen_fast, count: 592309
CPU [0] UID 1002 comm: gen_fast, count: 592432
CPU [0] UID 1002 comm: gen_fast, count: 592563
CPU [0] UID 1002 comm: gen_fast, count: 592673
CPU [0] UID 1002 comm: gen_fast, count: 592700
CPU [0] UID 1002 comm: gen_fast, count: 592800
CPU [0] UID 1002 comm: gen_fast, count: 592919
CPU [0] UID 1002 comm: gen_fast, count: 593032
CPU [0] UID 1002 comm: gen_fast, count: 593150
CPU [0] UID 1002 comm: gen_fast, count: 593202
CPU [0] UID 1002 comm: gen_fast, count: 593312
CPU [0] UID 1002 comm: gen_fast, count: 593400
CPU [0] UID 1002 comm: gen_fast, count: 593540
CPU [0] UID 1002 comm: gen_fast, count: 593700
CPU [0] UID 1002 comm: gen_fast, count: 593700
CPU [0] UID 1002 comm: gen_fast, count: 593938
CPU [0] UID 1002 comm: gen_fast, count: 593938
CPU [0] UID 1002 comm: gen_fast, count: 594076
CPU [0] UID 1002 comm: gen_fast, count: 594100
CPU [0] UID 1002 comm: gen_fast, count: 594236
CPU [0] UID 1002 comm: gen_fast, count: 594300
CPU [0] UID 1002 comm: gen_fast, count: 594416
CPU [0] UID 1002 comm: gen_fast, count: 594500
CPU [0] UID 1002 comm: gen_fast, count: 594600
CPU [0] UID 1002 comm: gen_fast, count: 594759
CPU [0] UID 1002 comm: gen_fast, count: 594800
CPU [0] UID 1002 comm: gen_fast, count: 594952
CPU [0] UID 1002 comm: gen_fast, count: 595016
CPU [0] UID 1002 comm: gen_fast, count: 595106
CPU [0] UID 1002 comm: gen_fast, count: 595243
CPU [0] UID 1002 comm: gen_fast, count: 595389
CPU [0] UID 1002 comm: gen_fast, count: 595400
CPU [0] UID 1002 comm: gen_fast, count: 595526
CPU [0] UID 1002 comm: gen_fast, count: 595600
CPU [0] UID 1002 comm: gen_fast, count: 595729
CPU [0] UID 1002 comm: gen_fast, count: 595900
CPU [0] UID 1002 comm: gen_fast, count: 595900
CPU [0] UID 1002 comm: gen_fast, count: 596062
CPU [0] UID 1002 comm: gen_fast, count: 596100
CPU [0] UID 1002 comm: gen_fast, count: 596200
CPU [0] UID 1002 comm: gen_fast, count: 596336
CPU [0] UID 1002 comm: gen_fast, count: 596531
CPU [0] UID 1002 comm: gen_fast, count: 596531
CPU [0] UID 1002 comm: gen_fast, count: 596600
CPU [0] UID 1002 comm: gen_fast, count: 596735
CPU [0] UID 1002 comm: gen_fast, count: 596800
CPU [0] UID 1002 comm: gen_fast, count: 596900
CPU [0] UID 1002 comm: gen_fast, count: 597038
CPU [0] UID 1002 comm: gen_fast, count: 597185
CPU [0] UID 1002 comm: gen_fast, count: 597200
CPU [0] UID 1002 comm: gen_fast, count: 597326
CPU [0] UID 1002 comm: gen_fast, count: 597458
CPU [0] UID 1002 comm: gen_fast, count: 597500
CPU [0] UID 1002 comm: gen_fast, count: 597600
CPU [0] UID 1002 comm: gen_fast, count: 597710
CPU [0] UID 1002 comm: gen_fast, count: 597852
CPU [0] UID 1002 comm: gen_fast, count: 597900
CPU [0] UID 1002 comm: gen_fast, count: 598000
CPU [0] UID 1002 comm: gen_fast, count: 598139
CPU [0] UID 1002 comm: gen_fast, count: 598292
CPU [0] UID 1002 comm: gen_fast, count: 598300
CPU [0] UID 1002 comm: gen_fast, count: 598458
CPU [0] UID 1002 comm: gen_fast, count: 598500
CPU [0] UID 1002 comm: gen_fast, count: 598600
CPU [0] UID 1002 comm: gen_fast, count: 598721
CPU [0] UID 1002 comm: gen_fast, count: 598800
CPU [0] UID 1002 comm: gen_fast, count: 598933
CPU [0] UID 1002 comm: gen_fast, count: 599014
CPU [0] UID 1002 comm: gen_fast, count: 599188
CPU [0] UID 1002 comm: gen_fast, count: 599200
CPU [0] UID 1002 comm: gen_fast, count: 599303
CPU [0] UID 1002 comm: gen_fast, count: 599448
CPU [0] UID 1002 comm: gen_fast, count: 599579
CPU [0] UID 1002 comm: gen_fast, count: 599600
CPU [0] UID 1002 comm: gen_fast, count: 599700
CPU [0] UID 1002 comm: gen_fast, count: 599827
CPU [0] UID 1002 comm: gen_fast, count: 599949
CPU [0] UID 1002 comm: gen_fast, count: 600067
CPU [0] UID 1002 comm: gen_fast, count: 600126
CPU [0] UID 1002 comm: gen_fast, count: 600238
CPU [0] UID 1002 comm: gen_fast, count: 600374
CPU [0] UID 1002 comm: gen_fast, count: 600400
CPU [0] UID 1002 comm: gen_fast, count: 600521
CPU [0] UID 1002 comm: gen_fast, count: 600613
CPU [0] UID 1002 comm: gen_fast, count: 600700
CPU [0] UID 1002 comm: gen_fast, count: 600816
CPU [0] UID 1002 comm: gen_fast, count: 600938
CPU [0] UID 1002 comm: gen_fast, count: 601066
CPU [0] UID 1002 comm: gen_fast, count: 601218
CPU [0] UID 1002 comm: gen_fast, count: 601218
CPU [0] UID 1002 comm: gen_fast, count: 601315
CPU [0] UID 1002 comm: gen_fast, count: 601448
CPU [0] UID 1002 comm: gen_fast, count: 601585
CPU [0] UID 1002 comm: gen_fast, count: 601600
CPU [0] UID 1002 comm: gen_fast, count: 601700
CPU [0] UID 1002 comm: gen_fast, count: 601860
CPU [0] UID 1002 comm: gen_fast, count: 601900
CPU [0] UID 1002 comm: gen_fast, count: 602023
CPU [0] UID 1002 comm: gen_fast, count: 602161
CPU [0] UID 1002 comm: gen_fast, count: 602200
CPU [0] UID 1002 comm: gen_fast, count: 602300
CPU [0] UID 1002 comm: gen_fast, count: 602410
CPU [0] UID 1002 comm: gen_fast, count: 602500
CPU [0] UID 1002 comm: gen_fast, count: 602600
CPU [0] UID 1002 comm: gen_fast, count: 602742
CPU [0] UID 1002 comm: gen_fast, count: 602815
CPU [0] UID 1002 comm: gen_fast, count: 602900
CPU [0] UID 1002 comm: gen_fast, count: 603000
CPU [0] UID 1002 comm: gen_fast, count: 603133
CPU [0] UID 1002 comm: gen_fast, count: 603200
CPU [0] UID 1002 comm: gen_fast, count: 603300
CPU [0] UID 1002 comm: gen_fast, count: 603405
CPU [0] UID 1002 comm: gen_fast, count: 603571
CPU [0] UID 1002 comm: gen_fast, count: 603600
CPU [0] UID 1002 comm: gen_fast, count: 603728
CPU [0] UID 1002 comm: gen_fast, count: 603928
CPU [0] UID 1002 comm: gen_fast, count: 603928
CPU [0] UID 1002 comm: gen_fast, count: 604067
CPU [0] UID 1002 comm: gen_fast, count: 604100
CPU [0] UID 1002 comm: gen_fast, count: 604205
CPU [0] UID 1002 comm: gen_fast, count: 604382
CPU [0] UID 1002 comm: gen_fast, count: 604400
CPU [0] UID 1002 comm: gen_fast, count: 604526
CPU [0] UID 1002 comm: gen_fast, count: 604652
CPU [0] UID 1002 comm: gen_fast, count: 604700
CPU [0] UID 1002 comm: gen_fast, count: 604800
CPU [0] UID 1002 comm: gen_fast, count: 604932
CPU [0] UID 1002 comm: gen_fast, count: 605000
CPU [0] UID 1002 comm: gen_fast, count: 605100
CPU [0] UID 1002 comm: gen_fast, count: 605247
CPU [0] UID 1002 comm: gen_fast, count: 605300
CPU [0] UID 1002 comm: gen_fast, count: 605400
CPU [0] UID 1002 comm: gen_fast, count: 605570
CPU [0] UID 1002 comm: gen_fast, count: 605600
CPU [0] UID 1002 comm: gen_fast, count: 605750
CPU [0] UID 1002 comm: gen_fast, count: 605814
CPU [0] UID 1002 comm: gen_fast, count: 605906
CPU [0] UID 1002 comm: gen_fast, count: 606026
CPU [0] UID 1002 comm: gen_fast, count: 606100
CPU [0] UID 1002 comm: gen_fast, count: 606220
CPU [0] UID 1002 comm: gen_fast, count: 606302
CPU [0] UID 1002 comm: gen_fast, count: 606437
CPU [0] UID 1002 comm: gen_fast, count: 606640
CPU [0] UID 1002 comm: gen_fast, count: 606640
CPU [0] UID 1002 comm: gen_fast, count: 606700
CPU [0] UID 1002 comm: gen_fast, count: 606825
CPU [0] UID 1002 comm: gen_fast, count: 606900
CPU [0] UID 1002 comm: gen_fast, count: 607000
CPU [0] UID 1002 comm: gen_fast, count: 607132
CPU [0] UID 1002 comm: gen_fast, count: 607252
CPU [0] UID 1002 comm: gen_fast, count: 607300
CPU [0] UID 1002 comm: gen_fast, count: 607405
CPU [0] UID 1002 comm: gen_fast, count: 607569
CPU [0] UID 1002 comm: gen_fast, count: 607635
CPU [0] UID 1002 comm: gen_fast, count: 607725
CPU [0] UID 1002 comm: gen_fast, count: 607928
CPU [0] UID 1002 comm: gen_fast, count: 607928
CPU [0] UID 1002 comm: gen_fast, count: 608109
CPU [0] UID 1002 comm: gen_fast, count: 608109
CPU [0] UID 1002 comm: gen_fast, count: 608217
CPU [0] UID 1002 comm: gen_fast, count: 608369
CPU [0] UID 1002 comm: gen_fast, count: 608407
CPU [0] UID 1002 comm: gen_fast, count: 608505
CPU [0] UID 1002 comm: gen_fast, count: 608631
CPU [0] UID 1002 comm: gen_fast, count: 608780
CPU [0] UID 1002 comm: gen_fast, count: 608800
CPU [0] UID 1002 comm: gen_fast, count: 608900
CPU [0] UID 1002 comm: gen_fast, count: 609002
CPU [0] UID 1002 comm: gen_fast, count: 609147
CPU [0] UID 1002 comm: gen_fast, count: 609284
CPU [0] UID 1002 comm: gen_fast, count: 609300
CPU [0] UID 1002 comm: gen_fast, count: 609429
CPU [0] UID 1002 comm: gen_fast, count: 609544
CPU [0] UID 1002 comm: gen_fast, count: 609668
CPU [0] UID 1002 comm: gen_fast, count: 609733
CPU [0] UID 1002 comm: gen_fast, count: 609867
CPU [0] UID 1002 comm: gen_fast, count: 609903
CPU [0] UID 1002 comm: gen_fast, count: 610003
CPU [0] UID 1002 comm: gen_fast, count: 610115
CPU [0] UID 1002 comm: gen_fast, count: 610251
CPU [0] UID 1002 comm: gen_fast, count: 610300
CPU [0] UID 1002 comm: gen_fast, count: 610414
CPU [0] UID 1002 comm: gen_fast, count: 610581
CPU [0] UID 1002 comm: gen_fast, count: 610600
CPU [0] UID 1002 comm: gen_fast, count: 610704
CPU [0] UID 1002 comm: gen_fast, count: 610826
CPU [0] UID 1002 comm: gen_fast, count: 610999
CPU [0] UID 1002 comm: gen_fast, count: 611000
CPU [0] UID 1002 comm: gen_fast, count: 611138
CPU [0] UID 1002 comm: gen_fast, count: 611200
CPU [0] UID 1002 comm: gen_fast, count: 611316
CPU [0] UID 1002 comm: gen_fast, count: 611491
CPU [0] UID 1002 comm: gen_fast, count: 611500
CPU [0] UID 1002 comm: gen_fast, count: 611631
CPU [0] UID 1002 comm: gen_fast, count: 611819
CPU [0] UID 1002 comm: gen_fast, count: 611819
CPU [0] UID 1002 comm: gen_fast, count: 611936
CPU [0] UID 1002 comm: gen_fast, count: 612023
CPU [0] UID 1002 comm: gen_fast, count: 612191
CPU [0] UID 1002 comm: gen_fast, count: 612200
CPU [0] UID 1002 comm: gen_fast, count: 612337
CPU [0] UID 1002 comm: gen_fast, count: 612400
CPU [0] UID 1002 comm: gen_fast, count: 612501
CPU [0] UID 1002 comm: gen_fast, count: 612661
CPU [0] UID 1002 comm: gen_fast, count: 612700
CPU [0] UID 1002 comm: gen_fast, count: 612846
CPU [0] UID 1002 comm: gen_fast, count: 612900
CPU [0] UID 1002 comm: gen_fast, count: 613067
CPU [0] UID 1002 comm: gen_fast, count: 613100
CPU [0] UID 1002 comm: gen_fast, count: 613317
CPU [0] UID 1002 comm: gen_fast, count: 613317
CPU [0] UID 1002 comm: gen_fast, count: 613424
CPU [0] UID 1002 comm: gen_fast, count: 613533
CPU [0] UID 1002 comm: gen_fast, count: 613600
CPU [0] UID 1002 comm: gen_fast, count: 613700
CPU [0] UID 1002 comm: gen_fast, count: 613843
CPU [0] UID 1002 comm: gen_fast, count: 613931
CPU [0] UID 1002 comm: gen_fast, count: 614047
CPU [0] UID 1002 comm: gen_fast, count: 614173
CPU [0] UID 1002 comm: gen_fast, count: 614206
CPU [0] UID 1002 comm: gen_fast, count: 614300
CPU [0] UID 1002 comm: gen_fast, count: 614409
CPU [0] UID 1002 comm: gen_fast, count: 614505
CPU [0] UID 1002 comm: gen_fast, count: 614634
CPU [0] UID 1002 comm: gen_fast, count: 614769
CPU [0] UID 1002 comm: gen_fast, count: 614852
CPU [0] UID 1002 comm: gen_fast, count: 614984
CPU [0] UID 1002 comm: gen_fast, count: 615000
CPU [0] UID 1002 comm: gen_fast, count: 615100
CPU [0] UID 1002 comm: gen_fast, count: 615221
CPU [0] UID 1002 comm: gen_fast, count: 615346
CPU [0] UID 1002 comm: gen_fast, count: 615470
CPU [0] UID 1002 comm: gen_fast, count: 615500
CPU [0] UID 1002 comm: gen_fast, count: 615602
CPU [0] UID 1002 comm: gen_fast, count: 615704
CPU [0] UID 1002 comm: gen_fast, count: 615830
CPU [0] UID 1002 comm: gen_fast, count: 615966
CPU [0] UID 1002 comm: gen_fast, count: 616000
CPU [0] UID 1002 comm: gen_fast, count: 616100
CPU [0] UID 1002 comm: gen_fast, count: 616223
CPU [0] UID 1002 comm: gen_fast, count: 616300
CPU [0] UID 1002 comm: gen_fast, count: 616400
CPU [0] UID 1002 comm: gen_fast, count: 616586
CPU [0] UID 1002 comm: gen_fast, count: 616600
CPU [0] UID 1002 comm: gen_fast, count: 616727
CPU [0] UID 1002 comm: gen_fast, count: 616800
CPU [0] UID 1002 comm: gen_fast, count: 616923
CPU [0] UID 1002 comm: gen_fast, count: 617000
CPU [0] UID 1002 comm: gen_fast, count: 617254
CPU [0] UID 1002 comm: gen_fast, count: 617254
CPU [0] UID 1002 comm: gen_fast, count: 617300
CPU [0] UID 1002 comm: gen_fast, count: 617451
CPU [0] UID 1002 comm: gen_fast, count: 617512
CPU [0] UID 1002 comm: gen_fast, count: 617637
CPU [0] UID 1002 comm: gen_fast, count: 617700
CPU [0] UID 1002 comm: gen_fast, count: 617800
CPU [0] UID 1002 comm: gen_fast, count: 617900
CPU [0] UID 1002 comm: gen_fast, count: 618025
CPU [0] UID 1002 comm: gen_fast, count: 618117
CPU [0] UID 1002 comm: gen_fast, count: 618338
CPU [0] UID 1002 comm: gen_fast, count: 618338
CPU [0] UID 1002 comm: gen_fast, count: 618458
CPU [0] UID 1002 comm: gen_fast, count: 618500
CPU [0] UID 1002 comm: gen_fast, count: 618603
CPU [0] UID 1002 comm: gen_fast, count: 618744
CPU [0] UID 1002 comm: gen_fast, count: 618835
CPU [0] UID 1002 comm: gen_fast, count: 618930
CPU [0] UID 1002 comm: gen_fast, count: 619154
CPU [0] UID 1002 comm: gen_fast, count: 619154
CPU [0] UID 1002 comm: gen_fast, count: 619200
CPU [0] UID 1002 comm: gen_fast, count: 619317
CPU [0] UID 1002 comm: gen_fast, count: 619400
CPU [0] UID 1002 comm: gen_fast, count: 619500
CPU [0] UID 1002 comm: gen_fast, count: 619619
CPU [0] UID 1002 comm: gen_fast, count: 619796
CPU [0] UID 1002 comm: gen_fast, count: 619800
CPU [0] UID 1002 comm: gen_fast, count: 619900
CPU [0] UID 1002 comm: gen_fast, count: 620000
CPU [0] UID 1002 comm: gen_fast, count: 620106
CPU [0] UID 1002 comm: gen_fast, count: 620200
CPU [0] UID 1002 comm: gen_fast, count: 620300
CPU [0] UID 1002 comm: gen_fast, count: 620401
CPU [0] UID 1002 comm: gen_fast, count: 620614
CPU [0] UID 1002 comm: gen_fast, count: 620614
CPU [0] UID 1002 comm: gen_fast, count: 620700
CPU [0] UID 1002 comm: gen_fast, count: 620800
CPU [0] UID 1002 comm: gen_fast, count: 620914
CPU [0] UID 1002 comm: gen_fast, count: 621000
CPU [0] UID 1002 comm: gen_fast, count: 621190
CPU [0] UID 1002 comm: gen_fast, count: 621200
CPU [0] UID 1002 comm: gen_fast, count: 621300
CPU [0] UID 1002 comm: gen_fast, count: 621400
CPU [0] UID 1002 comm: gen_fast, count: 621583
CPU [0] UID 1002 comm: gen_fast, count: 621600
CPU [0] UID 1002 comm: gen_fast, count: 621797
CPU [0] UID 1002 comm: gen_fast, count: 621800
CPU [0] UID 1002 comm: gen_fast, count: 621921
CPU [0] UID 1002 comm: gen_fast, count: 622089
CPU [0] UID 1002 comm: gen_fast, count: 622100
CPU [0] UID 1002 comm: gen_fast, count: 622237
CPU [0] UID 1002 comm: gen_fast, count: 622323
CPU [0] UID 1002 comm: gen_fast, count: 622519
CPU [0] UID 1002 comm: gen_fast, count: 622519
CPU [0] UID 1002 comm: gen_fast, count: 622717
CPU [0] UID 1002 comm: gen_fast, count: 622717
CPU [0] UID 1002 comm: gen_fast, count: 622800
CPU [0] UID 1002 comm: gen_fast, count: 622943
CPU [0] UID 1002 comm: gen_fast, count: 623146
CPU [0] UID 1002 comm: gen_fast, count: 623146
CPU [0] UID 1002 comm: gen_fast, count: 623200
CPU [0] UID 1002 comm: gen_fast, count: 623300
CPU [0] UID 1002 comm: gen_fast, count: 623400
CPU [0] UID 1002 comm: gen_fast, count: 623500
CPU [0] UID 1002 comm: gen_fast, count: 623614
CPU [0] UID 1002 comm: gen_fast, count: 623700
CPU [0] UID 1002 comm: gen_fast, count: 623800
CPU [0] UID 1002 comm: gen_fast, count: 623900
CPU [0] UID 1002 comm: gen_fast, count: 624061
CPU [0] UID 1002 comm: gen_fast, count: 624100
CPU [0] UID 1002 comm: gen_fast, count: 624200
CPU [0] UID 1002 comm: gen_fast, count: 624300
CPU [0] UID 1002 comm: gen_fast, count: 624400
CPU [0] UID 1002 comm: gen_fast, count: 624536
CPU [0] UID 1002 comm: gen_fast, count: 624752
CPU [0] UID 1002 comm: gen_fast, count: 624752
CPU [0] UID 1002 comm: gen_fast, count: 624800
CPU [0] UID 1002 comm: gen_fast, count: 624942
CPU [0] UID 1002 comm: gen_fast, count: 625000
CPU [0] UID 1002 comm: gen_fast, count: 625211
CPU [0] UID 1002 comm: gen_fast, count: 625211
CPU [0] UID 1002 comm: gen_fast, count: 625300
CPU [0] UID 1002 comm: gen_fast, count: 625436
CPU [0] UID 1002 comm: gen_fast, count: 625503
CPU [0] UID 1002 comm: gen_fast, count: 625602
CPU [0] UID 1002 comm: gen_fast, count: 625700
CPU [0] UID 1002 comm: gen_fast, count: 625851
CPU [0] UID 1002 comm: gen_fast, count: 625900
CPU [0] UID 1002 comm: gen_fast, count: 626055
CPU [0] UID 1002 comm: gen_fast, count: 626100
CPU [0] UID 1002 comm: gen_fast, count: 626274
CPU [0] UID 1002 comm: gen_fast, count: 626300
CPU [0] UID 1002 comm: gen_fast, count: 626477
CPU [0] UID 1002 comm: gen_fast, count: 626500
CPU [0] UID 1002 comm: gen_fast, count: 626662
CPU [0] UID 1002 comm: gen_fast, count: 626700
CPU [0] UID 1002 comm: gen_fast, count: 626808
CPU [0] UID 1002 comm: gen_fast, count: 626973
CPU [0] UID 1002 comm: gen_fast, count: 627000
CPU [0] UID 1002 comm: gen_fast, count: 627151
CPU [0] UID 1002 comm: gen_fast, count: 627204
CPU [0] UID 1002 comm: gen_fast, count: 627300
CPU [0] UID 1002 comm: gen_fast, count: 627492
CPU [0] UID 1002 comm: gen_fast, count: 627500
CPU [0] UID 1002 comm: gen_fast, count: 627646
CPU [0] UID 1002 comm: gen_fast, count: 627700
CPU [0] UID 1002 comm: gen_fast, count: 627800
CPU [0] UID 1002 comm: gen_fast, count: 627931
CPU [0] UID 1002 comm: gen_fast, count: 628000
CPU [0] UID 1002 comm: gen_fast, count: 628109
CPU [0] UID 1002 comm: gen_fast, count: 628236
CPU [0] UID 1002 comm: gen_fast, count: 628350
CPU [0] UID 1002 comm: gen_fast, count: 628476
CPU [0] UID 1002 comm: gen_fast, count: 628500
CPU [0] UID 1002 comm: gen_fast, count: 628710
CPU [0] UID 1002 comm: gen_fast, count: 628710
CPU [0] UID 1002 comm: gen_fast, count: 628827
CPU [0] UID 1002 comm: gen_fast, count: 628938
CPU [0] UID 1002 comm: gen_fast, count: 629047
CPU [0] UID 1002 comm: gen_fast, count: 629168
CPU [0] UID 1002 comm: gen_fast, count: 629200
CPU [0] UID 1002 comm: gen_fast, count: 629300
CPU [0] UID 1002 comm: gen_fast, count: 629422
CPU [0] UID 1002 comm: gen_fast, count: 629538
CPU [0] UID 1002 comm: gen_fast, count: 629659
CPU [0] UID 1002 comm: gen_fast, count: 629700
CPU [0] UID 1002 comm: gen_fast, count: 629800
CPU [0] UID 1002 comm: gen_fast, count: 629907
CPU [0] UID 1002 comm: gen_fast, count: 630011
CPU [0] UID 1002 comm: gen_fast, count: 630140
CPU [0] UID 1002 comm: gen_fast, count: 630274
CPU [0] UID 1002 comm: gen_fast, count: 630300
CPU [0] UID 1002 comm: gen_fast, count: 630400
CPU [0] UID 1002 comm: gen_fast, count: 630517
CPU [0] UID 1002 comm: gen_fast, count: 630600
CPU [0] UID 1002 comm: gen_fast, count: 630730
CPU [0] UID 1002 comm: gen_fast, count: 630844
CPU [0] UID 1002 comm: gen_fast, count: 630974
CPU [0] UID 1002 comm: gen_fast, count: 631000
CPU [0] UID 1002 comm: gen_fast, count: 631100
CPU [0] UID 1002 comm: gen_fast, count: 631235
CPU [0] UID 1002 comm: gen_fast, count: 631309
CPU [0] UID 1002 comm: gen_fast, count: 631407
CPU [0] UID 1002 comm: gen_fast, count: 631500
CPU [0] UID 1002 comm: gen_fast, count: 631600
CPU [0] UID 1002 comm: gen_fast, count: 631700
CPU [0] UID 1002 comm: gen_fast, count: 631810
CPU [0] UID 1002 comm: gen_fast, count: 631931
CPU [0] UID 1002 comm: gen_fast, count: 632019
CPU [0] UID 1002 comm: gen_fast, count: 632100
CPU [0] UID 1002 comm: gen_fast, count: 632200
CPU [0] UID 1002 comm: gen_fast, count: 632326
CPU [0] UID 1002 comm: gen_fast, count: 632404
CPU [0] UID 1002 comm: gen_fast, count: 632500
CPU [0] UID 1002 comm: gen_fast, count: 632649
CPU [0] UID 1002 comm: gen_fast, count: 632700
CPU [0] UID 1002 comm: gen_fast, count: 632861
CPU [0] UID 1002 comm: gen_fast, count: 632939
CPU [0] UID 1002 comm: gen_fast, count: 633028
CPU [0] UID 1002 comm: gen_fast, count: 633113
CPU [0] UID 1002 comm: gen_fast, count: 633200
CPU [0] UID 1002 comm: gen_fast, count: 633300
CPU [0] UID 1002 comm: gen_fast, count: 633471
CPU [0] UID 1002 comm: gen_fast, count: 633500
CPU [0] UID 1002 comm: gen_fast, count: 633607
CPU [0] UID 1002 comm: gen_fast, count: 633776
CPU [0] UID 1002 comm: gen_fast, count: 633800
CPU [0] UID 1002 comm: gen_fast, count: 633914
CPU [0] UID 1002 comm: gen_fast, count: 634093
CPU [0] UID 1002 comm: gen_fast, count: 634100
CPU [0] UID 1002 comm: gen_fast, count: 634202
CPU [0] UID 1002 comm: gen_fast, count: 634300
CPU [0] UID 1002 comm: gen_fast, count: 634442
CPU [0] UID 1002 comm: gen_fast, count: 634500
CPU [0] UID 1002 comm: gen_fast, count: 634600
CPU [0] UID 1002 comm: gen_fast, count: 634779
CPU [0] UID 1002 comm: gen_fast, count: 634800
CPU [0] UID 1002 comm: gen_fast, count: 634943
CPU [0] UID 1002 comm: gen_fast, count: 635110
CPU [0] UID 1002 comm: gen_fast, count: 635110
CPU [0] UID 1002 comm: gen_fast, count: 635269
CPU [0] UID 1002 comm: gen_fast, count: 635300
CPU [0] UID 1002 comm: gen_fast, count: 635426
CPU [0] UID 1002 comm: gen_fast, count: 635526
CPU [0] UID 1002 comm: gen_fast, count: 635613
CPU [0] UID 1002 comm: gen_fast, count: 635700
CPU [0] UID 1002 comm: gen_fast, count: 635821
CPU [0] UID 1002 comm: gen_fast, count: 635956
CPU [0] UID 1002 comm: gen_fast, count: 636000
CPU [0] UID 1002 comm: gen_fast, count: 636100
CPU [0] UID 1002 comm: gen_fast, count: 636200
CPU [0] UID 1002 comm: gen_fast, count: 636303
CPU [0] UID 1002 comm: gen_fast, count: 636422
CPU [0] UID 1002 comm: gen_fast, count: 636541
CPU [0] UID 1002 comm: gen_fast, count: 636669
CPU [0] UID 1002 comm: gen_fast, count: 636715
CPU [0] UID 1002 comm: gen_fast, count: 636800
CPU [0] UID 1002 comm: gen_fast, count: 636933
CPU [0] UID 1002 comm: gen_fast, count: 637024
CPU [0] UID 1002 comm: gen_fast, count: 637100
CPU [0] UID 1002 comm: gen_fast, count: 637207
CPU [0] UID 1002 comm: gen_fast, count: 637326
CPU [0] UID 1002 comm: gen_fast, count: 637445
CPU [0] UID 1002 comm: gen_fast, count: 637574
CPU [0] UID 1002 comm: gen_fast, count: 637621
CPU [0] UID 1002 comm: gen_fast, count: 637700
CPU [0] UID 1002 comm: gen_fast, count: 637827
CPU [0] UID 1002 comm: gen_fast, count: 637929
CPU [0] UID 1002 comm: gen_fast, count: 638026
CPU [0] UID 1002 comm: gen_fast, count: 638155
CPU [0] UID 1002 comm: gen_fast, count: 638276
CPU [0] UID 1002 comm: gen_fast, count: 638300
CPU [0] UID 1002 comm: gen_fast, count: 638423
CPU [0] UID 1002 comm: gen_fast, count: 638556
CPU [0] UID 1002 comm: gen_fast, count: 638670
CPU [0] UID 1002 comm: gen_fast, count: 638818
CPU [0] UID 1002 comm: gen_fast, count: 638818
CPU [0] UID 1002 comm: gen_fast, count: 638904
CPU [0] UID 1002 comm: gen_fast, count: 639021
CPU [0] UID 1002 comm: gen_fast, count: 639100
CPU [0] UID 1002 comm: gen_fast, count: 639210
CPU [0] UID 1002 comm: gen_fast, count: 639334
CPU [0] UID 1002 comm: gen_fast, count: 639481
CPU [0] UID 1002 comm: gen_fast, count: 639550
CPU [0] UID 1002 comm: gen_fast, count: 639600
CPU [0] UID 1002 comm: gen_fast, count: 639710
CPU [0] UID 1002 comm: gen_fast, count: 639800
CPU [0] UID 1002 comm: gen_fast, count: 639938
CPU [0] UID 1002 comm: gen_fast, count: 640013
CPU [0] UID 1002 comm: gen_fast, count: 640100
CPU [0] UID 1002 comm: gen_fast, count: 640215
CPU [0] UID 1002 comm: gen_fast, count: 640300
CPU [0] UID 1002 comm: gen_fast, count: 640400
CPU [0] UID 1002 comm: gen_fast, count: 640515
CPU [0] UID 1002 comm: gen_fast, count: 640600
CPU [0] UID 1002 comm: gen_fast, count: 640700
CPU [0] UID 1002 comm: gen_fast, count: 640880
CPU [0] UID 1002 comm: gen_fast, count: 640971
CPU [0] UID 1002 comm: gen_fast, count: 641000
CPU [0] UID 1002 comm: gen_fast, count: 641126
CPU [0] UID 1002 comm: gen_fast, count: 641329
CPU [0] UID 1002 comm: gen_fast, count: 641329
CPU [0] UID 1002 comm: gen_fast, count: 641400
CPU [0] UID 1002 comm: gen_fast, count: 641506
CPU [0] UID 1002 comm: gen_fast, count: 641600
CPU [0] UID 1002 comm: gen_fast, count: 641714
CPU [0] UID 1002 comm: gen_fast, count: 641834
CPU [0] UID 1002 comm: gen_fast, count: 641958
CPU [0] UID 1002 comm: gen_fast, count: 642069
CPU [0] UID 1002 comm: gen_fast, count: 642100
CPU [0] UID 1002 comm: gen_fast, count: 642227
CPU [0] UID 1002 comm: gen_fast, count: 642336
CPU [0] UID 1002 comm: gen_fast, count: 642458
CPU [0] UID 1002 comm: gen_fast, count: 642593
CPU [0] UID 1002 comm: gen_fast, count: 642600
CPU [0] UID 1002 comm: gen_fast, count: 642700
CPU [0] UID 1002 comm: gen_fast, count: 642821
CPU [0] UID 1002 comm: gen_fast, count: 642949
CPU [0] UID 1002 comm: gen_fast, count: 643009
CPU [0] UID 1002 comm: gen_fast, count: 643131
CPU [0] UID 1002 comm: gen_fast, count: 643249
CPU [0] UID 1002 comm: gen_fast, count: 643374
CPU [0] UID 1002 comm: gen_fast, count: 643400
CPU [0] UID 1002 comm: gen_fast, count: 643507
CPU [0] UID 1002 comm: gen_fast, count: 643600
CPU [0] UID 1002 comm: gen_fast, count: 643727
CPU [0] UID 1002 comm: gen_fast, count: 643809
CPU [0] UID 1002 comm: gen_fast, count: 643900
CPU [0] UID 1002 comm: gen_fast, count: 644016
CPU [0] UID 1002 comm: gen_fast, count: 644138
CPU [0] UID 1002 comm: gen_fast, count: 644257
CPU [0] UID 1002 comm: gen_fast, count: 644378
CPU [0] UID 1002 comm: gen_fast, count: 644400
CPU [0] UID 1002 comm: gen_fast, count: 644503
CPU [0] UID 1002 comm: gen_fast, count: 644623
CPU [0] UID 1002 comm: gen_fast, count: 644734
CPU [0] UID 1002 comm: gen_fast, count: 644858
CPU [0] UID 1002 comm: gen_fast, count: 644996
CPU [0] UID 1002 comm: gen_fast, count: 645000
CPU [0] UID 1002 comm: gen_fast, count: 645100
CPU [0] UID 1002 comm: gen_fast, count: 645200
CPU [0] UID 1002 comm: gen_fast, count: 645300
CPU [0] UID 1002 comm: gen_fast, count: 645481
CPU [0] UID 1002 comm: gen_fast, count: 645500
CPU [0] UID 1002 comm: gen_fast, count: 645686
CPU [0] UID 1002 comm: gen_fast, count: 645700
CPU [0] UID 1002 comm: gen_fast, count: 645855
CPU [0] UID 1002 comm: gen_fast, count: 645900
CPU [0] UID 1002 comm: gen_fast, count: 646000
CPU [0] UID 1002 comm: gen_fast, count: 646100
CPU [0] UID 1002 comm: gen_fast, count: 646269
CPU [0] UID 1002 comm: gen_fast, count: 646300
CPU [0] UID 1002 comm: gen_fast, count: 646503
CPU [0] UID 1002 comm: gen_fast, count: 646503
CPU [0] UID 1002 comm: gen_fast, count: 646601
CPU [0] UID 1002 comm: gen_fast, count: 646700
CPU [0] UID 1002 comm: gen_fast, count: 646820
CPU [0] UID 1002 comm: gen_fast, count: 646960
CPU [0] UID 1002 comm: gen_fast, count: 647000
CPU [0] UID 1002 comm: gen_fast, count: 647110
CPU [0] UID 1002 comm: gen_fast, count: 647234
CPU [0] UID 1002 comm: gen_fast, count: 647351
CPU [0] UID 1002 comm: gen_fast, count: 647476
CPU [0] UID 1002 comm: gen_fast, count: 647537
CPU [0] UID 1002 comm: gen_fast, count: 647600
CPU [0] UID 1002 comm: gen_fast, count: 647794
CPU [0] UID 1002 comm: gen_fast, count: 647800
CPU [0] UID 1002 comm: gen_fast, count: 647904
CPU [0] UID 1002 comm: gen_fast, count: 648028
CPU [0] UID 1002 comm: gen_fast, count: 648145
CPU [0] UID 1002 comm: gen_fast, count: 648200
CPU [0] UID 1002 comm: gen_fast, count: 648300
CPU [0] UID 1002 comm: gen_fast, count: 648419
CPU [0] UID 1002 comm: gen_fast, count: 648557
CPU [0] UID 1002 comm: gen_fast, count: 648600
CPU [0] UID 1002 comm: gen_fast, count: 648748
CPU [0] UID 1002 comm: gen_fast, count: 648800
CPU [0] UID 1002 comm: gen_fast, count: 648900
CPU [0] UID 1002 comm: gen_fast, count: 649006
CPU [0] UID 1002 comm: gen_fast, count: 649100
CPU [0] UID 1002 comm: gen_fast, count: 649226
CPU [0] UID 1002 comm: gen_fast, count: 649355
CPU [0] UID 1002 comm: gen_fast, count: 649400
CPU [0] UID 1002 comm: gen_fast, count: 649510
CPU [0] UID 1002 comm: gen_fast, count: 649600
CPU [0] UID 1002 comm: gen_fast, count: 649732
CPU [0] UID 1002 comm: gen_fast, count: 649844
CPU [0] UID 1002 comm: gen_fast, count: 649974
CPU [0] UID 1002 comm: gen_fast, count: 650000
CPU [0] UID 1002 comm: gen_fast, count: 650100
CPU [0] UID 1002 comm: gen_fast, count: 650222
CPU [0] UID 1002 comm: gen_fast, count: 650352
CPU [0] UID 1002 comm: gen_fast, count: 650412
CPU [0] UID 1002 comm: gen_fast, count: 650537
CPU [0] UID 1002 comm: gen_fast, count: 650657
CPU [0] UID 1002 comm: gen_fast, count: 650789
CPU [0] UID 1002 comm: gen_fast, count: 650800
CPU [0] UID 1002 comm: gen_fast, count: 650900
CPU [0] UID 1002 comm: gen_fast, count: 651000
CPU [0] UID 1002 comm: gen_fast, count: 651110
CPU [0] UID 1002 comm: gen_fast, count: 651223
CPU [0] UID 1002 comm: gen_fast, count: 651365
CPU [0] UID 1002 comm: gen_fast, count: 651400
CPU [0] UID 1002 comm: gen_fast, count: 651500
CPU [0] UID 1002 comm: gen_fast, count: 651624
CPU [0] UID 1002 comm: gen_fast, count: 651758
CPU [0] UID 1002 comm: gen_fast, count: 651800
CPU [0] UID 1002 comm: gen_fast, count: 651904
CPU [0] UID 1002 comm: gen_fast, count: 652000
CPU [0] UID 1002 comm: gen_fast, count: 652110
CPU [0] UID 1002 comm: gen_fast, count: 652238
CPU [0] UID 1002 comm: gen_fast, count: 652343
CPU [0] UID 1002 comm: gen_fast, count: 652493
CPU [0] UID 1002 comm: gen_fast, count: 652500
CPU [0] UID 1002 comm: gen_fast, count: 652600
CPU [0] UID 1002 comm: gen_fast, count: 652718
CPU [0] UID 1002 comm: gen_fast, count: 652831
CPU [0] UID 1002 comm: gen_fast, count: 652908
CPU [0] UID 1002 comm: gen_fast, count: 653049
CPU [0] UID 1002 comm: gen_fast, count: 653161
CPU [0] UID 1002 comm: gen_fast, count: 653315
CPU [0] UID 1002 comm: gen_fast, count: 653315
CPU [0] UID 1002 comm: gen_fast, count: 653436
CPU [0] UID 1002 comm: gen_fast, count: 653500
CPU [0] UID 1002 comm: gen_fast, count: 653600
CPU [0] UID 1002 comm: gen_fast, count: 653702
CPU [0] UID 1002 comm: gen_fast, count: 653838
CPU [0] UID 1002 comm: gen_fast, count: 653900
CPU [0] UID 1002 comm: gen_fast, count: 654000
CPU [0] UID 1002 comm: gen_fast, count: 654100
CPU [0] UID 1002 comm: gen_fast, count: 654217
CPU [0] UID 1002 comm: gen_fast, count: 654330
CPU [0] UID 1002 comm: gen_fast, count: 654480
CPU [0] UID 1002 comm: gen_fast, count: 654500
CPU [0] UID 1002 comm: gen_fast, count: 654614
CPU [0] UID 1002 comm: gen_fast, count: 654712
CPU [0] UID 1002 comm: gen_fast, count: 654845
CPU [0] UID 1002 comm: gen_fast, count: 654969
CPU [0] UID 1002 comm: gen_fast, count: 655000
CPU [0] UID 1002 comm: gen_fast, count: 655100
CPU [0] UID 1002 comm: gen_fast, count: 655215
CPU [0] UID 1002 comm: gen_fast, count: 655345
CPU [0] UID 1002 comm: gen_fast, count: 655476
CPU [0] UID 1002 comm: gen_fast, count: 655500
CPU [0] UID 1002 comm: gen_fast, count: 655636
CPU [0] UID 1002 comm: gen_fast, count: 655700
CPU [0] UID 1002 comm: gen_fast, count: 655912
CPU [0] UID 1002 comm: gen_fast, count: 655912
CPU [0] UID 1002 comm: gen_fast, count: 656036
CPU [0] UID 1002 comm: gen_fast, count: 656161
CPU [0] UID 1002 comm: gen_fast, count: 656200
CPU [0] UID 1002 comm: gen_fast, count: 656300
CPU [0] UID 1002 comm: gen_fast, count: 656400
CPU [0] UID 1002 comm: gen_fast, count: 656511
CPU [0] UID 1002 comm: gen_fast, count: 656624
CPU [0] UID 1002 comm: gen_fast, count: 656742
CPU [0] UID 1002 comm: gen_fast, count: 656800
CPU [0] UID 1002 comm: gen_fast, count: 656910
CPU [0] UID 1002 comm: gen_fast, count: 657081
CPU [0] UID 1002 comm: gen_fast, count: 657141
CPU [0] UID 1002 comm: gen_fast, count: 657272
CPU [0] UID 1002 comm: gen_fast, count: 657300
CPU [0] UID 1002 comm: gen_fast, count: 657419
CPU [0] UID 1002 comm: gen_fast, count: 657513
CPU [0] UID 1002 comm: gen_fast, count: 657633
CPU [0] UID 1002 comm: gen_fast, count: 657700
CPU [0] UID 1002 comm: gen_fast, count: 657813
CPU [0] UID 1002 comm: gen_fast, count: 657939
CPU [0] UID 1002 comm: gen_fast, count: 658002
CPU [0] UID 1002 comm: gen_fast, count: 658128
CPU [0] UID 1002 comm: gen_fast, count: 658257
CPU [0] UID 1002 comm: gen_fast, count: 658300
CPU [0] UID 1002 comm: gen_fast, count: 658431
CPU [0] UID 1002 comm: gen_fast, count: 658523
CPU [0] UID 1002 comm: gen_fast, count: 658651
CPU [0] UID 1002 comm: gen_fast, count: 658776
CPU [0] UID 1002 comm: gen_fast, count: 658800
CPU [0] UID 1002 comm: gen_fast, count: 658900
CPU [0] UID 1002 comm: gen_fast, count: 659008
CPU [0] UID 1002 comm: gen_fast, count: 659142
CPU [0] UID 1002 comm: gen_fast, count: 659281
CPU [0] UID 1002 comm: gen_fast, count: 659300
CPU [0] UID 1002 comm: gen_fast, count: 659433
CPU [0] UID 1002 comm: gen_fast, count: 659554
CPU [0] UID 1002 comm: gen_fast, count: 659682
CPU [0] UID 1002 comm: gen_fast, count: 659700
CPU [0] UID 1002 comm: gen_fast, count: 659800
CPU [0] UID 1002 comm: gen_fast, count: 659928
CPU [0] UID 1002 comm: gen_fast, count: 660000
CPU [0] UID 1002 comm: gen_fast, count: 660103
CPU [0] UID 1002 comm: gen_fast, count: 660228
CPU [0] UID 1002 comm: gen_fast, count: 660363
CPU [0] UID 1002 comm: gen_fast, count: 660493
CPU [0] UID 1002 comm: gen_fast, count: 660500
CPU [0] UID 1002 comm: gen_fast, count: 660600
CPU [0] UID 1002 comm: gen_fast, count: 660739
CPU [0] UID 1002 comm: gen_fast, count: 660802
CPU [0] UID 1002 comm: gen_fast, count: 660939
CPU [0] UID 1002 comm: gen_fast, count: 661051
CPU [0] UID 1002 comm: gen_fast, count: 661178
CPU [0] UID 1002 comm: gen_fast, count: 661200
CPU [0] UID 1002 comm: gen_fast, count: 661300
CPU [0] UID 1002 comm: gen_fast, count: 661423
CPU [0] UID 1002 comm: gen_fast, count: 661529
CPU [0] UID 1002 comm: gen_fast, count: 661647
CPU [0] UID 1002 comm: gen_fast, count: 661779
CPU [0] UID 1002 comm: gen_fast, count: 661800
CPU [0] UID 1002 comm: gen_fast, count: 661900
CPU [0] UID 1002 comm: gen_fast, count: 662034
CPU [0] UID 1002 comm: gen_fast, count: 662164
CPU [0] UID 1002 comm: gen_fast, count: 662200
CPU [0] UID 1002 comm: gen_fast, count: 662307
CPU [0] UID 1002 comm: gen_fast, count: 662400
CPU [0] UID 1002 comm: gen_fast, count: 662505
CPU [0] UID 1002 comm: gen_fast, count: 662600
CPU [0] UID 1002 comm: gen_fast, count: 662701
CPU [0] UID 1002 comm: gen_fast, count: 662835
CPU [0] UID 1002 comm: gen_fast, count: 662941
CPU [0] UID 1002 comm: gen_fast, count: 663085
CPU [0] UID 1002 comm: gen_fast, count: 663100
CPU [0] UID 1002 comm: gen_fast, count: 663205
CPU [0] UID 1002 comm: gen_fast, count: 663351
CPU [0] UID 1002 comm: gen_fast, count: 663439
CPU [0] UID 1002 comm: gen_fast, count: 663503
CPU [0] UID 1002 comm: gen_fast, count: 663630
CPU [0] UID 1002 comm: gen_fast, count: 663751
CPU [0] UID 1002 comm: gen_fast, count: 663871
CPU [0] UID 1002 comm: gen_fast, count: 663900
CPU [0] UID 1002 comm: gen_fast, count: 664000
CPU [0] UID 1002 comm: gen_fast, count: 664103
CPU [0] UID 1002 comm: gen_fast, count: 664233
CPU [0] UID 1002 comm: gen_fast, count: 664377
CPU [0] UID 1002 comm: gen_fast, count: 664400
CPU [0] UID 1002 comm: gen_fast, count: 664507
CPU [0] UID 1002 comm: gen_fast, count: 664602
CPU [0] UID 1002 comm: gen_fast, count: 664709
CPU [0] UID 1002 comm: gen_fast, count: 664800
CPU [0] UID 1002 comm: gen_fast, count: 664906
CPU [0] UID 1002 comm: gen_fast, count: 665039
CPU [0] UID 1002 comm: gen_fast, count: 665135
CPU [0] UID 1002 comm: gen_fast, count: 665201
CPU [0] UID 1002 comm: gen_fast, count: 665318
CPU [0] UID 1002 comm: gen_fast, count: 665443
CPU [0] UID 1002 comm: gen_fast, count: 665571
CPU [0] UID 1002 comm: gen_fast, count: 665618
CPU [0] UID 1002 comm: gen_fast, count: 665700
CPU [0] UID 1002 comm: gen_fast, count: 665817
CPU [0] UID 1002 comm: gen_fast, count: 665936
CPU [0] UID 1002 comm: gen_fast, count: 666062
CPU [0] UID 1002 comm: gen_fast, count: 666100
CPU [0] UID 1002 comm: gen_fast, count: 666208
CPU [0] UID 1002 comm: gen_fast, count: 666301
CPU [0] UID 1002 comm: gen_fast, count: 666418
CPU [0] UID 1002 comm: gen_fast, count: 666556
CPU [0] UID 1002 comm: gen_fast, count: 666600
CPU [0] UID 1002 comm: gen_fast, count: 666700
CPU [0] UID 1002 comm: gen_fast, count: 666809
CPU [0] UID 1002 comm: gen_fast, count: 666910
CPU [0] UID 1002 comm: gen_fast, count: 667000
CPU [0] UID 1002 comm: gen_fast, count: 667150
CPU [0] UID 1002 comm: gen_fast, count: 667200
CPU [0] UID 1002 comm: gen_fast, count: 667309
CPU [0] UID 1002 comm: gen_fast, count: 667442
CPU [0] UID 1002 comm: gen_fast, count: 667500
CPU [0] UID 1002 comm: gen_fast, count: 667600
CPU [0] UID 1002 comm: gen_fast, count: 667769
CPU [0] UID 1002 comm: gen_fast, count: 667800
CPU [0] UID 1002 comm: gen_fast, count: 667900
CPU [0] UID 1002 comm: gen_fast, count: 668000
CPU [0] UID 1002 comm: gen_fast, count: 668137
CPU [0] UID 1002 comm: gen_fast, count: 668291
CPU [0] UID 1002 comm: gen_fast, count: 668300
CPU [0] UID 1002 comm: gen_fast, count: 668454
CPU [0] UID 1002 comm: gen_fast, count: 668632
CPU [0] UID 1002 comm: gen_fast, count: 668632
CPU [0] UID 1002 comm: gen_fast, count: 668736
CPU [0] UID 1002 comm: gen_fast, count: 668818
CPU [0] UID 1002 comm: gen_fast, count: 668900
CPU [0] UID 1002 comm: gen_fast, count: 669011
CPU [0] UID 1002 comm: gen_fast, count: 669155
CPU [0] UID 1002 comm: gen_fast, count: 669200
CPU [0] UID 1002 comm: gen_fast, count: 669329
CPU [0] UID 1002 comm: gen_fast, count: 669400
CPU [0] UID 1002 comm: gen_fast, count: 669536
CPU [0] UID 1002 comm: gen_fast, count: 669600
CPU [0] UID 1002 comm: gen_fast, count: 669700
CPU [0] UID 1002 comm: gen_fast, count: 669886
CPU [0] UID 1002 comm: gen_fast, count: 669900
CPU [0] UID 1002 comm: gen_fast, count: 670141
CPU [0] UID 1002 comm: gen_fast, count: 670141
CPU [0] UID 1002 comm: gen_fast, count: 670200
CPU [0] UID 1002 comm: gen_fast, count: 670301
CPU [0] UID 1002 comm: gen_fast, count: 670446
CPU [0] UID 1002 comm: gen_fast, count: 670555
CPU [0] UID 1002 comm: gen_fast, count: 670695
CPU [0] UID 1002 comm: gen_fast, count: 670700
CPU [0] UID 1002 comm: gen_fast, count: 670822
CPU [0] UID 1002 comm: gen_fast, count: 670957
CPU [0] UID 1002 comm: gen_fast, count: 671105
CPU [0] UID 1002 comm: gen_fast, count: 671105
CPU [0] UID 1002 comm: gen_fast, count: 671220
CPU [0] UID 1002 comm: gen_fast, count: 671358
CPU [0] UID 1002 comm: gen_fast, count: 671400
CPU [0] UID 1002 comm: gen_fast, count: 671500
CPU [0] UID 1002 comm: gen_fast, count: 671614
CPU [0] UID 1002 comm: gen_fast, count: 671730
CPU [0] UID 1002 comm: gen_fast, count: 671859
CPU [0] UID 1002 comm: gen_fast, count: 671900
CPU [0] UID 1002 comm: gen_fast, count: 672000
CPU [0] UID 1002 comm: gen_fast, count: 672119
CPU [0] UID 1002 comm: gen_fast, count: 672241
CPU [0] UID 1002 comm: gen_fast, count: 672366
CPU [0] UID 1002 comm: gen_fast, count: 672426
CPU [0] UID 1002 comm: gen_fast, count: 672500
CPU [0] UID 1002 comm: gen_fast, count: 672615
CPU [0] UID 1002 comm: gen_fast, count: 672749
CPU [0] UID 1002 comm: gen_fast, count: 672883
CPU [0] UID 1002 comm: gen_fast, count: 672900
CPU [0] UID 1002 comm: gen_fast, count: 673000
CPU [0] UID 1002 comm: gen_fast, count: 673122
CPU [0] UID 1002 comm: gen_fast, count: 673211
CPU [0] UID 1002 comm: gen_fast, count: 673341
CPU [0] UID 1002 comm: gen_fast, count: 673485
CPU [0] UID 1002 comm: gen_fast, count: 673500
CPU [0] UID 1002 comm: gen_fast, count: 673643
CPU [0] UID 1002 comm: gen_fast, count: 673779
CPU [0] UID 1002 comm: gen_fast, count: 673800
CPU [0] UID 1002 comm: gen_fast, count: 673900
CPU [0] UID 1002 comm: gen_fast, count: 674027
CPU [0] UID 1002 comm: gen_fast, count: 674118
CPU [0] UID 1002 comm: gen_fast, count: 674232
CPU [0] UID 1002 comm: gen_fast, count: 674300
CPU [0] UID 1002 comm: gen_fast, count: 674400
CPU [0] UID 1002 comm: gen_fast, count: 674500
CPU [0] UID 1002 comm: gen_fast, count: 674600
CPU [0] UID 1002 comm: gen_fast, count: 674700
CPU [0] UID 1002 comm: gen_fast, count: 674800
CPU [0] UID 1002 comm: gen_fast, count: 674904
CPU [0] UID 1002 comm: gen_fast, count: 675033
CPU [0] UID 1002 comm: gen_fast, count: 675127
CPU [0] UID 1002 comm: gen_fast, count: 675244
CPU [0] UID 1002 comm: gen_fast, count: 675368
CPU [0] UID 1002 comm: gen_fast, count: 675400
CPU [0] UID 1002 comm: gen_fast, count: 675514
CPU [0] UID 1002 comm: gen_fast, count: 675667
CPU [0] UID 1002 comm: gen_fast, count: 675700
CPU [0] UID 1002 comm: gen_fast, count: 675820
CPU [0] UID 1002 comm: gen_fast, count: 676019
CPU [0] UID 1002 comm: gen_fast, count: 676019
CPU [0] UID 1002 comm: gen_fast, count: 676187
CPU [0] UID 1002 comm: gen_fast, count: 676200
CPU [0] UID 1002 comm: gen_fast, count: 676317
CPU [0] UID 1002 comm: gen_fast, count: 676425
CPU [0] UID 1002 comm: gen_fast, count: 676500
CPU [0] UID 1002 comm: gen_fast, count: 676614
CPU [0] UID 1002 comm: gen_fast, count: 676736
CPU [0] UID 1002 comm: gen_fast, count: 676800
CPU [0] UID 1002 comm: gen_fast, count: 676900
CPU [0] UID 1002 comm: gen_fast, count: 677042
CPU [0] UID 1002 comm: gen_fast, count: 677124
CPU [0] UID 1002 comm: gen_fast, count: 677281
CPU [0] UID 1002 comm: gen_fast, count: 677300
CPU [0] UID 1002 comm: gen_fast, count: 677418
CPU [0] UID 1002 comm: gen_fast, count: 677554
CPU [0] UID 1002 comm: gen_fast, count: 677600
CPU [0] UID 1002 comm: gen_fast, count: 677700
CPU [0] UID 1002 comm: gen_fast, count: 677808
CPU [0] UID 1002 comm: gen_fast, count: 677942
CPU [0] UID 1002 comm: gen_fast, count: 678003
CPU [0] UID 1002 comm: gen_fast, count: 678129
CPU [0] UID 1002 comm: gen_fast, count: 678200
CPU [0] UID 1002 comm: gen_fast, count: 678317
CPU [0] UID 1002 comm: gen_fast, count: 678433
CPU [0] UID 1002 comm: gen_fast, count: 678500
CPU [0] UID 1002 comm: gen_fast, count: 678600
CPU [0] UID 1002 comm: gen_fast, count: 678700
CPU [0] UID 1002 comm: gen_fast, count: 678813
CPU [0] UID 1002 comm: gen_fast, count: 678909
CPU [0] UID 1002 comm: gen_fast, count: 679031
CPU [0] UID 1002 comm: gen_fast, count: 679100
CPU [0] UID 1002 comm: gen_fast, count: 679211
CPU [0] UID 1002 comm: gen_fast, count: 679336
CPU [0] UID 1002 comm: gen_fast, count: 679485
CPU [0] UID 1002 comm: gen_fast, count: 679500
CPU [0] UID 1002 comm: gen_fast, count: 679611
CPU [0] UID 1002 comm: gen_fast, count: 679739
CPU [0] UID 1002 comm: gen_fast, count: 679861
CPU [0] UID 1002 comm: gen_fast, count: 679900
CPU [0] UID 1002 comm: gen_fast, count: 680000
CPU [0] UID 1002 comm: gen_fast, count: 680100
CPU [0] UID 1002 comm: gen_fast, count: 680257
CPU [0] UID 1002 comm: gen_fast, count: 680390
CPU [0] UID 1002 comm: gen_fast, count: 680471
CPU [0] UID 1002 comm: gen_fast, count: 680500
CPU [0] UID 1002 comm: gen_fast, count: 680609
CPU [0] UID 1002 comm: gen_fast, count: 680727
CPU [0] UID 1002 comm: gen_fast, count: 680866
CPU [0] UID 1002 comm: gen_fast, count: 680900
CPU [0] UID 1002 comm: gen_fast, count: 681021
CPU [0] UID 1002 comm: gen_fast, count: 681102
CPU [0] UID 1002 comm: gen_fast, count: 681266
CPU [0] UID 1002 comm: gen_fast, count: 681399
CPU [0] UID 1002 comm: gen_fast, count: 681400
CPU [0] UID 1002 comm: gen_fast, count: 681500
CPU [0] UID 1002 comm: gen_fast, count: 681616
CPU [0] UID 1002 comm: gen_fast, count: 681739
CPU [0] UID 1002 comm: gen_fast, count: 681860
CPU [0] UID 1002 comm: gen_fast, count: 681999
CPU [0] UID 1002 comm: gen_fast, count: 682000
CPU [0] UID 1002 comm: gen_fast, count: 682101
CPU [0] UID 1002 comm: gen_fast, count: 682227
CPU [0] UID 1002 comm: gen_fast, count: 682374
CPU [0] UID 1002 comm: gen_fast, count: 682401
CPU [0] UID 1002 comm: gen_fast, count: 682500
CPU [0] UID 1002 comm: gen_fast, count: 682608
CPU [0] UID 1002 comm: gen_fast, count: 682739
CPU [0] UID 1002 comm: gen_fast, count: 682838
CPU [0] UID 1002 comm: gen_fast, count: 682973
CPU [0] UID 1002 comm: gen_fast, count: 683000
CPU [0] UID 1002 comm: gen_fast, count: 683100
CPU [0] UID 1002 comm: gen_fast, count: 683210
CPU [0] UID 1002 comm: gen_fast, count: 683360
CPU [0] UID 1002 comm: gen_fast, count: 683448
CPU [0] UID 1002 comm: gen_fast, count: 683567
CPU [0] UID 1002 comm: gen_fast, count: 683600
CPU [0] UID 1002 comm: gen_fast, count: 683700
CPU [0] UID 1002 comm: gen_fast, count: 683820
CPU [0] UID 1002 comm: gen_fast, count: 683956
CPU [0] UID 1002 comm: gen_fast, count: 684029
CPU [0] UID 1002 comm: gen_fast, count: 684100
CPU [0] UID 1002 comm: gen_fast, count: 684224
CPU [0] UID 1002 comm: gen_fast, count: 684361
CPU [0] UID 1002 comm: gen_fast, count: 684400
CPU [0] UID 1002 comm: gen_fast, count: 684500
CPU [0] UID 1002 comm: gen_fast, count: 684626
CPU [0] UID 1002 comm: gen_fast, count: 684700
CPU [0] UID 1002 comm: gen_fast, count: 684811
CPU [0] UID 1002 comm: gen_fast, count: 684946
CPU [0] UID 1002 comm: gen_fast, count: 685092
CPU [0] UID 1002 comm: gen_fast, count: 685100
CPU [0] UID 1002 comm: gen_fast, count: 685200
CPU [0] UID 1002 comm: gen_fast, count: 685327
CPU [0] UID 1002 comm: gen_fast, count: 685454
CPU [0] UID 1002 comm: gen_fast, count: 685608
CPU [0] UID 1002 comm: gen_fast, count: 685608
CPU [0] UID 1002 comm: gen_fast, count: 685700
CPU [0] UID 1002 comm: gen_fast, count: 685825
CPU [0] UID 1002 comm: gen_fast, count: 685956
CPU [0] UID 1002 comm: gen_fast, count: 686010
CPU [0] UID 1002 comm: gen_fast, count: 686133
CPU [0] UID 1002 comm: gen_fast, count: 686201
CPU [0] UID 1002 comm: gen_fast, count: 686322
CPU [0] UID 1002 comm: gen_fast, count: 686457
CPU [0] UID 1002 comm: gen_fast, count: 686500
CPU [0] UID 1002 comm: gen_fast, count: 686604
CPU [0] UID 1002 comm: gen_fast, count: 686700
CPU [0] UID 1002 comm: gen_fast, count: 686800
CPU [0] UID 1002 comm: gen_fast, count: 686930
CPU [0] UID 1002 comm: gen_fast, count: 687013
CPU [0] UID 1002 comm: gen_fast, count: 687106
CPU [0] UID 1002 comm: gen_fast, count: 687227
CPU [0] UID 1002 comm: gen_fast, count: 687375
CPU [0] UID 1002 comm: gen_fast, count: 687400
CPU [0] UID 1002 comm: gen_fast, count: 687529
CPU [0] UID 1002 comm: gen_fast, count: 687689
CPU [0] UID 1002 comm: gen_fast, count: 687700
CPU [0] UID 1002 comm: gen_fast, count: 687800
CPU [0] UID 1002 comm: gen_fast, count: 687905
CPU [0] UID 1002 comm: gen_fast, count: 688005
CPU [0] UID 1002 comm: gen_fast, count: 688100
CPU [0] UID 1002 comm: gen_fast, count: 688220
CPU [0] UID 1002 comm: gen_fast, count: 688305
CPU [0] UID 1002 comm: gen_fast, count: 688400
CPU [0] UID 1002 comm: gen_fast, count: 688518
CPU [0] UID 1002 comm: gen_fast, count: 688631
CPU [0] UID 1002 comm: gen_fast, count: 688786
CPU [0] UID 1002 comm: gen_fast, count: 688867
CPU [0] UID 1002 comm: gen_fast, count: 688900
CPU [0] UID 1002 comm: gen_fast, count: 689000
CPU [0] UID 1002 comm: gen_fast, count: 689118
CPU [0] UID 1002 comm: gen_fast, count: 689244
CPU [0] UID 1002 comm: gen_fast, count: 689373
CPU [0] UID 1002 comm: gen_fast, count: 689400
CPU [0] UID 1002 comm: gen_fast, count: 689500
CPU [0] UID 1002 comm: gen_fast, count: 689637
CPU [0] UID 1002 comm: gen_fast, count: 689700
CPU [0] UID 1002 comm: gen_fast, count: 689811
CPU [0] UID 1002 comm: gen_fast, count: 689944
CPU [0] UID 1002 comm: gen_fast, count: 690000
CPU [0] UID 1002 comm: gen_fast, count: 690100
CPU [0] UID 1002 comm: gen_fast, count: 690239
CPU [0] UID 1002 comm: gen_fast, count: 690334
CPU [0] UID 1002 comm: gen_fast, count: 690400
CPU [0] UID 1002 comm: gen_fast, count: 690514
CPU [0] UID 1002 comm: gen_fast, count: 690638
CPU [0] UID 1002 comm: gen_fast, count: 690700
CPU [0] UID 1002 comm: gen_fast, count: 690822
CPU [0] UID 1002 comm: gen_fast, count: 690900
CPU [0] UID 1002 comm: gen_fast, count: 691002
CPU [0] UID 1002 comm: gen_fast, count: 691125
CPU [0] UID 1002 comm: gen_fast, count: 691272
CPU [0] UID 1002 comm: gen_fast, count: 691300
CPU [0] UID 1002 comm: gen_fast, count: 691400
CPU [0] UID 1002 comm: gen_fast, count: 691529
CPU [0] UID 1002 comm: gen_fast, count: 691668
CPU [0] UID 1002 comm: gen_fast, count: 691730
CPU [0] UID 1002 comm: gen_fast, count: 691853
CPU [0] UID 1002 comm: gen_fast, count: 691998
CPU [0] UID 1002 comm: gen_fast, count: 692000
CPU [0] UID 1002 comm: gen_fast, count: 692139
CPU [0] UID 1002 comm: gen_fast, count: 692274
CPU [0] UID 1002 comm: gen_fast, count: 692300
CPU [0] UID 1002 comm: gen_fast, count: 692400
CPU [0] UID 1002 comm: gen_fast, count: 692528
CPU [0] UID 1002 comm: gen_fast, count: 692638
CPU [0] UID 1002 comm: gen_fast, count: 692776
CPU [0] UID 1002 comm: gen_fast, count: 692800
CPU [0] UID 1002 comm: gen_fast, count: 692902
CPU [0] UID 1002 comm: gen_fast, count: 693011
CPU [0] UID 1002 comm: gen_fast, count: 693153
CPU [0] UID 1002 comm: gen_fast, count: 693200
CPU [0] UID 1002 comm: gen_fast, count: 693314
CPU [0] UID 1002 comm: gen_fast, count: 693400
CPU [0] UID 1002 comm: gen_fast, count: 693526
CPU [0] UID 1002 comm: gen_fast, count: 693660
CPU [0] UID 1002 comm: gen_fast, count: 693700
CPU [0] UID 1002 comm: gen_fast, count: 693800
CPU [0] UID 1002 comm: gen_fast, count: 693918
CPU [0] UID 1002 comm: gen_fast, count: 694018
CPU [0] UID 1002 comm: gen_fast, count: 694100
CPU [0] UID 1002 comm: gen_fast, count: 694207
CPU [0] UID 1002 comm: gen_fast, count: 694337
CPU [0] UID 1002 comm: gen_fast, count: 694460
CPU [0] UID 1002 comm: gen_fast, count: 694500
CPU [0] UID 1002 comm: gen_fast, count: 694607
CPU [0] UID 1002 comm: gen_fast, count: 694700
CPU [0] UID 1002 comm: gen_fast, count: 694838
CPU [0] UID 1002 comm: gen_fast, count: 694969
CPU [0] UID 1002 comm: gen_fast, count: 695000
CPU [0] UID 1002 comm: gen_fast, count: 695100
CPU [0] UID 1002 comm: gen_fast, count: 695216
CPU [0] UID 1002 comm: gen_fast, count: 695314
CPU [0] UID 1002 comm: gen_fast, count: 695400
CPU [0] UID 1002 comm: gen_fast, count: 695519
CPU [0] UID 1002 comm: gen_fast, count: 695600
CPU [0] UID 1002 comm: gen_fast, count: 695704
CPU [0] UID 1002 comm: gen_fast, count: 695821
CPU [0] UID 1002 comm: gen_fast, count: 695900
CPU [0] UID 1002 comm: gen_fast, count: 696052
CPU [0] UID 1002 comm: gen_fast, count: 696100
CPU [0] UID 1002 comm: gen_fast, count: 696236
CPU [0] UID 1002 comm: gen_fast, count: 696365
CPU [0] UID 1002 comm: gen_fast, count: 696400
CPU [0] UID 1002 comm: gen_fast, count: 696500
CPU [0] UID 1002 comm: gen_fast, count: 696622
CPU [0] UID 1002 comm: gen_fast, count: 696760
CPU [0] UID 1002 comm: gen_fast, count: 696800
CPU [0] UID 1002 comm: gen_fast, count: 696900
CPU [0] UID 1002 comm: gen_fast, count: 697000
CPU [0] UID 1002 comm: gen_fast, count: 697113
CPU [0] UID 1002 comm: gen_fast, count: 697254
CPU [0] UID 1002 comm: gen_fast, count: 697300
CPU [0] UID 1002 comm: gen_fast, count: 697492
CPU [0] UID 1002 comm: gen_fast, count: 697500
CPU [0] UID 1002 comm: gen_fast, count: 697607
CPU [0] UID 1002 comm: gen_fast, count: 697738
CPU [0] UID 1002 comm: gen_fast, count: 697840
CPU [0] UID 1002 comm: gen_fast, count: 697974
CPU [0] UID 1002 comm: gen_fast, count: 698000
CPU [0] UID 1002 comm: gen_fast, count: 698115
CPU [0] UID 1002 comm: gen_fast, count: 698245
CPU [0] UID 1002 comm: gen_fast, count: 698354
CPU [0] UID 1002 comm: gen_fast, count: 698499
CPU [0] UID 1002 comm: gen_fast, count: 698500
CPU [0] UID 1002 comm: gen_fast, count: 698600
CPU [0] UID 1002 comm: gen_fast, count: 698732
CPU [0] UID 1002 comm: gen_fast, count: 698835
CPU [0] UID 1002 comm: gen_fast, count: 698964
CPU [0] UID 1002 comm: gen_fast, count: 699000
CPU [0] UID 1002 comm: gen_fast, count: 699100
CPU [0] UID 1002 comm: gen_fast, count: 699211
CPU [0] UID 1002 comm: gen_fast, count: 699341
CPU [0] UID 1002 comm: gen_fast, count: 699400
CPU [0] UID 1002 comm: gen_fast, count: 699500
CPU [0] UID 1002 comm: gen_fast, count: 699600
CPU [0] UID 1002 comm: gen_fast, count: 699704
CPU [0] UID 1002 comm: gen_fast, count: 699800
CPU [0] UID 1002 comm: gen_fast, count: 699914
CPU [0] UID 1002 comm: gen_fast, count: 700027
CPU [0] UID 1002 comm: gen_fast, count: 700165
CPU [0] UID 1002 comm: gen_fast, count: 700200
CPU [0] UID 1002 comm: gen_fast, count: 700309
CPU [0] UID 1002 comm: gen_fast, count: 700400
CPU [0] UID 1002 comm: gen_fast, count: 700523
CPU [0] UID 1002 comm: gen_fast, count: 700609
CPU [0] UID 1002 comm: gen_fast, count: 700761
CPU [0] UID 1002 comm: gen_fast, count: 700800
CPU [0] UID 1002 comm: gen_fast, count: 700900
CPU [0] UID 1002 comm: gen_fast, count: 701025
CPU [0] UID 1002 comm: gen_fast, count: 701115
CPU [0] UID 1002 comm: gen_fast, count: 701233
CPU [0] UID 1002 comm: gen_fast, count: 701361
CPU [0] UID 1002 comm: gen_fast, count: 701497
CPU [0] UID 1002 comm: gen_fast, count: 701500
CPU [0] UID 1002 comm: gen_fast, count: 701614
CPU [0] UID 1002 comm: gen_fast, count: 701810
CPU [0] UID 1002 comm: gen_fast, count: 701810
CPU [0] UID 1002 comm: gen_fast, count: 701904
CPU [0] UID 1002 comm: gen_fast, count: 702018
CPU [0] UID 1002 comm: gen_fast, count: 702100
CPU [0] UID 1002 comm: gen_fast, count: 702237
CPU [0] UID 1002 comm: gen_fast, count: 702332
CPU [0] UID 1002 comm: gen_fast, count: 702400
CPU [0] UID 1002 comm: gen_fast, count: 702508
CPU [0] UID 1002 comm: gen_fast, count: 702614
CPU [0] UID 1002 comm: gen_fast, count: 702735
CPU [0] UID 1002 comm: gen_fast, count: 702800
CPU [0] UID 1002 comm: gen_fast, count: 702921
CPU [0] UID 1002 comm: gen_fast, count: 703028
CPU [0] UID 1002 comm: gen_fast, count: 703100
CPU [0] UID 1002 comm: gen_fast, count: 703200
CPU [0] UID 1002 comm: gen_fast, count: 703317
CPU [0] UID 1002 comm: gen_fast, count: 703483
CPU [0] UID 1002 comm: gen_fast, count: 703500
CPU [0] UID 1002 comm: gen_fast, count: 703609
CPU [0] UID 1002 comm: gen_fast, count: 703700
CPU [0] UID 1002 comm: gen_fast, count: 703822
CPU [0] UID 1002 comm: gen_fast, count: 703900
CPU [0] UID 1002 comm: gen_fast, count: 704048
CPU [0] UID 1002 comm: gen_fast, count: 704100
CPU [0] UID 1002 comm: gen_fast, count: 704233
CPU [0] UID 1002 comm: gen_fast, count: 704304
CPU [0] UID 1002 comm: gen_fast, count: 704428
CPU [0] UID 1002 comm: gen_fast, count: 704500
CPU [0] UID 1002 comm: gen_fast, count: 704600
CPU [0] UID 1002 comm: gen_fast, count: 704725
CPU [0] UID 1002 comm: gen_fast, count: 704800
CPU [0] UID 1002 comm: gen_fast, count: 704956
CPU [0] UID 1002 comm: gen_fast, count: 705001
CPU [0] UID 1002 comm: gen_fast, count: 705103
CPU [0] UID 1002 comm: gen_fast, count: 705283
CPU [0] UID 1002 comm: gen_fast, count: 705300
CPU [0] UID 1002 comm: gen_fast, count: 705412
CPU [0] UID 1002 comm: gen_fast, count: 705500
CPU [0] UID 1002 comm: gen_fast, count: 705666
CPU [0] UID 1002 comm: gen_fast, count: 705700
CPU [0] UID 1002 comm: gen_fast, count: 705836
CPU [0] UID 1002 comm: gen_fast, count: 705900
CPU [0] UID 1002 comm: gen_fast, count: 706049
CPU [0] UID 1002 comm: gen_fast, count: 706100
CPU [0] UID 1002 comm: gen_fast, count: 706200
CPU [0] UID 1002 comm: gen_fast, count: 706304
CPU [0] UID 1002 comm: gen_fast, count: 706406
CPU [0] UID 1002 comm: gen_fast, count: 706528
CPU [0] UID 1002 comm: gen_fast, count: 706648
CPU [0] UID 1002 comm: gen_fast, count: 706787
CPU [0] UID 1002 comm: gen_fast, count: 706800
CPU [0] UID 1002 comm: gen_fast, count: 706912
CPU [0] UID 1002 comm: gen_fast, count: 707046
CPU [0] UID 1002 comm: gen_fast, count: 707152
CPU [0] UID 1002 comm: gen_fast, count: 707200
CPU [0] UID 1002 comm: gen_fast, count: 707300
CPU [0] UID 1002 comm: gen_fast, count: 707400
CPU [0] UID 1002 comm: gen_fast, count: 707530
CPU [0] UID 1002 comm: gen_fast, count: 707635
CPU [0] UID 1002 comm: gen_fast, count: 707766
CPU [0] UID 1002 comm: gen_fast, count: 707909
CPU [0] UID 1002 comm: gen_fast, count: 707909
CPU [0] UID 1002 comm: gen_fast, count: 708014
CPU [0] UID 1002 comm: gen_fast, count: 708148
CPU [0] UID 1002 comm: gen_fast, count: 708275
CPU [0] UID 1002 comm: gen_fast, count: 708300
CPU [0] UID 1002 comm: gen_fast, count: 708403
CPU [0] UID 1002 comm: gen_fast, count: 708511
CPU [0] UID 1002 comm: gen_fast, count: 708659
CPU [0] UID 1002 comm: gen_fast, count: 708795
CPU [0] UID 1002 comm: gen_fast, count: 708800
CPU [0] UID 1002 comm: gen_fast, count: 708900
CPU [0] UID 1002 comm: gen_fast, count: 709028
CPU [0] UID 1002 comm: gen_fast, count: 709145
CPU [0] UID 1002 comm: gen_fast, count: 709312
CPU [0] UID 1002 comm: gen_fast, count: 709312
CPU [0] UID 1002 comm: gen_fast, count: 709469
CPU [0] UID 1002 comm: gen_fast, count: 709500
CPU [0] UID 1002 comm: gen_fast, count: 709609
CPU [0] UID 1002 comm: gen_fast, count: 709700
CPU [0] UID 1002 comm: gen_fast, count: 709811
CPU [0] UID 1002 comm: gen_fast, count: 709938
CPU [0] UID 1002 comm: gen_fast, count: 710072
CPU [0] UID 1002 comm: gen_fast, count: 710100
CPU [0] UID 1002 comm: gen_fast, count: 710200
CPU [0] UID 1002 comm: gen_fast, count: 710356
CPU [0] UID 1002 comm: gen_fast, count: 710424
CPU [0] UID 1002 comm: gen_fast, count: 710568
CPU [0] UID 1002 comm: gen_fast, count: 710600
CPU [0] UID 1002 comm: gen_fast, count: 710700
CPU [0] UID 1002 comm: gen_fast, count: 710818
CPU [0] UID 1002 comm: gen_fast, count: 710900
CPU [0] UID 1002 comm: gen_fast, count: 711000
CPU [0] UID 1002 comm: gen_fast, count: 711112
CPU [0] UID 1002 comm: gen_fast, count: 711243
CPU [0] UID 1002 comm: gen_fast, count: 711300
CPU [0] UID 1002 comm: gen_fast, count: 711407
CPU [0] UID 1002 comm: gen_fast, count: 711500
CPU [0] UID 1002 comm: gen_fast, count: 711672
CPU [0] UID 1002 comm: gen_fast, count: 711700
CPU [0] UID 1002 comm: gen_fast, count: 711862
CPU [0] UID 1002 comm: gen_fast, count: 711900
CPU [0] UID 1002 comm: gen_fast, count: 712010
CPU [0] UID 1002 comm: gen_fast, count: 712144
CPU [0] UID 1002 comm: gen_fast, count: 712235
CPU [0] UID 1002 comm: gen_fast, count: 712300
CPU [0] UID 1002 comm: gen_fast, count: 712407
CPU [0] UID 1002 comm: gen_fast, count: 712558
CPU [0] UID 1002 comm: gen_fast, count: 712687
CPU [0] UID 1002 comm: gen_fast, count: 712700
CPU [0] UID 1002 comm: gen_fast, count: 712830
CPU [0] UID 1002 comm: gen_fast, count: 712900
CPU [0] UID 1002 comm: gen_fast, count: 713160
CPU [0] UID 1002 comm: gen_fast, count: 713160
CPU [0] UID 1002 comm: gen_fast, count: 713238
CPU [0] UID 1002 comm: gen_fast, count: 713300
CPU [0] UID 1002 comm: gen_fast, count: 713410
CPU [0] UID 1002 comm: gen_fast, count: 713500
CPU [0] UID 1002 comm: gen_fast, count: 713685
CPU [0] UID 1002 comm: gen_fast, count: 713700
CPU [0] UID 1002 comm: gen_fast, count: 713821
CPU [0] UID 1002 comm: gen_fast, count: 713901
CPU [0] UID 1002 comm: gen_fast, count: 714000
CPU [0] UID 1002 comm: gen_fast, count: 714114
CPU [0] UID 1002 comm: gen_fast, count: 714200
CPU [0] UID 1002 comm: gen_fast, count: 714384
CPU [0] UID 1002 comm: gen_fast, count: 714400
CPU [0] UID 1002 comm: gen_fast, count: 714590
CPU [0] UID 1002 comm: gen_fast, count: 714600
CPU [0] UID 1002 comm: gen_fast, count: 714700
CPU [0] UID 1002 comm: gen_fast, count: 714800
CPU [0] UID 1002 comm: gen_fast, count: 714904
CPU [0] UID 1002 comm: gen_fast, count: 715073
CPU [0] UID 1002 comm: gen_fast, count: 715100
CPU [0] UID 1002 comm: gen_fast, count: 715220
CPU [0] UID 1002 comm: gen_fast, count: 715383
CPU [0] UID 1002 comm: gen_fast, count: 715400
CPU [0] UID 1002 comm: gen_fast, count: 715550
CPU [0] UID 1002 comm: gen_fast, count: 715655
CPU [0] UID 1002 comm: gen_fast, count: 715700
CPU [0] UID 1002 comm: gen_fast, count: 715806
CPU [0] UID 1002 comm: gen_fast, count: 715900
CPU [0] UID 1002 comm: gen_fast, count: 716035
CPU [0] UID 1002 comm: gen_fast, count: 716179
CPU [0] UID 1002 comm: gen_fast, count: 716200
CPU [0] UID 1002 comm: gen_fast, count: 716303
CPU [0] UID 1002 comm: gen_fast, count: 716463
CPU [0] UID 1002 comm: gen_fast, count: 716500
CPU [0] UID 1002 comm: gen_fast, count: 716600
CPU [0] UID 1002 comm: gen_fast, count: 716709
CPU [0] UID 1002 comm: gen_fast, count: 716810
CPU [0] UID 1002 comm: gen_fast, count: 716946
CPU [0] UID 1002 comm: gen_fast, count: 717071
CPU [0] UID 1002 comm: gen_fast, count: 717120
CPU [0] UID 1002 comm: gen_fast, count: 717200
CPU [0] UID 1002 comm: gen_fast, count: 717310
CPU [0] UID 1002 comm: gen_fast, count: 717436
CPU [0] UID 1002 comm: gen_fast, count: 717524
CPU [0] UID 1002 comm: gen_fast, count: 717637
CPU [0] UID 1002 comm: gen_fast, count: 717768
CPU [0] UID 1002 comm: gen_fast, count: 717800
CPU [0] UID 1002 comm: gen_fast, count: 717900
CPU [0] UID 1002 comm: gen_fast, count: 718012
CPU [0] UID 1002 comm: gen_fast, count: 718136
CPU [0] UID 1002 comm: gen_fast, count: 718262
CPU [0] UID 1002 comm: gen_fast, count: 718300
CPU [0] UID 1002 comm: gen_fast, count: 718400
CPU [0] UID 1002 comm: gen_fast, count: 718528
CPU [0] UID 1002 comm: gen_fast, count: 718655
CPU [0] UID 1002 comm: gen_fast, count: 718771
CPU [0] UID 1002 comm: gen_fast, count: 718917
CPU [0] UID 1002 comm: gen_fast, count: 718917
CPU [0] UID 1002 comm: gen_fast, count: 719010
CPU [0] UID 1002 comm: gen_fast, count: 719136
CPU [0] UID 1002 comm: gen_fast, count: 719200
CPU [0] UID 1002 comm: gen_fast, count: 719304
CPU [0] UID 1002 comm: gen_fast, count: 719400
CPU [0] UID 1002 comm: gen_fast, count: 719515
CPU [0] UID 1002 comm: gen_fast, count: 719638
CPU [0] UID 1002 comm: gen_fast, count: 719700
CPU [0] UID 1002 comm: gen_fast, count: 719800
CPU [0] UID 1002 comm: gen_fast, count: 719900
CPU [0] UID 1002 comm: gen_fast, count: 720013
CPU [0] UID 1002 comm: gen_fast, count: 720144
CPU [0] UID 1002 comm: gen_fast, count: 720261
CPU [0] UID 1002 comm: gen_fast, count: 720300
CPU [0] UID 1002 comm: gen_fast, count: 720400
CPU [0] UID 1002 comm: gen_fast, count: 720500
CPU [0] UID 1002 comm: gen_fast, count: 720600
CPU [0] UID 1002 comm: gen_fast, count: 720707
CPU [0] UID 1002 comm: gen_fast, count: 720842
CPU [0] UID 1002 comm: gen_fast, count: 720970
CPU [0] UID 1002 comm: gen_fast, count: 721000
CPU [0] UID 1002 comm: gen_fast, count: 721100
CPU [0] UID 1002 comm: gen_fast, count: 721208
CPU [0] UID 1002 comm: gen_fast, count: 721344
CPU [0] UID 1002 comm: gen_fast, count: 721400
CPU [0] UID 1002 comm: gen_fast, count: 721517
CPU [0] UID 1002 comm: gen_fast, count: 721638
CPU [0] UID 1002 comm: gen_fast, count: 721775
CPU [0] UID 1002 comm: gen_fast, count: 721800
CPU [0] UID 1002 comm: gen_fast, count: 721900
CPU [0] UID 1002 comm: gen_fast, count: 722014
CPU [0] UID 1002 comm: gen_fast, count: 722132
CPU [0] UID 1002 comm: gen_fast, count: 722262
CPU [0] UID 1002 comm: gen_fast, count: 722300
CPU [0] UID 1002 comm: gen_fast, count: 722400
CPU [0] UID 1002 comm: gen_fast, count: 722502
CPU [0] UID 1002 comm: gen_fast, count: 722641
CPU [0] UID 1002 comm: gen_fast, count: 722735
CPU [0] UID 1002 comm: gen_fast, count: 722800
CPU [0] UID 1002 comm: gen_fast, count: 722925
CPU [0] UID 1002 comm: gen_fast, count: 723056
CPU [0] UID 1002 comm: gen_fast, count: 723196
CPU [0] UID 1002 comm: gen_fast, count: 723200
CPU [0] UID 1002 comm: gen_fast, count: 723300
CPU [0] UID 1002 comm: gen_fast, count: 723422
CPU [0] UID 1002 comm: gen_fast, count: 723558
CPU [0] UID 1002 comm: gen_fast, count: 723600
CPU [0] UID 1002 comm: gen_fast, count: 723705
CPU [0] UID 1002 comm: gen_fast, count: 723800
CPU [0] UID 1002 comm: gen_fast, count: 723906
CPU [0] UID 1002 comm: gen_fast, count: 724043
CPU [0] UID 1002 comm: gen_fast, count: 724181
CPU [0] UID 1002 comm: gen_fast, count: 724200
CPU [0] UID 1002 comm: gen_fast, count: 724305
CPU [0] UID 1002 comm: gen_fast, count: 724424
CPU [0] UID 1002 comm: gen_fast, count: 724535
CPU [0] UID 1002 comm: gen_fast, count: 724666
CPU [0] UID 1002 comm: gen_fast, count: 724706
CPU [0] UID 1002 comm: gen_fast, count: 724897
CPU [0] UID 1002 comm: gen_fast, count: 724900
CPU [0] UID 1002 comm: gen_fast, count: 725000
CPU [0] UID 1002 comm: gen_fast, count: 725130
CPU [0] UID 1002 comm: gen_fast, count: 725265
CPU [0] UID 1002 comm: gen_fast, count: 725300
CPU [0] UID 1002 comm: gen_fast, count: 725400
CPU [0] UID 1002 comm: gen_fast, count: 725513
CPU [0] UID 1002 comm: gen_fast, count: 725651
CPU [0] UID 1002 comm: gen_fast, count: 725737
CPU [0] UID 1002 comm: gen_fast, count: 725855
CPU [0] UID 1002 comm: gen_fast, count: 725990
CPU [0] UID 1002 comm: gen_fast, count: 726000
CPU [0] UID 1002 comm: gen_fast, count: 726100
CPU [0] UID 1002 comm: gen_fast, count: 726209
CPU [0] UID 1002 comm: gen_fast, count: 726346
CPU [0] UID 1002 comm: gen_fast, count: 726451
CPU [0] UID 1002 comm: gen_fast, count: 726500
CPU [0] UID 1002 comm: gen_fast, count: 726600
CPU [0] UID 1002 comm: gen_fast, count: 726711
CPU [0] UID 1002 comm: gen_fast, count: 726835
CPU [0] UID 1002 comm: gen_fast, count: 726952
CPU [0] UID 1002 comm: gen_fast, count: 727106
CPU [0] UID 1002 comm: gen_fast, count: 727106
CPU [0] UID 1002 comm: gen_fast, count: 727262
CPU [0] UID 1002 comm: gen_fast, count: 727300
CPU [0] UID 1002 comm: gen_fast, count: 727400
CPU [0] UID 1002 comm: gen_fast, count: 727500
CPU [0] UID 1002 comm: gen_fast, count: 727600
CPU [0] UID 1002 comm: gen_fast, count: 727717
CPU [0] UID 1002 comm: gen_fast, count: 727819
CPU [0] UID 1002 comm: gen_fast, count: 727943
CPU [0] UID 1002 comm: gen_fast, count: 728000
CPU [0] UID 1002 comm: gen_fast, count: 728101
CPU [0] UID 1002 comm: gen_fast, count: 728200
CPU [0] UID 1002 comm: gen_fast, count: 728387
CPU [0] UID 1002 comm: gen_fast, count: 728400
CPU [0] UID 1002 comm: gen_fast, count: 728580
CPU [0] UID 1002 comm: gen_fast, count: 728600
CPU [0] UID 1002 comm: gen_fast, count: 728700
CPU [0] UID 1002 comm: gen_fast, count: 728807
CPU [0] UID 1002 comm: gen_fast, count: 728957
CPU [0] UID 1002 comm: gen_fast, count: 729136
CPU [0] UID 1002 comm: gen_fast, count: 729136
CPU [0] UID 1002 comm: gen_fast, count: 729200
CPU [0] UID 1002 comm: gen_fast, count: 729371
CPU [0] UID 1002 comm: gen_fast, count: 729400
CPU [0] UID 1002 comm: gen_fast, count: 729500
CPU [0] UID 1002 comm: gen_fast, count: 729600
CPU [0] UID 1002 comm: gen_fast, count: 729732
CPU [0] UID 1002 comm: gen_fast, count: 729805
CPU [0] UID 1002 comm: gen_fast, count: 729954
CPU [0] UID 1002 comm: gen_fast, count: 730000
CPU [0] UID 1002 comm: gen_fast, count: 730129
CPU [0] UID 1002 comm: gen_fast, count: 730200
CPU [0] UID 1002 comm: gen_fast, count: 730300
CPU [0] UID 1002 comm: gen_fast, count: 730400
CPU [0] UID 1002 comm: gen_fast, count: 730500
CPU [0] UID 1002 comm: gen_fast, count: 730629
CPU [0] UID 1002 comm: gen_fast, count: 730807
CPU [0] UID 1002 comm: gen_fast, count: 730807
CPU [0] UID 1002 comm: gen_fast, count: 730967
CPU [0] UID 1002 comm: gen_fast, count: 731000
CPU [0] UID 1002 comm: gen_fast, count: 731155
CPU [0] UID 1002 comm: gen_fast, count: 731200
CPU [0] UID 1002 comm: gen_fast, count: 731338
CPU [0] UID 1002 comm: gen_fast, count: 731400
CPU [0] UID 1002 comm: gen_fast, count: 731500
CPU [0] UID 1002 comm: gen_fast, count: 731648
CPU [0] UID 1002 comm: gen_fast, count: 731700
CPU [0] UID 1002 comm: gen_fast, count: 731800
CPU [0] UID 1002 comm: gen_fast, count: 731936
CPU [0] UID 1002 comm: gen_fast, count: 732000
CPU [0] UID 1002 comm: gen_fast, count: 732100
CPU [0] UID 1002 comm: gen_fast, count: 732235
CPU [0] UID 1002 comm: gen_fast, count: 732393
CPU [0] UID 1002 comm: gen_fast, count: 732400
CPU [0] UID 1002 comm: gen_fast, count: 732525
CPU [0] UID 1002 comm: gen_fast, count: 732607
CPU [0] UID 1002 comm: gen_fast, count: 732791
CPU [0] UID 1002 comm: gen_fast, count: 732800
CPU [0] UID 1002 comm: gen_fast, count: 732913
CPU [0] UID 1002 comm: gen_fast, count: 733000
CPU [0] UID 1002 comm: gen_fast, count: 733136
CPU [0] UID 1002 comm: gen_fast, count: 733324
CPU [0] UID 1002 comm: gen_fast, count: 733324
CPU [0] UID 1002 comm: gen_fast, count: 733503
CPU [0] UID 1002 comm: gen_fast, count: 733503
CPU [0] UID 1002 comm: gen_fast, count: 733632
CPU [0] UID 1002 comm: gen_fast, count: 733841
CPU [0] UID 1002 comm: gen_fast, count: 733841
CPU [0] UID 1002 comm: gen_fast, count: 733900
CPU [0] UID 1002 comm: gen_fast, count: 734049
CPU [0] UID 1002 comm: gen_fast, count: 734100
CPU [0] UID 1002 comm: gen_fast, count: 734265
CPU [0] UID 1002 comm: gen_fast, count: 734300
CPU [0] UID 1002 comm: gen_fast, count: 734434
CPU [0] UID 1002 comm: gen_fast, count: 734616
CPU [0] UID 1002 comm: gen_fast, count: 734616
CPU [0] UID 1002 comm: gen_fast, count: 734811
CPU [0] UID 1002 comm: gen_fast, count: 734811
CPU [0] UID 1002 comm: gen_fast, count: 734900
CPU [0] UID 1002 comm: gen_fast, count: 735043
CPU [0] UID 1002 comm: gen_fast, count: 735100
CPU [0] UID 1002 comm: gen_fast, count: 735200
CPU [0] UID 1002 comm: gen_fast, count: 735363
CPU [0] UID 1002 comm: gen_fast, count: 735400
CPU [0] UID 1002 comm: gen_fast, count: 735500
CPU [0] UID 1002 comm: gen_fast, count: 735656
CPU [0] UID 1002 comm: gen_fast, count: 735700
CPU [0] UID 1002 comm: gen_fast, count: 735850
CPU [0] UID 1002 comm: gen_fast, count: 735900
CPU [0] UID 1002 comm: gen_fast, count: 736025
CPU [0] UID 1002 comm: gen_fast, count: 736100
CPU [0] UID 1002 comm: gen_fast, count: 736251
CPU [0] UID 1002 comm: gen_fast, count: 736433
CPU [0] UID 1002 comm: gen_fast, count: 736433
CPU [0] UID 1002 comm: gen_fast, count: 736500
CPU [0] UID 1002 comm: gen_fast, count: 736627
CPU [0] UID 1002 comm: gen_fast, count: 736809
CPU [0] UID 1002 comm: gen_fast, count: 736809
CPU [0] UID 1002 comm: gen_fast, count: 736959
CPU [0] UID 1002 comm: gen_fast, count: 737000
CPU [0] UID 1002 comm: gen_fast, count: 737100
CPU [0] UID 1002 comm: gen_fast, count: 737222
CPU [0] UID 1002 comm: gen_fast, count: 737344
CPU [0] UID 1002 comm: gen_fast, count: 737506
CPU [0] UID 1002 comm: gen_fast, count: 737506
CPU [0] UID 1002 comm: gen_fast, count: 737661
CPU [0] UID 1002 comm: gen_fast, count: 737700
CPU [0] UID 1002 comm: gen_fast, count: 737811
CPU [0] UID 1002 comm: gen_fast, count: 737951
CPU [0] UID 1002 comm: gen_fast, count: 738000
CPU [0] UID 1002 comm: gen_fast, count: 738100
CPU [0] UID 1002 comm: gen_fast, count: 738279
CPU [0] UID 1002 comm: gen_fast, count: 738300
CPU [0] UID 1002 comm: gen_fast, count: 738409
CPU [0] UID 1002 comm: gen_fast, count: 738500
CPU [0] UID 1002 comm: gen_fast, count: 738653
CPU [0] UID 1002 comm: gen_fast, count: 738727
CPU [0] UID 1002 comm: gen_fast, count: 738800
CPU [0] UID 1002 comm: gen_fast, count: 738900
CPU [0] UID 1002 comm: gen_fast, count: 739004
CPU [0] UID 1002 comm: gen_fast, count: 739122
CPU [0] UID 1002 comm: gen_fast, count: 739285
CPU [0] UID 1002 comm: gen_fast, count: 739300
CPU [0] UID 1002 comm: gen_fast, count: 739425
CPU [0] UID 1002 comm: gen_fast, count: 739575
CPU [0] UID 1002 comm: gen_fast, count: 739600
CPU [0] UID 1002 comm: gen_fast, count: 739728
CPU [0] UID 1002 comm: gen_fast, count: 739879
CPU [0] UID 1002 comm: gen_fast, count: 739900
CPU [0] UID 1002 comm: gen_fast, count: 740019
CPU [0] UID 1002 comm: gen_fast, count: 740125
CPU [0] UID 1002 comm: gen_fast, count: 740261
CPU [0] UID 1002 comm: gen_fast, count: 740300
CPU [0] UID 1002 comm: gen_fast, count: 740422
CPU [0] UID 1002 comm: gen_fast, count: 740544
CPU [0] UID 1002 comm: gen_fast, count: 740605
CPU [0] UID 1002 comm: gen_fast, count: 740700
CPU [0] UID 1002 comm: gen_fast, count: 740836
CPU [0] UID 1002 comm: gen_fast, count: 740973
CPU [0] UID 1002 comm: gen_fast, count: 741000
CPU [0] UID 1002 comm: gen_fast, count: 741111
CPU [0] UID 1002 comm: gen_fast, count: 741260
CPU [0] UID 1002 comm: gen_fast, count: 741300
CPU [0] UID 1002 comm: gen_fast, count: 741415
CPU [0] UID 1002 comm: gen_fast, count: 741557
CPU [0] UID 1002 comm: gen_fast, count: 741600
CPU [0] UID 1002 comm: gen_fast, count: 741713
CPU [0] UID 1002 comm: gen_fast, count: 741800
CPU [0] UID 1002 comm: gen_fast, count: 741900
CPU [0] UID 1002 comm: gen_fast, count: 742036
CPU [0] UID 1002 comm: gen_fast, count: 742241
CPU [0] UID 1002 comm: gen_fast, count: 742241
CPU [0] UID 1002 comm: gen_fast, count: 742300
CPU [0] UID 1002 comm: gen_fast, count: 742415
CPU [0] UID 1002 comm: gen_fast, count: 742590
CPU [0] UID 1002 comm: gen_fast, count: 742600
CPU [0] UID 1002 comm: gen_fast, count: 742727
CPU [0] UID 1002 comm: gen_fast, count: 742918
CPU [0] UID 1002 comm: gen_fast, count: 742918
CPU [0] UID 1002 comm: gen_fast, count: 743048
CPU [0] UID 1002 comm: gen_fast, count: 743134
CPU [0] UID 1002 comm: gen_fast, count: 743342
CPU [0] UID 1002 comm: gen_fast, count: 743342
CPU [0] UID 1002 comm: gen_fast, count: 743435
CPU [0] UID 1002 comm: gen_fast, count: 743568
CPU [0] UID 1002 comm: gen_fast, count: 743600
CPU [0] UID 1002 comm: gen_fast, count: 743741
CPU [0] UID 1002 comm: gen_fast, count: 743800
CPU [0] UID 1002 comm: gen_fast, count: 743900
CPU [0] UID 1002 comm: gen_fast, count: 744033
CPU [0] UID 1002 comm: gen_fast, count: 744203
CPU [0] UID 1002 comm: gen_fast, count: 744203
CPU [0] UID 1002 comm: gen_fast, count: 744350
CPU [0] UID 1002 comm: gen_fast, count: 744400
CPU [0] UID 1002 comm: gen_fast, count: 744539
CPU [0] UID 1002 comm: gen_fast, count: 744600
CPU [0] UID 1002 comm: gen_fast, count: 744700
CPU [0] UID 1002 comm: gen_fast, count: 744821
CPU [0] UID 1002 comm: gen_fast, count: 744901
CPU [0] UID 1002 comm: gen_fast, count: 745029
CPU [0] UID 1002 comm: gen_fast, count: 745112
CPU [0] UID 1002 comm: gen_fast, count: 745276
CPU [0] UID 1002 comm: gen_fast, count: 745300
CPU [0] UID 1002 comm: gen_fast, count: 745455
CPU [0] UID 1002 comm: gen_fast, count: 745500
CPU [0] UID 1002 comm: gen_fast, count: 745654
CPU [0] UID 1002 comm: gen_fast, count: 745706
CPU [0] UID 1002 comm: gen_fast, count: 745809
CPU [0] UID 1002 comm: gen_fast, count: 745951
CPU [0] UID 1002 comm: gen_fast, count: 746000
CPU [0] UID 1002 comm: gen_fast, count: 746119
CPU [0] UID 1002 comm: gen_fast, count: 746243
CPU [0] UID 1002 comm: gen_fast, count: 746411
CPU [0] UID 1002 comm: gen_fast, count: 746411
CPU [0] UID 1002 comm: gen_fast, count: 746572
CPU [0] UID 1002 comm: gen_fast, count: 746600
CPU [0] UID 1002 comm: gen_fast, count: 746700
CPU [0] UID 1002 comm: gen_fast, count: 746855
CPU [0] UID 1002 comm: gen_fast, count: 746900
CPU [0] UID 1002 comm: gen_fast, count: 747094
CPU [0] UID 1002 comm: gen_fast, count: 747100
CPU [0] UID 1002 comm: gen_fast, count: 747279
CPU [0] UID 1002 comm: gen_fast, count: 747300
CPU [0] UID 1002 comm: gen_fast, count: 747448
CPU [0] UID 1002 comm: gen_fast, count: 747500
CPU [0] UID 1002 comm: gen_fast, count: 747632
CPU [0] UID 1002 comm: gen_fast, count: 747807
CPU [0] UID 1002 comm: gen_fast, count: 747807
CPU [0] UID 1002 comm: gen_fast, count: 747942
CPU [0] UID 1002 comm: gen_fast, count: 748013
CPU [0] UID 1002 comm: gen_fast, count: 748100
CPU [0] UID 1002 comm: gen_fast, count: 748200
CPU [0] UID 1002 comm: gen_fast, count: 748334
CPU [0] UID 1002 comm: gen_fast, count: 748400
CPU [0] UID 1002 comm: gen_fast, count: 748500
CPU [0] UID 1002 comm: gen_fast, count: 748695
CPU [0] UID 1002 comm: gen_fast, count: 748700
CPU [0] UID 1002 comm: gen_fast, count: 748958
CPU [0] UID 1002 comm: gen_fast, count: 748958
CPU [0] UID 1002 comm: gen_fast, count: 749038
CPU [0] UID 1002 comm: gen_fast, count: 749195
CPU [0] UID 1002 comm: gen_fast, count: 749200
CPU [0] UID 1002 comm: gen_fast, count: 749337
CPU [0] UID 1002 comm: gen_fast, count: 749400
CPU [0] UID 1002 comm: gen_fast, count: 749506
CPU [0] UID 1002 comm: gen_fast, count: 749679
CPU [0] UID 1002 comm: gen_fast, count: 749700
CPU [0] UID 1002 comm: gen_fast, count: 749802
CPU [0] UID 1002 comm: gen_fast, count: 749954
CPU [0] UID 1002 comm: gen_fast, count: 750007
CPU [0] UID 1002 comm: gen_fast, count: 750124
CPU [0] UID 1002 comm: gen_fast, count: 750293
CPU [0] UID 1002 comm: gen_fast, count: 750300
CPU [0] UID 1002 comm: gen_fast, count: 750437
CPU [0] UID 1002 comm: gen_fast, count: 750611
CPU [0] UID 1002 comm: gen_fast, count: 750611
CPU [0] UID 1002 comm: gen_fast, count: 750700
CPU [0] UID 1002 comm: gen_fast, count: 750829
CPU [0] UID 1002 comm: gen_fast, count: 750900
CPU [0] UID 1002 comm: gen_fast, count: 751046
CPU [0] UID 1002 comm: gen_fast, count: 751214
CPU [0] UID 1002 comm: gen_fast, count: 751214
CPU [0] UID 1002 comm: gen_fast, count: 751325
CPU [0] UID 1002 comm: gen_fast, count: 751400
CPU [0] UID 1002 comm: gen_fast, count: 751500
CPU [0] UID 1002 comm: gen_fast, count: 751622
CPU [0] UID 1002 comm: gen_fast, count: 751842
CPU [0] UID 1002 comm: gen_fast, count: 751842
CPU [0] UID 1002 comm: gen_fast, count: 752056
CPU [0] UID 1002 comm: gen_fast, count: 752056
CPU [0] UID 1002 comm: gen_fast, count: 752100
CPU [0] UID 1002 comm: gen_fast, count: 752200
CPU [0] UID 1002 comm: gen_fast, count: 752321
CPU [0] UID 1002 comm: gen_fast, count: 752495
CPU [0] UID 1002 comm: gen_fast, count: 752500
CPU [0] UID 1002 comm: gen_fast, count: 752600
CPU [0] UID 1002 comm: gen_fast, count: 752712
CPU [0] UID 1002 comm: gen_fast, count: 752872
CPU [0] UID 1002 comm: gen_fast, count: 752900
CPU [0] UID 1002 comm: gen_fast, count: 753031
CPU [0] UID 1002 comm: gen_fast, count: 753100
CPU [0] UID 1002 comm: gen_fast, count: 753341
CPU [0] UID 1002 comm: gen_fast, count: 753341
CPU [0] UID 1002 comm: gen_fast, count: 753400
CPU [0] UID 1002 comm: gen_fast, count: 753502
CPU [0] UID 1002 comm: gen_fast, count: 753658
CPU [0] UID 1002 comm: gen_fast, count: 753700
CPU [0] UID 1002 comm: gen_fast, count: 753800
CPU [0] UID 1002 comm: gen_fast, count: 753961
CPU [0] UID 1002 comm: gen_fast, count: 754000
CPU [0] UID 1002 comm: gen_fast, count: 754131
CPU [0] UID 1002 comm: gen_fast, count: 754200
CPU [0] UID 1002 comm: gen_fast, count: 754300
CPU [0] UID 1002 comm: gen_fast, count: 754477
CPU [0] UID 1002 comm: gen_fast, count: 754500
CPU [0] UID 1002 comm: gen_fast, count: 754600
CPU [0] UID 1002 comm: gen_fast, count: 754736
CPU [0] UID 1002 comm: gen_fast, count: 754895
CPU [0] UID 1002 comm: gen_fast, count: 754900
CPU [0] UID 1002 comm: gen_fast, count: 755025
CPU [0] UID 1002 comm: gen_fast, count: 755179
CPU [0] UID 1002 comm: gen_fast, count: 755200
CPU [0] UID 1002 comm: gen_fast, count: 755319
CPU [0] UID 1002 comm: gen_fast, count: 755402
CPU [0] UID 1002 comm: gen_fast, count: 755594
CPU [0] UID 1002 comm: gen_fast, count: 755600
CPU [0] UID 1002 comm: gen_fast, count: 755769
CPU [0] UID 1002 comm: gen_fast, count: 755800
CPU [0] UID 1002 comm: gen_fast, count: 755992
CPU [0] UID 1002 comm: gen_fast, count: 756000
CPU [0] UID 1002 comm: gen_fast, count: 756149
CPU [0] UID 1002 comm: gen_fast, count: 756200
CPU [0] UID 1002 comm: gen_fast, count: 756329
CPU [0] UID 1002 comm: gen_fast, count: 756400
CPU [0] UID 1002 comm: gen_fast, count: 756500
CPU [0] UID 1002 comm: gen_fast, count: 756719
CPU [0] UID 1002 comm: gen_fast, count: 756719
CPU [0] UID 1002 comm: gen_fast, count: 756824
CPU [0] UID 1002 comm: gen_fast, count: 756969
CPU [0] UID 1002 comm: gen_fast, count: 757000
CPU [0] UID 1002 comm: gen_fast, count: 757157
CPU [0] UID 1002 comm: gen_fast, count: 757200
CPU [0] UID 1002 comm: gen_fast, count: 757428
CPU [0] UID 1002 comm: gen_fast, count: 757428
CPU [0] UID 1002 comm: gen_fast, count: 757623
CPU [0] UID 1002 comm: gen_fast, count: 757623
CPU [0] UID 1002 comm: gen_fast, count: 757700
CPU [0] UID 1002 comm: gen_fast, count: 757836
CPU [0] UID 1002 comm: gen_fast, count: 757926
CPU [0] UID 1002 comm: gen_fast, count: 758144
CPU [0] UID 1002 comm: gen_fast, count: 758144
CPU [0] UID 1002 comm: gen_fast, count: 758343
CPU [0] UID 1002 comm: gen_fast, count: 758343
CPU [0] UID 1002 comm: gen_fast, count: 758400
CPU [0] UID 1002 comm: gen_fast, count: 758509
CPU [0] UID 1002 comm: gen_fast, count: 758640
CPU [0] UID 1002 comm: gen_fast, count: 758700
CPU [0] UID 1002 comm: gen_fast, count: 758800
CPU [0] UID 1002 comm: gen_fast, count: 758968
CPU [0] UID 1002 comm: gen_fast, count: 759000
CPU [0] UID 1002 comm: gen_fast, count: 759172
CPU [0] UID 1002 comm: gen_fast, count: 759200
CPU [0] UID 1002 comm: gen_fast, count: 759363
CPU [0] UID 1002 comm: gen_fast, count: 759400
CPU [0] UID 1002 comm: gen_fast, count: 759537
CPU [0] UID 1002 comm: gen_fast, count: 759653
CPU [0] UID 1002 comm: gen_fast, count: 759717
CPU [0] UID 1002 comm: gen_fast, count: 759800
CPU [0] UID 1002 comm: gen_fast, count: 759964
CPU [0] UID 1002 comm: gen_fast, count: 760000
CPU [0] UID 1002 comm: gen_fast, count: 760108
CPU [0] UID 1002 comm: gen_fast, count: 760288
CPU [0] UID 1002 comm: gen_fast, count: 760300
CPU [0] UID 1002 comm: gen_fast, count: 760420
CPU [0] UID 1002 comm: gen_fast, count: 760570
CPU [0] UID 1002 comm: gen_fast, count: 760600
CPU [0] UID 1002 comm: gen_fast, count: 760741
CPU [0] UID 1002 comm: gen_fast, count: 760932
CPU [0] UID 1002 comm: gen_fast, count: 760932
CPU [0] UID 1002 comm: gen_fast, count: 761000
CPU [0] UID 1002 comm: gen_fast, count: 761143
CPU [0] UID 1002 comm: gen_fast, count: 761225
CPU [0] UID 1002 comm: gen_fast, count: 761440
CPU [0] UID 1002 comm: gen_fast, count: 761440
CPU [0] UID 1002 comm: gen_fast, count: 761589
CPU [0] UID 1002 comm: gen_fast, count: 761600
CPU [0] UID 1002 comm: gen_fast, count: 761772
CPU [0] UID 1002 comm: gen_fast, count: 761800
CPU [0] UID 1002 comm: gen_fast, count: 761900
CPU [0] UID 1002 comm: gen_fast, count: 762000
CPU [0] UID 1002 comm: gen_fast, count: 762115
CPU [0] UID 1002 comm: gen_fast, count: 762243
CPU [0] UID 1002 comm: gen_fast, count: 762309
CPU [0] UID 1002 comm: gen_fast, count: 762414
CPU [0] UID 1002 comm: gen_fast, count: 762616
CPU [0] UID 1002 comm: gen_fast, count: 762616
CPU [0] UID 1002 comm: gen_fast, count: 762797
CPU [0] UID 1002 comm: gen_fast, count: 762800
CPU [0] UID 1002 comm: gen_fast, count: 762917
CPU [0] UID 1002 comm: gen_fast, count: 763004
CPU [0] UID 1002 comm: gen_fast, count: 763129
CPU [0] UID 1002 comm: gen_fast, count: 763200
CPU [0] UID 1002 comm: gen_fast, count: 763300
CPU [0] UID 1002 comm: gen_fast, count: 763442
CPU [0] UID 1002 comm: gen_fast, count: 763609
CPU [0] UID 1002 comm: gen_fast, count: 763609
CPU [0] UID 1002 comm: gen_fast, count: 763700
CPU [0] UID 1002 comm: gen_fast, count: 763813
CPU [0] UID 1002 comm: gen_fast, count: 763916
CPU [0] UID 1002 comm: gen_fast, count: 764069
CPU [0] UID 1002 comm: gen_fast, count: 764100
CPU [0] UID 1002 comm: gen_fast, count: 764299
CPU [0] UID 1002 comm: gen_fast, count: 764300
CPU [0] UID 1002 comm: gen_fast, count: 764400
CPU [0] UID 1002 comm: gen_fast, count: 764585
CPU [0] UID 1002 comm: gen_fast, count: 764600
CPU [0] UID 1002 comm: gen_fast, count: 764700
CPU [0] UID 1002 comm: gen_fast, count: 764800
CPU [0] UID 1002 comm: gen_fast, count: 764948
CPU [0] UID 1002 comm: gen_fast, count: 765163
CPU [0] UID 1002 comm: gen_fast, count: 765163
CPU [0] UID 1002 comm: gen_fast, count: 765200
CPU [0] UID 1002 comm: gen_fast, count: 765326
CPU [0] UID 1002 comm: gen_fast, count: 765527
CPU [0] UID 1002 comm: gen_fast, count: 765527
CPU [0] UID 1002 comm: gen_fast, count: 765633
CPU [0] UID 1002 comm: gen_fast, count: 765738
CPU [0] UID 1002 comm: gen_fast, count: 765909
CPU [0] UID 1002 comm: gen_fast, count: 765909
CPU [0] UID 1002 comm: gen_fast, count: 766054
CPU [0] UID 1002 comm: gen_fast, count: 766100
CPU [0] UID 1002 comm: gen_fast, count: 766234
CPU [0] UID 1002 comm: gen_fast, count: 766382
CPU [0] UID 1002 comm: gen_fast, count: 766400
CPU [0] UID 1002 comm: gen_fast, count: 766539
CPU [0] UID 1002 comm: gen_fast, count: 766618
CPU [0] UID 1002 comm: gen_fast, count: 766709
CPU [0] UID 1002 comm: gen_fast, count: 766800
CPU [0] UID 1002 comm: gen_fast, count: 766900
CPU [0] UID 1002 comm: gen_fast, count: 767052
CPU [0] UID 1002 comm: gen_fast, count: 767196
CPU [0] UID 1002 comm: gen_fast, count: 767200
CPU [0] UID 1002 comm: gen_fast, count: 767325
CPU [0] UID 1002 comm: gen_fast, count: 767514
CPU [0] UID 1002 comm: gen_fast, count: 767514
CPU [0] UID 1002 comm: gen_fast, count: 767676
CPU [0] UID 1002 comm: gen_fast, count: 767700
CPU [0] UID 1002 comm: gen_fast, count: 767827
CPU [0] UID 1002 comm: gen_fast, count: 767987
CPU [0] UID 1002 comm: gen_fast, count: 768000
CPU [0] UID 1002 comm: gen_fast, count: 768129
CPU [0] UID 1002 comm: gen_fast, count: 768312
CPU [0] UID 1002 comm: gen_fast, count: 768312
CPU [0] UID 1002 comm: gen_fast, count: 768400
CPU [0] UID 1002 comm: gen_fast, count: 768578
CPU [0] UID 1002 comm: gen_fast, count: 768600
CPU [0] UID 1002 comm: gen_fast, count: 768759
CPU [0] UID 1002 comm: gen_fast, count: 768800
CPU [0] UID 1002 comm: gen_fast, count: 768900
CPU [0] UID 1002 comm: gen_fast, count: 769053
CPU [0] UID 1002 comm: gen_fast, count: 769100
CPU [0] UID 1002 comm: gen_fast, count: 769261
CPU [0] UID 1002 comm: gen_fast, count: 769300
CPU [0] UID 1002 comm: gen_fast, count: 769400
CPU [0] UID 1002 comm: gen_fast, count: 769500
CPU [0] UID 1002 comm: gen_fast, count: 769660
CPU [0] UID 1002 comm: gen_fast, count: 769700
CPU [0] UID 1002 comm: gen_fast, count: 769800
CPU [0] UID 1002 comm: gen_fast, count: 769900
CPU [0] UID 1002 comm: gen_fast, count: 770033
CPU [0] UID 1002 comm: gen_fast, count: 770122
CPU [0] UID 1002 comm: gen_fast, count: 770218
CPU [0] UID 1002 comm: gen_fast, count: 770300
CPU [0] UID 1002 comm: gen_fast, count: 770476
CPU [0] UID 1002 comm: gen_fast, count: 770500
CPU [0] UID 1002 comm: gen_fast, count: 770669
CPU [0] UID 1002 comm: gen_fast, count: 770700
CPU [0] UID 1002 comm: gen_fast, count: 770898
CPU [0] UID 1002 comm: gen_fast, count: 770900
CPU [0] UID 1002 comm: gen_fast, count: 771137
CPU [0] UID 1002 comm: gen_fast, count: 771137
CPU [0] UID 1002 comm: gen_fast, count: 771200
CPU [0] UID 1002 comm: gen_fast, count: 771324
CPU [0] UID 1002 comm: gen_fast, count: 771510
CPU [0] UID 1002 comm: gen_fast, count: 771510
CPU [0] UID 1002 comm: gen_fast, count: 771600
CPU [0] UID 1002 comm: gen_fast, count: 771741
CPU [0] UID 1002 comm: gen_fast, count: 771800
CPU [0] UID 1002 comm: gen_fast, count: 771900
CPU [0] UID 1002 comm: gen_fast, count: 772065
CPU [0] UID 1002 comm: gen_fast, count: 772100
CPU [0] UID 1002 comm: gen_fast, count: 772305
CPU [0] UID 1002 comm: gen_fast, count: 772305
CPU [0] UID 1002 comm: gen_fast, count: 772400
CPU [0] UID 1002 comm: gen_fast, count: 772500
CPU [0] UID 1002 comm: gen_fast, count: 772705
CPU [0] UID 1002 comm: gen_fast, count: 772705
CPU [0] UID 1002 comm: gen_fast, count: 772800
CPU [0] UID 1002 comm: gen_fast, count: 772900
CPU [0] UID 1002 comm: gen_fast, count: 773047
CPU [0] UID 1002 comm: gen_fast, count: 773118
CPU [0] UID 1002 comm: gen_fast, count: 773200
CPU [0] UID 1002 comm: gen_fast, count: 773300
CPU [0] UID 1002 comm: gen_fast, count: 773406
CPU [0] UID 1002 comm: gen_fast, count: 773556
CPU [0] UID 1002 comm: gen_fast, count: 773600
CPU [0] UID 1002 comm: gen_fast, count: 773744
CPU [0] UID 1002 comm: gen_fast, count: 773800
CPU [0] UID 1002 comm: gen_fast, count: 773981
CPU [0] UID 1002 comm: gen_fast, count: 774000
CPU [0] UID 1002 comm: gen_fast, count: 774115
CPU [0] UID 1002 comm: gen_fast, count: 774254
CPU [0] UID 1002 comm: gen_fast, count: 774342
CPU [0] UID 1002 comm: gen_fast, count: 774452
CPU [0] UID 1002 comm: gen_fast, count: 774574
CPU [0] UID 1002 comm: gen_fast, count: 774600
CPU [0] UID 1002 comm: gen_fast, count: 774700
CPU [0] UID 1002 comm: gen_fast, count: 774816
CPU [0] UID 1002 comm: gen_fast, count: 774900
CPU [0] UID 1002 comm: gen_fast, count: 775020
CPU [0] UID 1002 comm: gen_fast, count: 775152
CPU [0] UID 1002 comm: gen_fast, count: 775275
CPU [0] UID 1002 comm: gen_fast, count: 775300
CPU [0] UID 1002 comm: gen_fast, count: 775400
CPU [0] UID 1002 comm: gen_fast, count: 775537
CPU [0] UID 1002 comm: gen_fast, count: 775618
CPU [0] UID 1002 comm: gen_fast, count: 775700
CPU [0] UID 1002 comm: gen_fast, count: 775829
CPU [0] UID 1002 comm: gen_fast, count: 775900
CPU [0] UID 1002 comm: gen_fast, count: 776000
CPU [0] UID 1002 comm: gen_fast, count: 776153
CPU [0] UID 1002 comm: gen_fast, count: 776200
CPU [0] UID 1002 comm: gen_fast, count: 776350
CPU [0] UID 1002 comm: gen_fast, count: 776400
CPU [0] UID 1002 comm: gen_fast, count: 776510
CPU [0] UID 1002 comm: gen_fast, count: 776600
CPU [0] UID 1002 comm: gen_fast, count: 776739
CPU [0] UID 1002 comm: gen_fast, count: 776898
CPU [0] UID 1002 comm: gen_fast, count: 776900
CPU [0] UID 1002 comm: gen_fast, count: 777128
CPU [0] UID 1002 comm: gen_fast, count: 777128
CPU [0] UID 1002 comm: gen_fast, count: 777212
CPU [0] UID 1002 comm: gen_fast, count: 777300
CPU [0] UID 1002 comm: gen_fast, count: 777400
CPU [0] UID 1002 comm: gen_fast, count: 777540
CPU [0] UID 1002 comm: gen_fast, count: 777600
CPU [0] UID 1002 comm: gen_fast, count: 777737
CPU [0] UID 1002 comm: gen_fast, count: 777801
CPU [0] UID 1002 comm: gen_fast, count: 777911
CPU [0] UID 1002 comm: gen_fast, count: 778000
CPU [0] UID 1002 comm: gen_fast, count: 778100
CPU [0] UID 1002 comm: gen_fast, count: 778240
CPU [0] UID 1002 comm: gen_fast, count: 778459
CPU [0] UID 1002 comm: gen_fast, count: 778459
CPU [0] UID 1002 comm: gen_fast, count: 778543
CPU [0] UID 1002 comm: gen_fast, count: 778632
CPU [0] UID 1002 comm: gen_fast, count: 778712
CPU [0] UID 1002 comm: gen_fast, count: 778894
CPU [0] UID 1002 comm: gen_fast, count: 778900
CPU [0] UID 1002 comm: gen_fast, count: 779034
CPU [0] UID 1002 comm: gen_fast, count: 779123
CPU [0] UID 1002 comm: gen_fast, count: 779209
CPU [0] UID 1002 comm: gen_fast, count: 779300
CPU [0] UID 1002 comm: gen_fast, count: 779400
CPU [0] UID 1002 comm: gen_fast, count: 779551
CPU [0] UID 1002 comm: gen_fast, count: 779600
CPU [0] UID 1002 comm: gen_fast, count: 779766
CPU [0] UID 1002 comm: gen_fast, count: 779800
CPU [0] UID 1002 comm: gen_fast, count: 780035
CPU [0] UID 1002 comm: gen_fast, count: 780035
CPU [0] UID 1002 comm: gen_fast, count: 780100
CPU [0] UID 1002 comm: gen_fast, count: 780258
CPU [0] UID 1002 comm: gen_fast, count: 780335
CPU [0] UID 1002 comm: gen_fast, count: 780434
CPU [0] UID 1002 comm: gen_fast, count: 780635
CPU [0] UID 1002 comm: gen_fast, count: 780635
CPU [0] UID 1002 comm: gen_fast, count: 780700
CPU [0] UID 1002 comm: gen_fast, count: 780894
CPU [0] UID 1002 comm: gen_fast, count: 780900
CPU [0] UID 1002 comm: gen_fast, count: 781150
CPU [0] UID 1002 comm: gen_fast, count: 781150
CPU [0] UID 1002 comm: gen_fast, count: 781203
CPU [0] UID 1002 comm: gen_fast, count: 781324
CPU [0] UID 1002 comm: gen_fast, count: 781400
CPU [0] UID 1002 comm: gen_fast, count: 781500
CPU [0] UID 1002 comm: gen_fast, count: 781662
CPU [0] UID 1002 comm: gen_fast, count: 781700
CPU [0] UID 1002 comm: gen_fast, count: 781818
CPU [0] UID 1002 comm: gen_fast, count: 782000
CPU [0] UID 1002 comm: gen_fast, count: 782000
CPU [0] UID 1002 comm: gen_fast, count: 782131
CPU [0] UID 1002 comm: gen_fast, count: 782220
CPU [0] UID 1002 comm: gen_fast, count: 782300
CPU [0] UID 1002 comm: gen_fast, count: 782400
CPU [0] UID 1002 comm: gen_fast, count: 782550
CPU [0] UID 1002 comm: gen_fast, count: 782631
CPU [0] UID 1002 comm: gen_fast, count: 782840
CPU [0] UID 1002 comm: gen_fast, count: 782840
CPU [0] UID 1002 comm: gen_fast, count: 782930
CPU [0] UID 1002 comm: gen_fast, count: 783084
CPU [0] UID 1002 comm: gen_fast, count: 783100
CPU [0] UID 1002 comm: gen_fast, count: 783216
CPU [0] UID 1002 comm: gen_fast, count: 783300
CPU [0] UID 1002 comm: gen_fast, count: 783423
CPU [0] UID 1002 comm: gen_fast, count: 783539
CPU [0] UID 1002 comm: gen_fast, count: 783600
CPU [0] UID 1002 comm: gen_fast, count: 783743
CPU [0] UID 1002 comm: gen_fast, count: 783808
CPU [0] UID 1002 comm: gen_fast, count: 783914
CPU [0] UID 1002 comm: gen_fast, count: 784085
CPU [0] UID 1002 comm: gen_fast, count: 784100
CPU [0] UID 1002 comm: gen_fast, count: 784291
CPU [0] UID 1002 comm: gen_fast, count: 784300
CPU [0] UID 1002 comm: gen_fast, count: 784400
CPU [0] UID 1002 comm: gen_fast, count: 784523
CPU [0] UID 1002 comm: gen_fast, count: 784661
CPU [0] UID 1002 comm: gen_fast, count: 784700
CPU [0] UID 1002 comm: gen_fast, count: 784840
CPU [0] UID 1002 comm: gen_fast, count: 784900
CPU [0] UID 1002 comm: gen_fast, count: 785000
CPU [0] UID 1002 comm: gen_fast, count: 785147
CPU [0] UID 1002 comm: gen_fast, count: 785200
CPU [0] UID 1002 comm: gen_fast, count: 785313
CPU [0] UID 1002 comm: gen_fast, count: 785470
CPU [0] UID 1002 comm: gen_fast, count: 785500
CPU [0] UID 1002 comm: gen_fast, count: 785618
CPU [0] UID 1002 comm: gen_fast, count: 785700
CPU [0] UID 1002 comm: gen_fast, count: 785800
CPU [0] UID 1002 comm: gen_fast, count: 785936
CPU [0] UID 1002 comm: gen_fast, count: 786122
CPU [0] UID 1002 comm: gen_fast, count: 786122
CPU [0] UID 1002 comm: gen_fast, count: 786259
CPU [0] UID 1002 comm: gen_fast, count: 786300
CPU [0] UID 1002 comm: gen_fast, count: 786452
CPU [0] UID 1002 comm: gen_fast, count: 786513
CPU [0] UID 1002 comm: gen_fast, count: 786619
CPU [0] UID 1002 comm: gen_fast, count: 786791
CPU [0] UID 1002 comm: gen_fast, count: 786800
CPU [0] UID 1002 comm: gen_fast, count: 786923
CPU [0] UID 1002 comm: gen_fast, count: 787000
CPU [0] UID 1002 comm: gen_fast, count: 787100
CPU [0] UID 1002 comm: gen_fast, count: 787252
CPU [0] UID 1002 comm: gen_fast, count: 787300
CPU [0] UID 1002 comm: gen_fast, count: 787466
CPU [0] UID 1002 comm: gen_fast, count: 787500
CPU [0] UID 1002 comm: gen_fast, count: 787632
CPU [0] UID 1002 comm: gen_fast, count: 787700
CPU [0] UID 1002 comm: gen_fast, count: 787800
CPU [0] UID 1002 comm: gen_fast, count: 787939
CPU [0] UID 1002 comm: gen_fast, count: 788128
CPU [0] UID 1002 comm: gen_fast, count: 788128
CPU [0] UID 1002 comm: gen_fast, count: 788200
CPU [0] UID 1002 comm: gen_fast, count: 788362
CPU [0] UID 1002 comm: gen_fast, count: 788458
CPU [0] UID 1002 comm: gen_fast, count: 788500
CPU [0] UID 1002 comm: gen_fast, count: 788653
CPU [0] UID 1002 comm: gen_fast, count: 788700
CPU [0] UID 1002 comm: gen_fast, count: 788853
CPU [0] UID 1002 comm: gen_fast, count: 788939
CPU [0] UID 1002 comm: gen_fast, count: 789000
CPU [0] UID 1002 comm: gen_fast, count: 789130
CPU [0] UID 1002 comm: gen_fast, count: 789290
CPU [0] UID 1002 comm: gen_fast, count: 789300
CPU [0] UID 1002 comm: gen_fast, count: 789484
CPU [0] UID 1002 comm: gen_fast, count: 789500
CPU [0] UID 1002 comm: gen_fast, count: 789600
CPU [0] UID 1002 comm: gen_fast, count: 789700
CPU [0] UID 1002 comm: gen_fast, count: 789800
CPU [0] UID 1002 comm: gen_fast, count: 789914
CPU [0] UID 1002 comm: gen_fast, count: 790116
CPU [0] UID 1002 comm: gen_fast, count: 790116
CPU [0] UID 1002 comm: gen_fast, count: 790200
CPU [0] UID 1002 comm: gen_fast, count: 790340
CPU [0] UID 1002 comm: gen_fast, count: 790517
CPU [0] UID 1002 comm: gen_fast, count: 790517
CPU [0] UID 1002 comm: gen_fast, count: 790600
CPU [0] UID 1002 comm: gen_fast, count: 790749
CPU [0] UID 1002 comm: gen_fast, count: 790800
CPU [0] UID 1002 comm: gen_fast, count: 790912
CPU [0] UID 1002 comm: gen_fast, count: 791076
CPU [0] UID 1002 comm: gen_fast, count: 791100
CPU [0] UID 1002 comm: gen_fast, count: 791266
CPU [0] UID 1002 comm: gen_fast, count: 791300
CPU [0] UID 1002 comm: gen_fast, count: 791400
CPU [0] UID 1002 comm: gen_fast, count: 791539
CPU [0] UID 1002 comm: gen_fast, count: 791608
CPU [0] UID 1002 comm: gen_fast, count: 791802
CPU [0] UID 1002 comm: gen_fast, count: 791802
CPU [0] UID 1002 comm: gen_fast, count: 791900
CPU [0] UID 1002 comm: gen_fast, count: 792024
CPU [0] UID 1002 comm: gen_fast, count: 792100
CPU [0] UID 1002 comm: gen_fast, count: 792243
CPU [0] UID 1002 comm: gen_fast, count: 792424
CPU [0] UID 1002 comm: gen_fast, count: 792424
CPU [0] UID 1002 comm: gen_fast, count: 792546
CPU [0] UID 1002 comm: gen_fast, count: 792613
CPU [0] UID 1002 comm: gen_fast, count: 792700
CPU [0] UID 1002 comm: gen_fast, count: 792821
CPU [0] UID 1002 comm: gen_fast, count: 793010
CPU [0] UID 1002 comm: gen_fast, count: 793010
CPU [0] UID 1002 comm: gen_fast, count: 793148
CPU [0] UID 1002 comm: gen_fast, count: 793200
CPU [0] UID 1002 comm: gen_fast, count: 793322
CPU [0] UID 1002 comm: gen_fast, count: 793464
CPU [0] UID 1002 comm: gen_fast, count: 793624
CPU [0] UID 1002 comm: gen_fast, count: 793624
CPU [0] UID 1002 comm: gen_fast, count: 793705
CPU [0] UID 1002 comm: gen_fast, count: 793821
CPU [0] UID 1002 comm: gen_fast, count: 793934
CPU [0] UID 1002 comm: gen_fast, count: 794061
CPU [0] UID 1002 comm: gen_fast, count: 794117
CPU [0] UID 1002 comm: gen_fast, count: 794210
CPU [0] UID 1002 comm: gen_fast, count: 794400
CPU [0] UID 1002 comm: gen_fast, count: 794400
CPU [0] UID 1002 comm: gen_fast, count: 794583
CPU [0] UID 1002 comm: gen_fast, count: 794600
CPU [0] UID 1002 comm: gen_fast, count: 794700
CPU [0] UID 1002 comm: gen_fast, count: 794800
CPU [0] UID 1002 comm: gen_fast, count: 794937
CPU [0] UID 1002 comm: gen_fast, count: 795113
CPU [0] UID 1002 comm: gen_fast, count: 795113
CPU [0] UID 1002 comm: gen_fast, count: 795304
CPU [0] UID 1002 comm: gen_fast, count: 795304
CPU [0] UID 1002 comm: gen_fast, count: 795430
CPU [0] UID 1002 comm: gen_fast, count: 795516
CPU [0] UID 1002 comm: gen_fast, count: 795600
CPU [0] UID 1002 comm: gen_fast, count: 795700
CPU [0] UID 1002 comm: gen_fast, count: 795841
CPU [0] UID 1002 comm: gen_fast, count: 796004
CPU [0] UID 1002 comm: gen_fast, count: 796004
CPU [0] UID 1002 comm: gen_fast, count: 796137
CPU [0] UID 1002 comm: gen_fast, count: 796337
CPU [0] UID 1002 comm: gen_fast, count: 796337
CPU [0] UID 1002 comm: gen_fast, count: 796441
CPU [0] UID 1002 comm: gen_fast, count: 796563
CPU [0] UID 1002 comm: gen_fast, count: 796600
CPU [0] UID 1002 comm: gen_fast, count: 796717
CPU [0] UID 1002 comm: gen_fast, count: 796833
CPU [0] UID 1002 comm: gen_fast, count: 796900
CPU [0] UID 1002 comm: gen_fast, count: 797018
CPU [0] UID 1002 comm: gen_fast, count: 797100
CPU [0] UID 1002 comm: gen_fast, count: 797278
CPU [0] UID 1002 comm: gen_fast, count: 797300
CPU [0] UID 1002 comm: gen_fast, count: 797400
CPU [0] UID 1002 comm: gen_fast, count: 797500
CPU [0] UID 1002 comm: gen_fast, count: 797600
CPU [0] UID 1002 comm: gen_fast, count: 797841
CPU [0] UID 1002 comm: gen_fast, count: 797841
CPU [0] UID 1002 comm: gen_fast, count: 797900
CPU [0] UID 1002 comm: gen_fast, count: 798012
CPU [0] UID 1002 comm: gen_fast, count: 798158
CPU [0] UID 1002 comm: gen_fast, count: 798200
CPU [0] UID 1002 comm: gen_fast, count: 798300
CPU [0] UID 1002 comm: gen_fast, count: 798416
CPU [0] UID 1002 comm: gen_fast, count: 798554
CPU [0] UID 1002 comm: gen_fast, count: 798609
CPU [0] UID 1002 comm: gen_fast, count: 798700
CPU [0] UID 1002 comm: gen_fast, count: 798808
CPU [0] UID 1002 comm: gen_fast, count: 798900
CPU [0] UID 1002 comm: gen_fast, count: 799026
CPU [0] UID 1002 comm: gen_fast, count: 799156
CPU [0] UID 1002 comm: gen_fast, count: 799321
CPU [0] UID 1002 comm: gen_fast, count: 799321
CPU [0] UID 1002 comm: gen_fast, count: 799465
CPU [0] UID 1002 comm: gen_fast, count: 799500
CPU [0] UID 1002 comm: gen_fast, count: 799600
CPU [0] UID 1002 comm: gen_fast, count: 799740
CPU [0] UID 1002 comm: gen_fast, count: 799856
CPU [0] UID 1002 comm: gen_fast, count: 799999
CPU [0] UID 1002 comm: gen_fast, count: 800000
CPU [0] UID 1002 comm: gen_fast, count: 800110
CPU [0] UID 1002 comm: gen_fast, count: 800232
CPU [0] UID 1002 comm: gen_fast, count: 800301
CPU [0] UID 1002 comm: gen_fast, count: 800422
CPU [0] UID 1002 comm: gen_fast, count: 800509
CPU [0] UID 1002 comm: gen_fast, count: 800653
CPU [0] UID 1002 comm: gen_fast, count: 800700
CPU [0] UID 1002 comm: gen_fast, count: 800800
CPU [0] UID 1002 comm: gen_fast, count: 800934
CPU [0] UID 1002 comm: gen_fast, count: 801073
CPU [0] UID 1002 comm: gen_fast, count: 801100
CPU [0] UID 1002 comm: gen_fast, count: 801200
CPU [0] UID 1002 comm: gen_fast, count: 801335
CPU [0] UID 1002 comm: gen_fast, count: 801468
CPU [0] UID 1002 comm: gen_fast, count: 801500
CPU [0] UID 1002 comm: gen_fast, count: 801608
CPU [0] UID 1002 comm: gen_fast, count: 801766
CPU [0] UID 1002 comm: gen_fast, count: 801800
CPU [0] UID 1002 comm: gen_fast, count: 801931
CPU [0] UID 1002 comm: gen_fast, count: 802020
CPU [0] UID 1002 comm: gen_fast, count: 802100
CPU [0] UID 1002 comm: gen_fast, count: 802301
CPU [0] UID 1002 comm: gen_fast, count: 802301
CPU [0] UID 1002 comm: gen_fast, count: 802507
CPU [0] UID 1002 comm: gen_fast, count: 802507
CPU [0] UID 1002 comm: gen_fast, count: 802600
CPU [0] UID 1002 comm: gen_fast, count: 802754
CPU [0] UID 1002 comm: gen_fast, count: 802824
CPU [0] UID 1002 comm: gen_fast, count: 802902
CPU [0] UID 1002 comm: gen_fast, count: 803045
CPU [0] UID 1002 comm: gen_fast, count: 803102
CPU [0] UID 1002 comm: gen_fast, count: 803229
CPU [0] UID 1002 comm: gen_fast, count: 803402
CPU [0] UID 1002 comm: gen_fast, count: 803402
CPU [0] UID 1002 comm: gen_fast, count: 803536
CPU [0] UID 1002 comm: gen_fast, count: 803602
CPU [0] UID 1002 comm: gen_fast, count: 803712
CPU [0] UID 1002 comm: gen_fast, count: 803860
CPU [0] UID 1002 comm: gen_fast, count: 803900
CPU [0] UID 1002 comm: gen_fast, count: 804132
CPU [0] UID 1002 comm: gen_fast, count: 804132
CPU [0] UID 1002 comm: gen_fast, count: 804336
CPU [0] UID 1002 comm: gen_fast, count: 804336
CPU [0] UID 1002 comm: gen_fast, count: 804400
CPU [0] UID 1002 comm: gen_fast, count: 804589
CPU [0] UID 1002 comm: gen_fast, count: 804600
CPU [0] UID 1002 comm: gen_fast, count: 804700
CPU [0] UID 1002 comm: gen_fast, count: 804800
CPU [0] UID 1002 comm: gen_fast, count: 804994
CPU [0] UID 1002 comm: gen_fast, count: 805000
CPU [0] UID 1002 comm: gen_fast, count: 805100
CPU [0] UID 1002 comm: gen_fast, count: 805250
CPU [0] UID 1002 comm: gen_fast, count: 805300
CPU [0] UID 1002 comm: gen_fast, count: 805408
CPU [0] UID 1002 comm: gen_fast, count: 805556
CPU [0] UID 1002 comm: gen_fast, count: 805600
CPU [0] UID 1002 comm: gen_fast, count: 805727
CPU [0] UID 1002 comm: gen_fast, count: 805800
CPU [0] UID 1002 comm: gen_fast, count: 805937
CPU [0] UID 1002 comm: gen_fast, count: 806093
CPU [0] UID 1002 comm: gen_fast, count: 806100
CPU [0] UID 1002 comm: gen_fast, count: 806213
CPU [0] UID 1002 comm: gen_fast, count: 806300
CPU [0] UID 1002 comm: gen_fast, count: 806429
CPU [0] UID 1002 comm: gen_fast, count: 806500
CPU [0] UID 1002 comm: gen_fast, count: 806664
CPU [0] UID 1002 comm: gen_fast, count: 806800
CPU [0] UID 1002 comm: gen_fast, count: 806800
CPU [0] UID 1002 comm: gen_fast, count: 806917
CPU [0] UID 1002 comm: gen_fast, count: 807041
CPU [0] UID 1002 comm: gen_fast, count: 807100
CPU [0] UID 1002 comm: gen_fast, count: 807200
CPU [0] UID 1002 comm: gen_fast, count: 807300
CPU [0] UID 1002 comm: gen_fast, count: 807430
CPU [0] UID 1002 comm: gen_fast, count: 807555
CPU [0] UID 1002 comm: gen_fast, count: 807722
CPU [0] UID 1002 comm: gen_fast, count: 807722
CPU [0] UID 1002 comm: gen_fast, count: 807821
CPU [0] UID 1002 comm: gen_fast, count: 807900
CPU [0] UID 1002 comm: gen_fast, count: 808013
CPU [0] UID 1002 comm: gen_fast, count: 808100
CPU [0] UID 1002 comm: gen_fast, count: 808247
CPU [0] UID 1002 comm: gen_fast, count: 808329
CPU [0] UID 1002 comm: gen_fast, count: 808468
CPU [0] UID 1002 comm: gen_fast, count: 808500
CPU [0] UID 1002 comm: gen_fast, count: 808600
CPU [0] UID 1002 comm: gen_fast, count: 808736
CPU [0] UID 1002 comm: gen_fast, count: 808840
CPU [0] UID 1002 comm: gen_fast, count: 808979
CPU [0] UID 1002 comm: gen_fast, count: 809000
CPU [0] UID 1002 comm: gen_fast, count: 809107
CPU [0] UID 1002 comm: gen_fast, count: 809270
CPU [0] UID 1002 comm: gen_fast, count: 809300
CPU [0] UID 1002 comm: gen_fast, count: 809429
CPU [0] UID 1002 comm: gen_fast, count: 809500
CPU [0] UID 1002 comm: gen_fast, count: 809641
CPU [0] UID 1002 comm: gen_fast, count: 809807
CPU [0] UID 1002 comm: gen_fast, count: 809807
CPU [0] UID 1002 comm: gen_fast, count: 809900
CPU [0] UID 1002 comm: gen_fast, count: 810017
CPU [0] UID 1002 comm: gen_fast, count: 810109
CPU [0] UID 1002 comm: gen_fast, count: 810200
CPU [0] UID 1002 comm: gen_fast, count: 810300
CPU [0] UID 1002 comm: gen_fast, count: 810400
CPU [0] UID 1002 comm: gen_fast, count: 810500
CPU [0] UID 1002 comm: gen_fast, count: 810646
CPU [0] UID 1002 comm: gen_fast, count: 810700
CPU [0] UID 1002 comm: gen_fast, count: 810861
CPU [0] UID 1002 comm: gen_fast, count: 810956
CPU [0] UID 1002 comm: gen_fast, count: 811000
CPU [0] UID 1002 comm: gen_fast, count: 811166
CPU [0] UID 1002 comm: gen_fast, count: 811200
CPU [0] UID 1002 comm: gen_fast, count: 811408
CPU [0] UID 1002 comm: gen_fast, count: 811408
CPU [0] UID 1002 comm: gen_fast, count: 811526
CPU [0] UID 1002 comm: gen_fast, count: 811613
CPU [0] UID 1002 comm: gen_fast, count: 811815
CPU [0] UID 1002 comm: gen_fast, count: 811815
CPU [0] UID 1002 comm: gen_fast, count: 811900
CPU [0] UID 1002 comm: gen_fast, count: 812054
CPU [0] UID 1002 comm: gen_fast, count: 812100
CPU [0] UID 1002 comm: gen_fast, count: 812214
CPU [0] UID 1002 comm: gen_fast, count: 812397
CPU [0] UID 1002 comm: gen_fast, count: 812400
CPU [0] UID 1002 comm: gen_fast, count: 812519
CPU [0] UID 1002 comm: gen_fast, count: 812610
CPU [0] UID 1002 comm: gen_fast, count: 812700
CPU [0] UID 1002 comm: gen_fast, count: 812800
CPU [0] UID 1002 comm: gen_fast, count: 812900
CPU [0] UID 1002 comm: gen_fast, count: 813086
CPU [0] UID 1002 comm: gen_fast, count: 813100
CPU [0] UID 1002 comm: gen_fast, count: 813252
CPU [0] UID 1002 comm: gen_fast, count: 813341
CPU [0] UID 1002 comm: gen_fast, count: 813429
CPU [0] UID 1002 comm: gen_fast, count: 813611
CPU [0] UID 1002 comm: gen_fast, count: 813611
CPU [0] UID 1002 comm: gen_fast, count: 813721
CPU [0] UID 1002 comm: gen_fast, count: 813874
CPU [0] UID 1002 comm: gen_fast, count: 813900
CPU [0] UID 1002 comm: gen_fast, count: 814000
CPU [0] UID 1002 comm: gen_fast, count: 814193
CPU [0] UID 1002 comm: gen_fast, count: 814200
CPU [0] UID 1002 comm: gen_fast, count: 814388
CPU [0] UID 1002 comm: gen_fast, count: 814400
CPU [0] UID 1002 comm: gen_fast, count: 814525
CPU [0] UID 1002 comm: gen_fast, count: 814701
CPU [0] UID 1002 comm: gen_fast, count: 814701
CPU [0] UID 1002 comm: gen_fast, count: 814822
CPU [0] UID 1002 comm: gen_fast, count: 814900
CPU [0] UID 1002 comm: gen_fast, count: 815000
CPU [0] UID 1002 comm: gen_fast, count: 815158
CPU [0] UID 1002 comm: gen_fast, count: 815300
CPU [0] UID 1002 comm: gen_fast, count: 815300
CPU [0] UID 1002 comm: gen_fast, count: 815482
CPU [0] UID 1002 comm: gen_fast, count: 815500
CPU [0] UID 1002 comm: gen_fast, count: 815618
CPU [0] UID 1002 comm: gen_fast, count: 815700
CPU [0] UID 1002 comm: gen_fast, count: 815859
CPU [0] UID 1002 comm: gen_fast, count: 815900
CPU [0] UID 1002 comm: gen_fast, count: 816035
CPU [0] UID 1002 comm: gen_fast, count: 816100
CPU [0] UID 1002 comm: gen_fast, count: 816200
CPU [0] UID 1002 comm: gen_fast, count: 816324
CPU [0] UID 1002 comm: gen_fast, count: 816400
CPU [0] UID 1002 comm: gen_fast, count: 816517
CPU [0] UID 1002 comm: gen_fast, count: 816640
CPU [0] UID 1002 comm: gen_fast, count: 816783
CPU [0] UID 1002 comm: gen_fast, count: 816800
CPU [0] UID 1002 comm: gen_fast, count: 816912
CPU [0] UID 1002 comm: gen_fast, count: 817034
CPU [0] UID 1002 comm: gen_fast, count: 817169
CPU [0] UID 1002 comm: gen_fast, count: 817200
CPU [0] UID 1002 comm: gen_fast, count: 817300
CPU [0] UID 1002 comm: gen_fast, count: 817427
CPU [0] UID 1002 comm: gen_fast, count: 817502
CPU [0] UID 1002 comm: gen_fast, count: 817719
CPU [0] UID 1002 comm: gen_fast, count: 817719
CPU [0] UID 1002 comm: gen_fast, count: 817901
CPU [0] UID 1002 comm: gen_fast, count: 817901
CPU [0] UID 1002 comm: gen_fast, count: 818048
CPU [0] UID 1002 comm: gen_fast, count: 818232
CPU [0] UID 1002 comm: gen_fast, count: 818232
CPU [0] UID 1002 comm: gen_fast, count: 818300
CPU [0] UID 1002 comm: gen_fast, count: 818400
CPU [0] UID 1002 comm: gen_fast, count: 818533
CPU [0] UID 1002 comm: gen_fast, count: 818702
CPU [0] UID 1002 comm: gen_fast, count: 818702
CPU [0] UID 1002 comm: gen_fast, count: 818853
CPU [0] UID 1002 comm: gen_fast, count: 818921
CPU [0] UID 1002 comm: gen_fast, count: 819028
CPU [0] UID 1002 comm: gen_fast, count: 819204
CPU [0] UID 1002 comm: gen_fast, count: 819204
CPU [0] UID 1002 comm: gen_fast, count: 819300
CPU [0] UID 1002 comm: gen_fast, count: 819440
CPU [0] UID 1002 comm: gen_fast, count: 819500
CPU [0] UID 1002 comm: gen_fast, count: 819602
CPU [0] UID 1002 comm: gen_fast, count: 819813
CPU [0] UID 1002 comm: gen_fast, count: 819813
CPU [0] UID 1002 comm: gen_fast, count: 819992
CPU [0] UID 1002 comm: gen_fast, count: 820000
CPU [0] UID 1002 comm: gen_fast, count: 820135
CPU [0] UID 1002 comm: gen_fast, count: 820200
CPU [0] UID 1002 comm: gen_fast, count: 820314
CPU [0] UID 1002 comm: gen_fast, count: 820400
CPU [0] UID 1002 comm: gen_fast, count: 820500
CPU [0] UID 1002 comm: gen_fast, count: 820656
CPU [0] UID 1002 comm: gen_fast, count: 820700
CPU [0] UID 1002 comm: gen_fast, count: 820800
CPU [0] UID 1002 comm: gen_fast, count: 820960
CPU [0] UID 1002 comm: gen_fast, count: 821004
CPU [0] UID 1002 comm: gen_fast, count: 821128
CPU [0] UID 1002 comm: gen_fast, count: 821200
CPU [0] UID 1002 comm: gen_fast, count: 821300
CPU [0] UID 1002 comm: gen_fast, count: 821464
CPU [0] UID 1002 comm: gen_fast, count: 821500
CPU [0] UID 1002 comm: gen_fast, count: 821612
CPU [0] UID 1002 comm: gen_fast, count: 821792
CPU [0] UID 1002 comm: gen_fast, count: 821903
CPU [0] UID 1002 comm: gen_fast, count: 821903
CPU [0] UID 1002 comm: gen_fast, count: 822036
CPU [0] UID 1002 comm: gen_fast, count: 822195
CPU [0] UID 1002 comm: gen_fast, count: 822200
CPU [0] UID 1002 comm: gen_fast, count: 822334
CPU [0] UID 1002 comm: gen_fast, count: 822527
CPU [0] UID 1002 comm: gen_fast, count: 822527
CPU [0] UID 1002 comm: gen_fast, count: 822600
CPU [0] UID 1002 comm: gen_fast, count: 822726
CPU [0] UID 1002 comm: gen_fast, count: 822800
CPU [0] UID 1002 comm: gen_fast, count: 822900
CPU [0] UID 1002 comm: gen_fast, count: 823069
CPU [0] UID 1002 comm: gen_fast, count: 823100
CPU [0] UID 1002 comm: gen_fast, count: 823283
CPU [0] UID 1002 comm: gen_fast, count: 823300
CPU [0] UID 1002 comm: gen_fast, count: 823512
CPU [0] UID 1002 comm: gen_fast, count: 823512
CPU [0] UID 1002 comm: gen_fast, count: 823657
CPU [0] UID 1002 comm: gen_fast, count: 823729
CPU [0] UID 1002 comm: gen_fast, count: 823800
CPU [0] UID 1002 comm: gen_fast, count: 823905
CPU [0] UID 1002 comm: gen_fast, count: 824011
CPU [0] UID 1002 comm: gen_fast, count: 824182
CPU [0] UID 1002 comm: gen_fast, count: 824200
CPU [0] UID 1002 comm: gen_fast, count: 824300
CPU [0] UID 1002 comm: gen_fast, count: 824400
CPU [0] UID 1002 comm: gen_fast, count: 824557
CPU [0] UID 1002 comm: gen_fast, count: 824600
CPU [0] UID 1002 comm: gen_fast, count: 824700
CPU [0] UID 1002 comm: gen_fast, count: 824838
CPU [0] UID 1002 comm: gen_fast, count: 824969
CPU [0] UID 1002 comm: gen_fast, count: 825000
CPU [0] UID 1002 comm: gen_fast, count: 825147
CPU [0] UID 1002 comm: gen_fast, count: 825334
CPU [0] UID 1002 comm: gen_fast, count: 825334
CPU [0] UID 1002 comm: gen_fast, count: 825400
CPU [0] UID 1002 comm: gen_fast, count: 825537
CPU [0] UID 1002 comm: gen_fast, count: 825736
CPU [0] UID 1002 comm: gen_fast, count: 825736
CPU [0] UID 1002 comm: gen_fast, count: 825800
CPU [0] UID 1002 comm: gen_fast, count: 825900
CPU [0] UID 1002 comm: gen_fast, count: 826042
CPU [0] UID 1002 comm: gen_fast, count: 826247
CPU [0] UID 1002 comm: gen_fast, count: 826247
CPU [0] UID 1002 comm: gen_fast, count: 826300
CPU [0] UID 1002 comm: gen_fast, count: 826402
CPU [0] UID 1002 comm: gen_fast, count: 826609
CPU [0] UID 1002 comm: gen_fast, count: 826609
CPU [0] UID 1002 comm: gen_fast, count: 826700
CPU [0] UID 1002 comm: gen_fast, count: 826820
CPU [0] UID 1002 comm: gen_fast, count: 826997
CPU [0] UID 1002 comm: gen_fast, count: 827000
CPU [0] UID 1002 comm: gen_fast, count: 827100
CPU [0] UID 1002 comm: gen_fast, count: 827246
CPU [0] UID 1002 comm: gen_fast, count: 827325
CPU [0] UID 1002 comm: gen_fast, count: 827400
CPU [0] UID 1002 comm: gen_fast, count: 827500
CPU [0] UID 1002 comm: gen_fast, count: 827601
CPU [0] UID 1002 comm: gen_fast, count: 827700
CPU [0] UID 1002 comm: gen_fast, count: 827800
CPU [0] UID 1002 comm: gen_fast, count: 827965
CPU [0] UID 1002 comm: gen_fast, count: 828000
CPU [0] UID 1002 comm: gen_fast, count: 828122
CPU [0] UID 1002 comm: gen_fast, count: 828252
CPU [0] UID 1002 comm: gen_fast, count: 828300
CPU [0] UID 1002 comm: gen_fast, count: 828400
CPU [0] UID 1002 comm: gen_fast, count: 828539
CPU [0] UID 1002 comm: gen_fast, count: 828619
CPU [0] UID 1002 comm: gen_fast, count: 828784
CPU [0] UID 1002 comm: gen_fast, count: 828800
CPU [0] UID 1002 comm: gen_fast, count: 828943
CPU [0] UID 1002 comm: gen_fast, count: 829000
CPU [0] UID 1002 comm: gen_fast, count: 829100
CPU [0] UID 1002 comm: gen_fast, count: 829269
CPU [0] UID 1002 comm: gen_fast, count: 829300
CPU [0] UID 1002 comm: gen_fast, count: 829425
CPU [0] UID 1002 comm: gen_fast, count: 829555
CPU [0] UID 1002 comm: gen_fast, count: 829600
CPU [0] UID 1002 comm: gen_fast, count: 829718
CPU [0] UID 1002 comm: gen_fast, count: 829907
CPU [0] UID 1002 comm: gen_fast, count: 829907
CPU [0] UID 1002 comm: gen_fast, count: 830000
CPU [0] UID 1002 comm: gen_fast, count: 830136
CPU [0] UID 1002 comm: gen_fast, count: 830200
CPU [0] UID 1002 comm: gen_fast, count: 830300
CPU [0] UID 1002 comm: gen_fast, count: 830464
CPU [0] UID 1002 comm: gen_fast, count: 830500
CPU [0] UID 1002 comm: gen_fast, count: 830600
CPU [0] UID 1002 comm: gen_fast, count: 830747
CPU [0] UID 1002 comm: gen_fast, count: 830936
CPU [0] UID 1002 comm: gen_fast, count: 830936
CPU [0] UID 1002 comm: gen_fast, count: 831015
CPU [0] UID 1002 comm: gen_fast, count: 831109
CPU [0] UID 1002 comm: gen_fast, count: 831259
CPU [0] UID 1002 comm: gen_fast, count: 831300
CPU [0] UID 1002 comm: gen_fast, count: 831428
CPU [0] UID 1002 comm: gen_fast, count: 831575
CPU [0] UID 1002 comm: gen_fast, count: 831600
CPU [0] UID 1002 comm: gen_fast, count: 831772
CPU [0] UID 1002 comm: gen_fast, count: 831800
CPU [0] UID 1002 comm: gen_fast, count: 831960
CPU [0] UID 1002 comm: gen_fast, count: 832000
CPU [0] UID 1002 comm: gen_fast, count: 832117
CPU [0] UID 1002 comm: gen_fast, count: 832206
CPU [0] UID 1002 comm: gen_fast, count: 832300
CPU [0] UID 1002 comm: gen_fast, count: 832400
CPU [0] UID 1002 comm: gen_fast, count: 832585
CPU [0] UID 1002 comm: gen_fast, count: 832600
CPU [0] UID 1002 comm: gen_fast, count: 832789
CPU [0] UID 1002 comm: gen_fast, count: 832800
CPU [0] UID 1002 comm: gen_fast, count: 833058
CPU [0] UID 1002 comm: gen_fast, count: 833058
CPU [0] UID 1002 comm: gen_fast, count: 833100
CPU [0] UID 1002 comm: gen_fast, count: 833260
CPU [0] UID 1002 comm: gen_fast, count: 833300
CPU [0] UID 1002 comm: gen_fast, count: 833523
CPU [0] UID 1002 comm: gen_fast, count: 833523
CPU [0] UID 1002 comm: gen_fast, count: 833600
CPU [0] UID 1002 comm: gen_fast, count: 833729
CPU [0] UID 1002 comm: gen_fast, count: 833909
CPU [0] UID 1002 comm: gen_fast, count: 833909
CPU [0] UID 1002 comm: gen_fast, count: 834040
CPU [0] UID 1002 comm: gen_fast, count: 834199
CPU [0] UID 1002 comm: gen_fast, count: 834200
CPU [0] UID 1002 comm: gen_fast, count: 834369
CPU [0] UID 1002 comm: gen_fast, count: 834400
CPU [0] UID 1002 comm: gen_fast, count: 834549
CPU [0] UID 1002 comm: gen_fast, count: 834600
CPU [0] UID 1002 comm: gen_fast, count: 834794
CPU [0] UID 1002 comm: gen_fast, count: 834800
CPU [0] UID 1002 comm: gen_fast, count: 834916
CPU [0] UID 1002 comm: gen_fast, count: 835082
CPU [0] UID 1002 comm: gen_fast, count: 835100
CPU [0] UID 1002 comm: gen_fast, count: 835200
CPU [0] UID 1002 comm: gen_fast, count: 835300
CPU [0] UID 1002 comm: gen_fast, count: 835443
CPU [0] UID 1002 comm: gen_fast, count: 835500
CPU [0] UID 1002 comm: gen_fast, count: 835606
CPU [0] UID 1002 comm: gen_fast, count: 835750
CPU [0] UID 1002 comm: gen_fast, count: 835800
CPU [0] UID 1002 comm: gen_fast, count: 835926
CPU [0] UID 1002 comm: gen_fast, count: 836000
CPU [0] UID 1002 comm: gen_fast, count: 836100
CPU [0] UID 1002 comm: gen_fast, count: 836249
CPU [0] UID 1002 comm: gen_fast, count: 836424
CPU [0] UID 1002 comm: gen_fast, count: 836424
CPU [0] UID 1002 comm: gen_fast, count: 836515
CPU [0] UID 1002 comm: gen_fast, count: 836600
CPU [0] UID 1002 comm: gen_fast, count: 836743
CPU [0] UID 1002 comm: gen_fast, count: 836917
CPU [0] UID 1002 comm: gen_fast, count: 836917
CPU [0] UID 1002 comm: gen_fast, count: 837103
CPU [0] UID 1002 comm: gen_fast, count: 837103
CPU [0] UID 1002 comm: gen_fast, count: 837200
CPU [0] UID 1002 comm: gen_fast, count: 837341
CPU [0] UID 1002 comm: gen_fast, count: 837499
CPU [0] UID 1002 comm: gen_fast, count: 837500
CPU [0] UID 1002 comm: gen_fast, count: 837606
CPU [0] UID 1002 comm: gen_fast, count: 837728
CPU [0] UID 1002 comm: gen_fast, count: 837890
CPU [0] UID 1002 comm: gen_fast, count: 837900
CPU [0] UID 1002 comm: gen_fast, count: 838038
CPU [0] UID 1002 comm: gen_fast, count: 838100
CPU [0] UID 1002 comm: gen_fast, count: 838332
CPU [0] UID 1002 comm: gen_fast, count: 838332
CPU [0] UID 1002 comm: gen_fast, count: 838400
CPU [0] UID 1002 comm: gen_fast, count: 838542
CPU [0] UID 1002 comm: gen_fast, count: 838600
CPU [0] UID 1002 comm: gen_fast, count: 838700
CPU [0] UID 1002 comm: gen_fast, count: 838842
CPU [0] UID 1002 comm: gen_fast, count: 838900
CPU [0] UID 1002 comm: gen_fast, count: 839000
CPU [0] UID 1002 comm: gen_fast, count: 839107
CPU [0] UID 1002 comm: gen_fast, count: 839287
CPU [0] UID 1002 comm: gen_fast, count: 839300
CPU [0] UID 1002 comm: gen_fast, count: 839410
CPU [0] UID 1002 comm: gen_fast, count: 839563
CPU [0] UID 1002 comm: gen_fast, count: 839627
CPU [0] UID 1002 comm: gen_fast, count: 839700
CPU [0] UID 1002 comm: gen_fast, count: 839810
CPU [0] UID 1002 comm: gen_fast, count: 839907
CPU [0] UID 1002 comm: gen_fast, count: 840077
CPU [0] UID 1002 comm: gen_fast, count: 840100
CPU [0] UID 1002 comm: gen_fast, count: 840200
CPU [0] UID 1002 comm: gen_fast, count: 840331
CPU [0] UID 1002 comm: gen_fast, count: 840496
CPU [0] UID 1002 comm: gen_fast, count: 840500
CPU [0] UID 1002 comm: gen_fast, count: 840600
CPU [0] UID 1002 comm: gen_fast, count: 840733
CPU [0] UID 1002 comm: gen_fast, count: 840865
CPU [0] UID 1002 comm: gen_fast, count: 840900
CPU [0] UID 1002 comm: gen_fast, count: 841031
CPU [0] UID 1002 comm: gen_fast, count: 841156
CPU [0] UID 1002 comm: gen_fast, count: 841200
CPU [0] UID 1002 comm: gen_fast, count: 841357
CPU [0] UID 1002 comm: gen_fast, count: 841400
CPU [0] UID 1002 comm: gen_fast, count: 841559
CPU [0] UID 1002 comm: gen_fast, count: 841600
CPU [0] UID 1002 comm: gen_fast, count: 841721
CPU [0] UID 1002 comm: gen_fast, count: 841811
CPU [0] UID 1002 comm: gen_fast, count: 841900
CPU [0] UID 1002 comm: gen_fast, count: 842001
CPU [0] UID 1002 comm: gen_fast, count: 842100
CPU [0] UID 1002 comm: gen_fast, count: 842222
CPU [0] UID 1002 comm: gen_fast, count: 842300
CPU [0] UID 1002 comm: gen_fast, count: 842428
CPU [0] UID 1002 comm: gen_fast, count: 842572
CPU [0] UID 1002 comm: gen_fast, count: 842600
CPU [0] UID 1002 comm: gen_fast, count: 842700
CPU [0] UID 1002 comm: gen_fast, count: 842810
CPU [0] UID 1002 comm: gen_fast, count: 842974
CPU [0] UID 1002 comm: gen_fast, count: 843000
CPU [0] UID 1002 comm: gen_fast, count: 843132
CPU [0] UID 1002 comm: gen_fast, count: 843266
CPU [0] UID 1002 comm: gen_fast, count: 843300
CPU [0] UID 1002 comm: gen_fast, count: 843400
CPU [0] UID 1002 comm: gen_fast, count: 843595
CPU [0] UID 1002 comm: gen_fast, count: 843600
CPU [0] UID 1002 comm: gen_fast, count: 843767
CPU [0] UID 1002 comm: gen_fast, count: 843800
CPU [0] UID 1002 comm: gen_fast, count: 843900
CPU [0] UID 1002 comm: gen_fast, count: 844000
CPU [0] UID 1002 comm: gen_fast, count: 844100
CPU [0] UID 1002 comm: gen_fast, count: 844270
CPU [0] UID 1002 comm: gen_fast, count: 844421
CPU [0] UID 1002 comm: gen_fast, count: 844421
CPU [0] UID 1002 comm: gen_fast, count: 844521
CPU [0] UID 1002 comm: gen_fast, count: 844600
CPU [0] UID 1002 comm: gen_fast, count: 844700
CPU [0] UID 1002 comm: gen_fast, count: 844810
CPU [0] UID 1002 comm: gen_fast, count: 844900
CPU [0] UID 1002 comm: gen_fast, count: 845000
CPU [0] UID 1002 comm: gen_fast, count: 845112
CPU [0] UID 1002 comm: gen_fast, count: 845252
CPU [0] UID 1002 comm: gen_fast, count: 845300
CPU [0] UID 1002 comm: gen_fast, count: 845400
CPU [0] UID 1002 comm: gen_fast, count: 845513
CPU [0] UID 1002 comm: gen_fast, count: 845605
CPU [0] UID 1002 comm: gen_fast, count: 845700
CPU [0] UID 1002 comm: gen_fast, count: 845862
CPU [0] UID 1002 comm: gen_fast, count: 845900
CPU [0] UID 1002 comm: gen_fast, count: 846065
CPU [0] UID 1002 comm: gen_fast, count: 846100
CPU [0] UID 1002 comm: gen_fast, count: 846295
CPU [0] UID 1002 comm: gen_fast, count: 846300
CPU [0] UID 1002 comm: gen_fast, count: 846434
CPU [0] UID 1002 comm: gen_fast, count: 846587
CPU [0] UID 1002 comm: gen_fast, count: 846600
CPU [0] UID 1002 comm: gen_fast, count: 846750
CPU [0] UID 1002 comm: gen_fast, count: 846800
CPU [0] UID 1002 comm: gen_fast, count: 846900
CPU [0] UID 1002 comm: gen_fast, count: 847051
CPU [0] UID 1002 comm: gen_fast, count: 847100
CPU [0] UID 1002 comm: gen_fast, count: 847260
CPU [0] UID 1002 comm: gen_fast, count: 847300
CPU [0] UID 1002 comm: gen_fast, count: 847465
CPU [0] UID 1002 comm: gen_fast, count: 847551
CPU [0] UID 1002 comm: gen_fast, count: 847742
CPU [0] UID 1002 comm: gen_fast, count: 847742
CPU [0] UID 1002 comm: gen_fast, count: 847800
CPU [0] UID 1002 comm: gen_fast, count: 847902
CPU [0] UID 1002 comm: gen_fast, count: 848039
CPU [0] UID 1002 comm: gen_fast, count: 848124
CPU [0] UID 1002 comm: gen_fast, count: 848201
CPU [0] UID 1002 comm: gen_fast, count: 848371
CPU [0] UID 1002 comm: gen_fast, count: 848400
CPU [0] UID 1002 comm: gen_fast, count: 848554
CPU [0] UID 1002 comm: gen_fast, count: 848747
CPU [0] UID 1002 comm: gen_fast, count: 848747
CPU [0] UID 1002 comm: gen_fast, count: 848800
CPU [0] UID 1002 comm: gen_fast, count: 848900
CPU [0] UID 1002 comm: gen_fast, count: 849036
CPU [0] UID 1002 comm: gen_fast, count: 849118
CPU [0] UID 1002 comm: gen_fast, count: 849276
CPU [0] UID 1002 comm: gen_fast, count: 849300
CPU [0] UID 1002 comm: gen_fast, count: 849458
CPU [0] UID 1002 comm: gen_fast, count: 849500
CPU [0] UID 1002 comm: gen_fast, count: 849635
CPU [0] UID 1002 comm: gen_fast, count: 849701
CPU [0] UID 1002 comm: gen_fast, count: 849886
CPU [0] UID 1002 comm: gen_fast, count: 849956
CPU [0] UID 1002 comm: gen_fast, count: 850000
CPU [0] UID 1002 comm: gen_fast, count: 850100
CPU [0] UID 1002 comm: gen_fast, count: 850243
CPU [0] UID 1002 comm: gen_fast, count: 850300
CPU [0] UID 1002 comm: gen_fast, count: 850413
CPU [0] UID 1002 comm: gen_fast, count: 850507
CPU [0] UID 1002 comm: gen_fast, count: 850687
CPU [0] UID 1002 comm: gen_fast, count: 850700
CPU [0] UID 1002 comm: gen_fast, count: 850800
CPU [0] UID 1002 comm: gen_fast, count: 850904
CPU [0] UID 1002 comm: gen_fast, count: 851034
CPU [0] UID 1002 comm: gen_fast, count: 851102
CPU [0] UID 1002 comm: gen_fast, count: 851200
CPU [0] UID 1002 comm: gen_fast, count: 851300
CPU [0] UID 1002 comm: gen_fast, count: 851453
CPU [0] UID 1002 comm: gen_fast, count: 851606
CPU [0] UID 1002 comm: gen_fast, count: 851606
CPU [0] UID 1002 comm: gen_fast, count: 851763
CPU [0] UID 1002 comm: gen_fast, count: 851800
CPU [0] UID 1002 comm: gen_fast, count: 851900
CPU [0] UID 1002 comm: gen_fast, count: 852056
CPU [0] UID 1002 comm: gen_fast, count: 852100
CPU [0] UID 1002 comm: gen_fast, count: 852203
CPU [0] UID 1002 comm: gen_fast, count: 852333
CPU [0] UID 1002 comm: gen_fast, count: 852494
CPU [0] UID 1002 comm: gen_fast, count: 852500
CPU [0] UID 1002 comm: gen_fast, count: 852680
CPU [0] UID 1002 comm: gen_fast, count: 852700
CPU [0] UID 1002 comm: gen_fast, count: 852806
CPU [0] UID 1002 comm: gen_fast, count: 853012
CPU [0] UID 1002 comm: gen_fast, count: 853012
CPU [0] UID 1002 comm: gen_fast, count: 853100
CPU [0] UID 1002 comm: gen_fast, count: 853262
CPU [0] UID 1002 comm: gen_fast, count: 853300
CPU [0] UID 1002 comm: gen_fast, count: 853442
CPU [0] UID 1002 comm: gen_fast, count: 853500
CPU [0] UID 1002 comm: gen_fast, count: 853600
CPU [0] UID 1002 comm: gen_fast, count: 853700
CPU [0] UID 1002 comm: gen_fast, count: 853859
CPU [0] UID 1002 comm: gen_fast, count: 854002
CPU [0] UID 1002 comm: gen_fast, count: 854002
CPU [0] UID 1002 comm: gen_fast, count: 854100
CPU [0] UID 1002 comm: gen_fast, count: 854271
CPU [0] UID 1002 comm: gen_fast, count: 854300
CPU [0] UID 1002 comm: gen_fast, count: 854487
CPU [0] UID 1002 comm: gen_fast, count: 854500
CPU [0] UID 1002 comm: gen_fast, count: 854661
CPU [0] UID 1002 comm: gen_fast, count: 854700
CPU [0] UID 1002 comm: gen_fast, count: 854811
CPU [0] UID 1002 comm: gen_fast, count: 855015
CPU [0] UID 1002 comm: gen_fast, count: 855015
CPU [0] UID 1002 comm: gen_fast, count: 855100
CPU [0] UID 1002 comm: gen_fast, count: 855218
CPU [0] UID 1002 comm: gen_fast, count: 855300
CPU [0] UID 1002 comm: gen_fast, count: 855400
CPU [0] UID 1002 comm: gen_fast, count: 855540
CPU [0] UID 1002 comm: gen_fast, count: 855600
CPU [0] UID 1002 comm: gen_fast, count: 855708
CPU [0] UID 1002 comm: gen_fast, count: 855800
CPU [0] UID 1002 comm: gen_fast, count: 856008
CPU [0] UID 1002 comm: gen_fast, count: 856008
CPU [0] UID 1002 comm: gen_fast, count: 856100
CPU [0] UID 1002 comm: gen_fast, count: 856200
CPU [0] UID 1002 comm: gen_fast, count: 856348
CPU [0] UID 1002 comm: gen_fast, count: 856400
CPU [0] UID 1002 comm: gen_fast, count: 856536
CPU [0] UID 1002 comm: gen_fast, count: 856600
CPU [0] UID 1002 comm: gen_fast, count: 856742
CPU [0] UID 1002 comm: gen_fast, count: 856950
CPU [0] UID 1002 comm: gen_fast, count: 856950
CPU [0] UID 1002 comm: gen_fast, count: 857000
CPU [0] UID 1002 comm: gen_fast, count: 857142
CPU [0] UID 1002 comm: gen_fast, count: 857200
CPU [0] UID 1002 comm: gen_fast, count: 857300
CPU [0] UID 1002 comm: gen_fast, count: 857418
CPU [0] UID 1002 comm: gen_fast, count: 857521
CPU [0] UID 1002 comm: gen_fast, count: 857687
CPU [0] UID 1002 comm: gen_fast, count: 857700
CPU [0] UID 1002 comm: gen_fast, count: 857845
CPU [0] UID 1002 comm: gen_fast, count: 858046
CPU [0] UID 1002 comm: gen_fast, count: 858046
CPU [0] UID 1002 comm: gen_fast, count: 858100
CPU [0] UID 1002 comm: gen_fast, count: 858200
CPU [0] UID 1002 comm: gen_fast, count: 858342
CPU [0] UID 1002 comm: gen_fast, count: 858427
CPU [0] UID 1002 comm: gen_fast, count: 858500
CPU [0] UID 1002 comm: gen_fast, count: 858616
CPU [0] UID 1002 comm: gen_fast, count: 858700
CPU [0] UID 1002 comm: gen_fast, count: 858832
CPU [0] UID 1002 comm: gen_fast, count: 858919
CPU [0] UID 1002 comm: gen_fast, count: 859127
CPU [0] UID 1002 comm: gen_fast, count: 859127
CPU [0] UID 1002 comm: gen_fast, count: 859204
CPU [0] UID 1002 comm: gen_fast, count: 859383
CPU [0] UID 1002 comm: gen_fast, count: 859400
CPU [0] UID 1002 comm: gen_fast, count: 859500
CPU [0] UID 1002 comm: gen_fast, count: 859626
CPU [0] UID 1002 comm: gen_fast, count: 859781
CPU [0] UID 1002 comm: gen_fast, count: 859800
CPU [0] UID 1002 comm: gen_fast, count: 859901
CPU [0] UID 1002 comm: gen_fast, count: 860000
CPU [0] UID 1002 comm: gen_fast, count: 860202
CPU [0] UID 1002 comm: gen_fast, count: 860202
CPU [0] UID 1002 comm: gen_fast, count: 860311
CPU [0] UID 1002 comm: gen_fast, count: 860417
CPU [0] UID 1002 comm: gen_fast, count: 860575
CPU [0] UID 1002 comm: gen_fast, count: 860600
CPU [0] UID 1002 comm: gen_fast, count: 860740
CPU [0] UID 1002 comm: gen_fast, count: 860906
CPU [0] UID 1002 comm: gen_fast, count: 860906
CPU [0] UID 1002 comm: gen_fast, count: 861085
CPU [0] UID 1002 comm: gen_fast, count: 861100
CPU [0] UID 1002 comm: gen_fast, count: 861209
CPU [0] UID 1002 comm: gen_fast, count: 861300
CPU [0] UID 1002 comm: gen_fast, count: 861400
CPU [0] UID 1002 comm: gen_fast, count: 861500
CPU [0] UID 1002 comm: gen_fast, count: 861645
CPU [0] UID 1002 comm: gen_fast, count: 861700
CPU [0] UID 1002 comm: gen_fast, count: 861800
CPU [0] UID 1002 comm: gen_fast, count: 861985
CPU [0] UID 1002 comm: gen_fast, count: 862000
CPU [0] UID 1002 comm: gen_fast, count: 862242
CPU [0] UID 1002 comm: gen_fast, count: 862242
CPU [0] UID 1002 comm: gen_fast, count: 862300
CPU [0] UID 1002 comm: gen_fast, count: 862438
CPU [0] UID 1002 comm: gen_fast, count: 862640
CPU [0] UID 1002 comm: gen_fast, count: 862640
CPU [0] UID 1002 comm: gen_fast, count: 862838
CPU [0] UID 1002 comm: gen_fast, count: 862838
CPU [0] UID 1002 comm: gen_fast, count: 863021
CPU [0] UID 1002 comm: gen_fast, count: 863021
CPU [0] UID 1002 comm: gen_fast, count: 863100
CPU [0] UID 1002 comm: gen_fast, count: 863252
CPU [0] UID 1002 comm: gen_fast, count: 863300
CPU [0] UID 1002 comm: gen_fast, count: 863457
CPU [0] UID 1002 comm: gen_fast, count: 863624
CPU [0] UID 1002 comm: gen_fast, count: 863624
CPU [0] UID 1002 comm: gen_fast, count: 863728
CPU [0] UID 1002 comm: gen_fast, count: 863899
CPU [0] UID 1002 comm: gen_fast, count: 863900
CPU [0] UID 1002 comm: gen_fast, count: 864000
CPU [0] UID 1002 comm: gen_fast, count: 864100
CPU [0] UID 1002 comm: gen_fast, count: 864240
CPU [0] UID 1002 comm: gen_fast, count: 864300
CPU [0] UID 1002 comm: gen_fast, count: 864419
CPU [0] UID 1002 comm: gen_fast, count: 864543
CPU [0] UID 1002 comm: gen_fast, count: 864740
CPU [0] UID 1002 comm: gen_fast, count: 864740
CPU [0] UID 1002 comm: gen_fast, count: 864800
CPU [0] UID 1002 comm: gen_fast, count: 864932
CPU [0] UID 1002 comm: gen_fast, count: 865000
CPU [0] UID 1002 comm: gen_fast, count: 865100
CPU [0] UID 1002 comm: gen_fast, count: 865231
CPU [0] UID 1002 comm: gen_fast, count: 865387
CPU [0] UID 1002 comm: gen_fast, count: 865400
CPU [0] UID 1002 comm: gen_fast, count: 865558
CPU [0] UID 1002 comm: gen_fast, count: 865600
CPU [0] UID 1002 comm: gen_fast, count: 865768
CPU [0] UID 1002 comm: gen_fast, count: 865800
CPU [0] UID 1002 comm: gen_fast, count: 865948
CPU [0] UID 1002 comm: gen_fast, count: 866000
CPU [0] UID 1002 comm: gen_fast, count: 866122
CPU [0] UID 1002 comm: gen_fast, count: 866210
CPU [0] UID 1002 comm: gen_fast, count: 866355
CPU [0] UID 1002 comm: gen_fast, count: 866436
CPU [0] UID 1002 comm: gen_fast, count: 866587
CPU [0] UID 1002 comm: gen_fast, count: 866600
CPU [0] UID 1002 comm: gen_fast, count: 866759
CPU [0] UID 1002 comm: gen_fast, count: 866800
CPU [0] UID 1002 comm: gen_fast, count: 866900
CPU [0] UID 1002 comm: gen_fast, count: 867022
CPU [0] UID 1002 comm: gen_fast, count: 867189
CPU [0] UID 1002 comm: gen_fast, count: 867274
CPU [0] UID 1002 comm: gen_fast, count: 867314
CPU [0] UID 1002 comm: gen_fast, count: 867428
CPU [0] UID 1002 comm: gen_fast, count: 867562
CPU [0] UID 1002 comm: gen_fast, count: 867600
CPU [0] UID 1002 comm: gen_fast, count: 867703
CPU [0] UID 1002 comm: gen_fast, count: 867823
CPU [0] UID 1002 comm: gen_fast, count: 867984
CPU [0] UID 1002 comm: gen_fast, count: 868000
CPU [0] UID 1002 comm: gen_fast, count: 868119
CPU [0] UID 1002 comm: gen_fast, count: 868296
CPU [0] UID 1002 comm: gen_fast, count: 868300
CPU [0] UID 1002 comm: gen_fast, count: 868404
CPU [0] UID 1002 comm: gen_fast, count: 868504
CPU [0] UID 1002 comm: gen_fast, count: 868705
CPU [0] UID 1002 comm: gen_fast, count: 868705
CPU [0] UID 1002 comm: gen_fast, count: 868810
CPU [0] UID 1002 comm: gen_fast, count: 868904
CPU [0] UID 1002 comm: gen_fast, count: 869071
CPU [0] UID 1002 comm: gen_fast, count: 869100
CPU [0] UID 1002 comm: gen_fast, count: 869245
CPU [0] UID 1002 comm: gen_fast, count: 869300
CPU [0] UID 1002 comm: gen_fast, count: 869400
CPU [0] UID 1002 comm: gen_fast, count: 869528
CPU [0] UID 1002 comm: gen_fast, count: 869691
CPU [0] UID 1002 comm: gen_fast, count: 869700
CPU [0] UID 1002 comm: gen_fast, count: 869855
CPU [0] UID 1002 comm: gen_fast, count: 869900
CPU [0] UID 1002 comm: gen_fast, count: 870011
CPU [0] UID 1002 comm: gen_fast, count: 870100
CPU [0] UID 1002 comm: gen_fast, count: 870255
CPU [0] UID 1002 comm: gen_fast, count: 870401
CPU [0] UID 1002 comm: gen_fast, count: 870401
CPU [0] UID 1002 comm: gen_fast, count: 870519
CPU [0] UID 1002 comm: gen_fast, count: 870707
CPU [0] UID 1002 comm: gen_fast, count: 870707
CPU [0] UID 1002 comm: gen_fast, count: 870800
CPU [0] UID 1002 comm: gen_fast, count: 870916
CPU [0] UID 1002 comm: gen_fast, count: 871000
CPU [0] UID 1002 comm: gen_fast, count: 871101
CPU [0] UID 1002 comm: gen_fast, count: 871261
CPU [0] UID 1002 comm: gen_fast, count: 871311
CPU [0] UID 1002 comm: gen_fast, count: 871414
CPU [0] UID 1002 comm: gen_fast, count: 871565
CPU [0] UID 1002 comm: gen_fast, count: 871600
CPU [0] UID 1002 comm: gen_fast, count: 871739
CPU [0] UID 1002 comm: gen_fast, count: 871800
CPU [0] UID 1002 comm: gen_fast, count: 871955
CPU [0] UID 1002 comm: gen_fast, count: 872041
CPU [0] UID 1002 comm: gen_fast, count: 872124
CPU [0] UID 1002 comm: gen_fast, count: 872200
CPU [0] UID 1002 comm: gen_fast, count: 872314
CPU [0] UID 1002 comm: gen_fast, count: 872470
CPU [0] UID 1002 comm: gen_fast, count: 872500
CPU [0] UID 1002 comm: gen_fast, count: 872682
CPU [0] UID 1002 comm: gen_fast, count: 872766
CPU [0] UID 1002 comm: gen_fast, count: 872828
CPU [0] UID 1002 comm: gen_fast, count: 872921
CPU [0] UID 1002 comm: gen_fast, count: 873118
CPU [0] UID 1002 comm: gen_fast, count: 873118
CPU [0] UID 1002 comm: gen_fast, count: 873200
CPU [0] UID 1002 comm: gen_fast, count: 873329
CPU [0] UID 1002 comm: gen_fast, count: 873526
CPU [0] UID 1002 comm: gen_fast, count: 873526
CPU [0] UID 1002 comm: gen_fast, count: 873600
CPU [0] UID 1002 comm: gen_fast, count: 873739
CPU [0] UID 1002 comm: gen_fast, count: 873897
CPU [0] UID 1002 comm: gen_fast, count: 873900
CPU [0] UID 1002 comm: gen_fast, count: 874003
CPU [0] UID 1002 comm: gen_fast, count: 874108
CPU [0] UID 1002 comm: gen_fast, count: 874259
CPU [0] UID 1002 comm: gen_fast, count: 874303
CPU [0] UID 1002 comm: gen_fast, count: 874400
CPU [0] UID 1002 comm: gen_fast, count: 874546
CPU [0] UID 1002 comm: gen_fast, count: 874600
CPU [0] UID 1002 comm: gen_fast, count: 874700
CPU [0] UID 1002 comm: gen_fast, count: 874851
CPU [0] UID 1002 comm: gen_fast, count: 874900
CPU [0] UID 1002 comm: gen_fast, count: 875000
CPU [0] UID 1002 comm: gen_fast, count: 875117
CPU [0] UID 1002 comm: gen_fast, count: 875247
CPU [0] UID 1002 comm: gen_fast, count: 875392
CPU [0] UID 1002 comm: gen_fast, count: 875400
CPU [0] UID 1002 comm: gen_fast, count: 875534
CPU [0] UID 1002 comm: gen_fast, count: 875655
CPU [0] UID 1002 comm: gen_fast, count: 875803
CPU [0] UID 1002 comm: gen_fast, count: 875803
CPU [0] UID 1002 comm: gen_fast, count: 875932
CPU [0] UID 1002 comm: gen_fast, count: 876116
CPU [0] UID 1002 comm: gen_fast, count: 876116
CPU [0] UID 1002 comm: gen_fast, count: 876232
CPU [0] UID 1002 comm: gen_fast, count: 876369
CPU [0] UID 1002 comm: gen_fast, count: 876400
CPU [0] UID 1002 comm: gen_fast, count: 876534
CPU [0] UID 1002 comm: gen_fast, count: 876600
CPU [0] UID 1002 comm: gen_fast, count: 876700
CPU [0] UID 1002 comm: gen_fast, count: 876800
CPU [0] UID 1002 comm: gen_fast, count: 876946
CPU [0] UID 1002 comm: gen_fast, count: 877000
CPU [0] UID 1002 comm: gen_fast, count: 877104
CPU [0] UID 1002 comm: gen_fast, count: 877255
CPU [0] UID 1002 comm: gen_fast, count: 877300
CPU [0] UID 1002 comm: gen_fast, count: 877434
CPU [0] UID 1002 comm: gen_fast, count: 877500
CPU [0] UID 1002 comm: gen_fast, count: 877600
CPU [0] UID 1002 comm: gen_fast, count: 877764
CPU [0] UID 1002 comm: gen_fast, count: 877800
CPU [0] UID 1002 comm: gen_fast, count: 877945
CPU [0] UID 1002 comm: gen_fast, count: 878058
CPU [0] UID 1002 comm: gen_fast, count: 878100
CPU [0] UID 1002 comm: gen_fast, count: 878215
CPU [0] UID 1002 comm: gen_fast, count: 878352
CPU [0] UID 1002 comm: gen_fast, count: 878504
CPU [0] UID 1002 comm: gen_fast, count: 878504
CPU [0] UID 1002 comm: gen_fast, count: 878644
CPU [0] UID 1002 comm: gen_fast, count: 878729
CPU [0] UID 1002 comm: gen_fast, count: 878816
CPU [0] UID 1002 comm: gen_fast, count: 878900
CPU [0] UID 1002 comm: gen_fast, count: 879007
CPU [0] UID 1002 comm: gen_fast, count: 879108
CPU [0] UID 1002 comm: gen_fast, count: 879218
CPU [0] UID 1002 comm: gen_fast, count: 879377
CPU [0] UID 1002 comm: gen_fast, count: 879400
CPU [0] UID 1002 comm: gen_fast, count: 879500
CPU [0] UID 1002 comm: gen_fast, count: 879668
CPU [0] UID 1002 comm: gen_fast, count: 879714
CPU [0] UID 1002 comm: gen_fast, count: 879811
CPU [0] UID 1002 comm: gen_fast, count: 879954
CPU [0] UID 1002 comm: gen_fast, count: 880012
CPU [0] UID 1002 comm: gen_fast, count: 880116
CPU [0] UID 1002 comm: gen_fast, count: 880300
CPU [0] UID 1002 comm: gen_fast, count: 880300
CPU [0] UID 1002 comm: gen_fast, count: 880436
CPU [0] UID 1002 comm: gen_fast, count: 880623
CPU [0] UID 1002 comm: gen_fast, count: 880623
CPU [0] UID 1002 comm: gen_fast, count: 880700
CPU [0] UID 1002 comm: gen_fast, count: 880849
CPU [0] UID 1002 comm: gen_fast, count: 880917
CPU [0] UID 1002 comm: gen_fast, count: 881000
CPU [0] UID 1002 comm: gen_fast, count: 881100
CPU [0] UID 1002 comm: gen_fast, count: 881212
CPU [0] UID 1002 comm: gen_fast, count: 881346
CPU [0] UID 1002 comm: gen_fast, count: 881400
CPU [0] UID 1002 comm: gen_fast, count: 881500
CPU [0] UID 1002 comm: gen_fast, count: 881637
CPU [0] UID 1002 comm: gen_fast, count: 881764
CPU [0] UID 1002 comm: gen_fast, count: 881802
CPU [0] UID 1002 comm: gen_fast, count: 881915
CPU [0] UID 1002 comm: gen_fast, count: 882026
CPU [0] UID 1002 comm: gen_fast, count: 882101
CPU [0] UID 1002 comm: gen_fast, count: 882200
CPU [0] UID 1002 comm: gen_fast, count: 882338
CPU [0] UID 1002 comm: gen_fast, count: 882445
CPU [0] UID 1002 comm: gen_fast, count: 882500
CPU [0] UID 1002 comm: gen_fast, count: 882600
CPU [0] UID 1002 comm: gen_fast, count: 882745
CPU [0] UID 1002 comm: gen_fast, count: 882864
CPU [0] UID 1002 comm: gen_fast, count: 882900
CPU [0] UID 1002 comm: gen_fast, count: 883006
CPU [0] UID 1002 comm: gen_fast, count: 883168
CPU [0] UID 1002 comm: gen_fast, count: 883200
CPU [0] UID 1002 comm: gen_fast, count: 883330
CPU [0] UID 1002 comm: gen_fast, count: 883501
CPU [0] UID 1002 comm: gen_fast, count: 883501
CPU [0] UID 1002 comm: gen_fast, count: 883600
CPU [0] UID 1002 comm: gen_fast, count: 883700
CPU [0] UID 1002 comm: gen_fast, count: 883824
CPU [0] UID 1002 comm: gen_fast, count: 884026
CPU [0] UID 1002 comm: gen_fast, count: 884026
CPU [0] UID 1002 comm: gen_fast, count: 884207
CPU [0] UID 1002 comm: gen_fast, count: 884207
CPU [0] UID 1002 comm: gen_fast, count: 884300
CPU [0] UID 1002 comm: gen_fast, count: 884414
CPU [0] UID 1002 comm: gen_fast, count: 884574
CPU [0] UID 1002 comm: gen_fast, count: 884600
CPU [0] UID 1002 comm: gen_fast, count: 884750
CPU [0] UID 1002 comm: gen_fast, count: 884800
CPU [0] UID 1002 comm: gen_fast, count: 884914
CPU [0] UID 1002 comm: gen_fast, count: 885080
CPU [0] UID 1002 comm: gen_fast, count: 885100
CPU [0] UID 1002 comm: gen_fast, count: 885200
CPU [0] UID 1002 comm: gen_fast, count: 885315
CPU [0] UID 1002 comm: gen_fast, count: 885430
CPU [0] UID 1002 comm: gen_fast, count: 885523
CPU [0] UID 1002 comm: gen_fast, count: 885667
CPU [0] UID 1002 comm: gen_fast, count: 885700
CPU [0] UID 1002 comm: gen_fast, count: 885833
CPU [0] UID 1002 comm: gen_fast, count: 885900
CPU [0] UID 1002 comm: gen_fast, count: 886000
CPU [0] UID 1002 comm: gen_fast, count: 886100
CPU [0] UID 1002 comm: gen_fast, count: 886200
CPU [0] UID 1002 comm: gen_fast, count: 886363
CPU [0] UID 1002 comm: gen_fast, count: 886453
CPU [0] UID 1002 comm: gen_fast, count: 886505
CPU [0] UID 1002 comm: gen_fast, count: 886642
CPU [0] UID 1002 comm: gen_fast, count: 886700
CPU [0] UID 1002 comm: gen_fast, count: 886800
CPU [0] UID 1002 comm: gen_fast, count: 886932
CPU [0] UID 1002 comm: gen_fast, count: 887127
CPU [0] UID 1002 comm: gen_fast, count: 887127
CPU [0] UID 1002 comm: gen_fast, count: 887200
CPU [0] UID 1002 comm: gen_fast, count: 887300
CPU [0] UID 1002 comm: gen_fast, count: 887438
CPU [0] UID 1002 comm: gen_fast, count: 887615
CPU [0] UID 1002 comm: gen_fast, count: 887615
CPU [0] UID 1002 comm: gen_fast, count: 887706
CPU [0] UID 1002 comm: gen_fast, count: 887853
CPU [0] UID 1002 comm: gen_fast, count: 887900
CPU [0] UID 1002 comm: gen_fast, count: 888000
CPU [0] UID 1002 comm: gen_fast, count: 888142
CPU [0] UID 1002 comm: gen_fast, count: 888236
CPU [0] UID 1002 comm: gen_fast, count: 888374
CPU [0] UID 1002 comm: gen_fast, count: 888400
CPU [0] UID 1002 comm: gen_fast, count: 888500
CPU [0] UID 1002 comm: gen_fast, count: 888600
CPU [0] UID 1002 comm: gen_fast, count: 888718
CPU [0] UID 1002 comm: gen_fast, count: 888835
CPU [0] UID 1002 comm: gen_fast, count: 888986
CPU [0] UID 1002 comm: gen_fast, count: 889000
CPU [0] UID 1002 comm: gen_fast, count: 889100
CPU [0] UID 1002 comm: gen_fast, count: 889205
CPU [0] UID 1002 comm: gen_fast, count: 889329
CPU [0] UID 1002 comm: gen_fast, count: 889433
CPU [0] UID 1002 comm: gen_fast, count: 889514
CPU [0] UID 1002 comm: gen_fast, count: 889600
CPU [0] UID 1002 comm: gen_fast, count: 889700
CPU [0] UID 1002 comm: gen_fast, count: 889833
CPU [0] UID 1002 comm: gen_fast, count: 889947
CPU [0] UID 1002 comm: gen_fast, count: 890076
CPU [0] UID 1002 comm: gen_fast, count: 890100
CPU [0] UID 1002 comm: gen_fast, count: 890200
CPU [0] UID 1002 comm: gen_fast, count: 890304
CPU [0] UID 1002 comm: gen_fast, count: 890434
CPU [0] UID 1002 comm: gen_fast, count: 890548
CPU [0] UID 1002 comm: gen_fast, count: 890669
CPU [0] UID 1002 comm: gen_fast, count: 890700
CPU [0] UID 1002 comm: gen_fast, count: 890800
CPU [0] UID 1002 comm: gen_fast, count: 890916
CPU [0] UID 1002 comm: gen_fast, count: 891054
CPU [0] UID 1002 comm: gen_fast, count: 891131
CPU [0] UID 1002 comm: gen_fast, count: 891288
CPU [0] UID 1002 comm: gen_fast, count: 891300
CPU [0] UID 1002 comm: gen_fast, count: 891400
CPU [0] UID 1002 comm: gen_fast, count: 891505
CPU [0] UID 1002 comm: gen_fast, count: 891643
CPU [0] UID 1002 comm: gen_fast, count: 891747
CPU [0] UID 1002 comm: gen_fast, count: 891879
CPU [0] UID 1002 comm: gen_fast, count: 891900
CPU [0] UID 1002 comm: gen_fast, count: 892003
CPU [0] UID 1002 comm: gen_fast, count: 892100
CPU [0] UID 1002 comm: gen_fast, count: 892200
CPU [0] UID 1002 comm: gen_fast, count: 892301
CPU [0] UID 1002 comm: gen_fast, count: 892433
CPU [0] UID 1002 comm: gen_fast, count: 892528
CPU [0] UID 1002 comm: gen_fast, count: 892644
CPU [0] UID 1002 comm: gen_fast, count: 892777
CPU [0] UID 1002 comm: gen_fast, count: 892800
CPU [0] UID 1002 comm: gen_fast, count: 892900
CPU [0] UID 1002 comm: gen_fast, count: 893014
CPU [0] UID 1002 comm: gen_fast, count: 893135
CPU [0] UID 1002 comm: gen_fast, count: 893200
CPU [0] UID 1002 comm: gen_fast, count: 893300
CPU [0] UID 1002 comm: gen_fast, count: 893401
CPU [0] UID 1002 comm: gen_fast, count: 893554
CPU [0] UID 1002 comm: gen_fast, count: 893600
CPU [0] UID 1002 comm: gen_fast, count: 893708
CPU [0] UID 1002 comm: gen_fast, count: 893910
CPU [0] UID 1002 comm: gen_fast, count: 893910
CPU [0] UID 1002 comm: gen_fast, count: 894000
CPU [0] UID 1002 comm: gen_fast, count: 894100
CPU [0] UID 1002 comm: gen_fast, count: 894229
CPU [0] UID 1002 comm: gen_fast, count: 894300
CPU [0] UID 1002 comm: gen_fast, count: 894400
CPU [0] UID 1002 comm: gen_fast, count: 894561
CPU [0] UID 1002 comm: gen_fast, count: 894600
CPU [0] UID 1002 comm: gen_fast, count: 894706
CPU [0] UID 1002 comm: gen_fast, count: 894873
CPU [0] UID 1002 comm: gen_fast, count: 894900
CPU [0] UID 1002 comm: gen_fast, count: 895017
CPU [0] UID 1002 comm: gen_fast, count: 895176
CPU [0] UID 1002 comm: gen_fast, count: 895200
CPU [0] UID 1002 comm: gen_fast, count: 895356
CPU [0] UID 1002 comm: gen_fast, count: 895400
CPU [0] UID 1002 comm: gen_fast, count: 895540
CPU [0] UID 1002 comm: gen_fast, count: 895759
CPU [0] UID 1002 comm: gen_fast, count: 895759
CPU [0] UID 1002 comm: gen_fast, count: 895859
CPU [0] UID 1002 comm: gen_fast, count: 895900
CPU [0] UID 1002 comm: gen_fast, count: 896064
CPU [0] UID 1002 comm: gen_fast, count: 896100
CPU [0] UID 1002 comm: gen_fast, count: 896301
CPU [0] UID 1002 comm: gen_fast, count: 896301
CPU [0] UID 1002 comm: gen_fast, count: 896545
CPU [0] UID 1002 comm: gen_fast, count: 896545
CPU [0] UID 1002 comm: gen_fast, count: 896714
CPU [0] UID 1002 comm: gen_fast, count: 896714
CPU [0] UID 1002 comm: gen_fast, count: 896843
CPU [0] UID 1002 comm: gen_fast, count: 896973
CPU [0] UID 1002 comm: gen_fast, count: 897000
CPU [0] UID 1002 comm: gen_fast, count: 897100
CPU [0] UID 1002 comm: gen_fast, count: 897240
CPU [0] UID 1002 comm: gen_fast, count: 897434
CPU [0] UID 1002 comm: gen_fast, count: 897434
CPU [0] UID 1002 comm: gen_fast, count: 897500
CPU [0] UID 1002 comm: gen_fast, count: 897646
CPU [0] UID 1002 comm: gen_fast, count: 897700
CPU [0] UID 1002 comm: gen_fast, count: 897800
CPU [0] UID 1002 comm: gen_fast, count: 897900
CPU [0] UID 1002 comm: gen_fast, count: 898025
CPU [0] UID 1002 comm: gen_fast, count: 898136
CPU [0] UID 1002 comm: gen_fast, count: 898200
CPU [0] UID 1002 comm: gen_fast, count: 898304
CPU [0] UID 1002 comm: gen_fast, count: 898400
CPU [0] UID 1002 comm: gen_fast, count: 898533
CPU [0] UID 1002 comm: gen_fast, count: 898601
CPU [0] UID 1002 comm: gen_fast, count: 898734
CPU [0] UID 1002 comm: gen_fast, count: 898851
CPU [0] UID 1002 comm: gen_fast, count: 898982
CPU [0] UID 1002 comm: gen_fast, count: 899000
CPU [0] UID 1002 comm: gen_fast, count: 899100
CPU [0] UID 1002 comm: gen_fast, count: 899224
CPU [0] UID 1002 comm: gen_fast, count: 899348
CPU [0] UID 1002 comm: gen_fast, count: 899473
CPU [0] UID 1002 comm: gen_fast, count: 899522
CPU [0] UID 1002 comm: gen_fast, count: 899601
CPU [0] UID 1002 comm: gen_fast, count: 899710
CPU [0] UID 1002 comm: gen_fast, count: 899805
CPU [0] UID 1002 comm: gen_fast, count: 899932
CPU [0] UID 1002 comm: gen_fast, count: 900083
CPU [0] UID 1002 comm: gen_fast, count: 900100
CPU [0] UID 1002 comm: gen_fast, count: 900216
CPU [0] UID 1002 comm: gen_fast, count: 900316
CPU [0] UID 1002 comm: gen_fast, count: 900400
CPU [0] UID 1002 comm: gen_fast, count: 900519
CPU [0] UID 1002 comm: gen_fast, count: 900647
CPU [0] UID 1002 comm: gen_fast, count: 900775
CPU [0] UID 1002 comm: gen_fast, count: 900800
CPU [0] UID 1002 comm: gen_fast, count: 900900
CPU [0] UID 1002 comm: gen_fast, count: 901018
CPU [0] UID 1002 comm: gen_fast, count: 901100
CPU [0] UID 1002 comm: gen_fast, count: 901292
CPU [0] UID 1002 comm: gen_fast, count: 901300
CPU [0] UID 1002 comm: gen_fast, count: 901432
CPU [0] UID 1002 comm: gen_fast, count: 901629
CPU [0] UID 1002 comm: gen_fast, count: 901629
CPU [0] UID 1002 comm: gen_fast, count: 901700
CPU [0] UID 1002 comm: gen_fast, count: 901815
CPU [0] UID 1002 comm: gen_fast, count: 901902
CPU [0] UID 1002 comm: gen_fast, count: 902037
CPU [0] UID 1002 comm: gen_fast, count: 902166
CPU [0] UID 1002 comm: gen_fast, count: 902200
CPU [0] UID 1002 comm: gen_fast, count: 902300
CPU [0] UID 1002 comm: gen_fast, count: 902400
CPU [0] UID 1002 comm: gen_fast, count: 902500
CPU [0] UID 1002 comm: gen_fast, count: 902707
CPU [0] UID 1002 comm: gen_fast, count: 902707
CPU [0] UID 1002 comm: gen_fast, count: 902800
CPU [0] UID 1002 comm: gen_fast, count: 902911
CPU [0] UID 1002 comm: gen_fast, count: 903032
CPU [0] UID 1002 comm: gen_fast, count: 903144
CPU [0] UID 1002 comm: gen_fast, count: 903266
CPU [0] UID 1002 comm: gen_fast, count: 903332
CPU [0] UID 1002 comm: gen_fast, count: 903450
CPU [0] UID 1002 comm: gen_fast, count: 903571
CPU [0] UID 1002 comm: gen_fast, count: 903600
CPU [0] UID 1002 comm: gen_fast, count: 903715
CPU [0] UID 1002 comm: gen_fast, count: 903849
CPU [0] UID 1002 comm: gen_fast, count: 903909
CPU [0] UID 1002 comm: gen_fast, count: 904032
CPU [0] UID 1002 comm: gen_fast, count: 904175
CPU [0] UID 1002 comm: gen_fast, count: 904250
CPU [0] UID 1002 comm: gen_fast, count: 904464
CPU [0] UID 1002 comm: gen_fast, count: 904464
CPU [0] UID 1002 comm: gen_fast, count: 904500
CPU [0] UID 1002 comm: gen_fast, count: 904613
CPU [0] UID 1002 comm: gen_fast, count: 904816
CPU [0] UID 1002 comm: gen_fast, count: 904816
CPU [0] UID 1002 comm: gen_fast, count: 904900
CPU [0] UID 1002 comm: gen_fast, count: 905051
CPU [0] UID 1002 comm: gen_fast, count: 905100
CPU [0] UID 1002 comm: gen_fast, count: 905200
CPU [0] UID 1002 comm: gen_fast, count: 905300
CPU [0] UID 1002 comm: gen_fast, count: 905400
CPU [0] UID 1002 comm: gen_fast, count: 905500
CPU [0] UID 1002 comm: gen_fast, count: 905655
CPU [0] UID 1002 comm: gen_fast, count: 905700
CPU [0] UID 1002 comm: gen_fast, count: 905800
CPU [0] UID 1002 comm: gen_fast, count: 905931
CPU [0] UID 1002 comm: gen_fast, count: 906139
CPU [0] UID 1002 comm: gen_fast, count: 906139
CPU [0] UID 1002 comm: gen_fast, count: 906200
CPU [0] UID 1002 comm: gen_fast, count: 906301
CPU [0] UID 1002 comm: gen_fast, count: 906463
CPU [0] UID 1002 comm: gen_fast, count: 906500
CPU [0] UID 1002 comm: gen_fast, count: 906605
CPU [0] UID 1002 comm: gen_fast, count: 906764
CPU [0] UID 1002 comm: gen_fast, count: 906955
CPU [0] UID 1002 comm: gen_fast, count: 906955
CPU [0] UID 1002 comm: gen_fast, count: 907000
CPU [0] UID 1002 comm: gen_fast, count: 907164
CPU [0] UID 1002 comm: gen_fast, count: 907200
CPU [0] UID 1002 comm: gen_fast, count: 907330
CPU [0] UID 1002 comm: gen_fast, count: 907517
CPU [0] UID 1002 comm: gen_fast, count: 907517
CPU [0] UID 1002 comm: gen_fast, count: 907650
CPU [0] UID 1002 comm: gen_fast, count: 907864
CPU [0] UID 1002 comm: gen_fast, count: 907864
CPU [0] UID 1002 comm: gen_fast, count: 907900
CPU [0] UID 1002 comm: gen_fast, count: 908050
CPU [0] UID 1002 comm: gen_fast, count: 908100
CPU [0] UID 1002 comm: gen_fast, count: 908200
CPU [0] UID 1002 comm: gen_fast, count: 908382
CPU [0] UID 1002 comm: gen_fast, count: 908400
CPU [0] UID 1002 comm: gen_fast, count: 908635
CPU [0] UID 1002 comm: gen_fast, count: 908635
CPU [0] UID 1002 comm: gen_fast, count: 908801
CPU [0] UID 1002 comm: gen_fast, count: 908801
CPU [0] UID 1002 comm: gen_fast, count: 908934
CPU [0] UID 1002 comm: gen_fast, count: 909000
CPU [0] UID 1002 comm: gen_fast, count: 909100
CPU [0] UID 1002 comm: gen_fast, count: 909288
CPU [0] UID 1002 comm: gen_fast, count: 909300
CPU [0] UID 1002 comm: gen_fast, count: 909400
CPU [0] UID 1002 comm: gen_fast, count: 909521
CPU [0] UID 1002 comm: gen_fast, count: 909600
CPU [0] UID 1002 comm: gen_fast, count: 909700
CPU [0] UID 1002 comm: gen_fast, count: 909842
CPU [0] UID 1002 comm: gen_fast, count: 910023
CPU [0] UID 1002 comm: gen_fast, count: 910023
CPU [0] UID 1002 comm: gen_fast, count: 910100
CPU [0] UID 1002 comm: gen_fast, count: 910200
CPU [0] UID 1002 comm: gen_fast, count: 910393
CPU [0] UID 1002 comm: gen_fast, count: 910400
CPU [0] UID 1002 comm: gen_fast, count: 910513
CPU [0] UID 1002 comm: gen_fast, count: 910600
CPU [0] UID 1002 comm: gen_fast, count: 910786
CPU [0] UID 1002 comm: gen_fast, count: 910800
CPU [0] UID 1002 comm: gen_fast, count: 910979
CPU [0] UID 1002 comm: gen_fast, count: 911000
CPU [0] UID 1002 comm: gen_fast, count: 911100
CPU [0] UID 1002 comm: gen_fast, count: 911200
CPU [0] UID 1002 comm: gen_fast, count: 911364
CPU [0] UID 1002 comm: gen_fast, count: 911400
CPU [0] UID 1002 comm: gen_fast, count: 911521
CPU [0] UID 1002 comm: gen_fast, count: 911728
CPU [0] UID 1002 comm: gen_fast, count: 911728
CPU [0] UID 1002 comm: gen_fast, count: 911800
CPU [0] UID 1002 comm: gen_fast, count: 911965
CPU [0] UID 1002 comm: gen_fast, count: 912000
CPU [0] UID 1002 comm: gen_fast, count: 912100
CPU [0] UID 1002 comm: gen_fast, count: 912274
CPU [0] UID 1002 comm: gen_fast, count: 912300
CPU [0] UID 1002 comm: gen_fast, count: 912400
CPU [0] UID 1002 comm: gen_fast, count: 912500
CPU [0] UID 1002 comm: gen_fast, count: 912627
CPU [0] UID 1002 comm: gen_fast, count: 912700
CPU [0] UID 1002 comm: gen_fast, count: 912823
CPU [0] UID 1002 comm: gen_fast, count: 912948
CPU [0] UID 1002 comm: gen_fast, count: 913000
CPU [0] UID 1002 comm: gen_fast, count: 913100
CPU [0] UID 1002 comm: gen_fast, count: 913252
CPU [0] UID 1002 comm: gen_fast, count: 913300
CPU [0] UID 1002 comm: gen_fast, count: 913400
CPU [0] UID 1002 comm: gen_fast, count: 913553
CPU [0] UID 1002 comm: gen_fast, count: 913600
CPU [0] UID 1002 comm: gen_fast, count: 913700
CPU [0] UID 1002 comm: gen_fast, count: 913800
CPU [0] UID 1002 comm: gen_fast, count: 913926
CPU [0] UID 1002 comm: gen_fast, count: 914046
CPU [0] UID 1002 comm: gen_fast, count: 914175
CPU [0] UID 1002 comm: gen_fast, count: 914200
CPU [0] UID 1002 comm: gen_fast, count: 914331
CPU [0] UID 1002 comm: gen_fast, count: 914463
CPU [0] UID 1002 comm: gen_fast, count: 914500
CPU [0] UID 1002 comm: gen_fast, count: 914600
CPU [0] UID 1002 comm: gen_fast, count: 914762
CPU [0] UID 1002 comm: gen_fast, count: 914902
CPU [0] UID 1002 comm: gen_fast, count: 914902
CPU [0] UID 1002 comm: gen_fast, count: 915000
CPU [0] UID 1002 comm: gen_fast, count: 915113
CPU [0] UID 1002 comm: gen_fast, count: 915200
CPU [0] UID 1002 comm: gen_fast, count: 915300
CPU [0] UID 1002 comm: gen_fast, count: 915458
CPU [0] UID 1002 comm: gen_fast, count: 915500
CPU [0] UID 1002 comm: gen_fast, count: 915600
CPU [0] UID 1002 comm: gen_fast, count: 915758
CPU [0] UID 1002 comm: gen_fast, count: 915800
CPU [0] UID 1002 comm: gen_fast, count: 916008
CPU [0] UID 1002 comm: gen_fast, count: 916008
CPU [0] UID 1002 comm: gen_fast, count: 916114
CPU [0] UID 1002 comm: gen_fast, count: 916252
CPU [0] UID 1002 comm: gen_fast, count: 916386
CPU [0] UID 1002 comm: gen_fast, count: 916400
CPU [0] UID 1002 comm: gen_fast, count: 916510
CPU [0] UID 1002 comm: gen_fast, count: 916663
CPU [0] UID 1002 comm: gen_fast, count: 916818
CPU [0] UID 1002 comm: gen_fast, count: 916818
CPU [0] UID 1002 comm: gen_fast, count: 916900
CPU [0] UID 1002 comm: gen_fast, count: 917000
CPU [0] UID 1002 comm: gen_fast, count: 917121
CPU [0] UID 1002 comm: gen_fast, count: 917271
CPU [0] UID 1002 comm: gen_fast, count: 917331
CPU [0] UID 1002 comm: gen_fast, count: 917400
CPU [0] UID 1002 comm: gen_fast, count: 917517
CPU [0] UID 1002 comm: gen_fast, count: 917600
CPU [0] UID 1002 comm: gen_fast, count: 917714
CPU [0] UID 1002 comm: gen_fast, count: 917864
CPU [0] UID 1002 comm: gen_fast, count: 917900
CPU [0] UID 1002 comm: gen_fast, count: 918098
CPU [0] UID 1002 comm: gen_fast, count: 918100
CPU [0] UID 1002 comm: gen_fast, count: 918240
CPU [0] UID 1002 comm: gen_fast, count: 918326
CPU [0] UID 1002 comm: gen_fast, count: 918400
CPU [0] UID 1002 comm: gen_fast, count: 918520
CPU [0] UID 1002 comm: gen_fast, count: 918668
CPU [0] UID 1002 comm: gen_fast, count: 918700
CPU [0] UID 1002 comm: gen_fast, count: 918826
CPU [0] UID 1002 comm: gen_fast, count: 918982
CPU [0] UID 1002 comm: gen_fast, count: 919000
CPU [0] UID 1002 comm: gen_fast, count: 919102
CPU [0] UID 1002 comm: gen_fast, count: 919255
CPU [0] UID 1002 comm: gen_fast, count: 919300
CPU [0] UID 1002 comm: gen_fast, count: 919403
CPU [0] UID 1002 comm: gen_fast, count: 919541
CPU [0] UID 1002 comm: gen_fast, count: 919691
CPU [0] UID 1002 comm: gen_fast, count: 919700
CPU [0] UID 1002 comm: gen_fast, count: 919834
CPU [0] UID 1002 comm: gen_fast, count: 919937
CPU [0] UID 1002 comm: gen_fast, count: 920000
CPU [0] UID 1002 comm: gen_fast, count: 920123
CPU [0] UID 1002 comm: gen_fast, count: 920200
CPU [0] UID 1002 comm: gen_fast, count: 920365
CPU [0] UID 1002 comm: gen_fast, count: 920442
CPU [0] UID 1002 comm: gen_fast, count: 920566
CPU [0] UID 1002 comm: gen_fast, count: 920600
CPU [0] UID 1002 comm: gen_fast, count: 920704
CPU [0] UID 1002 comm: gen_fast, count: 920800
CPU [0] UID 1002 comm: gen_fast, count: 920905
CPU [0] UID 1002 comm: gen_fast, count: 921000
CPU [0] UID 1002 comm: gen_fast, count: 921104
CPU [0] UID 1002 comm: gen_fast, count: 921238
CPU [0] UID 1002 comm: gen_fast, count: 921382
CPU [0] UID 1002 comm: gen_fast, count: 921400
CPU [0] UID 1002 comm: gen_fast, count: 921526
CPU [0] UID 1002 comm: gen_fast, count: 921600
CPU [0] UID 1002 comm: gen_fast, count: 921706
CPU [0] UID 1002 comm: gen_fast, count: 921834
CPU [0] UID 1002 comm: gen_fast, count: 921925
CPU [0] UID 1002 comm: gen_fast, count: 922044
CPU [0] UID 1002 comm: gen_fast, count: 922180
CPU [0] UID 1002 comm: gen_fast, count: 922200
CPU [0] UID 1002 comm: gen_fast, count: 922300
CPU [0] UID 1002 comm: gen_fast, count: 922400
CPU [0] UID 1002 comm: gen_fast, count: 922514
CPU [0] UID 1002 comm: gen_fast, count: 922626
CPU [0] UID 1002 comm: gen_fast, count: 922748
CPU [0] UID 1002 comm: gen_fast, count: 922890
CPU [0] UID 1002 comm: gen_fast, count: 922951
CPU [0] UID 1002 comm: gen_fast, count: 923073
CPU [0] UID 1002 comm: gen_fast, count: 923100
CPU [0] UID 1002 comm: gen_fast, count: 923200
CPU [0] UID 1002 comm: gen_fast, count: 923300
CPU [0] UID 1002 comm: gen_fast, count: 923401
CPU [0] UID 1002 comm: gen_fast, count: 923532
CPU [0] UID 1002 comm: gen_fast, count: 923600
CPU [0] UID 1002 comm: gen_fast, count: 923787
CPU [0] UID 1002 comm: gen_fast, count: 923800
CPU [0] UID 1002 comm: gen_fast, count: 923900
CPU [0] UID 1002 comm: gen_fast, count: 924042
CPU [0] UID 1002 comm: gen_fast, count: 924100
CPU [0] UID 1002 comm: gen_fast, count: 924215
CPU [0] UID 1002 comm: gen_fast, count: 924300
CPU [0] UID 1002 comm: gen_fast, count: 924425
CPU [0] UID 1002 comm: gen_fast, count: 924521
CPU [0] UID 1002 comm: gen_fast, count: 924600
CPU [0] UID 1002 comm: gen_fast, count: 924749
CPU [0] UID 1002 comm: gen_fast, count: 924857
CPU [0] UID 1002 comm: gen_fast, count: 925001
CPU [0] UID 1002 comm: gen_fast, count: 925001
CPU [0] UID 1002 comm: gen_fast, count: 925162
CPU [0] UID 1002 comm: gen_fast, count: 925200
CPU [0] UID 1002 comm: gen_fast, count: 925300
CPU [0] UID 1002 comm: gen_fast, count: 925430
CPU [0] UID 1002 comm: gen_fast, count: 925500
CPU [0] UID 1002 comm: gen_fast, count: 925626
CPU [0] UID 1002 comm: gen_fast, count: 925776
CPU [0] UID 1002 comm: gen_fast, count: 925800
CPU [0] UID 1002 comm: gen_fast, count: 925920
CPU [0] UID 1002 comm: gen_fast, count: 926011
CPU [0] UID 1002 comm: gen_fast, count: 926100
CPU [0] UID 1002 comm: gen_fast, count: 926212
CPU [0] UID 1002 comm: gen_fast, count: 926305
CPU [0] UID 1002 comm: gen_fast, count: 926425
CPU [0] UID 1002 comm: gen_fast, count: 926500
CPU [0] UID 1002 comm: gen_fast, count: 926627
CPU [0] UID 1002 comm: gen_fast, count: 926764
CPU [0] UID 1002 comm: gen_fast, count: 926909
CPU [0] UID 1002 comm: gen_fast, count: 926909
CPU [0] UID 1002 comm: gen_fast, count: 927000
CPU [0] UID 1002 comm: gen_fast, count: 927102
CPU [0] UID 1002 comm: gen_fast, count: 927200
CPU [0] UID 1002 comm: gen_fast, count: 927307
CPU [0] UID 1002 comm: gen_fast, count: 927400
CPU [0] UID 1002 comm: gen_fast, count: 927517
CPU [0] UID 1002 comm: gen_fast, count: 927641
CPU [0] UID 1002 comm: gen_fast, count: 927765
CPU [0] UID 1002 comm: gen_fast, count: 927800
CPU [0] UID 1002 comm: gen_fast, count: 927900
CPU [0] UID 1002 comm: gen_fast, count: 928003
CPU [0] UID 1002 comm: gen_fast, count: 928129
CPU [0] UID 1002 comm: gen_fast, count: 928256
CPU [0] UID 1002 comm: gen_fast, count: 928317
CPU [0] UID 1002 comm: gen_fast, count: 928400
CPU [0] UID 1002 comm: gen_fast, count: 928520
CPU [0] UID 1002 comm: gen_fast, count: 928630
CPU [0] UID 1002 comm: gen_fast, count: 928774
CPU [0] UID 1002 comm: gen_fast, count: 928806
CPU [0] UID 1002 comm: gen_fast, count: 928904
CPU [0] UID 1002 comm: gen_fast, count: 929027
CPU [0] UID 1002 comm: gen_fast, count: 929156
CPU [0] UID 1002 comm: gen_fast, count: 929200
CPU [0] UID 1002 comm: gen_fast, count: 929300
CPU [0] UID 1002 comm: gen_fast, count: 929410
CPU [0] UID 1002 comm: gen_fast, count: 929591
CPU [0] UID 1002 comm: gen_fast, count: 929600
CPU [0] UID 1002 comm: gen_fast, count: 929780
CPU [0] UID 1002 comm: gen_fast, count: 929800
CPU [0] UID 1002 comm: gen_fast, count: 929936
CPU [0] UID 1002 comm: gen_fast, count: 930002
CPU [0] UID 1002 comm: gen_fast, count: 930134
CPU [0] UID 1002 comm: gen_fast, count: 930269
CPU [0] UID 1002 comm: gen_fast, count: 930300
CPU [0] UID 1002 comm: gen_fast, count: 930408
CPU [0] UID 1002 comm: gen_fast, count: 930594
CPU [0] UID 1002 comm: gen_fast, count: 930600
CPU [0] UID 1002 comm: gen_fast, count: 930741
CPU [0] UID 1002 comm: gen_fast, count: 930927
CPU [0] UID 1002 comm: gen_fast, count: 930927
CPU [0] UID 1002 comm: gen_fast, count: 931000
CPU [0] UID 1002 comm: gen_fast, count: 931129
CPU [0] UID 1002 comm: gen_fast, count: 931272
CPU [0] UID 1002 comm: gen_fast, count: 931300
CPU [0] UID 1002 comm: gen_fast, count: 931427
CPU [0] UID 1002 comm: gen_fast, count: 931570
CPU [0] UID 1002 comm: gen_fast, count: 931600
CPU [0] UID 1002 comm: gen_fast, count: 931726
CPU [0] UID 1002 comm: gen_fast, count: 931864
CPU [0] UID 1002 comm: gen_fast, count: 931900
CPU [0] UID 1002 comm: gen_fast, count: 932012
CPU [0] UID 1002 comm: gen_fast, count: 932100
CPU [0] UID 1002 comm: gen_fast, count: 932200
CPU [0] UID 1002 comm: gen_fast, count: 932318
CPU [0] UID 1002 comm: gen_fast, count: 932438
CPU [0] UID 1002 comm: gen_fast, count: 932604
CPU [0] UID 1002 comm: gen_fast, count: 932604
CPU [0] UID 1002 comm: gen_fast, count: 932743
CPU [0] UID 1002 comm: gen_fast, count: 932800
CPU [0] UID 1002 comm: gen_fast, count: 932900
CPU [0] UID 1002 comm: gen_fast, count: 933093
CPU [0] UID 1002 comm: gen_fast, count: 933100
CPU [0] UID 1002 comm: gen_fast, count: 933302
CPU [0] UID 1002 comm: gen_fast, count: 933302
CPU [0] UID 1002 comm: gen_fast, count: 933400
CPU [0] UID 1002 comm: gen_fast, count: 933528
CPU [0] UID 1002 comm: gen_fast, count: 933705
CPU [0] UID 1002 comm: gen_fast, count: 933705
CPU [0] UID 1002 comm: gen_fast, count: 933880
CPU [0] UID 1002 comm: gen_fast, count: 934002
CPU [0] UID 1002 comm: gen_fast, count: 934002
CPU [0] UID 1002 comm: gen_fast, count: 934140
CPU [0] UID 1002 comm: gen_fast, count: 934220
CPU [0] UID 1002 comm: gen_fast, count: 934300
CPU [0] UID 1002 comm: gen_fast, count: 934400
CPU [0] UID 1002 comm: gen_fast, count: 934500
CPU [0] UID 1002 comm: gen_fast, count: 934659
CPU [0] UID 1002 comm: gen_fast, count: 934700
CPU [0] UID 1002 comm: gen_fast, count: 934800
CPU [0] UID 1002 comm: gen_fast, count: 934966
CPU [0] UID 1002 comm: gen_fast, count: 935000
CPU [0] UID 1002 comm: gen_fast, count: 935127
CPU [0] UID 1002 comm: gen_fast, count: 935200
CPU [0] UID 1002 comm: gen_fast, count: 935300
CPU [0] UID 1002 comm: gen_fast, count: 935407
CPU [0] UID 1002 comm: gen_fast, count: 935554
CPU [0] UID 1002 comm: gen_fast, count: 935600
CPU [0] UID 1002 comm: gen_fast, count: 935710
CPU [0] UID 1002 comm: gen_fast, count: 935833
CPU [0] UID 1002 comm: gen_fast, count: 935962
CPU [0] UID 1002 comm: gen_fast, count: 936091
CPU [0] UID 1002 comm: gen_fast, count: 936100
CPU [0] UID 1002 comm: gen_fast, count: 936230
CPU [0] UID 1002 comm: gen_fast, count: 936350
CPU [0] UID 1002 comm: gen_fast, count: 936491
CPU [0] UID 1002 comm: gen_fast, count: 936563
CPU [0] UID 1002 comm: gen_fast, count: 936600
CPU [0] UID 1002 comm: gen_fast, count: 936731
CPU [0] UID 1002 comm: gen_fast, count: 936836
CPU [0] UID 1002 comm: gen_fast, count: 936971
CPU [0] UID 1002 comm: gen_fast, count: 937000
CPU [0] UID 1002 comm: gen_fast, count: 937100
CPU [0] UID 1002 comm: gen_fast, count: 937218
CPU [0] UID 1002 comm: gen_fast, count: 937335
CPU [0] UID 1002 comm: gen_fast, count: 937460
CPU [0] UID 1002 comm: gen_fast, count: 937606
CPU [0] UID 1002 comm: gen_fast, count: 937606
CPU [0] UID 1002 comm: gen_fast, count: 937753
CPU [0] UID 1002 comm: gen_fast, count: 937892
CPU [0] UID 1002 comm: gen_fast, count: 937900
CPU [0] UID 1002 comm: gen_fast, count: 938000
CPU [0] UID 1002 comm: gen_fast, count: 938109
CPU [0] UID 1002 comm: gen_fast, count: 938224
CPU [0] UID 1002 comm: gen_fast, count: 938300
CPU [0] UID 1002 comm: gen_fast, count: 938406
CPU [0] UID 1002 comm: gen_fast, count: 938556
CPU [0] UID 1002 comm: gen_fast, count: 938699
CPU [0] UID 1002 comm: gen_fast, count: 938700
CPU [0] UID 1002 comm: gen_fast, count: 938800
CPU [0] UID 1002 comm: gen_fast, count: 938900
CPU [0] UID 1002 comm: gen_fast, count: 939000
CPU [0] UID 1002 comm: gen_fast, count: 939119
CPU [0] UID 1002 comm: gen_fast, count: 939222
CPU [0] UID 1002 comm: gen_fast, count: 939359
CPU [0] UID 1002 comm: gen_fast, count: 939400
CPU [0] UID 1002 comm: gen_fast, count: 939500
CPU [0] UID 1002 comm: gen_fast, count: 939615
CPU [0] UID 1002 comm: gen_fast, count: 939729
CPU [0] UID 1002 comm: gen_fast, count: 939857
CPU [0] UID 1002 comm: gen_fast, count: 939968
CPU [0] UID 1002 comm: gen_fast, count: 940000
CPU [0] UID 1002 comm: gen_fast, count: 940100
CPU [0] UID 1002 comm: gen_fast, count: 940222
CPU [0] UID 1002 comm: gen_fast, count: 940330
CPU [0] UID 1002 comm: gen_fast, count: 940460
CPU [0] UID 1002 comm: gen_fast, count: 940585
CPU [0] UID 1002 comm: gen_fast, count: 940600
CPU [0] UID 1002 comm: gen_fast, count: 940708
CPU [0] UID 1002 comm: gen_fast, count: 940854
CPU [0] UID 1002 comm: gen_fast, count: 940900
CPU [0] UID 1002 comm: gen_fast, count: 941003
CPU [0] UID 1002 comm: gen_fast, count: 941103
CPU [0] UID 1002 comm: gen_fast, count: 941200
CPU [0] UID 1002 comm: gen_fast, count: 941317
CPU [0] UID 1002 comm: gen_fast, count: 941417
CPU [0] UID 1002 comm: gen_fast, count: 941504
CPU [0] UID 1002 comm: gen_fast, count: 941689
CPU [0] UID 1002 comm: gen_fast, count: 941700
CPU [0] UID 1002 comm: gen_fast, count: 941822
CPU [0] UID 1002 comm: gen_fast, count: 941908
CPU [0] UID 1002 comm: gen_fast, count: 942028
CPU [0] UID 1002 comm: gen_fast, count: 942100
CPU [0] UID 1002 comm: gen_fast, count: 942203
CPU [0] UID 1002 comm: gen_fast, count: 942300
CPU [0] UID 1002 comm: gen_fast, count: 942417
CPU [0] UID 1002 comm: gen_fast, count: 942517
CPU [0] UID 1002 comm: gen_fast, count: 942642
CPU [0] UID 1002 comm: gen_fast, count: 942763
CPU [0] UID 1002 comm: gen_fast, count: 942800
CPU [0] UID 1002 comm: gen_fast, count: 942944
CPU [0] UID 1002 comm: gen_fast, count: 943000
CPU [0] UID 1002 comm: gen_fast, count: 943100
CPU [0] UID 1002 comm: gen_fast, count: 943200
CPU [0] UID 1002 comm: gen_fast, count: 943350
CPU [0] UID 1002 comm: gen_fast, count: 943427
CPU [0] UID 1002 comm: gen_fast, count: 943544
CPU [0] UID 1002 comm: gen_fast, count: 943687
CPU [0] UID 1002 comm: gen_fast, count: 943700
CPU [0] UID 1002 comm: gen_fast, count: 943800
CPU [0] UID 1002 comm: gen_fast, count: 943914
CPU [0] UID 1002 comm: gen_fast, count: 944051
CPU [0] UID 1002 comm: gen_fast, count: 944100
CPU [0] UID 1002 comm: gen_fast, count: 944202
CPU [0] UID 1002 comm: gen_fast, count: 944306
CPU [0] UID 1002 comm: gen_fast, count: 944433
CPU [0] UID 1002 comm: gen_fast, count: 944591
CPU [0] UID 1002 comm: gen_fast, count: 944600
CPU [0] UID 1002 comm: gen_fast, count: 944720
CPU [0] UID 1002 comm: gen_fast, count: 944822
CPU [0] UID 1002 comm: gen_fast, count: 944965
CPU [0] UID 1002 comm: gen_fast, count: 945088
CPU [0] UID 1002 comm: gen_fast, count: 945100
CPU [0] UID 1002 comm: gen_fast, count: 945208
CPU [0] UID 1002 comm: gen_fast, count: 945348
CPU [0] UID 1002 comm: gen_fast, count: 945456
CPU [0] UID 1002 comm: gen_fast, count: 945593
CPU [0] UID 1002 comm: gen_fast, count: 945600
CPU [0] UID 1002 comm: gen_fast, count: 945700
CPU [0] UID 1002 comm: gen_fast, count: 945813
CPU [0] UID 1002 comm: gen_fast, count: 945952
CPU [0] UID 1002 comm: gen_fast, count: 946045
CPU [0] UID 1002 comm: gen_fast, count: 946100
CPU [0] UID 1002 comm: gen_fast, count: 946200
CPU [0] UID 1002 comm: gen_fast, count: 946300
CPU [0] UID 1002 comm: gen_fast, count: 946415
CPU [0] UID 1002 comm: gen_fast, count: 946547
CPU [0] UID 1002 comm: gen_fast, count: 946652
CPU [0] UID 1002 comm: gen_fast, count: 946739
CPU [0] UID 1002 comm: gen_fast, count: 946882
CPU [0] UID 1002 comm: gen_fast, count: 946900
CPU [0] UID 1002 comm: gen_fast, count: 947016
CPU [0] UID 1002 comm: gen_fast, count: 947104
CPU [0] UID 1002 comm: gen_fast, count: 947234
CPU [0] UID 1002 comm: gen_fast, count: 947370
CPU [0] UID 1002 comm: gen_fast, count: 947465
CPU [0] UID 1002 comm: gen_fast, count: 947535
CPU [0] UID 1002 comm: gen_fast, count: 947670
CPU [0] UID 1002 comm: gen_fast, count: 947700
CPU [0] UID 1002 comm: gen_fast, count: 947800
CPU [0] UID 1002 comm: gen_fast, count: 947958
CPU [0] UID 1002 comm: gen_fast, count: 948000
CPU [0] UID 1002 comm: gen_fast, count: 948103
CPU [0] UID 1002 comm: gen_fast, count: 948304
CPU [0] UID 1002 comm: gen_fast, count: 948304
CPU [0] UID 1002 comm: gen_fast, count: 948423
CPU [0] UID 1002 comm: gen_fast, count: 948500
CPU [0] UID 1002 comm: gen_fast, count: 948604
CPU [0] UID 1002 comm: gen_fast, count: 948818
CPU [0] UID 1002 comm: gen_fast, count: 948818
CPU [0] UID 1002 comm: gen_fast, count: 949027
CPU [0] UID 1002 comm: gen_fast, count: 949027
CPU [0] UID 1002 comm: gen_fast, count: 949150
CPU [0] UID 1002 comm: gen_fast, count: 949200
CPU [0] UID 1002 comm: gen_fast, count: 949307
CPU [0] UID 1002 comm: gen_fast, count: 949442
CPU [0] UID 1002 comm: gen_fast, count: 949564
CPU [0] UID 1002 comm: gen_fast, count: 949600
CPU [0] UID 1002 comm: gen_fast, count: 949726
CPU [0] UID 1002 comm: gen_fast, count: 949841
CPU [0] UID 1002 comm: gen_fast, count: 949986
CPU [0] UID 1002 comm: gen_fast, count: 950000
CPU [0] UID 1002 comm: gen_fast, count: 950159
CPU [0] UID 1002 comm: gen_fast, count: 950200
CPU [0] UID 1002 comm: gen_fast, count: 950304
CPU [0] UID 1002 comm: gen_fast, count: 950400
CPU [0] UID 1002 comm: gen_fast, count: 950500
CPU [0] UID 1002 comm: gen_fast, count: 950672
CPU [0] UID 1002 comm: gen_fast, count: 950700
CPU [0] UID 1002 comm: gen_fast, count: 950824
CPU [0] UID 1002 comm: gen_fast, count: 950900
CPU [0] UID 1002 comm: gen_fast, count: 951020
CPU [0] UID 1002 comm: gen_fast, count: 951167
CPU [0] UID 1002 comm: gen_fast, count: 951200
CPU [0] UID 1002 comm: gen_fast, count: 951304
CPU [0] UID 1002 comm: gen_fast, count: 951427
CPU [0] UID 1002 comm: gen_fast, count: 951592
CPU [0] UID 1002 comm: gen_fast, count: 951600
CPU [0] UID 1002 comm: gen_fast, count: 951782
CPU [0] UID 1002 comm: gen_fast, count: 951800
CPU [0] UID 1002 comm: gen_fast, count: 951932
CPU [0] UID 1002 comm: gen_fast, count: 952000
CPU [0] UID 1002 comm: gen_fast, count: 952100
CPU [0] UID 1002 comm: gen_fast, count: 952236
CPU [0] UID 1002 comm: gen_fast, count: 952424
CPU [0] UID 1002 comm: gen_fast, count: 952424
CPU [0] UID 1002 comm: gen_fast, count: 952568
CPU [0] UID 1002 comm: gen_fast, count: 952600
CPU [0] UID 1002 comm: gen_fast, count: 952722
CPU [0] UID 1002 comm: gen_fast, count: 952875
CPU [0] UID 1002 comm: gen_fast, count: 952900
CPU [0] UID 1002 comm: gen_fast, count: 953045
CPU [0] UID 1002 comm: gen_fast, count: 953113
CPU [0] UID 1002 comm: gen_fast, count: 953252
CPU [0] UID 1002 comm: gen_fast, count: 953300
CPU [0] UID 1002 comm: gen_fast, count: 953423
CPU [0] UID 1002 comm: gen_fast, count: 953512
CPU [0] UID 1002 comm: gen_fast, count: 953620
CPU [0] UID 1002 comm: gen_fast, count: 953700
CPU [0] UID 1002 comm: gen_fast, count: 953843
CPU [0] UID 1002 comm: gen_fast, count: 953928
CPU [0] UID 1002 comm: gen_fast, count: 954000
CPU [0] UID 1002 comm: gen_fast, count: 954109
CPU [0] UID 1002 comm: gen_fast, count: 954238
CPU [0] UID 1002 comm: gen_fast, count: 954327
CPU [0] UID 1002 comm: gen_fast, count: 954444
CPU [0] UID 1002 comm: gen_fast, count: 954500
CPU [0] UID 1002 comm: gen_fast, count: 954693
CPU [0] UID 1002 comm: gen_fast, count: 954700
CPU [0] UID 1002 comm: gen_fast, count: 954800
CPU [0] UID 1002 comm: gen_fast, count: 954925
CPU [0] UID 1002 comm: gen_fast, count: 955015
CPU [0] UID 1002 comm: gen_fast, count: 955132
CPU [0] UID 1002 comm: gen_fast, count: 955273
CPU [0] UID 1002 comm: gen_fast, count: 955300
CPU [0] UID 1002 comm: gen_fast, count: 955400
CPU [0] UID 1002 comm: gen_fast, count: 955500
CPU [0] UID 1002 comm: gen_fast, count: 955605
CPU [0] UID 1002 comm: gen_fast, count: 955706
CPU [0] UID 1002 comm: gen_fast, count: 955832
CPU [0] UID 1002 comm: gen_fast, count: 955942
CPU [0] UID 1002 comm: gen_fast, count: 956084
CPU [0] UID 1002 comm: gen_fast, count: 956100
CPU [0] UID 1002 comm: gen_fast, count: 956214
CPU [0] UID 1002 comm: gen_fast, count: 956300
CPU [0] UID 1002 comm: gen_fast, count: 956402
CPU [0] UID 1002 comm: gen_fast, count: 956531
CPU [0] UID 1002 comm: gen_fast, count: 956620
CPU [0] UID 1002 comm: gen_fast, count: 956740
CPU [0] UID 1002 comm: gen_fast, count: 956863
CPU [0] UID 1002 comm: gen_fast, count: 956900
CPU [0] UID 1002 comm: gen_fast, count: 957000
CPU [0] UID 1002 comm: gen_fast, count: 957100
CPU [0] UID 1002 comm: gen_fast, count: 957219
CPU [0] UID 1002 comm: gen_fast, count: 957300
CPU [0] UID 1002 comm: gen_fast, count: 957514
CPU [0] UID 1002 comm: gen_fast, count: 957514
CPU [0] UID 1002 comm: gen_fast, count: 957612
CPU [0] UID 1002 comm: gen_fast, count: 957700
CPU [0] UID 1002 comm: gen_fast, count: 957818
CPU [0] UID 1002 comm: gen_fast, count: 957949
CPU [0] UID 1002 comm: gen_fast, count: 958051
CPU [0] UID 1002 comm: gen_fast, count: 958193
CPU [0] UID 1002 comm: gen_fast, count: 958200
CPU [0] UID 1002 comm: gen_fast, count: 958352
CPU [0] UID 1002 comm: gen_fast, count: 958496
CPU [0] UID 1002 comm: gen_fast, count: 958500
CPU [0] UID 1002 comm: gen_fast, count: 958611
CPU [0] UID 1002 comm: gen_fast, count: 958753
CPU [0] UID 1002 comm: gen_fast, count: 958800
CPU [0] UID 1002 comm: gen_fast, count: 958913
CPU [0] UID 1002 comm: gen_fast, count: 959000
CPU [0] UID 1002 comm: gen_fast, count: 959137
CPU [0] UID 1002 comm: gen_fast, count: 959285
CPU [0] UID 1002 comm: gen_fast, count: 959300
CPU [0] UID 1002 comm: gen_fast, count: 959433
CPU [0] UID 1002 comm: gen_fast, count: 959543
CPU [0] UID 1002 comm: gen_fast, count: 959710
CPU [0] UID 1002 comm: gen_fast, count: 959710
CPU [0] UID 1002 comm: gen_fast, count: 959841
CPU [0] UID 1002 comm: gen_fast, count: 959999
CPU [0] UID 1002 comm: gen_fast, count: 960000
CPU [0] UID 1002 comm: gen_fast, count: 960100
CPU [0] UID 1002 comm: gen_fast, count: 960201
CPU [0] UID 1002 comm: gen_fast, count: 960302
CPU [0] UID 1002 comm: gen_fast, count: 960404
CPU [0] UID 1002 comm: gen_fast, count: 960519
CPU [0] UID 1002 comm: gen_fast, count: 960677
CPU [0] UID 1002 comm: gen_fast, count: 960700
CPU [0] UID 1002 comm: gen_fast, count: 960800
CPU [0] UID 1002 comm: gen_fast, count: 960906
CPU [0] UID 1002 comm: gen_fast, count: 961065
CPU [0] UID 1002 comm: gen_fast, count: 961214
CPU [0] UID 1002 comm: gen_fast, count: 961214
CPU [0] UID 1002 comm: gen_fast, count: 961305
CPU [0] UID 1002 comm: gen_fast, count: 961429
CPU [0] UID 1002 comm: gen_fast, count: 961500
CPU [0] UID 1002 comm: gen_fast, count: 961637
CPU [0] UID 1002 comm: gen_fast, count: 961700
CPU [0] UID 1002 comm: gen_fast, count: 961800
CPU [0] UID 1002 comm: gen_fast, count: 961907
CPU [0] UID 1002 comm: gen_fast, count: 962022
CPU [0] UID 1002 comm: gen_fast, count: 962176
CPU [0] UID 1002 comm: gen_fast, count: 962200
CPU [0] UID 1002 comm: gen_fast, count: 962310
CPU [0] UID 1002 comm: gen_fast, count: 962400
CPU [0] UID 1002 comm: gen_fast, count: 962500
CPU [0] UID 1002 comm: gen_fast, count: 962600
CPU [0] UID 1002 comm: gen_fast, count: 962738
CPU [0] UID 1002 comm: gen_fast, count: 962800
CPU [0] UID 1002 comm: gen_fast, count: 962900
CPU [0] UID 1002 comm: gen_fast, count: 963073
CPU [0] UID 1002 comm: gen_fast, count: 963100
CPU [0] UID 1002 comm: gen_fast, count: 963211
CPU [0] UID 1002 comm: gen_fast, count: 963359
CPU [0] UID 1002 comm: gen_fast, count: 963400
CPU [0] UID 1002 comm: gen_fast, count: 963500
CPU [0] UID 1002 comm: gen_fast, count: 963683
CPU [0] UID 1002 comm: gen_fast, count: 963700
CPU [0] UID 1002 comm: gen_fast, count: 963843
CPU [0] UID 1002 comm: gen_fast, count: 964013
CPU [0] UID 1002 comm: gen_fast, count: 964013
CPU [0] UID 1002 comm: gen_fast, count: 964100
CPU [0] UID 1002 comm: gen_fast, count: 964257
CPU [0] UID 1002 comm: gen_fast, count: 964300
CPU [0] UID 1002 comm: gen_fast, count: 964404
CPU [0] UID 1002 comm: gen_fast, count: 964599
CPU [0] UID 1002 comm: gen_fast, count: 964600
CPU [0] UID 1002 comm: gen_fast, count: 964702
CPU [0] UID 1002 comm: gen_fast, count: 964800
CPU [0] UID 1002 comm: gen_fast, count: 964941
CPU [0] UID 1002 comm: gen_fast, count: 965000
CPU [0] UID 1002 comm: gen_fast, count: 965108
CPU [0] UID 1002 comm: gen_fast, count: 965277
CPU [0] UID 1002 comm: gen_fast, count: 965300
CPU [0] UID 1002 comm: gen_fast, count: 965436
CPU [0] UID 1002 comm: gen_fast, count: 965500
CPU [0] UID 1002 comm: gen_fast, count: 965601
CPU [0] UID 1002 comm: gen_fast, count: 965777
CPU [0] UID 1002 comm: gen_fast, count: 965800
CPU [0] UID 1002 comm: gen_fast, count: 965900
CPU [0] UID 1002 comm: gen_fast, count: 966013
CPU [0] UID 1002 comm: gen_fast, count: 966109
CPU [0] UID 1002 comm: gen_fast, count: 966304
CPU [0] UID 1002 comm: gen_fast, count: 966304
CPU [0] UID 1002 comm: gen_fast, count: 966462
CPU [0] UID 1002 comm: gen_fast, count: 966500
CPU [0] UID 1002 comm: gen_fast, count: 966618
CPU [0] UID 1002 comm: gen_fast, count: 966719
CPU [0] UID 1002 comm: gen_fast, count: 966895
CPU [0] UID 1002 comm: gen_fast, count: 966900
CPU [0] UID 1002 comm: gen_fast, count: 967014
CPU [0] UID 1002 comm: gen_fast, count: 967185
CPU [0] UID 1002 comm: gen_fast, count: 967200
CPU [0] UID 1002 comm: gen_fast, count: 967336
CPU [0] UID 1002 comm: gen_fast, count: 967544
CPU [0] UID 1002 comm: gen_fast, count: 967544
CPU [0] UID 1002 comm: gen_fast, count: 967600
CPU [0] UID 1002 comm: gen_fast, count: 967709
CPU [0] UID 1002 comm: gen_fast, count: 967800
CPU [0] UID 1002 comm: gen_fast, count: 967900
CPU [0] UID 1002 comm: gen_fast, count: 968021
CPU [0] UID 1002 comm: gen_fast, count: 968154
CPU [0] UID 1002 comm: gen_fast, count: 968200
CPU [0] UID 1002 comm: gen_fast, count: 968321
CPU [0] UID 1002 comm: gen_fast, count: 968431
CPU [0] UID 1002 comm: gen_fast, count: 968500
CPU [0] UID 1002 comm: gen_fast, count: 968629
CPU [0] UID 1002 comm: gen_fast, count: 968714
CPU [0] UID 1002 comm: gen_fast, count: 968800
CPU [0] UID 1002 comm: gen_fast, count: 968923
CPU [0] UID 1002 comm: gen_fast, count: 969048
CPU [0] UID 1002 comm: gen_fast, count: 969100
CPU [0] UID 1002 comm: gen_fast, count: 969200
CPU [0] UID 1002 comm: gen_fast, count: 969326
CPU [0] UID 1002 comm: gen_fast, count: 969461
CPU [0] UID 1002 comm: gen_fast, count: 969602
CPU [0] UID 1002 comm: gen_fast, count: 969602
CPU [0] UID 1002 comm: gen_fast, count: 969734
CPU [0] UID 1002 comm: gen_fast, count: 969854
CPU [0] UID 1002 comm: gen_fast, count: 970059
CPU [0] UID 1002 comm: gen_fast, count: 970059
CPU [0] UID 1002 comm: gen_fast, count: 970100
CPU [0] UID 1002 comm: gen_fast, count: 970270
CPU [0] UID 1002 comm: gen_fast, count: 970300
CPU [0] UID 1002 comm: gen_fast, count: 970513
CPU [0] UID 1002 comm: gen_fast, count: 970513
CPU [0] UID 1002 comm: gen_fast, count: 970677
CPU [0] UID 1002 comm: gen_fast, count: 970700
CPU [0] UID 1002 comm: gen_fast, count: 970853
CPU [0] UID 1002 comm: gen_fast, count: 970900
CPU [0] UID 1002 comm: gen_fast, count: 971001
CPU [0] UID 1002 comm: gen_fast, count: 971183
CPU [0] UID 1002 comm: gen_fast, count: 971200
CPU [0] UID 1002 comm: gen_fast, count: 971329
CPU [0] UID 1002 comm: gen_fast, count: 971524
CPU [0] UID 1002 comm: gen_fast, count: 971524
CPU [0] UID 1002 comm: gen_fast, count: 971717
CPU [0] UID 1002 comm: gen_fast, count: 971717
CPU [0] UID 1002 comm: gen_fast, count: 971838
CPU [0] UID 1002 comm: gen_fast, count: 971929
CPU [0] UID 1002 comm: gen_fast, count: 972000
CPU [0] UID 1002 comm: gen_fast, count: 972100
CPU [0] UID 1002 comm: gen_fast, count: 972275
CPU [0] UID 1002 comm: gen_fast, count: 972300
CPU [0] UID 1002 comm: gen_fast, count: 972418
CPU [0] UID 1002 comm: gen_fast, count: 972590
CPU [0] UID 1002 comm: gen_fast, count: 972600
CPU [0] UID 1002 comm: gen_fast, count: 972782
CPU [0] UID 1002 comm: gen_fast, count: 972800
CPU [0] UID 1002 comm: gen_fast, count: 972968
CPU [0] UID 1002 comm: gen_fast, count: 973000
CPU [0] UID 1002 comm: gen_fast, count: 973206
CPU [0] UID 1002 comm: gen_fast, count: 973206
CPU [0] UID 1002 comm: gen_fast, count: 973317
CPU [0] UID 1002 comm: gen_fast, count: 973484
CPU [0] UID 1002 comm: gen_fast, count: 973500
CPU [0] UID 1002 comm: gen_fast, count: 973664
CPU [0] UID 1002 comm: gen_fast, count: 973700
CPU [0] UID 1002 comm: gen_fast, count: 973814
CPU [0] UID 1002 comm: gen_fast, count: 973978
CPU [0] UID 1002 comm: gen_fast, count: 974000
CPU [0] UID 1002 comm: gen_fast, count: 974124
CPU [0] UID 1002 comm: gen_fast, count: 974216
CPU [0] UID 1002 comm: gen_fast, count: 974428
CPU [0] UID 1002 comm: gen_fast, count: 974428
CPU [0] UID 1002 comm: gen_fast, count: 974629
CPU [0] UID 1002 comm: gen_fast, count: 974629
CPU [0] UID 1002 comm: gen_fast, count: 974700
CPU [0] UID 1002 comm: gen_fast, count: 974893
CPU [0] UID 1002 comm: gen_fast, count: 974900
CPU [0] UID 1002 comm: gen_fast, count: 975039
CPU [0] UID 1002 comm: gen_fast, count: 975100
CPU [0] UID 1002 comm: gen_fast, count: 975219
CPU [0] UID 1002 comm: gen_fast, count: 975300
CPU [0] UID 1002 comm: gen_fast, count: 975430
CPU [0] UID 1002 comm: gen_fast, count: 975500
CPU [0] UID 1002 comm: gen_fast, count: 975609
CPU [0] UID 1002 comm: gen_fast, count: 975763
CPU [0] UID 1002 comm: gen_fast, count: 975800
CPU [0] UID 1002 comm: gen_fast, count: 975915
CPU [0] UID 1002 comm: gen_fast, count: 976118
CPU [0] UID 1002 comm: gen_fast, count: 976118
CPU [0] UID 1002 comm: gen_fast, count: 976200
CPU [0] UID 1002 comm: gen_fast, count: 976357
CPU [0] UID 1002 comm: gen_fast, count: 976400
CPU [0] UID 1002 comm: gen_fast, count: 976514
CPU [0] UID 1002 comm: gen_fast, count: 976674
CPU [0] UID 1002 comm: gen_fast, count: 976700
CPU [0] UID 1002 comm: gen_fast, count: 976872
CPU [0] UID 1002 comm: gen_fast, count: 976900
CPU [0] UID 1002 comm: gen_fast, count: 977060
CPU [0] UID 1002 comm: gen_fast, count: 977100
CPU [0] UID 1002 comm: gen_fast, count: 977200
CPU [0] UID 1002 comm: gen_fast, count: 977356
CPU [0] UID 1002 comm: gen_fast, count: 977400
CPU [0] UID 1002 comm: gen_fast, count: 977547
CPU [0] UID 1002 comm: gen_fast, count: 977744
CPU [0] UID 1002 comm: gen_fast, count: 977744
CPU [0] UID 1002 comm: gen_fast, count: 977800
CPU [0] UID 1002 comm: gen_fast, count: 977975
CPU [0] UID 1002 comm: gen_fast, count: 978000
CPU [0] UID 1002 comm: gen_fast, count: 978133
CPU [0] UID 1002 comm: gen_fast, count: 978200
CPU [0] UID 1002 comm: gen_fast, count: 978307
CPU [0] UID 1002 comm: gen_fast, count: 978477
CPU [0] UID 1002 comm: gen_fast, count: 978500
CPU [0] UID 1002 comm: gen_fast, count: 978632
CPU [0] UID 1002 comm: gen_fast, count: 978700
CPU [0] UID 1002 comm: gen_fast, count: 978800
CPU [0] UID 1002 comm: gen_fast, count: 978989
CPU [0] UID 1002 comm: gen_fast, count: 979000
CPU [0] UID 1002 comm: gen_fast, count: 979117
CPU [0] UID 1002 comm: gen_fast, count: 979201
CPU [0] UID 1002 comm: gen_fast, count: 979300
CPU [0] UID 1002 comm: gen_fast, count: 979441
CPU [0] UID 1002 comm: gen_fast, count: 979526
CPU [0] UID 1002 comm: gen_fast, count: 979600
CPU [0] UID 1002 comm: gen_fast, count: 979700
CPU [0] UID 1002 comm: gen_fast, count: 979854
CPU [0] UID 1002 comm: gen_fast, count: 979916
CPU [0] UID 1002 comm: gen_fast, count: 980023
CPU [0] UID 1002 comm: gen_fast, count: 980215
CPU [0] UID 1002 comm: gen_fast, count: 980215
CPU [0] UID 1002 comm: gen_fast, count: 980453
CPU [0] UID 1002 comm: gen_fast, count: 980453
CPU [0] UID 1002 comm: gen_fast, count: 980546
CPU [0] UID 1002 comm: gen_fast, count: 980600
CPU [0] UID 1002 comm: gen_fast, count: 980700
CPU [0] UID 1002 comm: gen_fast, count: 980807
CPU [0] UID 1002 comm: gen_fast, count: 980900
CPU [0] UID 1002 comm: gen_fast, count: 981000
CPU [0] UID 1002 comm: gen_fast, count: 981216
CPU [0] UID 1002 comm: gen_fast, count: 981216
CPU [0] UID 1002 comm: gen_fast, count: 981300
CPU [0] UID 1002 comm: gen_fast, count: 981400
CPU [0] UID 1002 comm: gen_fast, count: 981538
CPU [0] UID 1002 comm: gen_fast, count: 981621
CPU [0] UID 1002 comm: gen_fast, count: 981700
CPU [0] UID 1002 comm: gen_fast, count: 981852
CPU [0] UID 1002 comm: gen_fast, count: 982024
CPU [0] UID 1002 comm: gen_fast, count: 982024
CPU [0] UID 1002 comm: gen_fast, count: 982119
CPU [0] UID 1002 comm: gen_fast, count: 982200
CPU [0] UID 1002 comm: gen_fast, count: 982329
CPU [0] UID 1002 comm: gen_fast, count: 982401
CPU [0] UID 1002 comm: gen_fast, count: 982514
CPU [0] UID 1002 comm: gen_fast, count: 982694
CPU [0] UID 1002 comm: gen_fast, count: 982700
CPU [0] UID 1002 comm: gen_fast, count: 982838
CPU [0] UID 1002 comm: gen_fast, count: 983013
CPU [0] UID 1002 comm: gen_fast, count: 983013
CPU [0] UID 1002 comm: gen_fast, count: 983115
CPU [0] UID 1002 comm: gen_fast, count: 983283
CPU [0] UID 1002 comm: gen_fast, count: 983300
CPU [0] UID 1002 comm: gen_fast, count: 983449
CPU [0] UID 1002 comm: gen_fast, count: 983500
CPU [0] UID 1002 comm: gen_fast, count: 983602
CPU [0] UID 1002 comm: gen_fast, count: 983810
CPU [0] UID 1002 comm: gen_fast, count: 983810
CPU [0] UID 1002 comm: gen_fast, count: 983900
CPU [0] UID 1002 comm: gen_fast, count: 984000
CPU [0] UID 1002 comm: gen_fast, count: 984100
CPU [0] UID 1002 comm: gen_fast, count: 984200
CPU [0] UID 1002 comm: gen_fast, count: 984349
CPU [0] UID 1002 comm: gen_fast, count: 984400
CPU [0] UID 1002 comm: gen_fast, count: 984518
CPU [0] UID 1002 comm: gen_fast, count: 984685
CPU [0] UID 1002 comm: gen_fast, count: 984700
CPU [0] UID 1002 comm: gen_fast, count: 984816
CPU [0] UID 1002 comm: gen_fast, count: 984906
CPU [0] UID 1002 comm: gen_fast, count: 985024
CPU [0] UID 1002 comm: gen_fast, count: 985172
CPU [0] UID 1002 comm: gen_fast, count: 985200
CPU [0] UID 1002 comm: gen_fast, count: 985326
CPU [0] UID 1002 comm: gen_fast, count: 985411
CPU [0] UID 1002 comm: gen_fast, count: 985502
CPU [0] UID 1002 comm: gen_fast, count: 985637
CPU [0] UID 1002 comm: gen_fast, count: 985743
CPU [0] UID 1002 comm: gen_fast, count: 985875
CPU [0] UID 1002 comm: gen_fast, count: 985900
CPU [0] UID 1002 comm: gen_fast, count: 986000
CPU [0] UID 1002 comm: gen_fast, count: 986133
CPU [0] UID 1002 comm: gen_fast, count: 986224
CPU [0] UID 1002 comm: gen_fast, count: 986307
CPU [0] UID 1002 comm: gen_fast, count: 986434
CPU [0] UID 1002 comm: gen_fast, count: 986500
CPU [0] UID 1002 comm: gen_fast, count: 986600
CPU [0] UID 1002 comm: gen_fast, count: 986700
CPU [0] UID 1002 comm: gen_fast, count: 986834
CPU [0] UID 1002 comm: gen_fast, count: 986950
CPU [0] UID 1002 comm: gen_fast, count: 987082
CPU [0] UID 1002 comm: gen_fast, count: 987169
CPU [0] UID 1002 comm: gen_fast, count: 987200
CPU [0] UID 1002 comm: gen_fast, count: 987300
CPU [0] UID 1002 comm: gen_fast, count: 987426
CPU [0] UID 1002 comm: gen_fast, count: 987545
CPU [0] UID 1002 comm: gen_fast, count: 987697
CPU [0] UID 1002 comm: gen_fast, count: 987700
CPU [0] UID 1002 comm: gen_fast, count: 987828
CPU [0] UID 1002 comm: gen_fast, count: 987952
CPU [0] UID 1002 comm: gen_fast, count: 988089
CPU [0] UID 1002 comm: gen_fast, count: 988100
CPU [0] UID 1002 comm: gen_fast, count: 988209
CPU [0] UID 1002 comm: gen_fast, count: 988363
CPU [0] UID 1002 comm: gen_fast, count: 988400
CPU [0] UID 1002 comm: gen_fast, count: 988529
CPU [0] UID 1002 comm: gen_fast, count: 988669
CPU [0] UID 1002 comm: gen_fast, count: 988826
CPU [0] UID 1002 comm: gen_fast, count: 988826
CPU [0] UID 1002 comm: gen_fast, count: 988925
CPU [0] UID 1002 comm: gen_fast, count: 989000
CPU [0] UID 1002 comm: gen_fast, count: 989121
CPU [0] UID 1002 comm: gen_fast, count: 989223
CPU [0] UID 1002 comm: gen_fast, count: 989300
CPU [0] UID 1002 comm: gen_fast, count: 989413
CPU [0] UID 1002 comm: gen_fast, count: 989500
CPU [0] UID 1002 comm: gen_fast, count: 989609
CPU [0] UID 1002 comm: gen_fast, count: 989726
CPU [0] UID 1002 comm: gen_fast, count: 989855
CPU [0] UID 1002 comm: gen_fast, count: 989974
CPU [0] UID 1002 comm: gen_fast, count: 990000
CPU [0] UID 1002 comm: gen_fast, count: 990109
CPU [0] UID 1002 comm: gen_fast, count: 990239
CPU [0] UID 1002 comm: gen_fast, count: 990351
CPU [0] UID 1002 comm: gen_fast, count: 990481
CPU [0] UID 1002 comm: gen_fast, count: 990500
CPU [0] UID 1002 comm: gen_fast, count: 990619
CPU [0] UID 1002 comm: gen_fast, count: 990707
CPU [0] UID 1002 comm: gen_fast, count: 990800
CPU [0] UID 1002 comm: gen_fast, count: 990916
CPU [0] UID 1002 comm: gen_fast, count: 991029
CPU [0] UID 1002 comm: gen_fast, count: 991182
CPU [0] UID 1002 comm: gen_fast, count: 991200
CPU [0] UID 1002 comm: gen_fast, count: 991337
CPU [0] UID 1002 comm: gen_fast, count: 991400
CPU [0] UID 1002 comm: gen_fast, count: 991501
CPU [0] UID 1002 comm: gen_fast, count: 991650
CPU [0] UID 1002 comm: gen_fast, count: 991700
CPU [0] UID 1002 comm: gen_fast, count: 991800
CPU [0] UID 1002 comm: gen_fast, count: 991955
CPU [0] UID 1002 comm: gen_fast, count: 992000
CPU [0] UID 1002 comm: gen_fast, count: 992122
CPU [0] UID 1002 comm: gen_fast, count: 992275
CPU [0] UID 1002 comm: gen_fast, count: 992362
CPU [0] UID 1002 comm: gen_fast, count: 992400
CPU [0] UID 1002 comm: gen_fast, count: 992502
CPU [0] UID 1002 comm: gen_fast, count: 992659
CPU [0] UID 1002 comm: gen_fast, count: 992700
CPU [0] UID 1002 comm: gen_fast, count: 992818
CPU [0] UID 1002 comm: gen_fast, count: 992948
CPU [0] UID 1002 comm: gen_fast, count: 993000
CPU [0] UID 1002 comm: gen_fast, count: 993100
CPU [0] UID 1002 comm: gen_fast, count: 993249
CPU [0] UID 1002 comm: gen_fast, count: 993380
CPU [0] UID 1002 comm: gen_fast, count: 993400
CPU [0] UID 1002 comm: gen_fast, count: 993508
CPU [0] UID 1002 comm: gen_fast, count: 993636
CPU [0] UID 1002 comm: gen_fast, count: 993746
CPU [0] UID 1002 comm: gen_fast, count: 993872
CPU [0] UID 1002 comm: gen_fast, count: 993900
CPU [0] UID 1002 comm: gen_fast, count: 994001
CPU [0] UID 1002 comm: gen_fast, count: 994115
CPU [0] UID 1002 comm: gen_fast, count: 994243
CPU [0] UID 1002 comm: gen_fast, count: 994398
CPU [0] UID 1002 comm: gen_fast, count: 994400
CPU [0] UID 1002 comm: gen_fast, count: 994500
CPU [0] UID 1002 comm: gen_fast, count: 994622
CPU [0] UID 1002 comm: gen_fast, count: 994798
CPU [0] UID 1002 comm: gen_fast, count: 994800
CPU [0] UID 1002 comm: gen_fast, count: 994900
CPU [0] UID 1002 comm: gen_fast, count: 995031
CPU [0] UID 1002 comm: gen_fast, count: 995184
CPU [0] UID 1002 comm: gen_fast, count: 995200
CPU [0] UID 1002 comm: gen_fast, count: 995300
CPU [0] UID 1002 comm: gen_fast, count: 995428
CPU [0] UID 1002 comm: gen_fast, count: 995564
CPU [0] UID 1002 comm: gen_fast, count: 995723
CPU [0] UID 1002 comm: gen_fast, count: 995723
CPU [0] UID 1002 comm: gen_fast, count: 995808
CPU [0] UID 1002 comm: gen_fast, count: 995953
CPU [0] UID 1002 comm: gen_fast, count: 996000
CPU [0] UID 1002 comm: gen_fast, count: 996100
CPU [0] UID 1002 comm: gen_fast, count: 996213
CPU [0] UID 1002 comm: gen_fast, count: 996356
CPU [0] UID 1002 comm: gen_fast, count: 996400
CPU [0] UID 1002 comm: gen_fast, count: 996510
CPU [0] UID 1002 comm: gen_fast, count: 996680
CPU [0] UID 1002 comm: gen_fast, count: 996700
CPU [0] UID 1002 comm: gen_fast, count: 996849
CPU [0] UID 1002 comm: gen_fast, count: 996900
CPU [0] UID 1002 comm: gen_fast, count: 997013
CPU [0] UID 1002 comm: gen_fast, count: 997149
CPU [0] UID 1002 comm: gen_fast, count: 997200
CPU [0] UID 1002 comm: gen_fast, count: 997314
CPU [0] UID 1002 comm: gen_fast, count: 997506
CPU [0] UID 1002 comm: gen_fast, count: 997506
CPU [0] UID 1002 comm: gen_fast, count: 997656
CPU [0] UID 1002 comm: gen_fast, count: 997700
CPU [0] UID 1002 comm: gen_fast, count: 997804
CPU [0] UID 1002 comm: gen_fast, count: 997945
CPU [0] UID 1002 comm: gen_fast, count: 998000
CPU [0] UID 1002 comm: gen_fast, count: 998121
CPU [0] UID 1002 comm: gen_fast, count: 998269
CPU [0] UID 1002 comm: gen_fast, count: 998300
CPU [0] UID 1002 comm: gen_fast, count: 998419
CPU [0] UID 1002 comm: gen_fast, count: 998560
CPU [0] UID 1002 comm: gen_fast, count: 998600
CPU [0] UID 1002 comm: gen_fast, count: 998739
CPU [0] UID 1002 comm: gen_fast, count: 998800
CPU [0] UID 1002 comm: gen_fast, count: 998900
CPU [0] UID 1002 comm: gen_fast, count: 999062
CPU [0] UID 1002 comm: gen_fast, count: 999100
CPU [0] UID 1002 comm: gen_fast, count: 999272
CPU [0] UID 1002 comm: gen_fast, count: 999300
CPU [0] UID 1002 comm: gen_fast, count: 999400
CPU [0] UID 1002 comm: gen_fast, count: 999537
CPU [0] UID 1002 comm: gen_fast, count: 999626
CPU [0] UID 1002 comm: gen_fast, count: 999846
CPU [0] UID 1002 comm: gen_fast, count: 999846
CPU [0] UID 1002 comm: gen_fast, count: 999956
CPU [0] UID 1002 comm: gen_fast, count: 1000000
CPU [0] UID 1002 comm: gen_fast, count: 1000130
CPU [0] UID 1002 comm: gen_fast, count: 1000200
CPU [0] UID 1002 comm: gen_fast, count: 1000369
CPU [0] UID 1002 comm: gen_fast, count: 1000400
CPU [0] UID 1002 comm: gen_fast, count: 1000546
CPU [0] UID 1002 comm: gen_fast, count: 1000600
CPU [0] UID 1002 comm: gen_fast, count: 1000700
CPU [0] UID 1002 comm: gen_fast, count: 1000853
CPU [0] UID 1002 comm: gen_fast, count: 1000900
CPU [0] UID 1002 comm: gen_fast, count: 1001057
CPU [0] UID 1002 comm: gen_fast, count: 1001100
CPU [0] UID 1002 comm: gen_fast, count: 1001200
CPU [0] UID 1002 comm: gen_fast, count: 1001337
CPU [0] UID 1002 comm: gen_fast, count: 1001548
CPU [0] UID 1002 comm: gen_fast, count: 1001548
CPU [0] UID 1002 comm: gen_fast, count: 1001600
CPU [0] UID 1002 comm: gen_fast, count: 1001700
CPU [0] UID 1002 comm: gen_fast, count: 1001800
CPU [0] UID 1002 comm: gen_fast, count: 1001967
CPU [0] UID 1002 comm: gen_fast, count: 1002000
CPU [0] UID 1002 comm: gen_fast, count: 1002140
CPU [0] UID 1002 comm: gen_fast, count: 1002200
CPU [0] UID 1002 comm: gen_fast, count: 1002343
CPU [0] UID 1002 comm: gen_fast, count: 1002400
CPU [0] UID 1002 comm: gen_fast, count: 1002500
CPU [0] UID 1002 comm: gen_fast, count: 1002613
CPU [0] UID 1002 comm: gen_fast, count: 1002743
CPU [0] UID 1002 comm: gen_fast, count: 1002875
CPU [0] UID 1002 comm: gen_fast, count: 1002900
CPU [0] UID 1002 comm: gen_fast, count: 1003005
CPU [0] UID 1002 comm: gen_fast, count: 1003126
CPU [0] UID 1002 comm: gen_fast, count: 1003258
CPU [0] UID 1002 comm: gen_fast, count: 1003300
CPU [0] UID 1002 comm: gen_fast, count: 1003400
CPU [0] UID 1002 comm: gen_fast, count: 1003508
CPU [0] UID 1002 comm: gen_fast, count: 1003645
CPU [0] UID 1002 comm: gen_fast, count: 1003700
CPU [0] UID 1002 comm: gen_fast, count: 1003826
CPU [0] UID 1002 comm: gen_fast, count: 1003968
CPU [0] UID 1002 comm: gen_fast, count: 1004000
CPU [0] UID 1002 comm: gen_fast, count: 1004144
CPU [0] UID 1002 comm: gen_fast, count: 1004200
CPU [0] UID 1002 comm: gen_fast, count: 1004317
CPU [0] UID 1002 comm: gen_fast, count: 1004449
CPU [0] UID 1002 comm: gen_fast, count: 1004500
CPU [0] UID 1002 comm: gen_fast, count: 1004632
CPU [0] UID 1002 comm: gen_fast, count: 1004700
CPU [0] UID 1002 comm: gen_fast, count: 1004800
CPU [0] UID 1002 comm: gen_fast, count: 1004937
CPU [0] UID 1002 comm: gen_fast, count: 1005095
CPU [0] UID 1002 comm: gen_fast, count: 1005100
CPU [0] UID 1002 comm: gen_fast, count: 1005346
CPU [0] UID 1002 comm: gen_fast, count: 1005346
CPU [0] UID 1002 comm: gen_fast, count: 1005400
CPU [0] UID 1002 comm: gen_fast, count: 1005500
CPU [0] UID 1002 comm: gen_fast, count: 1005748
CPU [0] UID 1002 comm: gen_fast, count: 1005748
CPU [0] UID 1002 comm: gen_fast, count: 1005935
CPU [0] UID 1002 comm: gen_fast, count: 1005935
CPU [0] UID 1002 comm: gen_fast, count: 1006000
CPU [0] UID 1002 comm: gen_fast, count: 1006100
CPU [0] UID 1002 comm: gen_fast, count: 1006262
CPU [0] UID 1002 comm: gen_fast, count: 1006300
CPU [0] UID 1002 comm: gen_fast, count: 1006401
CPU [0] UID 1002 comm: gen_fast, count: 1006602
CPU [0] UID 1002 comm: gen_fast, count: 1006602
CPU [0] UID 1002 comm: gen_fast, count: 1006857
CPU [0] UID 1002 comm: gen_fast, count: 1006857
CPU [0] UID 1002 comm: gen_fast, count: 1007034
CPU [0] UID 1002 comm: gen_fast, count: 1007034
CPU [0] UID 1002 comm: gen_fast, count: 1007129
CPU [0] UID 1002 comm: gen_fast, count: 1007218
CPU [0] UID 1002 comm: gen_fast, count: 1007387
CPU [0] UID 1002 comm: gen_fast, count: 1007400
CPU [0] UID 1002 comm: gen_fast, count: 1007533
CPU [0] UID 1002 comm: gen_fast, count: 1007733
CPU [0] UID 1002 comm: gen_fast, count: 1007733
CPU [0] UID 1002 comm: gen_fast, count: 1007800
CPU [0] UID 1002 comm: gen_fast, count: 1007914
CPU [0] UID 1002 comm: gen_fast, count: 1008000
CPU [0] UID 1002 comm: gen_fast, count: 1008100
CPU [0] UID 1002 comm: gen_fast, count: 1008251
CPU [0] UID 1002 comm: gen_fast, count: 1008300
CPU [0] UID 1002 comm: gen_fast, count: 1008433
CPU [0] UID 1002 comm: gen_fast, count: 1008500
CPU [0] UID 1002 comm: gen_fast, count: 1008600
CPU [0] UID 1002 comm: gen_fast, count: 1008779
CPU [0] UID 1002 comm: gen_fast, count: 1008800
CPU [0] UID 1002 comm: gen_fast, count: 1008927
CPU [0] UID 1002 comm: gen_fast, count: 1009109
CPU [0] UID 1002 comm: gen_fast, count: 1009109
CPU [0] UID 1002 comm: gen_fast, count: 1009356
CPU [0] UID 1002 comm: gen_fast, count: 1009356
CPU [0] UID 1002 comm: gen_fast, count: 1009400
CPU [0] UID 1002 comm: gen_fast, count: 1009556
CPU [0] UID 1002 comm: gen_fast, count: 1009600
CPU [0] UID 1002 comm: gen_fast, count: 1009700
CPU [0] UID 1002 comm: gen_fast, count: 1009833
CPU [0] UID 1002 comm: gen_fast, count: 1010035
CPU [0] UID 1002 comm: gen_fast, count: 1010035
CPU [0] UID 1002 comm: gen_fast, count: 1010196
CPU [0] UID 1002 comm: gen_fast, count: 1010200
CPU [0] UID 1002 comm: gen_fast, count: 1010315
CPU [0] UID 1002 comm: gen_fast, count: 1010457
CPU [0] UID 1002 comm: gen_fast, count: 1010500
CPU [0] UID 1002 comm: gen_fast, count: 1010600
CPU [0] UID 1002 comm: gen_fast, count: 1010700
CPU [0] UID 1002 comm: gen_fast, count: 1010845
CPU [0] UID 1002 comm: gen_fast, count: 1010978
CPU [0] UID 1002 comm: gen_fast, count: 1011000
CPU [0] UID 1002 comm: gen_fast, count: 1011161
CPU [0] UID 1002 comm: gen_fast, count: 1011200
CPU [0] UID 1002 comm: gen_fast, count: 1011325
CPU [0] UID 1002 comm: gen_fast, count: 1011417
CPU [0] UID 1002 comm: gen_fast, count: 1011500
CPU [0] UID 1002 comm: gen_fast, count: 1011661
CPU [0] UID 1002 comm: gen_fast, count: 1011700
CPU [0] UID 1002 comm: gen_fast, count: 1011842
CPU [0] UID 1002 comm: gen_fast, count: 1011900
CPU [0] UID 1002 comm: gen_fast, count: 1012000
CPU [0] UID 1002 comm: gen_fast, count: 1012161
CPU [0] UID 1002 comm: gen_fast, count: 1012200
CPU [0] UID 1002 comm: gen_fast, count: 1012303
CPU [0] UID 1002 comm: gen_fast, count: 1012449
CPU [0] UID 1002 comm: gen_fast, count: 1012506
CPU [0] UID 1002 comm: gen_fast, count: 1012612
CPU [0] UID 1002 comm: gen_fast, count: 1012702
CPU [0] UID 1002 comm: gen_fast, count: 1012811
CPU [0] UID 1002 comm: gen_fast, count: 1012941
CPU [0] UID 1002 comm: gen_fast, count: 1013040
CPU [0] UID 1002 comm: gen_fast, count: 1013177
CPU [0] UID 1002 comm: gen_fast, count: 1013251
CPU [0] UID 1002 comm: gen_fast, count: 1013379
CPU [0] UID 1002 comm: gen_fast, count: 1013400
CPU [0] UID 1002 comm: gen_fast, count: 1013500
CPU [0] UID 1002 comm: gen_fast, count: 1013614
CPU [0] UID 1002 comm: gen_fast, count: 1013704
CPU [0] UID 1002 comm: gen_fast, count: 1013823
CPU [0] UID 1002 comm: gen_fast, count: 1013962
CPU [0] UID 1002 comm: gen_fast, count: 1014000
CPU [0] UID 1002 comm: gen_fast, count: 1014100
CPU [0] UID 1002 comm: gen_fast, count: 1014305
CPU [0] UID 1002 comm: gen_fast, count: 1014305
CPU [0] UID 1002 comm: gen_fast, count: 1014453
CPU [0] UID 1002 comm: gen_fast, count: 1014500
CPU [0] UID 1002 comm: gen_fast, count: 1014701
CPU [0] UID 1002 comm: gen_fast, count: 1014701
CPU [0] UID 1002 comm: gen_fast, count: 1014800
CPU [0] UID 1002 comm: gen_fast, count: 1014927
CPU [0] UID 1002 comm: gen_fast, count: 1015044
CPU [0] UID 1002 comm: gen_fast, count: 1015184
CPU [0] UID 1002 comm: gen_fast, count: 1015200
CPU [0] UID 1002 comm: gen_fast, count: 1015300
CPU [0] UID 1002 comm: gen_fast, count: 1015419
CPU [0] UID 1002 comm: gen_fast, count: 1015500
CPU [0] UID 1002 comm: gen_fast, count: 1015698
CPU [0] UID 1002 comm: gen_fast, count: 1015700
CPU [0] UID 1002 comm: gen_fast, count: 1015829
CPU [0] UID 1002 comm: gen_fast, count: 1015900
CPU [0] UID 1002 comm: gen_fast, count: 1016010
CPU [0] UID 1002 comm: gen_fast, count: 1016135
CPU [0] UID 1002 comm: gen_fast, count: 1016223
CPU [0] UID 1002 comm: gen_fast, count: 1016334
CPU [0] UID 1002 comm: gen_fast, count: 1016465
CPU [0] UID 1002 comm: gen_fast, count: 1016500
CPU [0] UID 1002 comm: gen_fast, count: 1016600
CPU [0] UID 1002 comm: gen_fast, count: 1016700
CPU [0] UID 1002 comm: gen_fast, count: 1016807
CPU [0] UID 1002 comm: gen_fast, count: 1016949
CPU [0] UID 1002 comm: gen_fast, count: 1017035
CPU [0] UID 1002 comm: gen_fast, count: 1017100
CPU [0] UID 1002 comm: gen_fast, count: 1017217
CPU [0] UID 1002 comm: gen_fast, count: 1017344
CPU [0] UID 1002 comm: gen_fast, count: 1017451
CPU [0] UID 1002 comm: gen_fast, count: 1017573
CPU [0] UID 1002 comm: gen_fast, count: 1017600
CPU [0] UID 1002 comm: gen_fast, count: 1017700
CPU [0] UID 1002 comm: gen_fast, count: 1017800
CPU [0] UID 1002 comm: gen_fast, count: 1017900
CPU [0] UID 1002 comm: gen_fast, count: 1018004
CPU [0] UID 1002 comm: gen_fast, count: 1018100
CPU [0] UID 1002 comm: gen_fast, count: 1018207
CPU [0] UID 1002 comm: gen_fast, count: 1018321
CPU [0] UID 1002 comm: gen_fast, count: 1018434
CPU [0] UID 1002 comm: gen_fast, count: 1018555
CPU [0] UID 1002 comm: gen_fast, count: 1018600
CPU [0] UID 1002 comm: gen_fast, count: 1018700
CPU [0] UID 1002 comm: gen_fast, count: 1018836
CPU [0] UID 1002 comm: gen_fast, count: 1018941
CPU [0] UID 1002 comm: gen_fast, count: 1019075
CPU [0] UID 1002 comm: gen_fast, count: 1019122
CPU [0] UID 1002 comm: gen_fast, count: 1019200
CPU [0] UID 1002 comm: gen_fast, count: 1019331
CPU [0] UID 1002 comm: gen_fast, count: 1019453
CPU [0] UID 1002 comm: gen_fast, count: 1019564
CPU [0] UID 1002 comm: gen_fast, count: 1019702
CPU [0] UID 1002 comm: gen_fast, count: 1019702
CPU [0] UID 1002 comm: gen_fast, count: 1019813
CPU [0] UID 1002 comm: gen_fast, count: 1019900
CPU [0] UID 1002 comm: gen_fast, count: 1020018
CPU [0] UID 1002 comm: gen_fast, count: 1020113
CPU [0] UID 1002 comm: gen_fast, count: 1020220
CPU [0] UID 1002 comm: gen_fast, count: 1020341
CPU [0] UID 1002 comm: gen_fast, count: 1020428
CPU [0] UID 1002 comm: gen_fast, count: 1020538
CPU [0] UID 1002 comm: gen_fast, count: 1020600
CPU [0] UID 1002 comm: gen_fast, count: 1020769
CPU [0] UID 1002 comm: gen_fast, count: 1020828
CPU [0] UID 1002 comm: gen_fast, count: 1020936
CPU [0] UID 1002 comm: gen_fast, count: 1021000
CPU [0] UID 1002 comm: gen_fast, count: 1021120
CPU [0] UID 1002 comm: gen_fast, count: 1021235
CPU [0] UID 1002 comm: gen_fast, count: 1021329
CPU [0] UID 1002 comm: gen_fast, count: 1021449
CPU [0] UID 1002 comm: gen_fast, count: 1021560
CPU [0] UID 1002 comm: gen_fast, count: 1021682
CPU [0] UID 1002 comm: gen_fast, count: 1021700
CPU [0] UID 1002 comm: gen_fast, count: 1021801
CPU [0] UID 1002 comm: gen_fast, count: 1022009
CPU [0] UID 1002 comm: gen_fast, count: 1022009
CPU [0] UID 1002 comm: gen_fast, count: 1022100
CPU [0] UID 1002 comm: gen_fast, count: 1022203
CPU [0] UID 1002 comm: gen_fast, count: 1022328
CPU [0] UID 1002 comm: gen_fast, count: 1022454
CPU [0] UID 1002 comm: gen_fast, count: 1022558
CPU [0] UID 1002 comm: gen_fast, count: 1022694
CPU [0] UID 1002 comm: gen_fast, count: 1022700
CPU [0] UID 1002 comm: gen_fast, count: 1022832
CPU [0] UID 1002 comm: gen_fast, count: 1022929
CPU [0] UID 1002 comm: gen_fast, count: 1023000
CPU [0] UID 1002 comm: gen_fast, count: 1023100
CPU [0] UID 1002 comm: gen_fast, count: 1023210
CPU [0] UID 1002 comm: gen_fast, count: 1023334
CPU [0] UID 1002 comm: gen_fast, count: 1023400
CPU [0] UID 1002 comm: gen_fast, count: 1023500
CPU [0] UID 1002 comm: gen_fast, count: 1023605
CPU [0] UID 1002 comm: gen_fast, count: 1023709
CPU [0] UID 1002 comm: gen_fast, count: 1023800
CPU [0] UID 1002 comm: gen_fast, count: 1023903
CPU [0] UID 1002 comm: gen_fast, count: 1024000
CPU [0] UID 1002 comm: gen_fast, count: 1024100
CPU [0] UID 1002 comm: gen_fast, count: 1024220
CPU [0] UID 1002 comm: gen_fast, count: 1024324
CPU [0] UID 1002 comm: gen_fast, count: 1024431
CPU [0] UID 1002 comm: gen_fast, count: 1024500
CPU [0] UID 1002 comm: gen_fast, count: 1024620
CPU [0] UID 1002 comm: gen_fast, count: 1024742
CPU [0] UID 1002 comm: gen_fast, count: 1024835
CPU [0] UID 1002 comm: gen_fast, count: 1024951
CPU [0] UID 1002 comm: gen_fast, count: 1025086
CPU [0] UID 1002 comm: gen_fast, count: 1025100
CPU [0] UID 1002 comm: gen_fast, count: 1025200
CPU [0] UID 1002 comm: gen_fast, count: 1025328
CPU [0] UID 1002 comm: gen_fast, count: 1025410
CPU [0] UID 1002 comm: gen_fast, count: 1025517
CPU [0] UID 1002 comm: gen_fast, count: 1025600
CPU [0] UID 1002 comm: gen_fast, count: 1025703
CPU [0] UID 1002 comm: gen_fast, count: 1025807
CPU [0] UID 1002 comm: gen_fast, count: 1025972
CPU [0] UID 1002 comm: gen_fast, count: 1026103
CPU [0] UID 1002 comm: gen_fast, count: 1026103
CPU [0] UID 1002 comm: gen_fast, count: 1026200
CPU [0] UID 1002 comm: gen_fast, count: 1026315
CPU [0] UID 1002 comm: gen_fast, count: 1026438
CPU [0] UID 1002 comm: gen_fast, count: 1026554
CPU [0] UID 1002 comm: gen_fast, count: 1026674
CPU [0] UID 1002 comm: gen_fast, count: 1026700
CPU [0] UID 1002 comm: gen_fast, count: 1026800
CPU [0] UID 1002 comm: gen_fast, count: 1026909
CPU [0] UID 1002 comm: gen_fast, count: 1027067
CPU [0] UID 1002 comm: gen_fast, count: 1027202
CPU [0] UID 1002 comm: gen_fast, count: 1027202
CPU [0] UID 1002 comm: gen_fast, count: 1027300
CPU [0] UID 1002 comm: gen_fast, count: 1027445
CPU [0] UID 1002 comm: gen_fast, count: 1027612
CPU [0] UID 1002 comm: gen_fast, count: 1027612
CPU [0] UID 1002 comm: gen_fast, count: 1027765
CPU [0] UID 1002 comm: gen_fast, count: 1027800
CPU [0] UID 1002 comm: gen_fast, count: 1027937
CPU [0] UID 1002 comm: gen_fast, count: 1028128
CPU [0] UID 1002 comm: gen_fast, count: 1028128
CPU [0] UID 1002 comm: gen_fast, count: 1028236
CPU [0] UID 1002 comm: gen_fast, count: 1028321
CPU [0] UID 1002 comm: gen_fast, count: 1028524
CPU [0] UID 1002 comm: gen_fast, count: 1028524
CPU [0] UID 1002 comm: gen_fast, count: 1028600
CPU [0] UID 1002 comm: gen_fast, count: 1028748
CPU [0] UID 1002 comm: gen_fast, count: 1028940
CPU [0] UID 1002 comm: gen_fast, count: 1028940
CPU [0] UID 1002 comm: gen_fast, count: 1029000
CPU [0] UID 1002 comm: gen_fast, count: 1029151
CPU [0] UID 1002 comm: gen_fast, count: 1029341
CPU [0] UID 1002 comm: gen_fast, count: 1029341
CPU [0] UID 1002 comm: gen_fast, count: 1029400
CPU [0] UID 1002 comm: gen_fast, count: 1029500
CPU [0] UID 1002 comm: gen_fast, count: 1029632
CPU [0] UID 1002 comm: gen_fast, count: 1029755
CPU [0] UID 1002 comm: gen_fast, count: 1029800
CPU [0] UID 1002 comm: gen_fast, count: 1029954
CPU [0] UID 1002 comm: gen_fast, count: 1030010
CPU [0] UID 1002 comm: gen_fast, count: 1030100
CPU [0] UID 1002 comm: gen_fast, count: 1030245
CPU [0] UID 1002 comm: gen_fast, count: 1030300
CPU [0] UID 1002 comm: gen_fast, count: 1030400
CPU [0] UID 1002 comm: gen_fast, count: 1030539
CPU [0] UID 1002 comm: gen_fast, count: 1030711
CPU [0] UID 1002 comm: gen_fast, count: 1030711
CPU [0] UID 1002 comm: gen_fast, count: 1030813
CPU [0] UID 1002 comm: gen_fast, count: 1030900
CPU [0] UID 1002 comm: gen_fast, count: 1031011
CPU [0] UID 1002 comm: gen_fast, count: 1031129
CPU [0] UID 1002 comm: gen_fast, count: 1031267
CPU [0] UID 1002 comm: gen_fast, count: 1031300
CPU [0] UID 1002 comm: gen_fast, count: 1031400
CPU [0] UID 1002 comm: gen_fast, count: 1031524
CPU [0] UID 1002 comm: gen_fast, count: 1031600
CPU [0] UID 1002 comm: gen_fast, count: 1031847
CPU [0] UID 1002 comm: gen_fast, count: 1031847
CPU [0] UID 1002 comm: gen_fast, count: 1031960
CPU [0] UID 1002 comm: gen_fast, count: 1032000
CPU [0] UID 1002 comm: gen_fast, count: 1032100
CPU [0] UID 1002 comm: gen_fast, count: 1032200
CPU [0] UID 1002 comm: gen_fast, count: 1032358
CPU [0] UID 1002 comm: gen_fast, count: 1032400
CPU [0] UID 1002 comm: gen_fast, count: 1032500
CPU [0] UID 1002 comm: gen_fast, count: 1032674
CPU [0] UID 1002 comm: gen_fast, count: 1032700
CPU [0] UID 1002 comm: gen_fast, count: 1032833
CPU [0] UID 1002 comm: gen_fast, count: 1033007
CPU [0] UID 1002 comm: gen_fast, count: 1033007
CPU [0] UID 1002 comm: gen_fast, count: 1033136
CPU [0] UID 1002 comm: gen_fast, count: 1033304
CPU [0] UID 1002 comm: gen_fast, count: 1033304
CPU [0] UID 1002 comm: gen_fast, count: 1033457
CPU [0] UID 1002 comm: gen_fast, count: 1033500
CPU [0] UID 1002 comm: gen_fast, count: 1033659
CPU [0] UID 1002 comm: gen_fast, count: 1033700
CPU [0] UID 1002 comm: gen_fast, count: 1033918
CPU [0] UID 1002 comm: gen_fast, count: 1033918
CPU [0] UID 1002 comm: gen_fast, count: 1034000
CPU [0] UID 1002 comm: gen_fast, count: 1034128
CPU [0] UID 1002 comm: gen_fast, count: 1034247
CPU [0] UID 1002 comm: gen_fast, count: 1034359
CPU [0] UID 1002 comm: gen_fast, count: 1034499
CPU [0] UID 1002 comm: gen_fast, count: 1034500
CPU [0] UID 1002 comm: gen_fast, count: 1034627
CPU [0] UID 1002 comm: gen_fast, count: 1034786
CPU [0] UID 1002 comm: gen_fast, count: 1034800
CPU [0] UID 1002 comm: gen_fast, count: 1034900
CPU [0] UID 1002 comm: gen_fast, count: 1035007
CPU [0] UID 1002 comm: gen_fast, count: 1035129
CPU [0] UID 1002 comm: gen_fast, count: 1035284
CPU [0] UID 1002 comm: gen_fast, count: 1035300
CPU [0] UID 1002 comm: gen_fast, count: 1035452
CPU [0] UID 1002 comm: gen_fast, count: 1035500
CPU [0] UID 1002 comm: gen_fast, count: 1035660
CPU [0] UID 1002 comm: gen_fast, count: 1035700
CPU [0] UID 1002 comm: gen_fast, count: 1035800
CPU [0] UID 1002 comm: gen_fast, count: 1035900
CPU [0] UID 1002 comm: gen_fast, count: 1036017
CPU [0] UID 1002 comm: gen_fast, count: 1036137
CPU [0] UID 1002 comm: gen_fast, count: 1036262
CPU [0] UID 1002 comm: gen_fast, count: 1036300
CPU [0] UID 1002 comm: gen_fast, count: 1036449
CPU [0] UID 1002 comm: gen_fast, count: 1036620
CPU [0] UID 1002 comm: gen_fast, count: 1036620
CPU [0] UID 1002 comm: gen_fast, count: 1036729
CPU [0] UID 1002 comm: gen_fast, count: 1036816
CPU [0] UID 1002 comm: gen_fast, count: 1036995
CPU [0] UID 1002 comm: gen_fast, count: 1037000
CPU [0] UID 1002 comm: gen_fast, count: 1037100
CPU [0] UID 1002 comm: gen_fast, count: 1037200
CPU [0] UID 1002 comm: gen_fast, count: 1037344
CPU [0] UID 1002 comm: gen_fast, count: 1037491
CPU [0] UID 1002 comm: gen_fast, count: 1037500
CPU [0] UID 1002 comm: gen_fast, count: 1037622
CPU [0] UID 1002 comm: gen_fast, count: 1037703
CPU [0] UID 1002 comm: gen_fast, count: 1037867
CPU [0] UID 1002 comm: gen_fast, count: 1037900
CPU [0] UID 1002 comm: gen_fast, count: 1038052
CPU [0] UID 1002 comm: gen_fast, count: 1038258
CPU [0] UID 1002 comm: gen_fast, count: 1038258
CPU [0] UID 1002 comm: gen_fast, count: 1038300
CPU [0] UID 1002 comm: gen_fast, count: 1038454
CPU [0] UID 1002 comm: gen_fast, count: 1038649
CPU [0] UID 1002 comm: gen_fast, count: 1038649
CPU [0] UID 1002 comm: gen_fast, count: 1038821
CPU [0] UID 1002 comm: gen_fast, count: 1038821
CPU [0] UID 1002 comm: gen_fast, count: 1038900
CPU [0] UID 1002 comm: gen_fast, count: 1039000
CPU [0] UID 1002 comm: gen_fast, count: 1039122
CPU [0] UID 1002 comm: gen_fast, count: 1039200
CPU [0] UID 1002 comm: gen_fast, count: 1039300
CPU [0] UID 1002 comm: gen_fast, count: 1039418
CPU [0] UID 1002 comm: gen_fast, count: 1039570
CPU [0] UID 1002 comm: gen_fast, count: 1039600
CPU [0] UID 1002 comm: gen_fast, count: 1039700
CPU [0] UID 1002 comm: gen_fast, count: 1039869
CPU [0] UID 1002 comm: gen_fast, count: 1039900
CPU [0] UID 1002 comm: gen_fast, count: 1040043
CPU [0] UID 1002 comm: gen_fast, count: 1040100
CPU [0] UID 1002 comm: gen_fast, count: 1040200
CPU [0] UID 1002 comm: gen_fast, count: 1040316
CPU [0] UID 1002 comm: gen_fast, count: 1040473
CPU [0] UID 1002 comm: gen_fast, count: 1040500
CPU [0] UID 1002 comm: gen_fast, count: 1040620
CPU [0] UID 1002 comm: gen_fast, count: 1040825
CPU [0] UID 1002 comm: gen_fast, count: 1040825
CPU [0] UID 1002 comm: gen_fast, count: 1041014
CPU [0] UID 1002 comm: gen_fast, count: 1041014
CPU [0] UID 1002 comm: gen_fast, count: 1041100
CPU [0] UID 1002 comm: gen_fast, count: 1041244
CPU [0] UID 1002 comm: gen_fast, count: 1041300
CPU [0] UID 1002 comm: gen_fast, count: 1041400
CPU [0] UID 1002 comm: gen_fast, count: 1041569
CPU [0] UID 1002 comm: gen_fast, count: 1041600
CPU [0] UID 1002 comm: gen_fast, count: 1041752
CPU [0] UID 1002 comm: gen_fast, count: 1041929
CPU [0] UID 1002 comm: gen_fast, count: 1041929
CPU [0] UID 1002 comm: gen_fast, count: 1042050
CPU [0] UID 1002 comm: gen_fast, count: 1042100
CPU [0] UID 1002 comm: gen_fast, count: 1042200
CPU [0] UID 1002 comm: gen_fast, count: 1042341
CPU [0] UID 1002 comm: gen_fast, count: 1042400
CPU [0] UID 1002 comm: gen_fast, count: 1042569
CPU [0] UID 1002 comm: gen_fast, count: 1042600
CPU [0] UID 1002 comm: gen_fast, count: 1042700
CPU [0] UID 1002 comm: gen_fast, count: 1042843
CPU [0] UID 1002 comm: gen_fast, count: 1042900
CPU [0] UID 1002 comm: gen_fast, count: 1043024
CPU [0] UID 1002 comm: gen_fast, count: 1043156
CPU [0] UID 1002 comm: gen_fast, count: 1043215
CPU [0] UID 1002 comm: gen_fast, count: 1043312
CPU [0] UID 1002 comm: gen_fast, count: 1043483
CPU [0] UID 1002 comm: gen_fast, count: 1043599
CPU [0] UID 1002 comm: gen_fast, count: 1043600
CPU [0] UID 1002 comm: gen_fast, count: 1043740
CPU [0] UID 1002 comm: gen_fast, count: 1043905
CPU [0] UID 1002 comm: gen_fast, count: 1043905
CPU [0] UID 1002 comm: gen_fast, count: 1044025
CPU [0] UID 1002 comm: gen_fast, count: 1044183
CPU [0] UID 1002 comm: gen_fast, count: 1044200
CPU [0] UID 1002 comm: gen_fast, count: 1044348
CPU [0] UID 1002 comm: gen_fast, count: 1044400
CPU [0] UID 1002 comm: gen_fast, count: 1044521
CPU [0] UID 1002 comm: gen_fast, count: 1044670
CPU [0] UID 1002 comm: gen_fast, count: 1044700
CPU [0] UID 1002 comm: gen_fast, count: 1044843
CPU [0] UID 1002 comm: gen_fast, count: 1044900
CPU [0] UID 1002 comm: gen_fast, count: 1045043
CPU [0] UID 1002 comm: gen_fast, count: 1045125
CPU [0] UID 1002 comm: gen_fast, count: 1045202
CPU [0] UID 1002 comm: gen_fast, count: 1045300
CPU [0] UID 1002 comm: gen_fast, count: 1045400
CPU [0] UID 1002 comm: gen_fast, count: 1045536
CPU [0] UID 1002 comm: gen_fast, count: 1045600
CPU [0] UID 1002 comm: gen_fast, count: 1045722
CPU [0] UID 1002 comm: gen_fast, count: 1045930
CPU [0] UID 1002 comm: gen_fast, count: 1045930
CPU [0] UID 1002 comm: gen_fast, count: 1046000
CPU [0] UID 1002 comm: gen_fast, count: 1046100
CPU [0] UID 1002 comm: gen_fast, count: 1046224
CPU [0] UID 1002 comm: gen_fast, count: 1046412
CPU [0] UID 1002 comm: gen_fast, count: 1046412
CPU [0] UID 1002 comm: gen_fast, count: 1046515
CPU [0] UID 1002 comm: gen_fast, count: 1046611
CPU [0] UID 1002 comm: gen_fast, count: 1046785
CPU [0] UID 1002 comm: gen_fast, count: 1046800
CPU [0] UID 1002 comm: gen_fast, count: 1046905
CPU [0] UID 1002 comm: gen_fast, count: 1047057
CPU [0] UID 1002 comm: gen_fast, count: 1047100
CPU [0] UID 1002 comm: gen_fast, count: 1047254
CPU [0] UID 1002 comm: gen_fast, count: 1047300
CPU [0] UID 1002 comm: gen_fast, count: 1047400
CPU [0] UID 1002 comm: gen_fast, count: 1047567
CPU [0] UID 1002 comm: gen_fast, count: 1047600
CPU [0] UID 1002 comm: gen_fast, count: 1047710
CPU [0] UID 1002 comm: gen_fast, count: 1047850
CPU [0] UID 1002 comm: gen_fast, count: 1047970
CPU [0] UID 1002 comm: gen_fast, count: 1048000
CPU [0] UID 1002 comm: gen_fast, count: 1048102
CPU [0] UID 1002 comm: gen_fast, count: 1048222
CPU [0] UID 1002 comm: gen_fast, count: 1048357
CPU [0] UID 1002 comm: gen_fast, count: 1048504
CPU [0] UID 1002 comm: gen_fast, count: 1048504
CPU [0] UID 1002 comm: gen_fast, count: 1048623
CPU [0] UID 1002 comm: gen_fast, count: 1048764
CPU [0] UID 1002 comm: gen_fast, count: 1048800
CPU [0] UID 1002 comm: gen_fast, count: 1048900
CPU [0] UID 1002 comm: gen_fast, count: 1049021
CPU [0] UID 1002 comm: gen_fast, count: 1049181
CPU [0] UID 1002 comm: gen_fast, count: 1049200
CPU [0] UID 1002 comm: gen_fast, count: 1049364
CPU [0] UID 1002 comm: gen_fast, count: 1049400
CPU [0] UID 1002 comm: gen_fast, count: 1049500
CPU [0] UID 1002 comm: gen_fast, count: 1049610
CPU [0] UID 1002 comm: gen_fast, count: 1049700
CPU [0] UID 1002 comm: gen_fast, count: 1049809
CPU [0] UID 1002 comm: gen_fast, count: 1050006
CPU [0] UID 1002 comm: gen_fast, count: 1050006
CPU [0] UID 1002 comm: gen_fast, count: 1050197
CPU [0] UID 1002 comm: gen_fast, count: 1050200
CPU [0] UID 1002 comm: gen_fast, count: 1050335
CPU [0] UID 1002 comm: gen_fast, count: 1050450
CPU [0] UID 1002 comm: gen_fast, count: 1050603
CPU [0] UID 1002 comm: gen_fast, count: 1050603
CPU [0] UID 1002 comm: gen_fast, count: 1050700
CPU [0] UID 1002 comm: gen_fast, count: 1050800
CPU [0] UID 1002 comm: gen_fast, count: 1050915
CPU [0] UID 1002 comm: gen_fast, count: 1051000
CPU [0] UID 1002 comm: gen_fast, count: 1051139
CPU [0] UID 1002 comm: gen_fast, count: 1051285
CPU [0] UID 1002 comm: gen_fast, count: 1051300
CPU [0] UID 1002 comm: gen_fast, count: 1051453
CPU [0] UID 1002 comm: gen_fast, count: 1051500
CPU [0] UID 1002 comm: gen_fast, count: 1051631
CPU [0] UID 1002 comm: gen_fast, count: 1051700
CPU [0] UID 1002 comm: gen_fast, count: 1051800
CPU [0] UID 1002 comm: gen_fast, count: 1051900
CPU [0] UID 1002 comm: gen_fast, count: 1052013
CPU [0] UID 1002 comm: gen_fast, count: 1052229
CPU [0] UID 1002 comm: gen_fast, count: 1052229
CPU [0] UID 1002 comm: gen_fast, count: 1052300
CPU [0] UID 1002 comm: gen_fast, count: 1052400
CPU [0] UID 1002 comm: gen_fast, count: 1052534
CPU [0] UID 1002 comm: gen_fast, count: 1052712
CPU [0] UID 1002 comm: gen_fast, count: 1052712
CPU [0] UID 1002 comm: gen_fast, count: 1052840
CPU [0] UID 1002 comm: gen_fast, count: 1053033
CPU [0] UID 1002 comm: gen_fast, count: 1053033
CPU [0] UID 1002 comm: gen_fast, count: 1053227
CPU [0] UID 1002 comm: gen_fast, count: 1053227
CPU [0] UID 1002 comm: gen_fast, count: 1053300
CPU [0] UID 1002 comm: gen_fast, count: 1053446
CPU [0] UID 1002 comm: gen_fast, count: 1053504
CPU [0] UID 1002 comm: gen_fast, count: 1053605
CPU [0] UID 1002 comm: gen_fast, count: 1053791
CPU [0] UID 1002 comm: gen_fast, count: 1053800
CPU [0] UID 1002 comm: gen_fast, count: 1053910
CPU [0] UID 1002 comm: gen_fast, count: 1054068
CPU [0] UID 1002 comm: gen_fast, count: 1054100
CPU [0] UID 1002 comm: gen_fast, count: 1054242
CPU [0] UID 1002 comm: gen_fast, count: 1054300
CPU [0] UID 1002 comm: gen_fast, count: 1054400
CPU [0] UID 1002 comm: gen_fast, count: 1054571
CPU [0] UID 1002 comm: gen_fast, count: 1054600
CPU [0] UID 1002 comm: gen_fast, count: 1054791
CPU [0] UID 1002 comm: gen_fast, count: 1054800
CPU [0] UID 1002 comm: gen_fast, count: 1054958
CPU [0] UID 1002 comm: gen_fast, count: 1055000
CPU [0] UID 1002 comm: gen_fast, count: 1055100
CPU [0] UID 1002 comm: gen_fast, count: 1055279
CPU [0] UID 1002 comm: gen_fast, count: 1055300
CPU [0] UID 1002 comm: gen_fast, count: 1055400
CPU [0] UID 1002 comm: gen_fast, count: 1055511
CPU [0] UID 1002 comm: gen_fast, count: 1055634
CPU [0] UID 1002 comm: gen_fast, count: 1055700
CPU [0] UID 1002 comm: gen_fast, count: 1055800
CPU [0] UID 1002 comm: gen_fast, count: 1055918
CPU [0] UID 1002 comm: gen_fast, count: 1056042
CPU [0] UID 1002 comm: gen_fast, count: 1056161
CPU [0] UID 1002 comm: gen_fast, count: 1056291
CPU [0] UID 1002 comm: gen_fast, count: 1056300
CPU [0] UID 1002 comm: gen_fast, count: 1056404
CPU [0] UID 1002 comm: gen_fast, count: 1056527
CPU [0] UID 1002 comm: gen_fast, count: 1056638
CPU [0] UID 1002 comm: gen_fast, count: 1056779
CPU [0] UID 1002 comm: gen_fast, count: 1056800
CPU [0] UID 1002 comm: gen_fast, count: 1056900
CPU [0] UID 1002 comm: gen_fast, count: 1057023
CPU [0] UID 1002 comm: gen_fast, count: 1057137
CPU [0] UID 1002 comm: gen_fast, count: 1057296
CPU [0] UID 1002 comm: gen_fast, count: 1057300
CPU [0] UID 1002 comm: gen_fast, count: 1057429
CPU [0] UID 1002 comm: gen_fast, count: 1057569
CPU [0] UID 1002 comm: gen_fast, count: 1057600
CPU [0] UID 1002 comm: gen_fast, count: 1057700
CPU [0] UID 1002 comm: gen_fast, count: 1057833
CPU [0] UID 1002 comm: gen_fast, count: 1057970
CPU [0] UID 1002 comm: gen_fast, count: 1058000
CPU [0] UID 1002 comm: gen_fast, count: 1058152
CPU [0] UID 1002 comm: gen_fast, count: 1058200
CPU [0] UID 1002 comm: gen_fast, count: 1058417
CPU [0] UID 1002 comm: gen_fast, count: 1058417
CPU [0] UID 1002 comm: gen_fast, count: 1058500
CPU [0] UID 1002 comm: gen_fast, count: 1058650
CPU [0] UID 1002 comm: gen_fast, count: 1058700
CPU [0] UID 1002 comm: gen_fast, count: 1058851
CPU [0] UID 1002 comm: gen_fast, count: 1058900
CPU [0] UID 1002 comm: gen_fast, count: 1059002
CPU [0] UID 1002 comm: gen_fast, count: 1059191
CPU [0] UID 1002 comm: gen_fast, count: 1059200
CPU [0] UID 1002 comm: gen_fast, count: 1059329
CPU [0] UID 1002 comm: gen_fast, count: 1059460
CPU [0] UID 1002 comm: gen_fast, count: 1059500
CPU [0] UID 1002 comm: gen_fast, count: 1059606
CPU [0] UID 1002 comm: gen_fast, count: 1059754
CPU [0] UID 1002 comm: gen_fast, count: 1059800
CPU [0] UID 1002 comm: gen_fast, count: 1059900
CPU [0] UID 1002 comm: gen_fast, count: 1060050
CPU [0] UID 1002 comm: gen_fast, count: 1060247
CPU [0] UID 1002 comm: gen_fast, count: 1060247
CPU [0] UID 1002 comm: gen_fast, count: 1060300
CPU [0] UID 1002 comm: gen_fast, count: 1060402
CPU [0] UID 1002 comm: gen_fast, count: 1060528
CPU [0] UID 1002 comm: gen_fast, count: 1060636
CPU [0] UID 1002 comm: gen_fast, count: 1060777
CPU [0] UID 1002 comm: gen_fast, count: 1060800
CPU [0] UID 1002 comm: gen_fast, count: 1060901
CPU [0] UID 1002 comm: gen_fast, count: 1061010
CPU [0] UID 1002 comm: gen_fast, count: 1061153
CPU [0] UID 1002 comm: gen_fast, count: 1061200
CPU [0] UID 1002 comm: gen_fast, count: 1061371
CPU [0] UID 1002 comm: gen_fast, count: 1061400
CPU [0] UID 1002 comm: gen_fast, count: 1061500
CPU [0] UID 1002 comm: gen_fast, count: 1061635
CPU [0] UID 1002 comm: gen_fast, count: 1061720
CPU [0] UID 1002 comm: gen_fast, count: 1061800
CPU [0] UID 1002 comm: gen_fast, count: 1061907
CPU [0] UID 1002 comm: gen_fast, count: 1062025
CPU [0] UID 1002 comm: gen_fast, count: 1062144
CPU [0] UID 1002 comm: gen_fast, count: 1062268
CPU [0] UID 1002 comm: gen_fast, count: 1062320
CPU [0] UID 1002 comm: gen_fast, count: 1062400
CPU [0] UID 1002 comm: gen_fast, count: 1062500
CPU [0] UID 1002 comm: gen_fast, count: 1062616
CPU [0] UID 1002 comm: gen_fast, count: 1062759
CPU [0] UID 1002 comm: gen_fast, count: 1062900
CPU [0] UID 1002 comm: gen_fast, count: 1062900
CPU [0] UID 1002 comm: gen_fast, count: 1063000
CPU [0] UID 1002 comm: gen_fast, count: 1063102
CPU [0] UID 1002 comm: gen_fast, count: 1063214
CPU [0] UID 1002 comm: gen_fast, count: 1063300
CPU [0] UID 1002 comm: gen_fast, count: 1063402
CPU [0] UID 1002 comm: gen_fast, count: 1063523
CPU [0] UID 1002 comm: gen_fast, count: 1063645
CPU [0] UID 1002 comm: gen_fast, count: 1063767
CPU [0] UID 1002 comm: gen_fast, count: 1063820
CPU [0] UID 1002 comm: gen_fast, count: 1063900
CPU [0] UID 1002 comm: gen_fast, count: 1064000
CPU [0] UID 1002 comm: gen_fast, count: 1064117
CPU [0] UID 1002 comm: gen_fast, count: 1064238
CPU [0] UID 1002 comm: gen_fast, count: 1064364
CPU [0] UID 1002 comm: gen_fast, count: 1064504
CPU [0] UID 1002 comm: gen_fast, count: 1064504
CPU [0] UID 1002 comm: gen_fast, count: 1064600
CPU [0] UID 1002 comm: gen_fast, count: 1064711
CPU [0] UID 1002 comm: gen_fast, count: 1064800
CPU [0] UID 1002 comm: gen_fast, count: 1064900
CPU [0] UID 1002 comm: gen_fast, count: 1065000
CPU [0] UID 1002 comm: gen_fast, count: 1065107
CPU [0] UID 1002 comm: gen_fast, count: 1065216
CPU [0] UID 1002 comm: gen_fast, count: 1065365
CPU [0] UID 1002 comm: gen_fast, count: 1065400
CPU [0] UID 1002 comm: gen_fast, count: 1065510
CPU [0] UID 1002 comm: gen_fast, count: 1065600
CPU [0] UID 1002 comm: gen_fast, count: 1065710
CPU [0] UID 1002 comm: gen_fast, count: 1065818
CPU [0] UID 1002 comm: gen_fast, count: 1065949
CPU [0] UID 1002 comm: gen_fast, count: 1066008
CPU [0] UID 1002 comm: gen_fast, count: 1066128
CPU [0] UID 1002 comm: gen_fast, count: 1066257
CPU [0] UID 1002 comm: gen_fast, count: 1066300
CPU [0] UID 1002 comm: gen_fast, count: 1066400
CPU [0] UID 1002 comm: gen_fast, count: 1066500
CPU [0] UID 1002 comm: gen_fast, count: 1066607
CPU [0] UID 1002 comm: gen_fast, count: 1066718
CPU [0] UID 1002 comm: gen_fast, count: 1066853
CPU [0] UID 1002 comm: gen_fast, count: 1066900
CPU [0] UID 1002 comm: gen_fast, count: 1067005
CPU [0] UID 1002 comm: gen_fast, count: 1067101
CPU [0] UID 1002 comm: gen_fast, count: 1067209
CPU [0] UID 1002 comm: gen_fast, count: 1067330
CPU [0] UID 1002 comm: gen_fast, count: 1067453
CPU [0] UID 1002 comm: gen_fast, count: 1067570
CPU [0] UID 1002 comm: gen_fast, count: 1067600
CPU [0] UID 1002 comm: gen_fast, count: 1067700
CPU [0] UID 1002 comm: gen_fast, count: 1067800
CPU [0] UID 1002 comm: gen_fast, count: 1067908
CPU [0] UID 1002 comm: gen_fast, count: 1068040
CPU [0] UID 1002 comm: gen_fast, count: 1068100
CPU [0] UID 1002 comm: gen_fast, count: 1068203
CPU [0] UID 1002 comm: gen_fast, count: 1068306
CPU [0] UID 1002 comm: gen_fast, count: 1068426
CPU [0] UID 1002 comm: gen_fast, count: 1068570
CPU [0] UID 1002 comm: gen_fast, count: 1068628
CPU [0] UID 1002 comm: gen_fast, count: 1068700
CPU [0] UID 1002 comm: gen_fast, count: 1068804
CPU [0] UID 1002 comm: gen_fast, count: 1068900
CPU [0] UID 1002 comm: gen_fast, count: 1069012
CPU [0] UID 1002 comm: gen_fast, count: 1069100
CPU [0] UID 1002 comm: gen_fast, count: 1069213
CPU [0] UID 1002 comm: gen_fast, count: 1069300
CPU [0] UID 1002 comm: gen_fast, count: 1069400
CPU [0] UID 1002 comm: gen_fast, count: 1069500
CPU [0] UID 1002 comm: gen_fast, count: 1069600
CPU [0] UID 1002 comm: gen_fast, count: 1069711
CPU [0] UID 1002 comm: gen_fast, count: 1069831
CPU [0] UID 1002 comm: gen_fast, count: 1069948
CPU [0] UID 1002 comm: gen_fast, count: 1070078
CPU [0] UID 1002 comm: gen_fast, count: 1070100
CPU [0] UID 1002 comm: gen_fast, count: 1070200
CPU [0] UID 1002 comm: gen_fast, count: 1070316
CPU [0] UID 1002 comm: gen_fast, count: 1070400
CPU [0] UID 1002 comm: gen_fast, count: 1070504
CPU [0] UID 1002 comm: gen_fast, count: 1070600
CPU [0] UID 1002 comm: gen_fast, count: 1070716
CPU [0] UID 1002 comm: gen_fast, count: 1070830
CPU [0] UID 1002 comm: gen_fast, count: 1070973
CPU [0] UID 1002 comm: gen_fast, count: 1071028
CPU [0] UID 1002 comm: gen_fast, count: 1071100
CPU [0] UID 1002 comm: gen_fast, count: 1071209
CPU [0] UID 1002 comm: gen_fast, count: 1071324
CPU [0] UID 1002 comm: gen_fast, count: 1071400
CPU [0] UID 1002 comm: gen_fast, count: 1071503
CPU [0] UID 1002 comm: gen_fast, count: 1071623
CPU [0] UID 1002 comm: gen_fast, count: 1071762
CPU [0] UID 1002 comm: gen_fast, count: 1071884
CPU [0] UID 1002 comm: gen_fast, count: 1071942
CPU [0] UID 1002 comm: gen_fast, count: 1072000
CPU [0] UID 1002 comm: gen_fast, count: 1072105
CPU [0] UID 1002 comm: gen_fast, count: 1072200
CPU [0] UID 1002 comm: gen_fast, count: 1072310
CPU [0] UID 1002 comm: gen_fast, count: 1072424
CPU [0] UID 1002 comm: gen_fast, count: 1072544
CPU [0] UID 1002 comm: gen_fast, count: 1072665
CPU [0] UID 1002 comm: gen_fast, count: 1072713
CPU [0] UID 1002 comm: gen_fast, count: 1072800
CPU [0] UID 1002 comm: gen_fast, count: 1072900
CPU [0] UID 1002 comm: gen_fast, count: 1073015
CPU [0] UID 1002 comm: gen_fast, count: 1073100
CPU [0] UID 1002 comm: gen_fast, count: 1073211
CPU [0] UID 1002 comm: gen_fast, count: 1073341
CPU [0] UID 1002 comm: gen_fast, count: 1073404
CPU [0] UID 1002 comm: gen_fast, count: 1073527
CPU [0] UID 1002 comm: gen_fast, count: 1073669
CPU [0] UID 1002 comm: gen_fast, count: 1073735
CPU [0] UID 1002 comm: gen_fast, count: 1073877
CPU [0] UID 1002 comm: gen_fast, count: 1073900
CPU [0] UID 1002 comm: gen_fast, count: 1074000
CPU [0] UID 1002 comm: gen_fast, count: 1074105
CPU [0] UID 1002 comm: gen_fast, count: 1074233
CPU [0] UID 1002 comm: gen_fast, count: 1074338
CPU [0] UID 1002 comm: gen_fast, count: 1074462
CPU [0] UID 1002 comm: gen_fast, count: 1074500
CPU [0] UID 1002 comm: gen_fast, count: 1074600
CPU [0] UID 1002 comm: gen_fast, count: 1074711
CPU [0] UID 1002 comm: gen_fast, count: 1074813
CPU [0] UID 1002 comm: gen_fast, count: 1074944
CPU [0] UID 1002 comm: gen_fast, count: 1075054
CPU [0] UID 1002 comm: gen_fast, count: 1075191
CPU [0] UID 1002 comm: gen_fast, count: 1075200
CPU [0] UID 1002 comm: gen_fast, count: 1075343
CPU [0] UID 1002 comm: gen_fast, count: 1075400
CPU [0] UID 1002 comm: gen_fast, count: 1075500
CPU [0] UID 1002 comm: gen_fast, count: 1075600
CPU [0] UID 1002 comm: gen_fast, count: 1075709
CPU [0] UID 1002 comm: gen_fast, count: 1075845
CPU [0] UID 1002 comm: gen_fast, count: 1075984
CPU [0] UID 1002 comm: gen_fast, count: 1076000
CPU [0] UID 1002 comm: gen_fast, count: 1076100
CPU [0] UID 1002 comm: gen_fast, count: 1076220
CPU [0] UID 1002 comm: gen_fast, count: 1076324
CPU [0] UID 1002 comm: gen_fast, count: 1076458
CPU [0] UID 1002 comm: gen_fast, count: 1076500
CPU [0] UID 1002 comm: gen_fast, count: 1076600
CPU [0] UID 1002 comm: gen_fast, count: 1076728
CPU [0] UID 1002 comm: gen_fast, count: 1076801
CPU [0] UID 1002 comm: gen_fast, count: 1076936
CPU [0] UID 1002 comm: gen_fast, count: 1077070
CPU [0] UID 1002 comm: gen_fast, count: 1077100
CPU [0] UID 1002 comm: gen_fast, count: 1077200
CPU [0] UID 1002 comm: gen_fast, count: 1077308
CPU [0] UID 1002 comm: gen_fast, count: 1077418
CPU [0] UID 1002 comm: gen_fast, count: 1077557
CPU [0] UID 1002 comm: gen_fast, count: 1077600
CPU [0] UID 1002 comm: gen_fast, count: 1077701
CPU [0] UID 1002 comm: gen_fast, count: 1077800
CPU [0] UID 1002 comm: gen_fast, count: 1077911
CPU [0] UID 1002 comm: gen_fast, count: 1078025
CPU [0] UID 1002 comm: gen_fast, count: 1078100
CPU [0] UID 1002 comm: gen_fast, count: 1078202
CPU [0] UID 1002 comm: gen_fast, count: 1078300
CPU [0] UID 1002 comm: gen_fast, count: 1078400
CPU [0] UID 1002 comm: gen_fast, count: 1078511
CPU [0] UID 1002 comm: gen_fast, count: 1078644
CPU [0] UID 1002 comm: gen_fast, count: 1078737
CPU [0] UID 1002 comm: gen_fast, count: 1078800
CPU [0] UID 1002 comm: gen_fast, count: 1078901
CPU [0] UID 1002 comm: gen_fast, count: 1079025
CPU [0] UID 1002 comm: gen_fast, count: 1079150
CPU [0] UID 1002 comm: gen_fast, count: 1079200
CPU [0] UID 1002 comm: gen_fast, count: 1079300
CPU [0] UID 1002 comm: gen_fast, count: 1079409
CPU [0] UID 1002 comm: gen_fast, count: 1079500
CPU [0] UID 1002 comm: gen_fast, count: 1079612
CPU [0] UID 1002 comm: gen_fast, count: 1079727
CPU [0] UID 1002 comm: gen_fast, count: 1079858
CPU [0] UID 1002 comm: gen_fast, count: 1079900
CPU [0] UID 1002 comm: gen_fast, count: 1080101
CPU [0] UID 1002 comm: gen_fast, count: 1080101
CPU [0] UID 1002 comm: gen_fast, count: 1080200
CPU [0] UID 1002 comm: gen_fast, count: 1080300
CPU [0] UID 1002 comm: gen_fast, count: 1080400
CPU [0] UID 1002 comm: gen_fast, count: 1080506
CPU [0] UID 1002 comm: gen_fast, count: 1080600
CPU [0] UID 1002 comm: gen_fast, count: 1080707
CPU [0] UID 1002 comm: gen_fast, count: 1080809
CPU [0] UID 1002 comm: gen_fast, count: 1080932
CPU [0] UID 1002 comm: gen_fast, count: 1081075
CPU [0] UID 1002 comm: gen_fast, count: 1081100
CPU [0] UID 1002 comm: gen_fast, count: 1081212
CPU [0] UID 1002 comm: gen_fast, count: 1081352
CPU [0] UID 1002 comm: gen_fast, count: 1081400
CPU [0] UID 1002 comm: gen_fast, count: 1081507
CPU [0] UID 1002 comm: gen_fast, count: 1081629
CPU [0] UID 1002 comm: gen_fast, count: 1081751
CPU [0] UID 1002 comm: gen_fast, count: 1081892
CPU [0] UID 1002 comm: gen_fast, count: 1081900
CPU [0] UID 1002 comm: gen_fast, count: 1082041
CPU [0] UID 1002 comm: gen_fast, count: 1082100
CPU [0] UID 1002 comm: gen_fast, count: 1082200
CPU [0] UID 1002 comm: gen_fast, count: 1082300
CPU [0] UID 1002 comm: gen_fast, count: 1082403
CPU [0] UID 1002 comm: gen_fast, count: 1082526
CPU [0] UID 1002 comm: gen_fast, count: 1082644
CPU [0] UID 1002 comm: gen_fast, count: 1082761
CPU [0] UID 1002 comm: gen_fast, count: 1082800
CPU [0] UID 1002 comm: gen_fast, count: 1082900
CPU [0] UID 1002 comm: gen_fast, count: 1083000
CPU [0] UID 1002 comm: gen_fast, count: 1083108
CPU [0] UID 1002 comm: gen_fast, count: 1083232
CPU [0] UID 1002 comm: gen_fast, count: 1083360
CPU [0] UID 1002 comm: gen_fast, count: 1083415
CPU [0] UID 1002 comm: gen_fast, count: 1083539
CPU [0] UID 1002 comm: gen_fast, count: 1083664
CPU [0] UID 1002 comm: gen_fast, count: 1083700
CPU [0] UID 1002 comm: gen_fast, count: 1083800
CPU [0] UID 1002 comm: gen_fast, count: 1083900
CPU [0] UID 1002 comm: gen_fast, count: 1084000
CPU [0] UID 1002 comm: gen_fast, count: 1084114
CPU [0] UID 1002 comm: gen_fast, count: 1084232
CPU [0] UID 1002 comm: gen_fast, count: 1084350
CPU [0] UID 1002 comm: gen_fast, count: 1084468
CPU [0] UID 1002 comm: gen_fast, count: 1084500
CPU [0] UID 1002 comm: gen_fast, count: 1084600
CPU [0] UID 1002 comm: gen_fast, count: 1084700
CPU [0] UID 1002 comm: gen_fast, count: 1084827
CPU [0] UID 1002 comm: gen_fast, count: 1084928
CPU [0] UID 1002 comm: gen_fast, count: 1085065
CPU [0] UID 1002 comm: gen_fast, count: 1085100
CPU [0] UID 1002 comm: gen_fast, count: 1085200
CPU [0] UID 1002 comm: gen_fast, count: 1085300
CPU [0] UID 1002 comm: gen_fast, count: 1085410
CPU [0] UID 1002 comm: gen_fast, count: 1085518
CPU [0] UID 1002 comm: gen_fast, count: 1085636
CPU [0] UID 1002 comm: gen_fast, count: 1085759
CPU [0] UID 1002 comm: gen_fast, count: 1085904
CPU [0] UID 1002 comm: gen_fast, count: 1085904
CPU [0] UID 1002 comm: gen_fast, count: 1086032
CPU [0] UID 1002 comm: gen_fast, count: 1086154
CPU [0] UID 1002 comm: gen_fast, count: 1086285
CPU [0] UID 1002 comm: gen_fast, count: 1086300
CPU [0] UID 1002 comm: gen_fast, count: 1086400
CPU [0] UID 1002 comm: gen_fast, count: 1086537
CPU [0] UID 1002 comm: gen_fast, count: 1086638
CPU [0] UID 1002 comm: gen_fast, count: 1086701
CPU [0] UID 1002 comm: gen_fast, count: 1086822
CPU [0] UID 1002 comm: gen_fast, count: 1086935
CPU [0] UID 1002 comm: gen_fast, count: 1087000
CPU [0] UID 1002 comm: gen_fast, count: 1087100
CPU [0] UID 1002 comm: gen_fast, count: 1087200
CPU [0] UID 1002 comm: gen_fast, count: 1087300
CPU [0] UID 1002 comm: gen_fast, count: 1087420
CPU [0] UID 1002 comm: gen_fast, count: 1087563
CPU [0] UID 1002 comm: gen_fast, count: 1087600
CPU [0] UID 1002 comm: gen_fast, count: 1087700
CPU [0] UID 1002 comm: gen_fast, count: 1087814
CPU [0] UID 1002 comm: gen_fast, count: 1087989
CPU [0] UID 1002 comm: gen_fast, count: 1088000
CPU [0] UID 1002 comm: gen_fast, count: 1088100
CPU [0] UID 1002 comm: gen_fast, count: 1088213
CPU [0] UID 1002 comm: gen_fast, count: 1088319
CPU [0] UID 1002 comm: gen_fast, count: 1088464
CPU [0] UID 1002 comm: gen_fast, count: 1088500
CPU [0] UID 1002 comm: gen_fast, count: 1088600
CPU [0] UID 1002 comm: gen_fast, count: 1088708
CPU [0] UID 1002 comm: gen_fast, count: 1088830
CPU [0] UID 1002 comm: gen_fast, count: 1088946
CPU [0] UID 1002 comm: gen_fast, count: 1089076
CPU [0] UID 1002 comm: gen_fast, count: 1089100
CPU [0] UID 1002 comm: gen_fast, count: 1089200
CPU [0] UID 1002 comm: gen_fast, count: 1089340
CPU [0] UID 1002 comm: gen_fast, count: 1089475
CPU [0] UID 1002 comm: gen_fast, count: 1089500
CPU [0] UID 1002 comm: gen_fast, count: 1089600
CPU [0] UID 1002 comm: gen_fast, count: 1089703
CPU [0] UID 1002 comm: gen_fast, count: 1089833
CPU [0] UID 1002 comm: gen_fast, count: 1089923
CPU [0] UID 1002 comm: gen_fast, count: 1090000
CPU [0] UID 1002 comm: gen_fast, count: 1090110
CPU [0] UID 1002 comm: gen_fast, count: 1090237
CPU [0] UID 1002 comm: gen_fast, count: 1090352
CPU [0] UID 1002 comm: gen_fast, count: 1090421
CPU [0] UID 1002 comm: gen_fast, count: 1090546
CPU [0] UID 1002 comm: gen_fast, count: 1090668
CPU [0] UID 1002 comm: gen_fast, count: 1090725
CPU [0] UID 1002 comm: gen_fast, count: 1090800
CPU [0] UID 1002 comm: gen_fast, count: 1090960
CPU [0] UID 1002 comm: gen_fast, count: 1091000
CPU [0] UID 1002 comm: gen_fast, count: 1091137
CPU [0] UID 1002 comm: gen_fast, count: 1091200
CPU [0] UID 1002 comm: gen_fast, count: 1091300
CPU [0] UID 1002 comm: gen_fast, count: 1091400
CPU [0] UID 1002 comm: gen_fast, count: 1091500
CPU [0] UID 1002 comm: gen_fast, count: 1091613
CPU [0] UID 1002 comm: gen_fast, count: 1091734
CPU [0] UID 1002 comm: gen_fast, count: 1091801
CPU [0] UID 1002 comm: gen_fast, count: 1091928
CPU [0] UID 1002 comm: gen_fast, count: 1092044
CPU [0] UID 1002 comm: gen_fast, count: 1092113
CPU [0] UID 1002 comm: gen_fast, count: 1092200
CPU [0] UID 1002 comm: gen_fast, count: 1092304
CPU [0] UID 1002 comm: gen_fast, count: 1092425
CPU [0] UID 1002 comm: gen_fast, count: 1092500
CPU [0] UID 1002 comm: gen_fast, count: 1092614
CPU [0] UID 1002 comm: gen_fast, count: 1092746
CPU [0] UID 1002 comm: gen_fast, count: 1092876
CPU [0] UID 1002 comm: gen_fast, count: 1092900
CPU [0] UID 1002 comm: gen_fast, count: 1093000
CPU [0] UID 1002 comm: gen_fast, count: 1093118
CPU [0] UID 1002 comm: gen_fast, count: 1093227
CPU [0] UID 1002 comm: gen_fast, count: 1093359
CPU [0] UID 1002 comm: gen_fast, count: 1093400
CPU [0] UID 1002 comm: gen_fast, count: 1093541
CPU [0] UID 1002 comm: gen_fast, count: 1093600
CPU [0] UID 1002 comm: gen_fast, count: 1093813
CPU [0] UID 1002 comm: gen_fast, count: 1093813
CPU [0] UID 1002 comm: gen_fast, count: 1093955
CPU [0] UID 1002 comm: gen_fast, count: 1094000
CPU [0] UID 1002 comm: gen_fast, count: 1094100
CPU [0] UID 1002 comm: gen_fast, count: 1094209
CPU [0] UID 1002 comm: gen_fast, count: 1094312
CPU [0] UID 1002 comm: gen_fast, count: 1094400
CPU [0] UID 1002 comm: gen_fast, count: 1094503
CPU [0] UID 1002 comm: gen_fast, count: 1094645
CPU [0] UID 1002 comm: gen_fast, count: 1094700
CPU [0] UID 1002 comm: gen_fast, count: 1094811
CPU [0] UID 1002 comm: gen_fast, count: 1094954
CPU [0] UID 1002 comm: gen_fast, count: 1095087
CPU [0] UID 1002 comm: gen_fast, count: 1095100
CPU [0] UID 1002 comm: gen_fast, count: 1095200
CPU [0] UID 1002 comm: gen_fast, count: 1095313
CPU [0] UID 1002 comm: gen_fast, count: 1095453
CPU [0] UID 1002 comm: gen_fast, count: 1095596
CPU [0] UID 1002 comm: gen_fast, count: 1095600
CPU [0] UID 1002 comm: gen_fast, count: 1095746
CPU [0] UID 1002 comm: gen_fast, count: 1095800
CPU [0] UID 1002 comm: gen_fast, count: 1096017
CPU [0] UID 1002 comm: gen_fast, count: 1096017
CPU [0] UID 1002 comm: gen_fast, count: 1096100
CPU [0] UID 1002 comm: gen_fast, count: 1096225
CPU [0] UID 1002 comm: gen_fast, count: 1096312
CPU [0] UID 1002 comm: gen_fast, count: 1096400
CPU [0] UID 1002 comm: gen_fast, count: 1096504
CPU [0] UID 1002 comm: gen_fast, count: 1096636
CPU [0] UID 1002 comm: gen_fast, count: 1096739
CPU [0] UID 1002 comm: gen_fast, count: 1096872
CPU [0] UID 1002 comm: gen_fast, count: 1096900
CPU [0] UID 1002 comm: gen_fast, count: 1097000
CPU [0] UID 1002 comm: gen_fast, count: 1097110
CPU [0] UID 1002 comm: gen_fast, count: 1097210
CPU [0] UID 1002 comm: gen_fast, count: 1097331
CPU [0] UID 1002 comm: gen_fast, count: 1097400
CPU [0] UID 1002 comm: gen_fast, count: 1097500
CPU [0] UID 1002 comm: gen_fast, count: 1097600
CPU [0] UID 1002 comm: gen_fast, count: 1097705
CPU [0] UID 1002 comm: gen_fast, count: 1097818
CPU [0] UID 1002 comm: gen_fast, count: 1097929
CPU [0] UID 1002 comm: gen_fast, count: 1098000
CPU [0] UID 1002 comm: gen_fast, count: 1098105
CPU [0] UID 1002 comm: gen_fast, count: 1098307
CPU [0] UID 1002 comm: gen_fast, count: 1098307
CPU [0] UID 1002 comm: gen_fast, count: 1098404
CPU [0] UID 1002 comm: gen_fast, count: 1098500
CPU [0] UID 1002 comm: gen_fast, count: 1098603
CPU [0] UID 1002 comm: gen_fast, count: 1098730
CPU [0] UID 1002 comm: gen_fast, count: 1098838
CPU [0] UID 1002 comm: gen_fast, count: 1098900
CPU [0] UID 1002 comm: gen_fast, count: 1099013
CPU [0] UID 1002 comm: gen_fast, count: 1099141
CPU [0] UID 1002 comm: gen_fast, count: 1099200
CPU [0] UID 1002 comm: gen_fast, count: 1099300
CPU [0] UID 1002 comm: gen_fast, count: 1099401
CPU [0] UID 1002 comm: gen_fast, count: 1099526
CPU [0] UID 1002 comm: gen_fast, count: 1099654
CPU [0] UID 1002 comm: gen_fast, count: 1099779
CPU [0] UID 1002 comm: gen_fast, count: 1099800
CPU [0] UID 1002 comm: gen_fast, count: 1099964
CPU [0] UID 1002 comm: gen_fast, count: 1100013
CPU [0] UID 1002 comm: gen_fast, count: 1100100
CPU [0] UID 1002 comm: gen_fast, count: 1100200
CPU [0] UID 1002 comm: gen_fast, count: 1100345
CPU [0] UID 1002 comm: gen_fast, count: 1100487
CPU [0] UID 1002 comm: gen_fast, count: 1100500
CPU [0] UID 1002 comm: gen_fast, count: 1100600
CPU [0] UID 1002 comm: gen_fast, count: 1100708
CPU [0] UID 1002 comm: gen_fast, count: 1100846
CPU [0] UID 1002 comm: gen_fast, count: 1100900
CPU [0] UID 1002 comm: gen_fast, count: 1101000
CPU [0] UID 1002 comm: gen_fast, count: 1101121
CPU [0] UID 1002 comm: gen_fast, count: 1101236
CPU [0] UID 1002 comm: gen_fast, count: 1101366
CPU [0] UID 1002 comm: gen_fast, count: 1101401
CPU [0] UID 1002 comm: gen_fast, count: 1101500
CPU [0] UID 1002 comm: gen_fast, count: 1101614
CPU [0] UID 1002 comm: gen_fast, count: 1101741
CPU [0] UID 1002 comm: gen_fast, count: 1101861
CPU [0] UID 1002 comm: gen_fast, count: 1101900
CPU [0] UID 1002 comm: gen_fast, count: 1102000
CPU [0] UID 1002 comm: gen_fast, count: 1102115
CPU [0] UID 1002 comm: gen_fast, count: 1102218
CPU [0] UID 1002 comm: gen_fast, count: 1102338
CPU [0] UID 1002 comm: gen_fast, count: 1102400
CPU [0] UID 1002 comm: gen_fast, count: 1102500
CPU [0] UID 1002 comm: gen_fast, count: 1102652
CPU [0] UID 1002 comm: gen_fast, count: 1102779
CPU [0] UID 1002 comm: gen_fast, count: 1102800
CPU [0] UID 1002 comm: gen_fast, count: 1102906
CPU [0] UID 1002 comm: gen_fast, count: 1103023
CPU [0] UID 1002 comm: gen_fast, count: 1103144
CPU [0] UID 1002 comm: gen_fast, count: 1103205
CPU [0] UID 1002 comm: gen_fast, count: 1103323
CPU [0] UID 1002 comm: gen_fast, count: 1103451
CPU [0] UID 1002 comm: gen_fast, count: 1103500
CPU [0] UID 1002 comm: gen_fast, count: 1103600
CPU [0] UID 1002 comm: gen_fast, count: 1103791
CPU [0] UID 1002 comm: gen_fast, count: 1103800
CPU [0] UID 1002 comm: gen_fast, count: 1103900
CPU [0] UID 1002 comm: gen_fast, count: 1104004
CPU [0] UID 1002 comm: gen_fast, count: 1104128
CPU [0] UID 1002 comm: gen_fast, count: 1104273
CPU [0] UID 1002 comm: gen_fast, count: 1104300
CPU [0] UID 1002 comm: gen_fast, count: 1104420
CPU [0] UID 1002 comm: gen_fast, count: 1104508
CPU [0] UID 1002 comm: gen_fast, count: 1104636
CPU [0] UID 1002 comm: gen_fast, count: 1104740
CPU [0] UID 1002 comm: gen_fast, count: 1104800
CPU [0] UID 1002 comm: gen_fast, count: 1104906
CPU [0] UID 1002 comm: gen_fast, count: 1105000
CPU [0] UID 1002 comm: gen_fast, count: 1105119
CPU [0] UID 1002 comm: gen_fast, count: 1105233
CPU [0] UID 1002 comm: gen_fast, count: 1105380
CPU [0] UID 1002 comm: gen_fast, count: 1105400
CPU [0] UID 1002 comm: gen_fast, count: 1105514
CPU [0] UID 1002 comm: gen_fast, count: 1105603
CPU [0] UID 1002 comm: gen_fast, count: 1105709
CPU [0] UID 1002 comm: gen_fast, count: 1105800
CPU [0] UID 1002 comm: gen_fast, count: 1105913
CPU [0] UID 1002 comm: gen_fast, count: 1106038
CPU [0] UID 1002 comm: gen_fast, count: 1106100
CPU [0] UID 1002 comm: gen_fast, count: 1106277
CPU [0] UID 1002 comm: gen_fast, count: 1106300
CPU [0] UID 1002 comm: gen_fast, count: 1106400
CPU [0] UID 1002 comm: gen_fast, count: 1106515
CPU [0] UID 1002 comm: gen_fast, count: 1106640
CPU [0] UID 1002 comm: gen_fast, count: 1106782
CPU [0] UID 1002 comm: gen_fast, count: 1106800
CPU [0] UID 1002 comm: gen_fast, count: 1106900
CPU [0] UID 1002 comm: gen_fast, count: 1107006
CPU [0] UID 1002 comm: gen_fast, count: 1107150
CPU [0] UID 1002 comm: gen_fast, count: 1107219
CPU [0] UID 1002 comm: gen_fast, count: 1107370
CPU [0] UID 1002 comm: gen_fast, count: 1107400
CPU [0] UID 1002 comm: gen_fast, count: 1107527
CPU [0] UID 1002 comm: gen_fast, count: 1107665
CPU [0] UID 1002 comm: gen_fast, count: 1107700
CPU [0] UID 1002 comm: gen_fast, count: 1107800
CPU [0] UID 1002 comm: gen_fast, count: 1107915
CPU [0] UID 1002 comm: gen_fast, count: 1108001
CPU [0] UID 1002 comm: gen_fast, count: 1108100
CPU [0] UID 1002 comm: gen_fast, count: 1108204
CPU [0] UID 1002 comm: gen_fast, count: 1108302
CPU [0] UID 1002 comm: gen_fast, count: 1108421
CPU [0] UID 1002 comm: gen_fast, count: 1108534
CPU [0] UID 1002 comm: gen_fast, count: 1108600
CPU [0] UID 1002 comm: gen_fast, count: 1108719
CPU [0] UID 1002 comm: gen_fast, count: 1108838
CPU [0] UID 1002 comm: gen_fast, count: 1108981
CPU [0] UID 1002 comm: gen_fast, count: 1109000
CPU [0] UID 1002 comm: gen_fast, count: 1109100
CPU [0] UID 1002 comm: gen_fast, count: 1109215
CPU [0] UID 1002 comm: gen_fast, count: 1109348
CPU [0] UID 1002 comm: gen_fast, count: 1109400
CPU [0] UID 1002 comm: gen_fast, count: 1109542
CPU [0] UID 1002 comm: gen_fast, count: 1109689
CPU [0] UID 1002 comm: gen_fast, count: 1109700
CPU [0] UID 1002 comm: gen_fast, count: 1109803
CPU [0] UID 1002 comm: gen_fast, count: 1109900
CPU [0] UID 1002 comm: gen_fast, count: 1110018
CPU [0] UID 1002 comm: gen_fast, count: 1110130
CPU [0] UID 1002 comm: gen_fast, count: 1110247
CPU [0] UID 1002 comm: gen_fast, count: 1110376
CPU [0] UID 1002 comm: gen_fast, count: 1110400
CPU [0] UID 1002 comm: gen_fast, count: 1110505
CPU [0] UID 1002 comm: gen_fast, count: 1110605
CPU [0] UID 1002 comm: gen_fast, count: 1110707
CPU [0] UID 1002 comm: gen_fast, count: 1110800
CPU [0] UID 1002 comm: gen_fast, count: 1110913
CPU [0] UID 1002 comm: gen_fast, count: 1111035
CPU [0] UID 1002 comm: gen_fast, count: 1111150
CPU [0] UID 1002 comm: gen_fast, count: 1111279
CPU [0] UID 1002 comm: gen_fast, count: 1111300
CPU [0] UID 1002 comm: gen_fast, count: 1111413
CPU [0] UID 1002 comm: gen_fast, count: 1111500
CPU [0] UID 1002 comm: gen_fast, count: 1111600
CPU [0] UID 1002 comm: gen_fast, count: 1111700
CPU [0] UID 1002 comm: gen_fast, count: 1111820
CPU [0] UID 1002 comm: gen_fast, count: 1111900
CPU [0] UID 1002 comm: gen_fast, count: 1112010
CPU [0] UID 1002 comm: gen_fast, count: 1112127
CPU [0] UID 1002 comm: gen_fast, count: 1112270
CPU [0] UID 1002 comm: gen_fast, count: 1112337
CPU [0] UID 1002 comm: gen_fast, count: 1112483
CPU [0] UID 1002 comm: gen_fast, count: 1112500
CPU [0] UID 1002 comm: gen_fast, count: 1112600
CPU [0] UID 1002 comm: gen_fast, count: 1112715
CPU [0] UID 1002 comm: gen_fast, count: 1112828
CPU [0] UID 1002 comm: gen_fast, count: 1112957
CPU [0] UID 1002 comm: gen_fast, count: 1113000
CPU [0] UID 1002 comm: gen_fast, count: 1113100
CPU [0] UID 1002 comm: gen_fast, count: 1113207
CPU [0] UID 1002 comm: gen_fast, count: 1113309
CPU [0] UID 1002 comm: gen_fast, count: 1113428
CPU [0] UID 1002 comm: gen_fast, count: 1113500
CPU [0] UID 1002 comm: gen_fast, count: 1113620
CPU [0] UID 1002 comm: gen_fast, count: 1113749
CPU [0] UID 1002 comm: gen_fast, count: 1113870
CPU [0] UID 1002 comm: gen_fast, count: 1113900
CPU [0] UID 1002 comm: gen_fast, count: 1114006
CPU [0] UID 1002 comm: gen_fast, count: 1114100
CPU [0] UID 1002 comm: gen_fast, count: 1114201
CPU [0] UID 1002 comm: gen_fast, count: 1114320
CPU [0] UID 1002 comm: gen_fast, count: 1114436
CPU [0] UID 1002 comm: gen_fast, count: 1114577
CPU [0] UID 1002 comm: gen_fast, count: 1114600
CPU [0] UID 1002 comm: gen_fast, count: 1114744
CPU [0] UID 1002 comm: gen_fast, count: 1114800
CPU [0] UID 1002 comm: gen_fast, count: 1114900
CPU [0] UID 1002 comm: gen_fast, count: 1115021
CPU [0] UID 1002 comm: gen_fast, count: 1115159
CPU [0] UID 1002 comm: gen_fast, count: 1115298
CPU [0] UID 1002 comm: gen_fast, count: 1115300
CPU [0] UID 1002 comm: gen_fast, count: 1115444
CPU [0] UID 1002 comm: gen_fast, count: 1115500
CPU [0] UID 1002 comm: gen_fast, count: 1115711
CPU [0] UID 1002 comm: gen_fast, count: 1115711
CPU [0] UID 1002 comm: gen_fast, count: 1115800
CPU [0] UID 1002 comm: gen_fast, count: 1115912
CPU [0] UID 1002 comm: gen_fast, count: 1116032
CPU [0] UID 1002 comm: gen_fast, count: 1116146
CPU [0] UID 1002 comm: gen_fast, count: 1116275
CPU [0] UID 1002 comm: gen_fast, count: 1116300
CPU [0] UID 1002 comm: gen_fast, count: 1116413
CPU [0] UID 1002 comm: gen_fast, count: 1116500
CPU [0] UID 1002 comm: gen_fast, count: 1116616
CPU [0] UID 1002 comm: gen_fast, count: 1116737
CPU [0] UID 1002 comm: gen_fast, count: 1116847
CPU [0] UID 1002 comm: gen_fast, count: 1116976
CPU [0] UID 1002 comm: gen_fast, count: 1117000
CPU [0] UID 1002 comm: gen_fast, count: 1117100
CPU [0] UID 1002 comm: gen_fast, count: 1117210
CPU [0] UID 1002 comm: gen_fast, count: 1117312
CPU [0] UID 1002 comm: gen_fast, count: 1117453
CPU [0] UID 1002 comm: gen_fast, count: 1117591
CPU [0] UID 1002 comm: gen_fast, count: 1117600
CPU [0] UID 1002 comm: gen_fast, count: 1117700
CPU [0] UID 1002 comm: gen_fast, count: 1117809
CPU [0] UID 1002 comm: gen_fast, count: 1117931
CPU [0] UID 1002 comm: gen_fast, count: 1118031
CPU [0] UID 1002 comm: gen_fast, count: 1118147
CPU [0] UID 1002 comm: gen_fast, count: 1118269
CPU [0] UID 1002 comm: gen_fast, count: 1118300
CPU [0] UID 1002 comm: gen_fast, count: 1118400
CPU [0] UID 1002 comm: gen_fast, count: 1118504
CPU [0] UID 1002 comm: gen_fast, count: 1118637
CPU [0] UID 1002 comm: gen_fast, count: 1118740
CPU [0] UID 1002 comm: gen_fast, count: 1118862
CPU [0] UID 1002 comm: gen_fast, count: 1118992
CPU [0] UID 1002 comm: gen_fast, count: 1119000
CPU [0] UID 1002 comm: gen_fast, count: 1119100
CPU [0] UID 1002 comm: gen_fast, count: 1119204
CPU [0] UID 1002 comm: gen_fast, count: 1119329
CPU [0] UID 1002 comm: gen_fast, count: 1119457
CPU [0] UID 1002 comm: gen_fast, count: 1119500
CPU [0] UID 1002 comm: gen_fast, count: 1119695
CPU [0] UID 1002 comm: gen_fast, count: 1119700
CPU [0] UID 1002 comm: gen_fast, count: 1119800
CPU [0] UID 1002 comm: gen_fast, count: 1119922
CPU [0] UID 1002 comm: gen_fast, count: 1120000
CPU [0] UID 1002 comm: gen_fast, count: 1120103
CPU [0] UID 1002 comm: gen_fast, count: 1120232
CPU [0] UID 1002 comm: gen_fast, count: 1120343
CPU [0] UID 1002 comm: gen_fast, count: 1120468
CPU [0] UID 1002 comm: gen_fast, count: 1120500
CPU [0] UID 1002 comm: gen_fast, count: 1120600
CPU [0] UID 1002 comm: gen_fast, count: 1120706
CPU [0] UID 1002 comm: gen_fast, count: 1120840
CPU [0] UID 1002 comm: gen_fast, count: 1120923
CPU [0] UID 1002 comm: gen_fast, count: 1121036
CPU [0] UID 1002 comm: gen_fast, count: 1121181
CPU [0] UID 1002 comm: gen_fast, count: 1121200
CPU [0] UID 1002 comm: gen_fast, count: 1121302
CPU [0] UID 1002 comm: gen_fast, count: 1121400
CPU [0] UID 1002 comm: gen_fast, count: 1121550
CPU [0] UID 1002 comm: gen_fast, count: 1121600
CPU [0] UID 1002 comm: gen_fast, count: 1121806
CPU [0] UID 1002 comm: gen_fast, count: 1121806
CPU [0] UID 1002 comm: gen_fast, count: 1121921
CPU [0] UID 1002 comm: gen_fast, count: 1122029
CPU [0] UID 1002 comm: gen_fast, count: 1122100
CPU [0] UID 1002 comm: gen_fast, count: 1122200
CPU [0] UID 1002 comm: gen_fast, count: 1122356
CPU [0] UID 1002 comm: gen_fast, count: 1122400
CPU [0] UID 1002 comm: gen_fast, count: 1122500
CPU [0] UID 1002 comm: gen_fast, count: 1122630
CPU [0] UID 1002 comm: gen_fast, count: 1122719
CPU [0] UID 1002 comm: gen_fast, count: 1122923
CPU [0] UID 1002 comm: gen_fast, count: 1122923
CPU [0] UID 1002 comm: gen_fast, count: 1123090
CPU [0] UID 1002 comm: gen_fast, count: 1123100
CPU [0] UID 1002 comm: gen_fast, count: 1123216
CPU [0] UID 1002 comm: gen_fast, count: 1123300
CPU [0] UID 1002 comm: gen_fast, count: 1123422
CPU [0] UID 1002 comm: gen_fast, count: 1123542
CPU [0] UID 1002 comm: gen_fast, count: 1123600
CPU [0] UID 1002 comm: gen_fast, count: 1123700
CPU [0] UID 1002 comm: gen_fast, count: 1123800
CPU [0] UID 1002 comm: gen_fast, count: 1123973
CPU [0] UID 1002 comm: gen_fast, count: 1124000
CPU [0] UID 1002 comm: gen_fast, count: 1124129
CPU [0] UID 1002 comm: gen_fast, count: 1124312
CPU [0] UID 1002 comm: gen_fast, count: 1124312
CPU [0] UID 1002 comm: gen_fast, count: 1124403
CPU [0] UID 1002 comm: gen_fast, count: 1124532
CPU [0] UID 1002 comm: gen_fast, count: 1124685
CPU [0] UID 1002 comm: gen_fast, count: 1124700
CPU [0] UID 1002 comm: gen_fast, count: 1124887
CPU [0] UID 1002 comm: gen_fast, count: 1124900
CPU [0] UID 1002 comm: gen_fast, count: 1125014
CPU [0] UID 1002 comm: gen_fast, count: 1125107
CPU [0] UID 1002 comm: gen_fast, count: 1125267
CPU [0] UID 1002 comm: gen_fast, count: 1125300
CPU [0] UID 1002 comm: gen_fast, count: 1125411
CPU [0] UID 1002 comm: gen_fast, count: 1125543
CPU [0] UID 1002 comm: gen_fast, count: 1125600
CPU [0] UID 1002 comm: gen_fast, count: 1125720
CPU [0] UID 1002 comm: gen_fast, count: 1125858
CPU [0] UID 1002 comm: gen_fast, count: 1125909
CPU [0] UID 1002 comm: gen_fast, count: 1126016
CPU [0] UID 1002 comm: gen_fast, count: 1126132
CPU [0] UID 1002 comm: gen_fast, count: 1126279
CPU [0] UID 1002 comm: gen_fast, count: 1126300
CPU [0] UID 1002 comm: gen_fast, count: 1126413
CPU [0] UID 1002 comm: gen_fast, count: 1126513
CPU [0] UID 1002 comm: gen_fast, count: 1126645
CPU [0] UID 1002 comm: gen_fast, count: 1126753
CPU [0] UID 1002 comm: gen_fast, count: 1126893
CPU [0] UID 1002 comm: gen_fast, count: 1126900
CPU [0] UID 1002 comm: gen_fast, count: 1127000
CPU [0] UID 1002 comm: gen_fast, count: 1127104
CPU [0] UID 1002 comm: gen_fast, count: 1127229
CPU [0] UID 1002 comm: gen_fast, count: 1127355
CPU [0] UID 1002 comm: gen_fast, count: 1127400
CPU [0] UID 1002 comm: gen_fast, count: 1127504
CPU [0] UID 1002 comm: gen_fast, count: 1127614
CPU [0] UID 1002 comm: gen_fast, count: 1127739
CPU [0] UID 1002 comm: gen_fast, count: 1127866
CPU [0] UID 1002 comm: gen_fast, count: 1127900
CPU [0] UID 1002 comm: gen_fast, count: 1128111
CPU [0] UID 1002 comm: gen_fast, count: 1128111
CPU [0] UID 1002 comm: gen_fast, count: 1128200
CPU [0] UID 1002 comm: gen_fast, count: 1128309
CPU [0] UID 1002 comm: gen_fast, count: 1128432
CPU [0] UID 1002 comm: gen_fast, count: 1128560
CPU [0] UID 1002 comm: gen_fast, count: 1128600
CPU [0] UID 1002 comm: gen_fast, count: 1128700
CPU [0] UID 1002 comm: gen_fast, count: 1128813
CPU [0] UID 1002 comm: gen_fast, count: 1128925
CPU [0] UID 1002 comm: gen_fast, count: 1129000
CPU [0] UID 1002 comm: gen_fast, count: 1129104
CPU [0] UID 1002 comm: gen_fast, count: 1129224
CPU [0] UID 1002 comm: gen_fast, count: 1129368
CPU [0] UID 1002 comm: gen_fast, count: 1129486
CPU [0] UID 1002 comm: gen_fast, count: 1129500
CPU [0] UID 1002 comm: gen_fast, count: 1129600
CPU [0] UID 1002 comm: gen_fast, count: 1129703
CPU [0] UID 1002 comm: gen_fast, count: 1129818
CPU [0] UID 1002 comm: gen_fast, count: 1129928
CPU [0] UID 1002 comm: gen_fast, count: 1130051
CPU [0] UID 1002 comm: gen_fast, count: 1130137
CPU [0] UID 1002 comm: gen_fast, count: 1130259
CPU [0] UID 1002 comm: gen_fast, count: 1130362
CPU [0] UID 1002 comm: gen_fast, count: 1130496
CPU [0] UID 1002 comm: gen_fast, count: 1130500
CPU [0] UID 1002 comm: gen_fast, count: 1130632
CPU [0] UID 1002 comm: gen_fast, count: 1130700
CPU [0] UID 1002 comm: gen_fast, count: 1130815
CPU [0] UID 1002 comm: gen_fast, count: 1130943
CPU [0] UID 1002 comm: gen_fast, count: 1131037
CPU [0] UID 1002 comm: gen_fast, count: 1131181
CPU [0] UID 1002 comm: gen_fast, count: 1131200
CPU [0] UID 1002 comm: gen_fast, count: 1131322
CPU [0] UID 1002 comm: gen_fast, count: 1131400
CPU [0] UID 1002 comm: gen_fast, count: 1131500
CPU [0] UID 1002 comm: gen_fast, count: 1131612
CPU [0] UID 1002 comm: gen_fast, count: 1131700
CPU [0] UID 1002 comm: gen_fast, count: 1131829
CPU [0] UID 1002 comm: gen_fast, count: 1131900
CPU [0] UID 1002 comm: gen_fast, count: 1132034
CPU [0] UID 1002 comm: gen_fast, count: 1132113
CPU [0] UID 1002 comm: gen_fast, count: 1132200
CPU [0] UID 1002 comm: gen_fast, count: 1132416
CPU [0] UID 1002 comm: gen_fast, count: 1132416
CPU [0] UID 1002 comm: gen_fast, count: 1132500
CPU [0] UID 1002 comm: gen_fast, count: 1132600
CPU [0] UID 1002 comm: gen_fast, count: 1132757
CPU [0] UID 1002 comm: gen_fast, count: 1132825
CPU [0] UID 1002 comm: gen_fast, count: 1132911
CPU [0] UID 1002 comm: gen_fast, count: 1133000
CPU [0] UID 1002 comm: gen_fast, count: 1133100
CPU [0] UID 1002 comm: gen_fast, count: 1133240
CPU [0] UID 1002 comm: gen_fast, count: 1133304
CPU [0] UID 1002 comm: gen_fast, count: 1133419
CPU [0] UID 1002 comm: gen_fast, count: 1133597
CPU [0] UID 1002 comm: gen_fast, count: 1133600
CPU [0] UID 1002 comm: gen_fast, count: 1133754
CPU [0] UID 1002 comm: gen_fast, count: 1133800
CPU [0] UID 1002 comm: gen_fast, count: 1133950
CPU [0] UID 1002 comm: gen_fast, count: 1134000
CPU [0] UID 1002 comm: gen_fast, count: 1134115
CPU [0] UID 1002 comm: gen_fast, count: 1134200
CPU [0] UID 1002 comm: gen_fast, count: 1134347
CPU [0] UID 1002 comm: gen_fast, count: 1134432
CPU [0] UID 1002 comm: gen_fast, count: 1134500
CPU [0] UID 1002 comm: gen_fast, count: 1134600
CPU [0] UID 1002 comm: gen_fast, count: 1134759
CPU [0] UID 1002 comm: gen_fast, count: 1134800
CPU [0] UID 1002 comm: gen_fast, count: 1134905
CPU [0] UID 1002 comm: gen_fast, count: 1135036
CPU [0] UID 1002 comm: gen_fast, count: 1135222
CPU [0] UID 1002 comm: gen_fast, count: 1135222
CPU [0] UID 1002 comm: gen_fast, count: 1135300
CPU [0] UID 1002 comm: gen_fast, count: 1135462
CPU [0] UID 1002 comm: gen_fast, count: 1135500
CPU [0] UID 1002 comm: gen_fast, count: 1135650
CPU [0] UID 1002 comm: gen_fast, count: 1135700
CPU [0] UID 1002 comm: gen_fast, count: 1135800
CPU [0] UID 1002 comm: gen_fast, count: 1135900
CPU [0] UID 1002 comm: gen_fast, count: 1136036
CPU [0] UID 1002 comm: gen_fast, count: 1136214
CPU [0] UID 1002 comm: gen_fast, count: 1136214
CPU [0] UID 1002 comm: gen_fast, count: 1136316
CPU [0] UID 1002 comm: gen_fast, count: 1136431
CPU [0] UID 1002 comm: gen_fast, count: 1136500
CPU [0] UID 1002 comm: gen_fast, count: 1136600
CPU [0] UID 1002 comm: gen_fast, count: 1136795
CPU [0] UID 1002 comm: gen_fast, count: 1136800
CPU [0] UID 1002 comm: gen_fast, count: 1136934
CPU [0] UID 1002 comm: gen_fast, count: 1137108
CPU [0] UID 1002 comm: gen_fast, count: 1137108
CPU [0] UID 1002 comm: gen_fast, count: 1137225
CPU [0] UID 1002 comm: gen_fast, count: 1137387
CPU [0] UID 1002 comm: gen_fast, count: 1137400
CPU [0] UID 1002 comm: gen_fast, count: 1137500
CPU [0] UID 1002 comm: gen_fast, count: 1137639
CPU [0] UID 1002 comm: gen_fast, count: 1137700
CPU [0] UID 1002 comm: gen_fast, count: 1137833
CPU [0] UID 1002 comm: gen_fast, count: 1137900
CPU [0] UID 1002 comm: gen_fast, count: 1138093
CPU [0] UID 1002 comm: gen_fast, count: 1138100
CPU [0] UID 1002 comm: gen_fast, count: 1138291
CPU [0] UID 1002 comm: gen_fast, count: 1138300
CPU [0] UID 1002 comm: gen_fast, count: 1138400
CPU [0] UID 1002 comm: gen_fast, count: 1138500
CPU [0] UID 1002 comm: gen_fast, count: 1138629
CPU [0] UID 1002 comm: gen_fast, count: 1138804
CPU [0] UID 1002 comm: gen_fast, count: 1138804
CPU [0] UID 1002 comm: gen_fast, count: 1138971
CPU [0] UID 1002 comm: gen_fast, count: 1139000
CPU [0] UID 1002 comm: gen_fast, count: 1139116
CPU [0] UID 1002 comm: gen_fast, count: 1139232
CPU [0] UID 1002 comm: gen_fast, count: 1139315
CPU [0] UID 1002 comm: gen_fast, count: 1139400
CPU [0] UID 1002 comm: gen_fast, count: 1139600
CPU [0] UID 1002 comm: gen_fast, count: 1139600
CPU [0] UID 1002 comm: gen_fast, count: 1139757
CPU [0] UID 1002 comm: gen_fast, count: 1139891
CPU [0] UID 1002 comm: gen_fast, count: 1139900
CPU [0] UID 1002 comm: gen_fast, count: 1140011
CPU [0] UID 1002 comm: gen_fast, count: 1140154
CPU [0] UID 1002 comm: gen_fast, count: 1140200
CPU [0] UID 1002 comm: gen_fast, count: 1140311
CPU [0] UID 1002 comm: gen_fast, count: 1140408
CPU [0] UID 1002 comm: gen_fast, count: 1140544
CPU [0] UID 1002 comm: gen_fast, count: 1140600
CPU [0] UID 1002 comm: gen_fast, count: 1140838
CPU [0] UID 1002 comm: gen_fast, count: 1140838
CPU [0] UID 1002 comm: gen_fast, count: 1141042
CPU [0] UID 1002 comm: gen_fast, count: 1141042
CPU [0] UID 1002 comm: gen_fast, count: 1141219
CPU [0] UID 1002 comm: gen_fast, count: 1141219
CPU [0] UID 1002 comm: gen_fast, count: 1141326
CPU [0] UID 1002 comm: gen_fast, count: 1141400
CPU [0] UID 1002 comm: gen_fast, count: 1141503
CPU [0] UID 1002 comm: gen_fast, count: 1141687
CPU [0] UID 1002 comm: gen_fast, count: 1141700
CPU [0] UID 1002 comm: gen_fast, count: 1141822
CPU [0] UID 1002 comm: gen_fast, count: 1142010
CPU [0] UID 1002 comm: gen_fast, count: 1142010
CPU [0] UID 1002 comm: gen_fast, count: 1142124
CPU [0] UID 1002 comm: gen_fast, count: 1142226
CPU [0] UID 1002 comm: gen_fast, count: 1142377
CPU [0] UID 1002 comm: gen_fast, count: 1142400
CPU [0] UID 1002 comm: gen_fast, count: 1142583
CPU [0] UID 1002 comm: gen_fast, count: 1142600
CPU [0] UID 1002 comm: gen_fast, count: 1142795
CPU [0] UID 1002 comm: gen_fast, count: 1142800
CPU [0] UID 1002 comm: gen_fast, count: 1142906
CPU [0] UID 1002 comm: gen_fast, count: 1143018
CPU [0] UID 1002 comm: gen_fast, count: 1143181
CPU [0] UID 1002 comm: gen_fast, count: 1143296
CPU [0] UID 1002 comm: gen_fast, count: 1143300
CPU [0] UID 1002 comm: gen_fast, count: 1143479
CPU [0] UID 1002 comm: gen_fast, count: 1143500
CPU [0] UID 1002 comm: gen_fast, count: 1143659
CPU [0] UID 1002 comm: gen_fast, count: 1143779
CPU [0] UID 1002 comm: gen_fast, count: 1143800
CPU [0] UID 1002 comm: gen_fast, count: 1143933
CPU [0] UID 1002 comm: gen_fast, count: 1144120
CPU [0] UID 1002 comm: gen_fast, count: 1144120
CPU [0] UID 1002 comm: gen_fast, count: 1144236
CPU [0] UID 1002 comm: gen_fast, count: 1144300
CPU [0] UID 1002 comm: gen_fast, count: 1144400
CPU [0] UID 1002 comm: gen_fast, count: 1144511
CPU [0] UID 1002 comm: gen_fast, count: 1144629
CPU [0] UID 1002 comm: gen_fast, count: 1144751
CPU [0] UID 1002 comm: gen_fast, count: 1144866
CPU [0] UID 1002 comm: gen_fast, count: 1145026
CPU [0] UID 1002 comm: gen_fast, count: 1145026
CPU [0] UID 1002 comm: gen_fast, count: 1145113
CPU [0] UID 1002 comm: gen_fast, count: 1145234
CPU [0] UID 1002 comm: gen_fast, count: 1145357
CPU [0] UID 1002 comm: gen_fast, count: 1145484
CPU [0] UID 1002 comm: gen_fast, count: 1145500
CPU [0] UID 1002 comm: gen_fast, count: 1145606
CPU [0] UID 1002 comm: gen_fast, count: 1145714
CPU [0] UID 1002 comm: gen_fast, count: 1145872
CPU [0] UID 1002 comm: gen_fast, count: 1145900
CPU [0] UID 1002 comm: gen_fast, count: 1146001
CPU [0] UID 1002 comm: gen_fast, count: 1146147
CPU [0] UID 1002 comm: gen_fast, count: 1146200
CPU [0] UID 1002 comm: gen_fast, count: 1146312
CPU [0] UID 1002 comm: gen_fast, count: 1146470
CPU [0] UID 1002 comm: gen_fast, count: 1146500
CPU [0] UID 1002 comm: gen_fast, count: 1146602
CPU [0] UID 1002 comm: gen_fast, count: 1146721
CPU [0] UID 1002 comm: gen_fast, count: 1146860
CPU [0] UID 1002 comm: gen_fast, count: 1146997
CPU [0] UID 1002 comm: gen_fast, count: 1147000
CPU [0] UID 1002 comm: gen_fast, count: 1147100
CPU [0] UID 1002 comm: gen_fast, count: 1147221
CPU [0] UID 1002 comm: gen_fast, count: 1147357
CPU [0] UID 1002 comm: gen_fast, count: 1147492
CPU [0] UID 1002 comm: gen_fast, count: 1147500
CPU [0] UID 1002 comm: gen_fast, count: 1147600
CPU [0] UID 1002 comm: gen_fast, count: 1147716
CPU [0] UID 1002 comm: gen_fast, count: 1147843
CPU [0] UID 1002 comm: gen_fast, count: 1147962
CPU [0] UID 1002 comm: gen_fast, count: 1148099
CPU [0] UID 1002 comm: gen_fast, count: 1148100
CPU [0] UID 1002 comm: gen_fast, count: 1148200
CPU [0] UID 1002 comm: gen_fast, count: 1148322
CPU [0] UID 1002 comm: gen_fast, count: 1148451
CPU [0] UID 1002 comm: gen_fast, count: 1148584
CPU [0] UID 1002 comm: gen_fast, count: 1148600
CPU [0] UID 1002 comm: gen_fast, count: 1148700
CPU [0] UID 1002 comm: gen_fast, count: 1148807
CPU [0] UID 1002 comm: gen_fast, count: 1148932
CPU [0] UID 1002 comm: gen_fast, count: 1149077
CPU [0] UID 1002 comm: gen_fast, count: 1149100
CPU [0] UID 1002 comm: gen_fast, count: 1149200
CPU [0] UID 1002 comm: gen_fast, count: 1149307
CPU [0] UID 1002 comm: gen_fast, count: 1149401
CPU [0] UID 1002 comm: gen_fast, count: 1149528
CPU [0] UID 1002 comm: gen_fast, count: 1149681
CPU [0] UID 1002 comm: gen_fast, count: 1149700
CPU [0] UID 1002 comm: gen_fast, count: 1149830
CPU [0] UID 1002 comm: gen_fast, count: 1149900
CPU [0] UID 1002 comm: gen_fast, count: 1150015
CPU [0] UID 1002 comm: gen_fast, count: 1150143
CPU [0] UID 1002 comm: gen_fast, count: 1150268
CPU [0] UID 1002 comm: gen_fast, count: 1150329
CPU [0] UID 1002 comm: gen_fast, count: 1150455
CPU [0] UID 1002 comm: gen_fast, count: 1150593
CPU [0] UID 1002 comm: gen_fast, count: 1150600
CPU [0] UID 1002 comm: gen_fast, count: 1150701
CPU [0] UID 1002 comm: gen_fast, count: 1150843
CPU [0] UID 1002 comm: gen_fast, count: 1150900
CPU [0] UID 1002 comm: gen_fast, count: 1151000
CPU [0] UID 1002 comm: gen_fast, count: 1151142
CPU [0] UID 1002 comm: gen_fast, count: 1151287
CPU [0] UID 1002 comm: gen_fast, count: 1151300
CPU [0] UID 1002 comm: gen_fast, count: 1151401
CPU [0] UID 1002 comm: gen_fast, count: 1151500
CPU [0] UID 1002 comm: gen_fast, count: 1151604
CPU [0] UID 1002 comm: gen_fast, count: 1151753
CPU [0] UID 1002 comm: gen_fast, count: 1151800
CPU [0] UID 1002 comm: gen_fast, count: 1151994
CPU [0] UID 1002 comm: gen_fast, count: 1152000
CPU [0] UID 1002 comm: gen_fast, count: 1152100
CPU [0] UID 1002 comm: gen_fast, count: 1152200
CPU [0] UID 1002 comm: gen_fast, count: 1152336
CPU [0] UID 1002 comm: gen_fast, count: 1152517
CPU [0] UID 1002 comm: gen_fast, count: 1152517
CPU [0] UID 1002 comm: gen_fast, count: 1152647
CPU [0] UID 1002 comm: gen_fast, count: 1152848
CPU [0] UID 1002 comm: gen_fast, count: 1152848
CPU [0] UID 1002 comm: gen_fast, count: 1152900
CPU [0] UID 1002 comm: gen_fast, count: 1153015
CPU [0] UID 1002 comm: gen_fast, count: 1153100
CPU [0] UID 1002 comm: gen_fast, count: 1153285
CPU [0] UID 1002 comm: gen_fast, count: 1153300
CPU [0] UID 1002 comm: gen_fast, count: 1153418
CPU [0] UID 1002 comm: gen_fast, count: 1153505
CPU [0] UID 1002 comm: gen_fast, count: 1153600
CPU [0] UID 1002 comm: gen_fast, count: 1153748
CPU [0] UID 1002 comm: gen_fast, count: 1153800
CPU [0] UID 1002 comm: gen_fast, count: 1153905
CPU [0] UID 1002 comm: gen_fast, count: 1154028
CPU [0] UID 1002 comm: gen_fast, count: 1154100
CPU [0] UID 1002 comm: gen_fast, count: 1154200
CPU [0] UID 1002 comm: gen_fast, count: 1154300
CPU [0] UID 1002 comm: gen_fast, count: 1154446
CPU [0] UID 1002 comm: gen_fast, count: 1154500
CPU [0] UID 1002 comm: gen_fast, count: 1154600
CPU [0] UID 1002 comm: gen_fast, count: 1154700
CPU [0] UID 1002 comm: gen_fast, count: 1154846
CPU [0] UID 1002 comm: gen_fast, count: 1154933
CPU [0] UID 1002 comm: gen_fast, count: 1155019
CPU [0] UID 1002 comm: gen_fast, count: 1155231
CPU [0] UID 1002 comm: gen_fast, count: 1155231
CPU [0] UID 1002 comm: gen_fast, count: 1155317
CPU [0] UID 1002 comm: gen_fast, count: 1155473
CPU [0] UID 1002 comm: gen_fast, count: 1155500
CPU [0] UID 1002 comm: gen_fast, count: 1155604
CPU [0] UID 1002 comm: gen_fast, count: 1155725
CPU [0] UID 1002 comm: gen_fast, count: 1155899
CPU [0] UID 1002 comm: gen_fast, count: 1155900
CPU [0] UID 1002 comm: gen_fast, count: 1156000
CPU [0] UID 1002 comm: gen_fast, count: 1156157
CPU [0] UID 1002 comm: gen_fast, count: 1156200
CPU [0] UID 1002 comm: gen_fast, count: 1156336
CPU [0] UID 1002 comm: gen_fast, count: 1156400
CPU [0] UID 1002 comm: gen_fast, count: 1156509
CPU [0] UID 1002 comm: gen_fast, count: 1156655
CPU [0] UID 1002 comm: gen_fast, count: 1156700
CPU [0] UID 1002 comm: gen_fast, count: 1156800
CPU [0] UID 1002 comm: gen_fast, count: 1156940
CPU [0] UID 1002 comm: gen_fast, count: 1157000
CPU [0] UID 1002 comm: gen_fast, count: 1157192
CPU [0] UID 1002 comm: gen_fast, count: 1157200
CPU [0] UID 1002 comm: gen_fast, count: 1157350
CPU [0] UID 1002 comm: gen_fast, count: 1157400
CPU [0] UID 1002 comm: gen_fast, count: 1157553
CPU [0] UID 1002 comm: gen_fast, count: 1157600
CPU [0] UID 1002 comm: gen_fast, count: 1157700
CPU [0] UID 1002 comm: gen_fast, count: 1157846
CPU [0] UID 1002 comm: gen_fast, count: 1157900
CPU [0] UID 1002 comm: gen_fast, count: 1158048
CPU [0] UID 1002 comm: gen_fast, count: 1158100
CPU [0] UID 1002 comm: gen_fast, count: 1158263
CPU [0] UID 1002 comm: gen_fast, count: 1158300
CPU [0] UID 1002 comm: gen_fast, count: 1158400
CPU [0] UID 1002 comm: gen_fast, count: 1158560
CPU [0] UID 1002 comm: gen_fast, count: 1158600
CPU [0] UID 1002 comm: gen_fast, count: 1158766
CPU [0] UID 1002 comm: gen_fast, count: 1158800
CPU [0] UID 1002 comm: gen_fast, count: 1158926
CPU [0] UID 1002 comm: gen_fast, count: 1159069
CPU [0] UID 1002 comm: gen_fast, count: 1159100
CPU [0] UID 1002 comm: gen_fast, count: 1159204
CPU [0] UID 1002 comm: gen_fast, count: 1159399
CPU [0] UID 1002 comm: gen_fast, count: 1159400
CPU [0] UID 1002 comm: gen_fast, count: 1159589
CPU [0] UID 1002 comm: gen_fast, count: 1159600
CPU [0] UID 1002 comm: gen_fast, count: 1159700
CPU [0] UID 1002 comm: gen_fast, count: 1159800
CPU [0] UID 1002 comm: gen_fast, count: 1159943
CPU [0] UID 1002 comm: gen_fast, count: 1160120
CPU [0] UID 1002 comm: gen_fast, count: 1160120
CPU [0] UID 1002 comm: gen_fast, count: 1160200
CPU [0] UID 1002 comm: gen_fast, count: 1160329
CPU [0] UID 1002 comm: gen_fast, count: 1160450
CPU [0] UID 1002 comm: gen_fast, count: 1160500
CPU [0] UID 1002 comm: gen_fast, count: 1160600
CPU [0] UID 1002 comm: gen_fast, count: 1160714
CPU [0] UID 1002 comm: gen_fast, count: 1160888
CPU [0] UID 1002 comm: gen_fast, count: 1160900
CPU [0] UID 1002 comm: gen_fast, count: 1161033
CPU [0] UID 1002 comm: gen_fast, count: 1161201
CPU [0] UID 1002 comm: gen_fast, count: 1161201
CPU [0] UID 1002 comm: gen_fast, count: 1161353
CPU [0] UID 1002 comm: gen_fast, count: 1161400
CPU [0] UID 1002 comm: gen_fast, count: 1161500
CPU [0] UID 1002 comm: gen_fast, count: 1161630
CPU [0] UID 1002 comm: gen_fast, count: 1161799
CPU [0] UID 1002 comm: gen_fast, count: 1161800
CPU [0] UID 1002 comm: gen_fast, count: 1161929
CPU [0] UID 1002 comm: gen_fast, count: 1162065
CPU [0] UID 1002 comm: gen_fast, count: 1162100
CPU [0] UID 1002 comm: gen_fast, count: 1162200
CPU [0] UID 1002 comm: gen_fast, count: 1162336
CPU [0] UID 1002 comm: gen_fast, count: 1162472
CPU [0] UID 1002 comm: gen_fast, count: 1162500
CPU [0] UID 1002 comm: gen_fast, count: 1162640
CPU [0] UID 1002 comm: gen_fast, count: 1162761
CPU [0] UID 1002 comm: gen_fast, count: 1162800
CPU [0] UID 1002 comm: gen_fast, count: 1162902
CPU [0] UID 1002 comm: gen_fast, count: 1163000
CPU [0] UID 1002 comm: gen_fast, count: 1163115
CPU [0] UID 1002 comm: gen_fast, count: 1163256
CPU [0] UID 1002 comm: gen_fast, count: 1163300
CPU [0] UID 1002 comm: gen_fast, count: 1163400
CPU [0] UID 1002 comm: gen_fast, count: 1163583
CPU [0] UID 1002 comm: gen_fast, count: 1163600
CPU [0] UID 1002 comm: gen_fast, count: 1163743
CPU [0] UID 1002 comm: gen_fast, count: 1163936
CPU [0] UID 1002 comm: gen_fast, count: 1163936
CPU [0] UID 1002 comm: gen_fast, count: 1164000
CPU [0] UID 1002 comm: gen_fast, count: 1164166
CPU [0] UID 1002 comm: gen_fast, count: 1164200
CPU [0] UID 1002 comm: gen_fast, count: 1164309
CPU [0] UID 1002 comm: gen_fast, count: 1164493
CPU [0] UID 1002 comm: gen_fast, count: 1164500
CPU [0] UID 1002 comm: gen_fast, count: 1164600
CPU [0] UID 1002 comm: gen_fast, count: 1164705
CPU [0] UID 1002 comm: gen_fast, count: 1164862
CPU [0] UID 1002 comm: gen_fast, count: 1164900
CPU [0] UID 1002 comm: gen_fast, count: 1165011
CPU [0] UID 1002 comm: gen_fast, count: 1165190
CPU [0] UID 1002 comm: gen_fast, count: 1165200
CPU [0] UID 1002 comm: gen_fast, count: 1165306
CPU [0] UID 1002 comm: gen_fast, count: 1165467
CPU [0] UID 1002 comm: gen_fast, count: 1165500
CPU [0] UID 1002 comm: gen_fast, count: 1165613
CPU [0] UID 1002 comm: gen_fast, count: 1165747
CPU [0] UID 1002 comm: gen_fast, count: 1165800
CPU [0] UID 1002 comm: gen_fast, count: 1165900
CPU [0] UID 1002 comm: gen_fast, count: 1166009
CPU [0] UID 1002 comm: gen_fast, count: 1166140
CPU [0] UID 1002 comm: gen_fast, count: 1166211
CPU [0] UID 1002 comm: gen_fast, count: 1166300
CPU [0] UID 1002 comm: gen_fast, count: 1166417
CPU [0] UID 1002 comm: gen_fast, count: 1166542
CPU [0] UID 1002 comm: gen_fast, count: 1166600
CPU [0] UID 1002 comm: gen_fast, count: 1166700
CPU [0] UID 1002 comm: gen_fast, count: 1166858
CPU [0] UID 1002 comm: gen_fast, count: 1166937
CPU [0] UID 1002 comm: gen_fast, count: 1167055
CPU [0] UID 1002 comm: gen_fast, count: 1167179
CPU [0] UID 1002 comm: gen_fast, count: 1167200
CPU [0] UID 1002 comm: gen_fast, count: 1167342
CPU [0] UID 1002 comm: gen_fast, count: 1167400
CPU [0] UID 1002 comm: gen_fast, count: 1167511
CPU [0] UID 1002 comm: gen_fast, count: 1167604
CPU [0] UID 1002 comm: gen_fast, count: 1167726
CPU [0] UID 1002 comm: gen_fast, count: 1167865
CPU [0] UID 1002 comm: gen_fast, count: 1167900
CPU [0] UID 1002 comm: gen_fast, count: 1168027
CPU [0] UID 1002 comm: gen_fast, count: 1168108
CPU [0] UID 1002 comm: gen_fast, count: 1168242
CPU [0] UID 1002 comm: gen_fast, count: 1168407
CPU [0] UID 1002 comm: gen_fast, count: 1168407
CPU [0] UID 1002 comm: gen_fast, count: 1168500
CPU [0] UID 1002 comm: gen_fast, count: 1168641
CPU [0] UID 1002 comm: gen_fast, count: 1168733
CPU [0] UID 1002 comm: gen_fast, count: 1168815
CPU [0] UID 1002 comm: gen_fast, count: 1168900
CPU [0] UID 1002 comm: gen_fast, count: 1169052
CPU [0] UID 1002 comm: gen_fast, count: 1169100
CPU [0] UID 1002 comm: gen_fast, count: 1169200
CPU [0] UID 1002 comm: gen_fast, count: 1169300
CPU [0] UID 1002 comm: gen_fast, count: 1169430
CPU [0] UID 1002 comm: gen_fast, count: 1169500
CPU [0] UID 1002 comm: gen_fast, count: 1169637
CPU [0] UID 1002 comm: gen_fast, count: 1169700
CPU [0] UID 1002 comm: gen_fast, count: 1169879
CPU [0] UID 1002 comm: gen_fast, count: 1169900
CPU [0] UID 1002 comm: gen_fast, count: 1170000
CPU [0] UID 1002 comm: gen_fast, count: 1170115
CPU [0] UID 1002 comm: gen_fast, count: 1170243
CPU [0] UID 1002 comm: gen_fast, count: 1170373
CPU [0] UID 1002 comm: gen_fast, count: 1170400
CPU [0] UID 1002 comm: gen_fast, count: 1170558
CPU [0] UID 1002 comm: gen_fast, count: 1170600
CPU [0] UID 1002 comm: gen_fast, count: 1170700
CPU [0] UID 1002 comm: gen_fast, count: 1170879
CPU [0] UID 1002 comm: gen_fast, count: 1170900
CPU [0] UID 1002 comm: gen_fast, count: 1171050
CPU [0] UID 1002 comm: gen_fast, count: 1171100
CPU [0] UID 1002 comm: gen_fast, count: 1171226
CPU [0] UID 1002 comm: gen_fast, count: 1171360
CPU [0] UID 1002 comm: gen_fast, count: 1171401
CPU [0] UID 1002 comm: gen_fast, count: 1171530
CPU [0] UID 1002 comm: gen_fast, count: 1171709
CPU [0] UID 1002 comm: gen_fast, count: 1171709
CPU [0] UID 1002 comm: gen_fast, count: 1171843
CPU [0] UID 1002 comm: gen_fast, count: 1171993
CPU [0] UID 1002 comm: gen_fast, count: 1172000
CPU [0] UID 1002 comm: gen_fast, count: 1172127
CPU [0] UID 1002 comm: gen_fast, count: 1172206
CPU [0] UID 1002 comm: gen_fast, count: 1172300
CPU [0] UID 1002 comm: gen_fast, count: 1172426
CPU [0] UID 1002 comm: gen_fast, count: 1172519
CPU [0] UID 1002 comm: gen_fast, count: 1172725
CPU [0] UID 1002 comm: gen_fast, count: 1172725
CPU [0] UID 1002 comm: gen_fast, count: 1172832
CPU [0] UID 1002 comm: gen_fast, count: 1172914
CPU [0] UID 1002 comm: gen_fast, count: 1173092
CPU [0] UID 1002 comm: gen_fast, count: 1173100
CPU [0] UID 1002 comm: gen_fast, count: 1173321
CPU [0] UID 1002 comm: gen_fast, count: 1173321
CPU [0] UID 1002 comm: gen_fast, count: 1173447
CPU [0] UID 1002 comm: gen_fast, count: 1173515
CPU [0] UID 1002 comm: gen_fast, count: 1173607
CPU [0] UID 1002 comm: gen_fast, count: 1173755
CPU [0] UID 1002 comm: gen_fast, count: 1173823
CPU [0] UID 1002 comm: gen_fast, count: 1173986
CPU [0] UID 1002 comm: gen_fast, count: 1174000
CPU [0] UID 1002 comm: gen_fast, count: 1174170
CPU [0] UID 1002 comm: gen_fast, count: 1174200
CPU [0] UID 1002 comm: gen_fast, count: 1174430
CPU [0] UID 1002 comm: gen_fast, count: 1174430
CPU [0] UID 1002 comm: gen_fast, count: 1174525
CPU [0] UID 1002 comm: gen_fast, count: 1174671
CPU [0] UID 1002 comm: gen_fast, count: 1174700
CPU [0] UID 1002 comm: gen_fast, count: 1174800
CPU [0] UID 1002 comm: gen_fast, count: 1174900
CPU [0] UID 1002 comm: gen_fast, count: 1175032
CPU [0] UID 1002 comm: gen_fast, count: 1175204
CPU [0] UID 1002 comm: gen_fast, count: 1175204
CPU [0] UID 1002 comm: gen_fast, count: 1175325
CPU [0] UID 1002 comm: gen_fast, count: 1175498
CPU [0] UID 1002 comm: gen_fast, count: 1175500
CPU [0] UID 1002 comm: gen_fast, count: 1175622
CPU [0] UID 1002 comm: gen_fast, count: 1175700
CPU [0] UID 1002 comm: gen_fast, count: 1175849
CPU [0] UID 1002 comm: gen_fast, count: 1175931
CPU [0] UID 1002 comm: gen_fast, count: 1176115
CPU [0] UID 1002 comm: gen_fast, count: 1176115
CPU [0] UID 1002 comm: gen_fast, count: 1176256
CPU [0] UID 1002 comm: gen_fast, count: 1176317
CPU [0] UID 1002 comm: gen_fast, count: 1176432
CPU [0] UID 1002 comm: gen_fast, count: 1176500
CPU [0] UID 1002 comm: gen_fast, count: 1176600
CPU [0] UID 1002 comm: gen_fast, count: 1176711
CPU [0] UID 1002 comm: gen_fast, count: 1176800
CPU [0] UID 1002 comm: gen_fast, count: 1176942
CPU [0] UID 1002 comm: gen_fast, count: 1177022
CPU [0] UID 1002 comm: gen_fast, count: 1177155
CPU [0] UID 1002 comm: gen_fast, count: 1177200
CPU [0] UID 1002 comm: gen_fast, count: 1177300
CPU [0] UID 1002 comm: gen_fast, count: 1177415
CPU [0] UID 1002 comm: gen_fast, count: 1177500
CPU [0] UID 1002 comm: gen_fast, count: 1177600
CPU [0] UID 1002 comm: gen_fast, count: 1177721
CPU [0] UID 1002 comm: gen_fast, count: 1177815
CPU [0] UID 1002 comm: gen_fast, count: 1177951
CPU [0] UID 1002 comm: gen_fast, count: 1178043
CPU [0] UID 1002 comm: gen_fast, count: 1178100
CPU [0] UID 1002 comm: gen_fast, count: 1178200
CPU [0] UID 1002 comm: gen_fast, count: 1178366
CPU [0] UID 1002 comm: gen_fast, count: 1178400
CPU [0] UID 1002 comm: gen_fast, count: 1178528
CPU [0] UID 1002 comm: gen_fast, count: 1178600
CPU [0] UID 1002 comm: gen_fast, count: 1178806
CPU [0] UID 1002 comm: gen_fast, count: 1178806
CPU [0] UID 1002 comm: gen_fast, count: 1178943
CPU [0] UID 1002 comm: gen_fast, count: 1179084
CPU [0] UID 1002 comm: gen_fast, count: 1179100
CPU [0] UID 1002 comm: gen_fast, count: 1179224
CPU [0] UID 1002 comm: gen_fast, count: 1179358
CPU [0] UID 1002 comm: gen_fast, count: 1179400
CPU [0] UID 1002 comm: gen_fast, count: 1179505
CPU [0] UID 1002 comm: gen_fast, count: 1179600
CPU [0] UID 1002 comm: gen_fast, count: 1179756
CPU [0] UID 1002 comm: gen_fast, count: 1179800
CPU [0] UID 1002 comm: gen_fast, count: 1179913
CPU [0] UID 1002 comm: gen_fast, count: 1180000
CPU [0] UID 1002 comm: gen_fast, count: 1180139
CPU [0] UID 1002 comm: gen_fast, count: 1180230
CPU [0] UID 1002 comm: gen_fast, count: 1180305
CPU [0] UID 1002 comm: gen_fast, count: 1180448
CPU [0] UID 1002 comm: gen_fast, count: 1180553
CPU [0] UID 1002 comm: gen_fast, count: 1180605
CPU [0] UID 1002 comm: gen_fast, count: 1180820
CPU [0] UID 1002 comm: gen_fast, count: 1180820
CPU [0] UID 1002 comm: gen_fast, count: 1180900
CPU [0] UID 1002 comm: gen_fast, count: 1181010
CPU [0] UID 1002 comm: gen_fast, count: 1181132
CPU [0] UID 1002 comm: gen_fast, count: 1181266
CPU [0] UID 1002 comm: gen_fast, count: 1181371
CPU [0] UID 1002 comm: gen_fast, count: 1181400
CPU [0] UID 1002 comm: gen_fast, count: 1181545
CPU [0] UID 1002 comm: gen_fast, count: 1181602
CPU [0] UID 1002 comm: gen_fast, count: 1181719
CPU [0] UID 1002 comm: gen_fast, count: 1181851
CPU [0] UID 1002 comm: gen_fast, count: 1182002
CPU [0] UID 1002 comm: gen_fast, count: 1182002
CPU [0] UID 1002 comm: gen_fast, count: 1182100
CPU [0] UID 1002 comm: gen_fast, count: 1182200
CPU [0] UID 1002 comm: gen_fast, count: 1182342
CPU [0] UID 1002 comm: gen_fast, count: 1182495
CPU [0] UID 1002 comm: gen_fast, count: 1182500
CPU [0] UID 1002 comm: gen_fast, count: 1182600
CPU [0] UID 1002 comm: gen_fast, count: 1182704
CPU [0] UID 1002 comm: gen_fast, count: 1182830
CPU [0] UID 1002 comm: gen_fast, count: 1182969
CPU [0] UID 1002 comm: gen_fast, count: 1183003
CPU [0] UID 1002 comm: gen_fast, count: 1183100
CPU [0] UID 1002 comm: gen_fast, count: 1183207
CPU [0] UID 1002 comm: gen_fast, count: 1183339
CPU [0] UID 1002 comm: gen_fast, count: 1183433
CPU [0] UID 1002 comm: gen_fast, count: 1183500
CPU [0] UID 1002 comm: gen_fast, count: 1183614
CPU [0] UID 1002 comm: gen_fast, count: 1183737
CPU [0] UID 1002 comm: gen_fast, count: 1183867
CPU [0] UID 1002 comm: gen_fast, count: 1184012
CPU [0] UID 1002 comm: gen_fast, count: 1184012
CPU [0] UID 1002 comm: gen_fast, count: 1184110
CPU [0] UID 1002 comm: gen_fast, count: 1184234
CPU [0] UID 1002 comm: gen_fast, count: 1184363
CPU [0] UID 1002 comm: gen_fast, count: 1184400
CPU [0] UID 1002 comm: gen_fast, count: 1184500
CPU [0] UID 1002 comm: gen_fast, count: 1184628
CPU [0] UID 1002 comm: gen_fast, count: 1184768
CPU [0] UID 1002 comm: gen_fast, count: 1184800
CPU [0] UID 1002 comm: gen_fast, count: 1184900
CPU [0] UID 1002 comm: gen_fast, count: 1185068
CPU [0] UID 1002 comm: gen_fast, count: 1185100
CPU [0] UID 1002 comm: gen_fast, count: 1185297
CPU [0] UID 1002 comm: gen_fast, count: 1185300
CPU [0] UID 1002 comm: gen_fast, count: 1185430
CPU [0] UID 1002 comm: gen_fast, count: 1185504
CPU [0] UID 1002 comm: gen_fast, count: 1185600
CPU [0] UID 1002 comm: gen_fast, count: 1185700
CPU [0] UID 1002 comm: gen_fast, count: 1185800
CPU [0] UID 1002 comm: gen_fast, count: 1185956
CPU [0] UID 1002 comm: gen_fast, count: 1186000
CPU [0] UID 1002 comm: gen_fast, count: 1186100
CPU [0] UID 1002 comm: gen_fast, count: 1186267
CPU [0] UID 1002 comm: gen_fast, count: 1186300
CPU [0] UID 1002 comm: gen_fast, count: 1186400
CPU [0] UID 1002 comm: gen_fast, count: 1186500
CPU [0] UID 1002 comm: gen_fast, count: 1186600
CPU [0] UID 1002 comm: gen_fast, count: 1186719
CPU [0] UID 1002 comm: gen_fast, count: 1186907
CPU [0] UID 1002 comm: gen_fast, count: 1186907
CPU [0] UID 1002 comm: gen_fast, count: 1187000
CPU [0] UID 1002 comm: gen_fast, count: 1187109
CPU [0] UID 1002 comm: gen_fast, count: 1187227
CPU [0] UID 1002 comm: gen_fast, count: 1187384
CPU [0] UID 1002 comm: gen_fast, count: 1187400
CPU [0] UID 1002 comm: gen_fast, count: 1187524
CPU [0] UID 1002 comm: gen_fast, count: 1187631
CPU [0] UID 1002 comm: gen_fast, count: 1187759
CPU [0] UID 1002 comm: gen_fast, count: 1187800
CPU [0] UID 1002 comm: gen_fast, count: 1188001
CPU [0] UID 1002 comm: gen_fast, count: 1188001
CPU [0] UID 1002 comm: gen_fast, count: 1188142
CPU [0] UID 1002 comm: gen_fast, count: 1188224
CPU [0] UID 1002 comm: gen_fast, count: 1188329
CPU [0] UID 1002 comm: gen_fast, count: 1188444
CPU [0] UID 1002 comm: gen_fast, count: 1188591
CPU [0] UID 1002 comm: gen_fast, count: 1188600
CPU [0] UID 1002 comm: gen_fast, count: 1188829
CPU [0] UID 1002 comm: gen_fast, count: 1188829
CPU [0] UID 1002 comm: gen_fast, count: 1188900
CPU [0] UID 1002 comm: gen_fast, count: 1189031
CPU [0] UID 1002 comm: gen_fast, count: 1189157
CPU [0] UID 1002 comm: gen_fast, count: 1189296
CPU [0] UID 1002 comm: gen_fast, count: 1189300
CPU [0] UID 1002 comm: gen_fast, count: 1189400
CPU [0] UID 1002 comm: gen_fast, count: 1189751
CPU [0] UID 1002 comm: gen_fast, count: 1189751
CPU [0] UID 1002 comm: gen_fast, count: 1189751
CPU [0] UID 1002 comm: gen_fast, count: 1189861
CPU [0] UID 1002 comm: gen_fast, count: 1189989
CPU [0] UID 1002 comm: gen_fast, count: 1190000
CPU [0] UID 1002 comm: gen_fast, count: 1190107
CPU [0] UID 1002 comm: gen_fast, count: 1190200
CPU [0] UID 1002 comm: gen_fast, count: 1190300
CPU [0] UID 1002 comm: gen_fast, count: 1190416
CPU [0] UID 1002 comm: gen_fast, count: 1190542
CPU [0] UID 1002 comm: gen_fast, count: 1190663
CPU [0] UID 1002 comm: gen_fast, count: 1190700
CPU [0] UID 1002 comm: gen_fast, count: 1190800
CPU [0] UID 1002 comm: gen_fast, count: 1190914
CPU [0] UID 1002 comm: gen_fast, count: 1191028
CPU [0] UID 1002 comm: gen_fast, count: 1191174
CPU [0] UID 1002 comm: gen_fast, count: 1191200
CPU [0] UID 1002 comm: gen_fast, count: 1191300
CPU [0] UID 1002 comm: gen_fast, count: 1191400
CPU [0] UID 1002 comm: gen_fast, count: 1191506
CPU [0] UID 1002 comm: gen_fast, count: 1191640
CPU [0] UID 1002 comm: gen_fast, count: 1191739
CPU [0] UID 1002 comm: gen_fast, count: 1191800
CPU [0] UID 1002 comm: gen_fast, count: 1191900
CPU [0] UID 1002 comm: gen_fast, count: 1192000
CPU [0] UID 1002 comm: gen_fast, count: 1192111
CPU [0] UID 1002 comm: gen_fast, count: 1192240
CPU [0] UID 1002 comm: gen_fast, count: 1192326
CPU [0] UID 1002 comm: gen_fast, count: 1192400
CPU [0] UID 1002 comm: gen_fast, count: 1192515
CPU [0] UID 1002 comm: gen_fast, count: 1192653
CPU [0] UID 1002 comm: gen_fast, count: 1192757
CPU [0] UID 1002 comm: gen_fast, count: 1192800
CPU [0] UID 1002 comm: gen_fast, count: 1192900
CPU [0] UID 1002 comm: gen_fast, count: 1193025
CPU [0] UID 1002 comm: gen_fast, count: 1193121
CPU [0] UID 1002 comm: gen_fast, count: 1193243
CPU [0] UID 1002 comm: gen_fast, count: 1193300
CPU [0] UID 1002 comm: gen_fast, count: 1193412
CPU [0] UID 1002 comm: gen_fast, count: 1193548
CPU [0] UID 1002 comm: gen_fast, count: 1193600
CPU [0] UID 1002 comm: gen_fast, count: 1193708
CPU [0] UID 1002 comm: gen_fast, count: 1193840
CPU [0] UID 1002 comm: gen_fast, count: 1193985
CPU [0] UID 1002 comm: gen_fast, count: 1194000
CPU [0] UID 1002 comm: gen_fast, count: 1194100
CPU [0] UID 1002 comm: gen_fast, count: 1194227
CPU [0] UID 1002 comm: gen_fast, count: 1194310
CPU [0] UID 1002 comm: gen_fast, count: 1194400
CPU [0] UID 1002 comm: gen_fast, count: 1194508
CPU [0] UID 1002 comm: gen_fast, count: 1194601
CPU [0] UID 1002 comm: gen_fast, count: 1194714
CPU [0] UID 1002 comm: gen_fast, count: 1194829
CPU [0] UID 1002 comm: gen_fast, count: 1194902
CPU [0] UID 1002 comm: gen_fast, count: 1195038
CPU [0] UID 1002 comm: gen_fast, count: 1195141
CPU [0] UID 1002 comm: gen_fast, count: 1195261
CPU [0] UID 1002 comm: gen_fast, count: 1195387
CPU [0] UID 1002 comm: gen_fast, count: 1195400
CPU [0] UID 1002 comm: gen_fast, count: 1195502
CPU [0] UID 1002 comm: gen_fast, count: 1195633
CPU [0] UID 1002 comm: gen_fast, count: 1195738
CPU [0] UID 1002 comm: gen_fast, count: 1195864
CPU [0] UID 1002 comm: gen_fast, count: 1195977
CPU [0] UID 1002 comm: gen_fast, count: 1196000
CPU [0] UID 1002 comm: gen_fast, count: 1196100
CPU [0] UID 1002 comm: gen_fast, count: 1196207
CPU [0] UID 1002 comm: gen_fast, count: 1196345
CPU [0] UID 1002 comm: gen_fast, count: 1196429
CPU [0] UID 1002 comm: gen_fast, count: 1196500
CPU [0] UID 1002 comm: gen_fast, count: 1196600
CPU [0] UID 1002 comm: gen_fast, count: 1196709
CPU [0] UID 1002 comm: gen_fast, count: 1196800
CPU [0] UID 1002 comm: gen_fast, count: 1196920
CPU [0] UID 1002 comm: gen_fast, count: 1197000
CPU [0] UID 1002 comm: gen_fast, count: 1197100
CPU [0] UID 1002 comm: gen_fast, count: 1197200
CPU [0] UID 1002 comm: gen_fast, count: 1197304
CPU [0] UID 1002 comm: gen_fast, count: 1197433
CPU [0] UID 1002 comm: gen_fast, count: 1197511
CPU [0] UID 1002 comm: gen_fast, count: 1197600
CPU [0] UID 1002 comm: gen_fast, count: 1197713
CPU [0] UID 1002 comm: gen_fast, count: 1197800
CPU [0] UID 1002 comm: gen_fast, count: 1197900
CPU [0] UID 1002 comm: gen_fast, count: 1198000
CPU [0] UID 1002 comm: gen_fast, count: 1198102
CPU [0] UID 1002 comm: gen_fast, count: 1198220
CPU [0] UID 1002 comm: gen_fast, count: 1198348
CPU [0] UID 1002 comm: gen_fast, count: 1198444
CPU [0] UID 1002 comm: gen_fast, count: 1198557
CPU [0] UID 1002 comm: gen_fast, count: 1198689
CPU [0] UID 1002 comm: gen_fast, count: 1198700
CPU [0] UID 1002 comm: gen_fast, count: 1198868
CPU [0] UID 1002 comm: gen_fast, count: 1198900
CPU [0] UID 1002 comm: gen_fast, count: 1199000
CPU [0] UID 1002 comm: gen_fast, count: 1199122
CPU [0] UID 1002 comm: gen_fast, count: 1199200
CPU [0] UID 1002 comm: gen_fast, count: 1199300
CPU [0] UID 1002 comm: gen_fast, count: 1199407
CPU [0] UID 1002 comm: gen_fast, count: 1199500
CPU [0] UID 1002 comm: gen_fast, count: 1199618
CPU [0] UID 1002 comm: gen_fast, count: 1199739
CPU [0] UID 1002 comm: gen_fast, count: 1199859
CPU [0] UID 1002 comm: gen_fast, count: 1199900
CPU [0] UID 1002 comm: gen_fast, count: 1200005
CPU [0] UID 1002 comm: gen_fast, count: 1200102
CPU [0] UID 1002 comm: gen_fast, count: 1200224
CPU [0] UID 1002 comm: gen_fast, count: 1200351
CPU [0] UID 1002 comm: gen_fast, count: 1200472
CPU [0] UID 1002 comm: gen_fast, count: 1200500
CPU [0] UID 1002 comm: gen_fast, count: 1200605
CPU [0] UID 1002 comm: gen_fast, count: 1200710
CPU [0] UID 1002 comm: gen_fast, count: 1200827
CPU [0] UID 1002 comm: gen_fast, count: 1200900
CPU [0] UID 1002 comm: gen_fast, count: 1201023
CPU [0] UID 1002 comm: gen_fast, count: 1201152
CPU [0] UID 1002 comm: gen_fast, count: 1201264
CPU [0] UID 1002 comm: gen_fast, count: 1201375
CPU [0] UID 1002 comm: gen_fast, count: 1201400
CPU [0] UID 1002 comm: gen_fast, count: 1201500
CPU [0] UID 1002 comm: gen_fast, count: 1201600
CPU [0] UID 1002 comm: gen_fast, count: 1201700
CPU [0] UID 1002 comm: gen_fast, count: 1201815
CPU [0] UID 1002 comm: gen_fast, count: 1201926
CPU [0] UID 1002 comm: gen_fast, count: 1202039
CPU [0] UID 1002 comm: gen_fast, count: 1202160
CPU [0] UID 1002 comm: gen_fast, count: 1202200
CPU [0] UID 1002 comm: gen_fast, count: 1202300
CPU [0] UID 1002 comm: gen_fast, count: 1202413
CPU [0] UID 1002 comm: gen_fast, count: 1202558
CPU [0] UID 1002 comm: gen_fast, count: 1202600
CPU [0] UID 1002 comm: gen_fast, count: 1202700
CPU [0] UID 1002 comm: gen_fast, count: 1202804
CPU [0] UID 1002 comm: gen_fast, count: 1202940
CPU [0] UID 1002 comm: gen_fast, count: 1203000
CPU [0] UID 1002 comm: gen_fast, count: 1203100
CPU [0] UID 1002 comm: gen_fast, count: 1203200
CPU [0] UID 1002 comm: gen_fast, count: 1203300
CPU [0] UID 1002 comm: gen_fast, count: 1203405
CPU [0] UID 1002 comm: gen_fast, count: 1203500
CPU [0] UID 1002 comm: gen_fast, count: 1203617
CPU [0] UID 1002 comm: gen_fast, count: 1203701
CPU [0] UID 1002 comm: gen_fast, count: 1203815
CPU [0] UID 1002 comm: gen_fast, count: 1203900
CPU [0] UID 1002 comm: gen_fast, count: 1204021
CPU [0] UID 1002 comm: gen_fast, count: 1204128
CPU [0] UID 1002 comm: gen_fast, count: 1204202
CPU [0] UID 1002 comm: gen_fast, count: 1204341
CPU [0] UID 1002 comm: gen_fast, count: 1204421
CPU [0] UID 1002 comm: gen_fast, count: 1204500
CPU [0] UID 1002 comm: gen_fast, count: 1204633
CPU [0] UID 1002 comm: gen_fast, count: 1204730
CPU [0] UID 1002 comm: gen_fast, count: 1204853
CPU [0] UID 1002 comm: gen_fast, count: 1204988
CPU [0] UID 1002 comm: gen_fast, count: 1205000
CPU [0] UID 1002 comm: gen_fast, count: 1205100
CPU [0] UID 1002 comm: gen_fast, count: 1205209
CPU [0] UID 1002 comm: gen_fast, count: 1205319
CPU [0] UID 1002 comm: gen_fast, count: 1205421
CPU [0] UID 1002 comm: gen_fast, count: 1205500
CPU [0] UID 1002 comm: gen_fast, count: 1205621
CPU [0] UID 1002 comm: gen_fast, count: 1205722
CPU [0] UID 1002 comm: gen_fast, count: 1205850
CPU [0] UID 1002 comm: gen_fast, count: 1205985
CPU [0] UID 1002 comm: gen_fast, count: 1206000
CPU [0] UID 1002 comm: gen_fast, count: 1206105
CPU [0] UID 1002 comm: gen_fast, count: 1206238
CPU [0] UID 1002 comm: gen_fast, count: 1206351
CPU [0] UID 1002 comm: gen_fast, count: 1206484
CPU [0] UID 1002 comm: gen_fast, count: 1206500
CPU [0] UID 1002 comm: gen_fast, count: 1206606
CPU [0] UID 1002 comm: gen_fast, count: 1206720
CPU [0] UID 1002 comm: gen_fast, count: 1206847
CPU [0] UID 1002 comm: gen_fast, count: 1206955
CPU [0] UID 1002 comm: gen_fast, count: 1207098
CPU [0] UID 1002 comm: gen_fast, count: 1207100
CPU [0] UID 1002 comm: gen_fast, count: 1207200
CPU [0] UID 1002 comm: gen_fast, count: 1207311
CPU [0] UID 1002 comm: gen_fast, count: 1207436
CPU [0] UID 1002 comm: gen_fast, count: 1207541
CPU [0] UID 1002 comm: gen_fast, count: 1207667
CPU [0] UID 1002 comm: gen_fast, count: 1207795
CPU [0] UID 1002 comm: gen_fast, count: 1207800
CPU [0] UID 1002 comm: gen_fast, count: 1207900
CPU [0] UID 1002 comm: gen_fast, count: 1208034
CPU [0] UID 1002 comm: gen_fast, count: 1208162
CPU [0] UID 1002 comm: gen_fast, count: 1208200
CPU [0] UID 1002 comm: gen_fast, count: 1208305
CPU [0] UID 1002 comm: gen_fast, count: 1208400
CPU [0] UID 1002 comm: gen_fast, count: 1208504
CPU [0] UID 1002 comm: gen_fast, count: 1208640
CPU [0] UID 1002 comm: gen_fast, count: 1208715
CPU [0] UID 1002 comm: gen_fast, count: 1208821
CPU [0] UID 1002 comm: gen_fast, count: 1208908
CPU [0] UID 1002 comm: gen_fast, count: 1209059
CPU [0] UID 1002 comm: gen_fast, count: 1209205
CPU [0] UID 1002 comm: gen_fast, count: 1209205
CPU [0] UID 1002 comm: gen_fast, count: 1209332
CPU [0] UID 1002 comm: gen_fast, count: 1209440
CPU [0] UID 1002 comm: gen_fast, count: 1209556
CPU [0] UID 1002 comm: gen_fast, count: 1209666
CPU [0] UID 1002 comm: gen_fast, count: 1209805
CPU [0] UID 1002 comm: gen_fast, count: 1209805
CPU [0] UID 1002 comm: gen_fast, count: 1209900
CPU [0] UID 1002 comm: gen_fast, count: 1210018
CPU [0] UID 1002 comm: gen_fast, count: 1210151
CPU [0] UID 1002 comm: gen_fast, count: 1210200
CPU [0] UID 1002 comm: gen_fast, count: 1210300
CPU [0] UID 1002 comm: gen_fast, count: 1210415
CPU [0] UID 1002 comm: gen_fast, count: 1210546
CPU [0] UID 1002 comm: gen_fast, count: 1210659
CPU [0] UID 1002 comm: gen_fast, count: 1210796
CPU [0] UID 1002 comm: gen_fast, count: 1210800
CPU [0] UID 1002 comm: gen_fast, count: 1210900
CPU [0] UID 1002 comm: gen_fast, count: 1211038
CPU [0] UID 1002 comm: gen_fast, count: 1211128
CPU [0] UID 1002 comm: gen_fast, count: 1211200
CPU [0] UID 1002 comm: gen_fast, count: 1211325
CPU [0] UID 1002 comm: gen_fast, count: 1211460
CPU [0] UID 1002 comm: gen_fast, count: 1211500
CPU [0] UID 1002 comm: gen_fast, count: 1211600
CPU [0] UID 1002 comm: gen_fast, count: 1211729
CPU [0] UID 1002 comm: gen_fast, count: 1211849
CPU [0] UID 1002 comm: gen_fast, count: 1211967
CPU [0] UID 1002 comm: gen_fast, count: 1212100
CPU [0] UID 1002 comm: gen_fast, count: 1212100
CPU [0] UID 1002 comm: gen_fast, count: 1212200
CPU [0] UID 1002 comm: gen_fast, count: 1212315
CPU [0] UID 1002 comm: gen_fast, count: 1212454
CPU [0] UID 1002 comm: gen_fast, count: 1212500
CPU [0] UID 1002 comm: gen_fast, count: 1212613
CPU [0] UID 1002 comm: gen_fast, count: 1212718
CPU [0] UID 1002 comm: gen_fast, count: 1212844
CPU [0] UID 1002 comm: gen_fast, count: 1212951
CPU [0] UID 1002 comm: gen_fast, count: 1213093
CPU [0] UID 1002 comm: gen_fast, count: 1213100
CPU [0] UID 1002 comm: gen_fast, count: 1213200
CPU [0] UID 1002 comm: gen_fast, count: 1213303
CPU [0] UID 1002 comm: gen_fast, count: 1213416
CPU [0] UID 1002 comm: gen_fast, count: 1213549
CPU [0] UID 1002 comm: gen_fast, count: 1213665
CPU [0] UID 1002 comm: gen_fast, count: 1213797
CPU [0] UID 1002 comm: gen_fast, count: 1213800
CPU [0] UID 1002 comm: gen_fast, count: 1213946
CPU [0] UID 1002 comm: gen_fast, count: 1214000
CPU [0] UID 1002 comm: gen_fast, count: 1214107
CPU [0] UID 1002 comm: gen_fast, count: 1214202
CPU [0] UID 1002 comm: gen_fast, count: 1214300
CPU [0] UID 1002 comm: gen_fast, count: 1214402
CPU [0] UID 1002 comm: gen_fast, count: 1214540
CPU [0] UID 1002 comm: gen_fast, count: 1214630
CPU [0] UID 1002 comm: gen_fast, count: 1214700
CPU [0] UID 1002 comm: gen_fast, count: 1214816
CPU [0] UID 1002 comm: gen_fast, count: 1214937
CPU [0] UID 1002 comm: gen_fast, count: 1215000
CPU [0] UID 1002 comm: gen_fast, count: 1215106
CPU [0] UID 1002 comm: gen_fast, count: 1215200
CPU [0] UID 1002 comm: gen_fast, count: 1215311
CPU [0] UID 1002 comm: gen_fast, count: 1215400
CPU [0] UID 1002 comm: gen_fast, count: 1215526
CPU [0] UID 1002 comm: gen_fast, count: 1215623
CPU [0] UID 1002 comm: gen_fast, count: 1215700
CPU [0] UID 1002 comm: gen_fast, count: 1215814
CPU [0] UID 1002 comm: gen_fast, count: 1215900
CPU [0] UID 1002 comm: gen_fast, count: 1216045
CPU [0] UID 1002 comm: gen_fast, count: 1216100
CPU [0] UID 1002 comm: gen_fast, count: 1216200
CPU [0] UID 1002 comm: gen_fast, count: 1216313
CPU [0] UID 1002 comm: gen_fast, count: 1216424
CPU [0] UID 1002 comm: gen_fast, count: 1216616
CPU [0] UID 1002 comm: gen_fast, count: 1216616
CPU [0] UID 1002 comm: gen_fast, count: 1216714
CPU [0] UID 1002 comm: gen_fast, count: 1216816
CPU [0] UID 1002 comm: gen_fast, count: 1217000
CPU [0] UID 1002 comm: gen_fast, count: 1217000
CPU [0] UID 1002 comm: gen_fast, count: 1217149
CPU [0] UID 1002 comm: gen_fast, count: 1217200
CPU [0] UID 1002 comm: gen_fast, count: 1217300
CPU [0] UID 1002 comm: gen_fast, count: 1217463
CPU [0] UID 1002 comm: gen_fast, count: 1217500
CPU [0] UID 1002 comm: gen_fast, count: 1217625
CPU [0] UID 1002 comm: gen_fast, count: 1217711
CPU [0] UID 1002 comm: gen_fast, count: 1217800
CPU [0] UID 1002 comm: gen_fast, count: 1217932
CPU [0] UID 1002 comm: gen_fast, count: 1218000
CPU [0] UID 1002 comm: gen_fast, count: 1218141
CPU [0] UID 1002 comm: gen_fast, count: 1218200
CPU [0] UID 1002 comm: gen_fast, count: 1218300
CPU [0] UID 1002 comm: gen_fast, count: 1218423
CPU [0] UID 1002 comm: gen_fast, count: 1218553
CPU [0] UID 1002 comm: gen_fast, count: 1218671
CPU [0] UID 1002 comm: gen_fast, count: 1218816
CPU [0] UID 1002 comm: gen_fast, count: 1218816
CPU [0] UID 1002 comm: gen_fast, count: 1218960
CPU [0] UID 1002 comm: gen_fast, count: 1219000
CPU [0] UID 1002 comm: gen_fast, count: 1219100
CPU [0] UID 1002 comm: gen_fast, count: 1219278
CPU [0] UID 1002 comm: gen_fast, count: 1219300
CPU [0] UID 1002 comm: gen_fast, count: 1219479
CPU [0] UID 1002 comm: gen_fast, count: 1219500
CPU [0] UID 1002 comm: gen_fast, count: 1219616
CPU [0] UID 1002 comm: gen_fast, count: 1219728
CPU [0] UID 1002 comm: gen_fast, count: 1219863
CPU [0] UID 1002 comm: gen_fast, count: 1220029
CPU [0] UID 1002 comm: gen_fast, count: 1220029
CPU [0] UID 1002 comm: gen_fast, count: 1220102
CPU [0] UID 1002 comm: gen_fast, count: 1220236
CPU [0] UID 1002 comm: gen_fast, count: 1220375
CPU [0] UID 1002 comm: gen_fast, count: 1220400
CPU [0] UID 1002 comm: gen_fast, count: 1220545
CPU [0] UID 1002 comm: gen_fast, count: 1220600
CPU [0] UID 1002 comm: gen_fast, count: 1220729
CPU [0] UID 1002 comm: gen_fast, count: 1220919
CPU [0] UID 1002 comm: gen_fast, count: 1220919
CPU [0] UID 1002 comm: gen_fast, count: 1221089
CPU [0] UID 1002 comm: gen_fast, count: 1221100
CPU [0] UID 1002 comm: gen_fast, count: 1221200
CPU [0] UID 1002 comm: gen_fast, count: 1221338
CPU [0] UID 1002 comm: gen_fast, count: 1221400
CPU [0] UID 1002 comm: gen_fast, count: 1221506
CPU [0] UID 1002 comm: gen_fast, count: 1221676
CPU [0] UID 1002 comm: gen_fast, count: 1221700
CPU [0] UID 1002 comm: gen_fast, count: 1221800
CPU [0] UID 1002 comm: gen_fast, count: 1221924
CPU [0] UID 1002 comm: gen_fast, count: 1222084
CPU [0] UID 1002 comm: gen_fast, count: 1222100
CPU [0] UID 1002 comm: gen_fast, count: 1222200
CPU [0] UID 1002 comm: gen_fast, count: 1222343
CPU [0] UID 1002 comm: gen_fast, count: 1222400
CPU [0] UID 1002 comm: gen_fast, count: 1222506
CPU [0] UID 1002 comm: gen_fast, count: 1222670
CPU [0] UID 1002 comm: gen_fast, count: 1222700
CPU [0] UID 1002 comm: gen_fast, count: 1222839
CPU [0] UID 1002 comm: gen_fast, count: 1222900
CPU [0] UID 1002 comm: gen_fast, count: 1223000
CPU [0] UID 1002 comm: gen_fast, count: 1223196
CPU [0] UID 1002 comm: gen_fast, count: 1223200
CPU [0] UID 1002 comm: gen_fast, count: 1223460
CPU [0] UID 1002 comm: gen_fast, count: 1223460
CPU [0] UID 1002 comm: gen_fast, count: 1223500
CPU [0] UID 1002 comm: gen_fast, count: 1223600
CPU [0] UID 1002 comm: gen_fast, count: 1223700
CPU [0] UID 1002 comm: gen_fast, count: 1223842
CPU [0] UID 1002 comm: gen_fast, count: 1223980
CPU [0] UID 1002 comm: gen_fast, count: 1224000
CPU [0] UID 1002 comm: gen_fast, count: 1224100
CPU [0] UID 1002 comm: gen_fast, count: 1224239
CPU [0] UID 1002 comm: gen_fast, count: 1224300
CPU [0] UID 1002 comm: gen_fast, count: 1224422
CPU [0] UID 1002 comm: gen_fast, count: 1224579
CPU [0] UID 1002 comm: gen_fast, count: 1224600
CPU [0] UID 1002 comm: gen_fast, count: 1224741
CPU [0] UID 1002 comm: gen_fast, count: 1224895
CPU [0] UID 1002 comm: gen_fast, count: 1224900
CPU [0] UID 1002 comm: gen_fast, count: 1225007
CPU [0] UID 1002 comm: gen_fast, count: 1225159
CPU [0] UID 1002 comm: gen_fast, count: 1225211
CPU [0] UID 1002 comm: gen_fast, count: 1225307
CPU [0] UID 1002 comm: gen_fast, count: 1225410
CPU [0] UID 1002 comm: gen_fast, count: 1225500
CPU [0] UID 1002 comm: gen_fast, count: 1225600
CPU [0] UID 1002 comm: gen_fast, count: 1225788
CPU [0] UID 1002 comm: gen_fast, count: 1225800
CPU [0] UID 1002 comm: gen_fast, count: 1225936
CPU [0] UID 1002 comm: gen_fast, count: 1226093
CPU [0] UID 1002 comm: gen_fast, count: 1226100
CPU [0] UID 1002 comm: gen_fast, count: 1226269
CPU [0] UID 1002 comm: gen_fast, count: 1226300
CPU [0] UID 1002 comm: gen_fast, count: 1226490
CPU [0] UID 1002 comm: gen_fast, count: 1226500
CPU [0] UID 1002 comm: gen_fast, count: 1226629
CPU [0] UID 1002 comm: gen_fast, count: 1226827
CPU [0] UID 1002 comm: gen_fast, count: 1226827
CPU [0] UID 1002 comm: gen_fast, count: 1227020
CPU [0] UID 1002 comm: gen_fast, count: 1227020
CPU [0] UID 1002 comm: gen_fast, count: 1227100
CPU [0] UID 1002 comm: gen_fast, count: 1227222
CPU [0] UID 1002 comm: gen_fast, count: 1227394
CPU [0] UID 1002 comm: gen_fast, count: 1227400
CPU [0] UID 1002 comm: gen_fast, count: 1227533
CPU [0] UID 1002 comm: gen_fast, count: 1227710
CPU [0] UID 1002 comm: gen_fast, count: 1227710
CPU [0] UID 1002 comm: gen_fast, count: 1227844
CPU [0] UID 1002 comm: gen_fast, count: 1228026
CPU [0] UID 1002 comm: gen_fast, count: 1228026
CPU [0] UID 1002 comm: gen_fast, count: 1228172
CPU [0] UID 1002 comm: gen_fast, count: 1228200
CPU [0] UID 1002 comm: gen_fast, count: 1228300
CPU [0] UID 1002 comm: gen_fast, count: 1228413
CPU [0] UID 1002 comm: gen_fast, count: 1228538
CPU [0] UID 1002 comm: gen_fast, count: 1228600
CPU [0] UID 1002 comm: gen_fast, count: 1228700
CPU [0] UID 1002 comm: gen_fast, count: 1228800
CPU [0] UID 1002 comm: gen_fast, count: 1228925
CPU [0] UID 1002 comm: gen_fast, count: 1229045
CPU [0] UID 1002 comm: gen_fast, count: 1229171
CPU [0] UID 1002 comm: gen_fast, count: 1229200
CPU [0] UID 1002 comm: gen_fast, count: 1229302
CPU [0] UID 1002 comm: gen_fast, count: 1229414
CPU [0] UID 1002 comm: gen_fast, count: 1229539
CPU [0] UID 1002 comm: gen_fast, count: 1229683
CPU [0] UID 1002 comm: gen_fast, count: 1229764
CPU [0] UID 1002 comm: gen_fast, count: 1229899
CPU [0] UID 1002 comm: gen_fast, count: 1229900
CPU [0] UID 1002 comm: gen_fast, count: 1230102
CPU [0] UID 1002 comm: gen_fast, count: 1230102
CPU [0] UID 1002 comm: gen_fast, count: 1230200
CPU [0] UID 1002 comm: gen_fast, count: 1230300
CPU [0] UID 1002 comm: gen_fast, count: 1230400
CPU [0] UID 1002 comm: gen_fast, count: 1230519
CPU [0] UID 1002 comm: gen_fast, count: 1230611
CPU [0] UID 1002 comm: gen_fast, count: 1230727
CPU [0] UID 1002 comm: gen_fast, count: 1230800
CPU [0] UID 1002 comm: gen_fast, count: 1230914
CPU [0] UID 1002 comm: gen_fast, count: 1231043
CPU [0] UID 1002 comm: gen_fast, count: 1231180
CPU [0] UID 1002 comm: gen_fast, count: 1231258
CPU [0] UID 1002 comm: gen_fast, count: 1231393
CPU [0] UID 1002 comm: gen_fast, count: 1231400
CPU [0] UID 1002 comm: gen_fast, count: 1231516
CPU [0] UID 1002 comm: gen_fast, count: 1231642
CPU [0] UID 1002 comm: gen_fast, count: 1231759
CPU [0] UID 1002 comm: gen_fast, count: 1231892
CPU [0] UID 1002 comm: gen_fast, count: 1231900
CPU [0] UID 1002 comm: gen_fast, count: 1232006
CPU [0] UID 1002 comm: gen_fast, count: 1232136
CPU [0] UID 1002 comm: gen_fast, count: 1232256
CPU [0] UID 1002 comm: gen_fast, count: 1232385
CPU [0] UID 1002 comm: gen_fast, count: 1232400
CPU [0] UID 1002 comm: gen_fast, count: 1232512
CPU [0] UID 1002 comm: gen_fast, count: 1232626
CPU [0] UID 1002 comm: gen_fast, count: 1232773
CPU [0] UID 1002 comm: gen_fast, count: 1232800
CPU [0] UID 1002 comm: gen_fast, count: 1232917
CPU [0] UID 1002 comm: gen_fast, count: 1233000
CPU [0] UID 1002 comm: gen_fast, count: 1233136
CPU [0] UID 1002 comm: gen_fast, count: 1233227
CPU [0] UID 1002 comm: gen_fast, count: 1233300
CPU [0] UID 1002 comm: gen_fast, count: 1233417
CPU [0] UID 1002 comm: gen_fast, count: 1233567
CPU [0] UID 1002 comm: gen_fast, count: 1233706
CPU [0] UID 1002 comm: gen_fast, count: 1233706
CPU [0] UID 1002 comm: gen_fast, count: 1233811
CPU [0] UID 1002 comm: gen_fast, count: 1233957
CPU [0] UID 1002 comm: gen_fast, count: 1234000
CPU [0] UID 1002 comm: gen_fast, count: 1234100
CPU [0] UID 1002 comm: gen_fast, count: 1234200
CPU [0] UID 1002 comm: gen_fast, count: 1234315
CPU [0] UID 1002 comm: gen_fast, count: 1234432
CPU [0] UID 1002 comm: gen_fast, count: 1234591
CPU [0] UID 1002 comm: gen_fast, count: 1234600
CPU [0] UID 1002 comm: gen_fast, count: 1234795
CPU [0] UID 1002 comm: gen_fast, count: 1234800
CPU [0] UID 1002 comm: gen_fast, count: 1234951
CPU [0] UID 1002 comm: gen_fast, count: 1235046
CPU [0] UID 1002 comm: gen_fast, count: 1235239
CPU [0] UID 1002 comm: gen_fast, count: 1235239
CPU [0] UID 1002 comm: gen_fast, count: 1235407
CPU [0] UID 1002 comm: gen_fast, count: 1235407
CPU [0] UID 1002 comm: gen_fast, count: 1235653
CPU [0] UID 1002 comm: gen_fast, count: 1235653
CPU [0] UID 1002 comm: gen_fast, count: 1235700
CPU [0] UID 1002 comm: gen_fast, count: 1235818
CPU [0] UID 1002 comm: gen_fast, count: 1235953
CPU [0] UID 1002 comm: gen_fast, count: 1236000
CPU [0] UID 1002 comm: gen_fast, count: 1236126
CPU [0] UID 1002 comm: gen_fast, count: 1236260
CPU [0] UID 1002 comm: gen_fast, count: 1236433
CPU [0] UID 1002 comm: gen_fast, count: 1236433
CPU [0] UID 1002 comm: gen_fast, count: 1236623
CPU [0] UID 1002 comm: gen_fast, count: 1236623
CPU [0] UID 1002 comm: gen_fast, count: 1236811
CPU [0] UID 1002 comm: gen_fast, count: 1236811
CPU [0] UID 1002 comm: gen_fast, count: 1236932
CPU [0] UID 1002 comm: gen_fast, count: 1237120
CPU [0] UID 1002 comm: gen_fast, count: 1237120
CPU [0] UID 1002 comm: gen_fast, count: 1237200
CPU [0] UID 1002 comm: gen_fast, count: 1237324
CPU [0] UID 1002 comm: gen_fast, count: 1237456
CPU [0] UID 1002 comm: gen_fast, count: 1237521
CPU [0] UID 1002 comm: gen_fast, count: 1237619
CPU [0] UID 1002 comm: gen_fast, count: 1237700
CPU [0] UID 1002 comm: gen_fast, count: 1237825
CPU [0] UID 1002 comm: gen_fast, count: 1237910
CPU [0] UID 1002 comm: gen_fast, count: 1238000
CPU [0] UID 1002 comm: gen_fast, count: 1238100
CPU [0] UID 1002 comm: gen_fast, count: 1238200
CPU [0] UID 1002 comm: gen_fast, count: 1238345
CPU [0] UID 1002 comm: gen_fast, count: 1238473
CPU [0] UID 1002 comm: gen_fast, count: 1238500
CPU [0] UID 1002 comm: gen_fast, count: 1238640
CPU [0] UID 1002 comm: gen_fast, count: 1238785
CPU [0] UID 1002 comm: gen_fast, count: 1238800
CPU [0] UID 1002 comm: gen_fast, count: 1238900
CPU [0] UID 1002 comm: gen_fast, count: 1239008
CPU [0] UID 1002 comm: gen_fast, count: 1239131
CPU [0] UID 1002 comm: gen_fast, count: 1239254
CPU [0] UID 1002 comm: gen_fast, count: 1239376
CPU [0] UID 1002 comm: gen_fast, count: 1239400
CPU [0] UID 1002 comm: gen_fast, count: 1239500
CPU [0] UID 1002 comm: gen_fast, count: 1239615
CPU [0] UID 1002 comm: gen_fast, count: 1239755
CPU [0] UID 1002 comm: gen_fast, count: 1239876
CPU [0] UID 1002 comm: gen_fast, count: 1239900
CPU [0] UID 1002 comm: gen_fast, count: 1240039
CPU [0] UID 1002 comm: gen_fast, count: 1240100
CPU [0] UID 1002 comm: gen_fast, count: 1240200
CPU [0] UID 1002 comm: gen_fast, count: 1240300
CPU [0] UID 1002 comm: gen_fast, count: 1240400
CPU [0] UID 1002 comm: gen_fast, count: 1240500
CPU [0] UID 1002 comm: gen_fast, count: 1240650
CPU [0] UID 1002 comm: gen_fast, count: 1240700
CPU [0] UID 1002 comm: gen_fast, count: 1240867
CPU [0] UID 1002 comm: gen_fast, count: 1240900
CPU [0] UID 1002 comm: gen_fast, count: 1241044
CPU [0] UID 1002 comm: gen_fast, count: 1241100
CPU [0] UID 1002 comm: gen_fast, count: 1241200
CPU [0] UID 1002 comm: gen_fast, count: 1241386
CPU [0] UID 1002 comm: gen_fast, count: 1241400
CPU [0] UID 1002 comm: gen_fast, count: 1241554
CPU [0] UID 1002 comm: gen_fast, count: 1241600
CPU [0] UID 1002 comm: gen_fast, count: 1241700
CPU [0] UID 1002 comm: gen_fast, count: 1241888
CPU [0] UID 1002 comm: gen_fast, count: 1241900
CPU [0] UID 1002 comm: gen_fast, count: 1242000
CPU [0] UID 1002 comm: gen_fast, count: 1242100
CPU [0] UID 1002 comm: gen_fast, count: 1242200
CPU [0] UID 1002 comm: gen_fast, count: 1242361
CPU [0] UID 1002 comm: gen_fast, count: 1242400
CPU [0] UID 1002 comm: gen_fast, count: 1242550
CPU [0] UID 1002 comm: gen_fast, count: 1242600
CPU [0] UID 1002 comm: gen_fast, count: 1242767
CPU [0] UID 1002 comm: gen_fast, count: 1242800
CPU [0] UID 1002 comm: gen_fast, count: 1242940
CPU [0] UID 1002 comm: gen_fast, count: 1243000
CPU [0] UID 1002 comm: gen_fast, count: 1243100
CPU [0] UID 1002 comm: gen_fast, count: 1243251
CPU [0] UID 1002 comm: gen_fast, count: 1243454
CPU [0] UID 1002 comm: gen_fast, count: 1243454
CPU [0] UID 1002 comm: gen_fast, count: 1243500
CPU [0] UID 1002 comm: gen_fast, count: 1243688
CPU [0] UID 1002 comm: gen_fast, count: 1243700
CPU [0] UID 1002 comm: gen_fast, count: 1243948
CPU [0] UID 1002 comm: gen_fast, count: 1243948
CPU [0] UID 1002 comm: gen_fast, count: 1244149
CPU [0] UID 1002 comm: gen_fast, count: 1244149
CPU [0] UID 1002 comm: gen_fast, count: 1244354
CPU [0] UID 1002 comm: gen_fast, count: 1244354
CPU [0] UID 1002 comm: gen_fast, count: 1244400
CPU [0] UID 1002 comm: gen_fast, count: 1244581
CPU [0] UID 1002 comm: gen_fast, count: 1244600
CPU [0] UID 1002 comm: gen_fast, count: 1244702
CPU [0] UID 1002 comm: gen_fast, count: 1244855
CPU [0] UID 1002 comm: gen_fast, count: 1244900
CPU [0] UID 1002 comm: gen_fast, count: 1245052
CPU [0] UID 1002 comm: gen_fast, count: 1245194
CPU [0] UID 1002 comm: gen_fast, count: 1245200
CPU [0] UID 1002 comm: gen_fast, count: 1245340
CPU [0] UID 1002 comm: gen_fast, count: 1245400
CPU [0] UID 1002 comm: gen_fast, count: 1245500
CPU [0] UID 1002 comm: gen_fast, count: 1245633
CPU [0] UID 1002 comm: gen_fast, count: 1245700
CPU [0] UID 1002 comm: gen_fast, count: 1245841
CPU [0] UID 1002 comm: gen_fast, count: 1245919
CPU [0] UID 1002 comm: gen_fast, count: 1246000
CPU [0] UID 1002 comm: gen_fast, count: 1246125
CPU [0] UID 1002 comm: gen_fast, count: 1246251
CPU [0] UID 1002 comm: gen_fast, count: 1246302
CPU [0] UID 1002 comm: gen_fast, count: 1246400
CPU [0] UID 1002 comm: gen_fast, count: 1246500
CPU [0] UID 1002 comm: gen_fast, count: 1246609
CPU [0] UID 1002 comm: gen_fast, count: 1246724
CPU [0] UID 1002 comm: gen_fast, count: 1246848
CPU [0] UID 1002 comm: gen_fast, count: 1246982
CPU [0] UID 1002 comm: gen_fast, count: 1247000
CPU [0] UID 1002 comm: gen_fast, count: 1247114
CPU [0] UID 1002 comm: gen_fast, count: 1247200
CPU [0] UID 1002 comm: gen_fast, count: 1247310
CPU [0] UID 1002 comm: gen_fast, count: 1247432
CPU [0] UID 1002 comm: gen_fast, count: 1247527
CPU [0] UID 1002 comm: gen_fast, count: 1247650
CPU [0] UID 1002 comm: gen_fast, count: 1247767
CPU [0] UID 1002 comm: gen_fast, count: 1247800
CPU [0] UID 1002 comm: gen_fast, count: 1247900
CPU [0] UID 1002 comm: gen_fast, count: 1248061
CPU [0] UID 1002 comm: gen_fast, count: 1248100
CPU [0] UID 1002 comm: gen_fast, count: 1248324
CPU [0] UID 1002 comm: gen_fast, count: 1248324
CPU [0] UID 1002 comm: gen_fast, count: 1248400
CPU [0] UID 1002 comm: gen_fast, count: 1248538
CPU [0] UID 1002 comm: gen_fast, count: 1248600
CPU [0] UID 1002 comm: gen_fast, count: 1248700
CPU [0] UID 1002 comm: gen_fast, count: 1248903
CPU [0] UID 1002 comm: gen_fast, count: 1248903
CPU [0] UID 1002 comm: gen_fast, count: 1249103
CPU [0] UID 1002 comm: gen_fast, count: 1249103
CPU [0] UID 1002 comm: gen_fast, count: 1249358
CPU [0] UID 1002 comm: gen_fast, count: 1249358
CPU [0] UID 1002 comm: gen_fast, count: 1249400
CPU [0] UID 1002 comm: gen_fast, count: 1249578
CPU [0] UID 1002 comm: gen_fast, count: 1249600
CPU [0] UID 1002 comm: gen_fast, count: 1249716
CPU [0] UID 1002 comm: gen_fast, count: 1249800
CPU [0] UID 1002 comm: gen_fast, count: 1249900
CPU [0] UID 1002 comm: gen_fast, count: 1250000
CPU [0] UID 1002 comm: gen_fast, count: 1250129
CPU [0] UID 1002 comm: gen_fast, count: 1250223
CPU [0] UID 1002 comm: gen_fast, count: 1250311
CPU [0] UID 1002 comm: gen_fast, count: 1250523
CPU [0] UID 1002 comm: gen_fast, count: 1250523
CPU [0] UID 1002 comm: gen_fast, count: 1250600
CPU [0] UID 1002 comm: gen_fast, count: 1250700
CPU [0] UID 1002 comm: gen_fast, count: 1250850
CPU [0] UID 1002 comm: gen_fast, count: 1250997
CPU [0] UID 1002 comm: gen_fast, count: 1251000
CPU [0] UID 1002 comm: gen_fast, count: 1251126
CPU [0] UID 1002 comm: gen_fast, count: 1251200
CPU [0] UID 1002 comm: gen_fast, count: 1251348
CPU [0] UID 1002 comm: gen_fast, count: 1251400
CPU [0] UID 1002 comm: gen_fast, count: 1251500
CPU [0] UID 1002 comm: gen_fast, count: 1251616
CPU [0] UID 1002 comm: gen_fast, count: 1251743
CPU [0] UID 1002 comm: gen_fast, count: 1251826
CPU [0] UID 1002 comm: gen_fast, count: 1251900
CPU [0] UID 1002 comm: gen_fast, count: 1252080
CPU [0] UID 1002 comm: gen_fast, count: 1252100
CPU [0] UID 1002 comm: gen_fast, count: 1252237
CPU [0] UID 1002 comm: gen_fast, count: 1252372
CPU [0] UID 1002 comm: gen_fast, count: 1252465
CPU [0] UID 1002 comm: gen_fast, count: 1252500
CPU [0] UID 1002 comm: gen_fast, count: 1252600
CPU [0] UID 1002 comm: gen_fast, count: 1252774
CPU [0] UID 1002 comm: gen_fast, count: 1252800
CPU [0] UID 1002 comm: gen_fast, count: 1252920
CPU [0] UID 1002 comm: gen_fast, count: 1253097
CPU [0] UID 1002 comm: gen_fast, count: 1253100
CPU [0] UID 1002 comm: gen_fast, count: 1253231
CPU [0] UID 1002 comm: gen_fast, count: 1253398
CPU [0] UID 1002 comm: gen_fast, count: 1253400
CPU [0] UID 1002 comm: gen_fast, count: 1253522
CPU [0] UID 1002 comm: gen_fast, count: 1253666
CPU [0] UID 1002 comm: gen_fast, count: 1253700
CPU [0] UID 1002 comm: gen_fast, count: 1253815
CPU [0] UID 1002 comm: gen_fast, count: 1253966
CPU [0] UID 1002 comm: gen_fast, count: 1254000
CPU [0] UID 1002 comm: gen_fast, count: 1254185
CPU [0] UID 1002 comm: gen_fast, count: 1254200
CPU [0] UID 1002 comm: gen_fast, count: 1254310
CPU [0] UID 1002 comm: gen_fast, count: 1254403
CPU [0] UID 1002 comm: gen_fast, count: 1254590
CPU [0] UID 1002 comm: gen_fast, count: 1254600
CPU [0] UID 1002 comm: gen_fast, count: 1254774
CPU [0] UID 1002 comm: gen_fast, count: 1254800
CPU [0] UID 1002 comm: gen_fast, count: 1254900
CPU [0] UID 1002 comm: gen_fast, count: 1255083
CPU [0] UID 1002 comm: gen_fast, count: 1255100
CPU [0] UID 1002 comm: gen_fast, count: 1255248
CPU [0] UID 1002 comm: gen_fast, count: 1255300
CPU [0] UID 1002 comm: gen_fast, count: 1255405
CPU [0] UID 1002 comm: gen_fast, count: 1255583
CPU [0] UID 1002 comm: gen_fast, count: 1255600
CPU [0] UID 1002 comm: gen_fast, count: 1255749
CPU [0] UID 1002 comm: gen_fast, count: 1255800
CPU [0] UID 1002 comm: gen_fast, count: 1255948
CPU [0] UID 1002 comm: gen_fast, count: 1256000
CPU [0] UID 1002 comm: gen_fast, count: 1256100
CPU [0] UID 1002 comm: gen_fast, count: 1256206
CPU [0] UID 1002 comm: gen_fast, count: 1256300
CPU [0] UID 1002 comm: gen_fast, count: 1256435
CPU [0] UID 1002 comm: gen_fast, count: 1256528
CPU [0] UID 1002 comm: gen_fast, count: 1256643
CPU [0] UID 1002 comm: gen_fast, count: 1256823
CPU [0] UID 1002 comm: gen_fast, count: 1256823
CPU [0] UID 1002 comm: gen_fast, count: 1256903
CPU [0] UID 1002 comm: gen_fast, count: 1257040
CPU [0] UID 1002 comm: gen_fast, count: 1257100
CPU [0] UID 1002 comm: gen_fast, count: 1257224
CPU [0] UID 1002 comm: gen_fast, count: 1257300
CPU [0] UID 1002 comm: gen_fast, count: 1257400
CPU [0] UID 1002 comm: gen_fast, count: 1257586
CPU [0] UID 1002 comm: gen_fast, count: 1257600
CPU [0] UID 1002 comm: gen_fast, count: 1257759
CPU [0] UID 1002 comm: gen_fast, count: 1257800
CPU [0] UID 1002 comm: gen_fast, count: 1257900
CPU [0] UID 1002 comm: gen_fast, count: 1258043
CPU [0] UID 1002 comm: gen_fast, count: 1258229
CPU [0] UID 1002 comm: gen_fast, count: 1258229
CPU [0] UID 1002 comm: gen_fast, count: 1258411
CPU [0] UID 1002 comm: gen_fast, count: 1258411
CPU [0] UID 1002 comm: gen_fast, count: 1258586
CPU [0] UID 1002 comm: gen_fast, count: 1258600
CPU [0] UID 1002 comm: gen_fast, count: 1258700
CPU [0] UID 1002 comm: gen_fast, count: 1258800
CPU [0] UID 1002 comm: gen_fast, count: 1258936
CPU [0] UID 1002 comm: gen_fast, count: 1259103
CPU [0] UID 1002 comm: gen_fast, count: 1259103
CPU [0] UID 1002 comm: gen_fast, count: 1259262
CPU [0] UID 1002 comm: gen_fast, count: 1259300
CPU [0] UID 1002 comm: gen_fast, count: 1259402
CPU [0] UID 1002 comm: gen_fast, count: 1259559
CPU [0] UID 1002 comm: gen_fast, count: 1259600
CPU [0] UID 1002 comm: gen_fast, count: 1259733
CPU [0] UID 1002 comm: gen_fast, count: 1259930
CPU [0] UID 1002 comm: gen_fast, count: 1259930
CPU [0] UID 1002 comm: gen_fast, count: 1260000
CPU [0] UID 1002 comm: gen_fast, count: 1260137
CPU [0] UID 1002 comm: gen_fast, count: 1260220
CPU [0] UID 1002 comm: gen_fast, count: 1260300
CPU [0] UID 1002 comm: gen_fast, count: 1260400
CPU [0] UID 1002 comm: gen_fast, count: 1260547
CPU [0] UID 1002 comm: gen_fast, count: 1260600
CPU [0] UID 1002 comm: gen_fast, count: 1260708
CPU [0] UID 1002 comm: gen_fast, count: 1260833
CPU [0] UID 1002 comm: gen_fast, count: 1260975
CPU [0] UID 1002 comm: gen_fast, count: 1261000
CPU [0] UID 1002 comm: gen_fast, count: 1261103
CPU [0] UID 1002 comm: gen_fast, count: 1261211
CPU [0] UID 1002 comm: gen_fast, count: 1261311
CPU [0] UID 1002 comm: gen_fast, count: 1261400
CPU [0] UID 1002 comm: gen_fast, count: 1261534
CPU [0] UID 1002 comm: gen_fast, count: 1261705
CPU [0] UID 1002 comm: gen_fast, count: 1261705
CPU [0] UID 1002 comm: gen_fast, count: 1261849
CPU [0] UID 1002 comm: gen_fast, count: 1262051
CPU [0] UID 1002 comm: gen_fast, count: 1262051
CPU [0] UID 1002 comm: gen_fast, count: 1262100
CPU [0] UID 1002 comm: gen_fast, count: 1262200
CPU [0] UID 1002 comm: gen_fast, count: 1262384
CPU [0] UID 1002 comm: gen_fast, count: 1262400
CPU [0] UID 1002 comm: gen_fast, count: 1262570
CPU [0] UID 1002 comm: gen_fast, count: 1262600
CPU [0] UID 1002 comm: gen_fast, count: 1262786
CPU [0] UID 1002 comm: gen_fast, count: 1262800
CPU [0] UID 1002 comm: gen_fast, count: 1262940
CPU [0] UID 1002 comm: gen_fast, count: 1263065
CPU [0] UID 1002 comm: gen_fast, count: 1263100
CPU [0] UID 1002 comm: gen_fast, count: 1263204
CPU [0] UID 1002 comm: gen_fast, count: 1263300
CPU [0] UID 1002 comm: gen_fast, count: 1263400
CPU [0] UID 1002 comm: gen_fast, count: 1263518
CPU [0] UID 1002 comm: gen_fast, count: 1263681
CPU [0] UID 1002 comm: gen_fast, count: 1263700
CPU [0] UID 1002 comm: gen_fast, count: 1263849
CPU [0] UID 1002 comm: gen_fast, count: 1263936
CPU [0] UID 1002 comm: gen_fast, count: 1264058
CPU [0] UID 1002 comm: gen_fast, count: 1264180
CPU [0] UID 1002 comm: gen_fast, count: 1264200
CPU [0] UID 1002 comm: gen_fast, count: 1264301
CPU [0] UID 1002 comm: gen_fast, count: 1264424
CPU [0] UID 1002 comm: gen_fast, count: 1264580
CPU [0] UID 1002 comm: gen_fast, count: 1264600
CPU [0] UID 1002 comm: gen_fast, count: 1264722
CPU [0] UID 1002 comm: gen_fast, count: 1264841
CPU [0] UID 1002 comm: gen_fast, count: 1264983
CPU [0] UID 1002 comm: gen_fast, count: 1265000
CPU [0] UID 1002 comm: gen_fast, count: 1265120
CPU [0] UID 1002 comm: gen_fast, count: 1265273
CPU [0] UID 1002 comm: gen_fast, count: 1265300
CPU [0] UID 1002 comm: gen_fast, count: 1265408
CPU [0] UID 1002 comm: gen_fast, count: 1265556
CPU [0] UID 1002 comm: gen_fast, count: 1265600
CPU [0] UID 1002 comm: gen_fast, count: 1265700
CPU [0] UID 1002 comm: gen_fast, count: 1265835
CPU [0] UID 1002 comm: gen_fast, count: 1265900
CPU [0] UID 1002 comm: gen_fast, count: 1266008
CPU [0] UID 1002 comm: gen_fast, count: 1266172
CPU [0] UID 1002 comm: gen_fast, count: 1266200
CPU [0] UID 1002 comm: gen_fast, count: 1266315
CPU [0] UID 1002 comm: gen_fast, count: 1266475
CPU [0] UID 1002 comm: gen_fast, count: 1266500
CPU [0] UID 1002 comm: gen_fast, count: 1266600
CPU [0] UID 1002 comm: gen_fast, count: 1266700
CPU [0] UID 1002 comm: gen_fast, count: 1266859
CPU [0] UID 1002 comm: gen_fast, count: 1266900
CPU [0] UID 1002 comm: gen_fast, count: 1267018
CPU [0] UID 1002 comm: gen_fast, count: 1267181
CPU [0] UID 1002 comm: gen_fast, count: 1267200
CPU [0] UID 1002 comm: gen_fast, count: 1267333
CPU [0] UID 1002 comm: gen_fast, count: 1267510
CPU [0] UID 1002 comm: gen_fast, count: 1267510
CPU [0] UID 1002 comm: gen_fast, count: 1267600
CPU [0] UID 1002 comm: gen_fast, count: 1267717
CPU [0] UID 1002 comm: gen_fast, count: 1267800
CPU [0] UID 1002 comm: gen_fast, count: 1267900
CPU [0] UID 1002 comm: gen_fast, count: 1268101
CPU [0] UID 1002 comm: gen_fast, count: 1268101
CPU [0] UID 1002 comm: gen_fast, count: 1268200
CPU [0] UID 1002 comm: gen_fast, count: 1268301
CPU [0] UID 1002 comm: gen_fast, count: 1268439
CPU [0] UID 1002 comm: gen_fast, count: 1268598
CPU [0] UID 1002 comm: gen_fast, count: 1268600
CPU [0] UID 1002 comm: gen_fast, count: 1268748
CPU [0] UID 1002 comm: gen_fast, count: 1268800
CPU [0] UID 1002 comm: gen_fast, count: 1268900
CPU [0] UID 1002 comm: gen_fast, count: 1269070
CPU [0] UID 1002 comm: gen_fast, count: 1269100
CPU [0] UID 1002 comm: gen_fast, count: 1269236
CPU [0] UID 1002 comm: gen_fast, count: 1269300
CPU [0] UID 1002 comm: gen_fast, count: 1269443
CPU [0] UID 1002 comm: gen_fast, count: 1269560
CPU [0] UID 1002 comm: gen_fast, count: 1269600
CPU [0] UID 1002 comm: gen_fast, count: 1269700
CPU [0] UID 1002 comm: gen_fast, count: 1269851
CPU [0] UID 1002 comm: gen_fast, count: 1269900
CPU [0] UID 1002 comm: gen_fast, count: 1270000
CPU [0] UID 1002 comm: gen_fast, count: 1270178
CPU [0] UID 1002 comm: gen_fast, count: 1270200
CPU [0] UID 1002 comm: gen_fast, count: 1270341
CPU [0] UID 1002 comm: gen_fast, count: 1270427
CPU [0] UID 1002 comm: gen_fast, count: 1270516
CPU [0] UID 1002 comm: gen_fast, count: 1270698
CPU [0] UID 1002 comm: gen_fast, count: 1270700
CPU [0] UID 1002 comm: gen_fast, count: 1270800
CPU [0] UID 1002 comm: gen_fast, count: 1270900
CPU [0] UID 1002 comm: gen_fast, count: 1271030
CPU [0] UID 1002 comm: gen_fast, count: 1271155
CPU [0] UID 1002 comm: gen_fast, count: 1271209
CPU [0] UID 1002 comm: gen_fast, count: 1271300
CPU [0] UID 1002 comm: gen_fast, count: 1271424
CPU [0] UID 1002 comm: gen_fast, count: 1271565
CPU [0] UID 1002 comm: gen_fast, count: 1271600
CPU [0] UID 1002 comm: gen_fast, count: 1271705
CPU [0] UID 1002 comm: gen_fast, count: 1271817
CPU [0] UID 1002 comm: gen_fast, count: 1271955
CPU [0] UID 1002 comm: gen_fast, count: 1272011
CPU [0] UID 1002 comm: gen_fast, count: 1272168
CPU [0] UID 1002 comm: gen_fast, count: 1272200
CPU [0] UID 1002 comm: gen_fast, count: 1272348
CPU [0] UID 1002 comm: gen_fast, count: 1272400
CPU [0] UID 1002 comm: gen_fast, count: 1272505
CPU [0] UID 1002 comm: gen_fast, count: 1272670
CPU [0] UID 1002 comm: gen_fast, count: 1272700
CPU [0] UID 1002 comm: gen_fast, count: 1272880
CPU [0] UID 1002 comm: gen_fast, count: 1272900
CPU [0] UID 1002 comm: gen_fast, count: 1273088
CPU [0] UID 1002 comm: gen_fast, count: 1273100
CPU [0] UID 1002 comm: gen_fast, count: 1273339
CPU [0] UID 1002 comm: gen_fast, count: 1273339
CPU [0] UID 1002 comm: gen_fast, count: 1273400
CPU [0] UID 1002 comm: gen_fast, count: 1273557
CPU [0] UID 1002 comm: gen_fast, count: 1273602
CPU [0] UID 1002 comm: gen_fast, count: 1273714
CPU [0] UID 1002 comm: gen_fast, count: 1273921
CPU [0] UID 1002 comm: gen_fast, count: 1273921
CPU [0] UID 1002 comm: gen_fast, count: 1274121
CPU [0] UID 1002 comm: gen_fast, count: 1274121
CPU [0] UID 1002 comm: gen_fast, count: 1274223
CPU [0] UID 1002 comm: gen_fast, count: 1274320
CPU [0] UID 1002 comm: gen_fast, count: 1274477
CPU [0] UID 1002 comm: gen_fast, count: 1274500
CPU [0] UID 1002 comm: gen_fast, count: 1274603
CPU [0] UID 1002 comm: gen_fast, count: 1274700
CPU [0] UID 1002 comm: gen_fast, count: 1274800
CPU [0] UID 1002 comm: gen_fast, count: 1274900
CPU [0] UID 1002 comm: gen_fast, count: 1275050
CPU [0] UID 1002 comm: gen_fast, count: 1275256
CPU [0] UID 1002 comm: gen_fast, count: 1275256
CPU [0] UID 1002 comm: gen_fast, count: 1275300
CPU [0] UID 1002 comm: gen_fast, count: 1275496
CPU [0] UID 1002 comm: gen_fast, count: 1275500
CPU [0] UID 1002 comm: gen_fast, count: 1275600
CPU [0] UID 1002 comm: gen_fast, count: 1275712
CPU [0] UID 1002 comm: gen_fast, count: 1275812
CPU [0] UID 1002 comm: gen_fast, count: 1275956
CPU [0] UID 1002 comm: gen_fast, count: 1276048
CPU [0] UID 1002 comm: gen_fast, count: 1276139
CPU [0] UID 1002 comm: gen_fast, count: 1276203
CPU [0] UID 1002 comm: gen_fast, count: 1276327
CPU [0] UID 1002 comm: gen_fast, count: 1276490
CPU [0] UID 1002 comm: gen_fast, count: 1276500
CPU [0] UID 1002 comm: gen_fast, count: 1276633
CPU [0] UID 1002 comm: gen_fast, count: 1276728
CPU [0] UID 1002 comm: gen_fast, count: 1276800
CPU [0] UID 1002 comm: gen_fast, count: 1276900
CPU [0] UID 1002 comm: gen_fast, count: 1277000
CPU [0] UID 1002 comm: gen_fast, count: 1277158
CPU [0] UID 1002 comm: gen_fast, count: 1277238
CPU [0] UID 1002 comm: gen_fast, count: 1277387
CPU [0] UID 1002 comm: gen_fast, count: 1277400
CPU [0] UID 1002 comm: gen_fast, count: 1277509
CPU [0] UID 1002 comm: gen_fast, count: 1277621
CPU [0] UID 1002 comm: gen_fast, count: 1277700
CPU [0] UID 1002 comm: gen_fast, count: 1277800
CPU [0] UID 1002 comm: gen_fast, count: 1277910
CPU [0] UID 1002 comm: gen_fast, count: 1278000
CPU [0] UID 1002 comm: gen_fast, count: 1278183
CPU [0] UID 1002 comm: gen_fast, count: 1278200
CPU [0] UID 1002 comm: gen_fast, count: 1278436
CPU [0] UID 1002 comm: gen_fast, count: 1278436
CPU [0] UID 1002 comm: gen_fast, count: 1278514
CPU [0] UID 1002 comm: gen_fast, count: 1278676
CPU [0] UID 1002 comm: gen_fast, count: 1278700
CPU [0] UID 1002 comm: gen_fast, count: 1278865
CPU [0] UID 1002 comm: gen_fast, count: 1278900
CPU [0] UID 1002 comm: gen_fast, count: 1279106
CPU [0] UID 1002 comm: gen_fast, count: 1279106
CPU [0] UID 1002 comm: gen_fast, count: 1279203
CPU [0] UID 1002 comm: gen_fast, count: 1279320
CPU [0] UID 1002 comm: gen_fast, count: 1279400
CPU [0] UID 1002 comm: gen_fast, count: 1279500
CPU [0] UID 1002 comm: gen_fast, count: 1279684
CPU [0] UID 1002 comm: gen_fast, count: 1279700
CPU [0] UID 1002 comm: gen_fast, count: 1279872
CPU [0] UID 1002 comm: gen_fast, count: 1279900
CPU [0] UID 1002 comm: gen_fast, count: 1280070
CPU [0] UID 1002 comm: gen_fast, count: 1280100
CPU [0] UID 1002 comm: gen_fast, count: 1280200
CPU [0] UID 1002 comm: gen_fast, count: 1280300
CPU [0] UID 1002 comm: gen_fast, count: 1280430
CPU [0] UID 1002 comm: gen_fast, count: 1280500
CPU [0] UID 1002 comm: gen_fast, count: 1280601
CPU [0] UID 1002 comm: gen_fast, count: 1280773
CPU [0] UID 1002 comm: gen_fast, count: 1280800
CPU [0] UID 1002 comm: gen_fast, count: 1280900
CPU [0] UID 1002 comm: gen_fast, count: 1281020
CPU [0] UID 1002 comm: gen_fast, count: 1281149
CPU [0] UID 1002 comm: gen_fast, count: 1281200
CPU [0] UID 1002 comm: gen_fast, count: 1281300
CPU [0] UID 1002 comm: gen_fast, count: 1281411
CPU [0] UID 1002 comm: gen_fast, count: 1281518
CPU [0] UID 1002 comm: gen_fast, count: 1281646
CPU [0] UID 1002 comm: gen_fast, count: 1281762
CPU [0] UID 1002 comm: gen_fast, count: 1281885
CPU [0] UID 1002 comm: gen_fast, count: 1281900
CPU [0] UID 1002 comm: gen_fast, count: 1282031
CPU [0] UID 1002 comm: gen_fast, count: 1282215
CPU [0] UID 1002 comm: gen_fast, count: 1282215
CPU [0] UID 1002 comm: gen_fast, count: 1282341
CPU [0] UID 1002 comm: gen_fast, count: 1282501
CPU [0] UID 1002 comm: gen_fast, count: 1282501
CPU [0] UID 1002 comm: gen_fast, count: 1282643
CPU [0] UID 1002 comm: gen_fast, count: 1282834
CPU [0] UID 1002 comm: gen_fast, count: 1282834
CPU [0] UID 1002 comm: gen_fast, count: 1282969
CPU [0] UID 1002 comm: gen_fast, count: 1283000
CPU [0] UID 1002 comm: gen_fast, count: 1283100
CPU [0] UID 1002 comm: gen_fast, count: 1283213
CPU [0] UID 1002 comm: gen_fast, count: 1283344
CPU [0] UID 1002 comm: gen_fast, count: 1283400
CPU [0] UID 1002 comm: gen_fast, count: 1283618
CPU [0] UID 1002 comm: gen_fast, count: 1283618
CPU [0] UID 1002 comm: gen_fast, count: 1283725
CPU [0] UID 1002 comm: gen_fast, count: 1283838
CPU [0] UID 1002 comm: gen_fast, count: 1283900
CPU [0] UID 1002 comm: gen_fast, count: 1284014
CPU [0] UID 1002 comm: gen_fast, count: 1284129
CPU [0] UID 1002 comm: gen_fast, count: 1284256
CPU [0] UID 1002 comm: gen_fast, count: 1284382
CPU [0] UID 1002 comm: gen_fast, count: 1284439
CPU [0] UID 1002 comm: gen_fast, count: 1284500
CPU [0] UID 1002 comm: gen_fast, count: 1284600
CPU [0] UID 1002 comm: gen_fast, count: 1284736
CPU [0] UID 1002 comm: gen_fast, count: 1284858
CPU [0] UID 1002 comm: gen_fast, count: 1284992
CPU [0] UID 1002 comm: gen_fast, count: 1285000
CPU [0] UID 1002 comm: gen_fast, count: 1285116
CPU [0] UID 1002 comm: gen_fast, count: 1285237
CPU [0] UID 1002 comm: gen_fast, count: 1285357
CPU [0] UID 1002 comm: gen_fast, count: 1285483
CPU [0] UID 1002 comm: gen_fast, count: 1285515
CPU [0] UID 1002 comm: gen_fast, count: 1285600
CPU [0] UID 1002 comm: gen_fast, count: 1285754
CPU [0] UID 1002 comm: gen_fast, count: 1285800
CPU [0] UID 1002 comm: gen_fast, count: 1285900
CPU [0] UID 1002 comm: gen_fast, count: 1286059
CPU [0] UID 1002 comm: gen_fast, count: 1286100
CPU [0] UID 1002 comm: gen_fast, count: 1286208
CPU [0] UID 1002 comm: gen_fast, count: 1286300
CPU [0] UID 1002 comm: gen_fast, count: 1286448
CPU [0] UID 1002 comm: gen_fast, count: 1286544
CPU [0] UID 1002 comm: gen_fast, count: 1286749
CPU [0] UID 1002 comm: gen_fast, count: 1286749
CPU [0] UID 1002 comm: gen_fast, count: 1286800
CPU [0] UID 1002 comm: gen_fast, count: 1286910
CPU [0] UID 1002 comm: gen_fast, count: 1287084
CPU [0] UID 1002 comm: gen_fast, count: 1287100
CPU [0] UID 1002 comm: gen_fast, count: 1287220
CPU [0] UID 1002 comm: gen_fast, count: 1287411
CPU [0] UID 1002 comm: gen_fast, count: 1287411
CPU [0] UID 1002 comm: gen_fast, count: 1287553
CPU [0] UID 1002 comm: gen_fast, count: 1287600
CPU [0] UID 1002 comm: gen_fast, count: 1287758
CPU [0] UID 1002 comm: gen_fast, count: 1287806
CPU [0] UID 1002 comm: gen_fast, count: 1287911
CPU [0] UID 1002 comm: gen_fast, count: 1288118
CPU [0] UID 1002 comm: gen_fast, count: 1288118
CPU [0] UID 1002 comm: gen_fast, count: 1288274
CPU [0] UID 1002 comm: gen_fast, count: 1288300
CPU [0] UID 1002 comm: gen_fast, count: 1288433
CPU [0] UID 1002 comm: gen_fast, count: 1288593
CPU [0] UID 1002 comm: gen_fast, count: 1288600
CPU [0] UID 1002 comm: gen_fast, count: 1288758
CPU [0] UID 1002 comm: gen_fast, count: 1288800
CPU [0] UID 1002 comm: gen_fast, count: 1288937
CPU [0] UID 1002 comm: gen_fast, count: 1289022
CPU [0] UID 1002 comm: gen_fast, count: 1289216
CPU [0] UID 1002 comm: gen_fast, count: 1289216
CPU [0] UID 1002 comm: gen_fast, count: 1289318
CPU [0] UID 1002 comm: gen_fast, count: 1289400
CPU [0] UID 1002 comm: gen_fast, count: 1289532
CPU [0] UID 1002 comm: gen_fast, count: 1289672
CPU [0] UID 1002 comm: gen_fast, count: 1289700
CPU [0] UID 1002 comm: gen_fast, count: 1289800
CPU [0] UID 1002 comm: gen_fast, count: 1289913
CPU [0] UID 1002 comm: gen_fast, count: 1290064
CPU [0] UID 1002 comm: gen_fast, count: 1290100
CPU [0] UID 1002 comm: gen_fast, count: 1290203
CPU [0] UID 1002 comm: gen_fast, count: 1290335
CPU [0] UID 1002 comm: gen_fast, count: 1290406
CPU [0] UID 1002 comm: gen_fast, count: 1290500
CPU [0] UID 1002 comm: gen_fast, count: 1290600
CPU [0] UID 1002 comm: gen_fast, count: 1290725
CPU [0] UID 1002 comm: gen_fast, count: 1290810
CPU [0] UID 1002 comm: gen_fast, count: 1290963
CPU [0] UID 1002 comm: gen_fast, count: 1291000
CPU [0] UID 1002 comm: gen_fast, count: 1291122
CPU [0] UID 1002 comm: gen_fast, count: 1291275
CPU [0] UID 1002 comm: gen_fast, count: 1291300
CPU [0] UID 1002 comm: gen_fast, count: 1291432
CPU [0] UID 1002 comm: gen_fast, count: 1291581
CPU [0] UID 1002 comm: gen_fast, count: 1291600
CPU [0] UID 1002 comm: gen_fast, count: 1291700
CPU [0] UID 1002 comm: gen_fast, count: 1291881
CPU [0] UID 1002 comm: gen_fast, count: 1291900
CPU [0] UID 1002 comm: gen_fast, count: 1292012
CPU [0] UID 1002 comm: gen_fast, count: 1292191
CPU [0] UID 1002 comm: gen_fast, count: 1292200
CPU [0] UID 1002 comm: gen_fast, count: 1292369
CPU [0] UID 1002 comm: gen_fast, count: 1292400
CPU [0] UID 1002 comm: gen_fast, count: 1292561
CPU [0] UID 1002 comm: gen_fast, count: 1292754
CPU [0] UID 1002 comm: gen_fast, count: 1292754
CPU [0] UID 1002 comm: gen_fast, count: 1292803
CPU [0] UID 1002 comm: gen_fast, count: 1292917
CPU [0] UID 1002 comm: gen_fast, count: 1293069
CPU [0] UID 1002 comm: gen_fast, count: 1293100
CPU [0] UID 1002 comm: gen_fast, count: 1293248
CPU [0] UID 1002 comm: gen_fast, count: 1293300
CPU [0] UID 1002 comm: gen_fast, count: 1293435
CPU [0] UID 1002 comm: gen_fast, count: 1293525
CPU [0] UID 1002 comm: gen_fast, count: 1293707
CPU [0] UID 1002 comm: gen_fast, count: 1293707
CPU [0] UID 1002 comm: gen_fast, count: 1293885
CPU [0] UID 1002 comm: gen_fast, count: 1293900
CPU [0] UID 1002 comm: gen_fast, count: 1294000
CPU [0] UID 1002 comm: gen_fast, count: 1294124
CPU [0] UID 1002 comm: gen_fast, count: 1294214
CPU [0] UID 1002 comm: gen_fast, count: 1294363
CPU [0] UID 1002 comm: gen_fast, count: 1294400
CPU [0] UID 1002 comm: gen_fast, count: 1294500
CPU [0] UID 1002 comm: gen_fast, count: 1294612
CPU [0] UID 1002 comm: gen_fast, count: 1294700
CPU [0] UID 1002 comm: gen_fast, count: 1294800
CPU [0] UID 1002 comm: gen_fast, count: 1294947
CPU [0] UID 1002 comm: gen_fast, count: 1295089
CPU [0] UID 1002 comm: gen_fast, count: 1295100
CPU [0] UID 1002 comm: gen_fast, count: 1295221
CPU [0] UID 1002 comm: gen_fast, count: 1295359
CPU [0] UID 1002 comm: gen_fast, count: 1295400
CPU [0] UID 1002 comm: gen_fast, count: 1295526
CPU [0] UID 1002 comm: gen_fast, count: 1295671
CPU [0] UID 1002 comm: gen_fast, count: 1295700
CPU [0] UID 1002 comm: gen_fast, count: 1295839
CPU [0] UID 1002 comm: gen_fast, count: 1296020
CPU [0] UID 1002 comm: gen_fast, count: 1296020
CPU [0] UID 1002 comm: gen_fast, count: 1296146
CPU [0] UID 1002 comm: gen_fast, count: 1296224
CPU [0] UID 1002 comm: gen_fast, count: 1296300
CPU [0] UID 1002 comm: gen_fast, count: 1296495
CPU [0] UID 1002 comm: gen_fast, count: 1296500
CPU [0] UID 1002 comm: gen_fast, count: 1296676
CPU [0] UID 1002 comm: gen_fast, count: 1296700
CPU [0] UID 1002 comm: gen_fast, count: 1296859
CPU [0] UID 1002 comm: gen_fast, count: 1297009
CPU [0] UID 1002 comm: gen_fast, count: 1297009
CPU [0] UID 1002 comm: gen_fast, count: 1297100
CPU [0] UID 1002 comm: gen_fast, count: 1297227
CPU [0] UID 1002 comm: gen_fast, count: 1297389
CPU [0] UID 1002 comm: gen_fast, count: 1297400
CPU [0] UID 1002 comm: gen_fast, count: 1297500
CPU [0] UID 1002 comm: gen_fast, count: 1297636
CPU [0] UID 1002 comm: gen_fast, count: 1297700
CPU [0] UID 1002 comm: gen_fast, count: 1297869
CPU [0] UID 1002 comm: gen_fast, count: 1297900
CPU [0] UID 1002 comm: gen_fast, count: 1298017
CPU [0] UID 1002 comm: gen_fast, count: 1298100
CPU [0] UID 1002 comm: gen_fast, count: 1298213
CPU [0] UID 1002 comm: gen_fast, count: 1298300
CPU [0] UID 1002 comm: gen_fast, count: 1298416
CPU [0] UID 1002 comm: gen_fast, count: 1298629
CPU [0] UID 1002 comm: gen_fast, count: 1298629
CPU [0] UID 1002 comm: gen_fast, count: 1298712
CPU [0] UID 1002 comm: gen_fast, count: 1298884
CPU [0] UID 1002 comm: gen_fast, count: 1298900
CPU [0] UID 1002 comm: gen_fast, count: 1299018
CPU [0] UID 1002 comm: gen_fast, count: 1299182
CPU [0] UID 1002 comm: gen_fast, count: 1299200
CPU [0] UID 1002 comm: gen_fast, count: 1299337
CPU [0] UID 1002 comm: gen_fast, count: 1299400
CPU [0] UID 1002 comm: gen_fast, count: 1299500
CPU [0] UID 1002 comm: gen_fast, count: 1299644
CPU [0] UID 1002 comm: gen_fast, count: 1299700
CPU [0] UID 1002 comm: gen_fast, count: 1299867
CPU [0] UID 1002 comm: gen_fast, count: 1299900
CPU [0] UID 1002 comm: gen_fast, count: 1300010
CPU [0] UID 1002 comm: gen_fast, count: 1300167
CPU [0] UID 1002 comm: gen_fast, count: 1300200
CPU [0] UID 1002 comm: gen_fast, count: 1300300
CPU [0] UID 1002 comm: gen_fast, count: 1300490
CPU [0] UID 1002 comm: gen_fast, count: 1300500
CPU [0] UID 1002 comm: gen_fast, count: 1300600
CPU [0] UID 1002 comm: gen_fast, count: 1300717
CPU [0] UID 1002 comm: gen_fast, count: 1300888
CPU [0] UID 1002 comm: gen_fast, count: 1300900
CPU [0] UID 1002 comm: gen_fast, count: 1301041
CPU [0] UID 1002 comm: gen_fast, count: 1301224
CPU [0] UID 1002 comm: gen_fast, count: 1301224
CPU [0] UID 1002 comm: gen_fast, count: 1301300
CPU [0] UID 1002 comm: gen_fast, count: 1301400
CPU [0] UID 1002 comm: gen_fast, count: 1301515
CPU [0] UID 1002 comm: gen_fast, count: 1301649
CPU [0] UID 1002 comm: gen_fast, count: 1301799
CPU [0] UID 1002 comm: gen_fast, count: 1301800
CPU [0] UID 1002 comm: gen_fast, count: 1301967
CPU [0] UID 1002 comm: gen_fast, count: 1302000
CPU [0] UID 1002 comm: gen_fast, count: 1302100
CPU [0] UID 1002 comm: gen_fast, count: 1302200
CPU [0] UID 1002 comm: gen_fast, count: 1302317
CPU [0] UID 1002 comm: gen_fast, count: 1302482
CPU [0] UID 1002 comm: gen_fast, count: 1302500
CPU [0] UID 1002 comm: gen_fast, count: 1302616
CPU [0] UID 1002 comm: gen_fast, count: 1302787
CPU [0] UID 1002 comm: gen_fast, count: 1302800
CPU [0] UID 1002 comm: gen_fast, count: 1302908
CPU [0] UID 1002 comm: gen_fast, count: 1303001
CPU [0] UID 1002 comm: gen_fast, count: 1303106
CPU [0] UID 1002 comm: gen_fast, count: 1303200
CPU [0] UID 1002 comm: gen_fast, count: 1303303
CPU [0] UID 1002 comm: gen_fast, count: 1303407
CPU [0] UID 1002 comm: gen_fast, count: 1303533
CPU [0] UID 1002 comm: gen_fast, count: 1303654
CPU [0] UID 1002 comm: gen_fast, count: 1303786
CPU [0] UID 1002 comm: gen_fast, count: 1303800
CPU [0] UID 1002 comm: gen_fast, count: 1303908
CPU [0] UID 1002 comm: gen_fast, count: 1304047
CPU [0] UID 1002 comm: gen_fast, count: 1304161
CPU [0] UID 1002 comm: gen_fast, count: 1304316
CPU [0] UID 1002 comm: gen_fast, count: 1304316
CPU [0] UID 1002 comm: gen_fast, count: 1304400
CPU [0] UID 1002 comm: gen_fast, count: 1304508
CPU [0] UID 1002 comm: gen_fast, count: 1304650
CPU [0] UID 1002 comm: gen_fast, count: 1304700
CPU [0] UID 1002 comm: gen_fast, count: 1304803
CPU [0] UID 1002 comm: gen_fast, count: 1304900
CPU [0] UID 1002 comm: gen_fast, count: 1305008
CPU [0] UID 1002 comm: gen_fast, count: 1305126
CPU [0] UID 1002 comm: gen_fast, count: 1305268
CPU [0] UID 1002 comm: gen_fast, count: 1305300
CPU [0] UID 1002 comm: gen_fast, count: 1305427
CPU [0] UID 1002 comm: gen_fast, count: 1305574
CPU [0] UID 1002 comm: gen_fast, count: 1305600
CPU [0] UID 1002 comm: gen_fast, count: 1305775
CPU [0] UID 1002 comm: gen_fast, count: 1305800
CPU [0] UID 1002 comm: gen_fast, count: 1305904
CPU [0] UID 1002 comm: gen_fast, count: 1306054
CPU [0] UID 1002 comm: gen_fast, count: 1306100
CPU [0] UID 1002 comm: gen_fast, count: 1306213
CPU [0] UID 1002 comm: gen_fast, count: 1306366
CPU [0] UID 1002 comm: gen_fast, count: 1306400
CPU [0] UID 1002 comm: gen_fast, count: 1306514
CPU [0] UID 1002 comm: gen_fast, count: 1306731
CPU [0] UID 1002 comm: gen_fast, count: 1306731
CPU [0] UID 1002 comm: gen_fast, count: 1306904
CPU [0] UID 1002 comm: gen_fast, count: 1306904
CPU [0] UID 1002 comm: gen_fast, count: 1307000
CPU [0] UID 1002 comm: gen_fast, count: 1307160
CPU [0] UID 1002 comm: gen_fast, count: 1307200
CPU [0] UID 1002 comm: gen_fast, count: 1307322
CPU [0] UID 1002 comm: gen_fast, count: 1307400
CPU [0] UID 1002 comm: gen_fast, count: 1307510
CPU [0] UID 1002 comm: gen_fast, count: 1307630
CPU [0] UID 1002 comm: gen_fast, count: 1307767
CPU [0] UID 1002 comm: gen_fast, count: 1307800
CPU [0] UID 1002 comm: gen_fast, count: 1307900
CPU [0] UID 1002 comm: gen_fast, count: 1308040
CPU [0] UID 1002 comm: gen_fast, count: 1308194
CPU [0] UID 1002 comm: gen_fast, count: 1308200
CPU [0] UID 1002 comm: gen_fast, count: 1308364
CPU [0] UID 1002 comm: gen_fast, count: 1308400
CPU [0] UID 1002 comm: gen_fast, count: 1308568
CPU [0] UID 1002 comm: gen_fast, count: 1308600
CPU [0] UID 1002 comm: gen_fast, count: 1308756
CPU [0] UID 1002 comm: gen_fast, count: 1308800
CPU [0] UID 1002 comm: gen_fast, count: 1308942
CPU [0] UID 1002 comm: gen_fast, count: 1309000
CPU [0] UID 1002 comm: gen_fast, count: 1309103
CPU [0] UID 1002 comm: gen_fast, count: 1309228
CPU [0] UID 1002 comm: gen_fast, count: 1309392
CPU [0] UID 1002 comm: gen_fast, count: 1309400
CPU [0] UID 1002 comm: gen_fast, count: 1309525
CPU [0] UID 1002 comm: gen_fast, count: 1309614
CPU [0] UID 1002 comm: gen_fast, count: 1309700
CPU [0] UID 1002 comm: gen_fast, count: 1309801
CPU [0] UID 1002 comm: gen_fast, count: 1309908
CPU [0] UID 1002 comm: gen_fast, count: 1310000
CPU [0] UID 1002 comm: gen_fast, count: 1310100
CPU [0] UID 1002 comm: gen_fast, count: 1310205
CPU [0] UID 1002 comm: gen_fast, count: 1310332
CPU [0] UID 1002 comm: gen_fast, count: 1310435
CPU [0] UID 1002 comm: gen_fast, count: 1310574
CPU [0] UID 1002 comm: gen_fast, count: 1310600
CPU [0] UID 1002 comm: gen_fast, count: 1310707
CPU [0] UID 1002 comm: gen_fast, count: 1310804
CPU [0] UID 1002 comm: gen_fast, count: 1310917
CPU [0] UID 1002 comm: gen_fast, count: 1311039
CPU [0] UID 1002 comm: gen_fast, count: 1311143
CPU [0] UID 1002 comm: gen_fast, count: 1311278
CPU [0] UID 1002 comm: gen_fast, count: 1311300
CPU [0] UID 1002 comm: gen_fast, count: 1311420
CPU [0] UID 1002 comm: gen_fast, count: 1311500
CPU [0] UID 1002 comm: gen_fast, count: 1311600
CPU [0] UID 1002 comm: gen_fast, count: 1311732
CPU [0] UID 1002 comm: gen_fast, count: 1311852
CPU [0] UID 1002 comm: gen_fast, count: 1311959
CPU [0] UID 1002 comm: gen_fast, count: 1312078
CPU [0] UID 1002 comm: gen_fast, count: 1312100
CPU [0] UID 1002 comm: gen_fast, count: 1312200
CPU [0] UID 1002 comm: gen_fast, count: 1312300
CPU [0] UID 1002 comm: gen_fast, count: 1312444
CPU [0] UID 1002 comm: gen_fast, count: 1312570
CPU [0] UID 1002 comm: gen_fast, count: 1312600
CPU [0] UID 1002 comm: gen_fast, count: 1312700
CPU [0] UID 1002 comm: gen_fast, count: 1312806
CPU [0] UID 1002 comm: gen_fast, count: 1312905
CPU [0] UID 1002 comm: gen_fast, count: 1313033
CPU [0] UID 1002 comm: gen_fast, count: 1313187
CPU [0] UID 1002 comm: gen_fast, count: 1313200
CPU [0] UID 1002 comm: gen_fast, count: 1313317
CPU [0] UID 1002 comm: gen_fast, count: 1313475
CPU [0] UID 1002 comm: gen_fast, count: 1313500
CPU [0] UID 1002 comm: gen_fast, count: 1313618
CPU [0] UID 1002 comm: gen_fast, count: 1313752
CPU [0] UID 1002 comm: gen_fast, count: 1313800
CPU [0] UID 1002 comm: gen_fast, count: 1313907
CPU [0] UID 1002 comm: gen_fast, count: 1314038
CPU [0] UID 1002 comm: gen_fast, count: 1314103
CPU [0] UID 1002 comm: gen_fast, count: 1314292
CPU [0] UID 1002 comm: gen_fast, count: 1314300
CPU [0] UID 1002 comm: gen_fast, count: 1314421
CPU [0] UID 1002 comm: gen_fast, count: 1314556
CPU [0] UID 1002 comm: gen_fast, count: 1314613
CPU [0] UID 1002 comm: gen_fast, count: 1314700
CPU [0] UID 1002 comm: gen_fast, count: 1314866
CPU [0] UID 1002 comm: gen_fast, count: 1314900
CPU [0] UID 1002 comm: gen_fast, count: 1315069
CPU [0] UID 1002 comm: gen_fast, count: 1315100
CPU [0] UID 1002 comm: gen_fast, count: 1315200
CPU [0] UID 1002 comm: gen_fast, count: 1315320
CPU [0] UID 1002 comm: gen_fast, count: 1315401
CPU [0] UID 1002 comm: gen_fast, count: 1315567
CPU [0] UID 1002 comm: gen_fast, count: 1315600
CPU [0] UID 1002 comm: gen_fast, count: 1315700
CPU [0] UID 1002 comm: gen_fast, count: 1315852
CPU [0] UID 1002 comm: gen_fast, count: 1315900
CPU [0] UID 1002 comm: gen_fast, count: 1316000
CPU [0] UID 1002 comm: gen_fast, count: 1316144
CPU [0] UID 1002 comm: gen_fast, count: 1316290
CPU [0] UID 1002 comm: gen_fast, count: 1316300
CPU [0] UID 1002 comm: gen_fast, count: 1316463
CPU [0] UID 1002 comm: gen_fast, count: 1316500
CPU [0] UID 1002 comm: gen_fast, count: 1316637
CPU [0] UID 1002 comm: gen_fast, count: 1316700
CPU [0] UID 1002 comm: gen_fast, count: 1316800
CPU [0] UID 1002 comm: gen_fast, count: 1316928
CPU [0] UID 1002 comm: gen_fast, count: 1317055
CPU [0] UID 1002 comm: gen_fast, count: 1317235
CPU [0] UID 1002 comm: gen_fast, count: 1317235
CPU [0] UID 1002 comm: gen_fast, count: 1317414
CPU [0] UID 1002 comm: gen_fast, count: 1317414
CPU [0] UID 1002 comm: gen_fast, count: 1317500
CPU [0] UID 1002 comm: gen_fast, count: 1317600
CPU [0] UID 1002 comm: gen_fast, count: 1317764
CPU [0] UID 1002 comm: gen_fast, count: 1317800
CPU [0] UID 1002 comm: gen_fast, count: 1317922
CPU [0] UID 1002 comm: gen_fast, count: 1318062
CPU [0] UID 1002 comm: gen_fast, count: 1318100
CPU [0] UID 1002 comm: gen_fast, count: 1318200
CPU [0] UID 1002 comm: gen_fast, count: 1318321
CPU [0] UID 1002 comm: gen_fast, count: 1318422
CPU [0] UID 1002 comm: gen_fast, count: 1318513
CPU [0] UID 1002 comm: gen_fast, count: 1318726
CPU [0] UID 1002 comm: gen_fast, count: 1318726
CPU [0] UID 1002 comm: gen_fast, count: 1318890
CPU [0] UID 1002 comm: gen_fast, count: 1318900
CPU [0] UID 1002 comm: gen_fast, count: 1319135
CPU [0] UID 1002 comm: gen_fast, count: 1319135
CPU [0] UID 1002 comm: gen_fast, count: 1319317
CPU [0] UID 1002 comm: gen_fast, count: 1319317
CPU [0] UID 1002 comm: gen_fast, count: 1319413
CPU [0] UID 1002 comm: gen_fast, count: 1319521
CPU [0] UID 1002 comm: gen_fast, count: 1319600
CPU [0] UID 1002 comm: gen_fast, count: 1319700
CPU [0] UID 1002 comm: gen_fast, count: 1319825
CPU [0] UID 1002 comm: gen_fast, count: 1319981
CPU [0] UID 1002 comm: gen_fast, count: 1320000
CPU [0] UID 1002 comm: gen_fast, count: 1320125
CPU [0] UID 1002 comm: gen_fast, count: 1320232
CPU [0] UID 1002 comm: gen_fast, count: 1320364
CPU [0] UID 1002 comm: gen_fast, count: 1320400
CPU [0] UID 1002 comm: gen_fast, count: 1320526
CPU [0] UID 1002 comm: gen_fast, count: 1320648
CPU [0] UID 1002 comm: gen_fast, count: 1320722
CPU [0] UID 1002 comm: gen_fast, count: 1320848
CPU [0] UID 1002 comm: gen_fast, count: 1321004
CPU [0] UID 1002 comm: gen_fast, count: 1321004
CPU [0] UID 1002 comm: gen_fast, count: 1321146
CPU [0] UID 1002 comm: gen_fast, count: 1321200
CPU [0] UID 1002 comm: gen_fast, count: 1321300
CPU [0] UID 1002 comm: gen_fast, count: 1321465
CPU [0] UID 1002 comm: gen_fast, count: 1321620
CPU [0] UID 1002 comm: gen_fast, count: 1321620
CPU [0] UID 1002 comm: gen_fast, count: 1321717
CPU [0] UID 1002 comm: gen_fast, count: 1321800
CPU [0] UID 1002 comm: gen_fast, count: 1321937
CPU [0] UID 1002 comm: gen_fast, count: 1322088
CPU [0] UID 1002 comm: gen_fast, count: 1322100
CPU [0] UID 1002 comm: gen_fast, count: 1322210
CPU [0] UID 1002 comm: gen_fast, count: 1322365
CPU [0] UID 1002 comm: gen_fast, count: 1322529
CPU [0] UID 1002 comm: gen_fast, count: 1322529
CPU [0] UID 1002 comm: gen_fast, count: 1322638
CPU [0] UID 1002 comm: gen_fast, count: 1322714
CPU [0] UID 1002 comm: gen_fast, count: 1322800
CPU [0] UID 1002 comm: gen_fast, count: 1322920
CPU [0] UID 1002 comm: gen_fast, count: 1323050
CPU [0] UID 1002 comm: gen_fast, count: 1323246
CPU [0] UID 1002 comm: gen_fast, count: 1323246
CPU [0] UID 1002 comm: gen_fast, count: 1323446
CPU [0] UID 1002 comm: gen_fast, count: 1323446
CPU [0] UID 1002 comm: gen_fast, count: 1323500
CPU [0] UID 1002 comm: gen_fast, count: 1323645
CPU [0] UID 1002 comm: gen_fast, count: 1323790
CPU [0] UID 1002 comm: gen_fast, count: 1323800
CPU [0] UID 1002 comm: gen_fast, count: 1323921
CPU [0] UID 1002 comm: gen_fast, count: 1324088
CPU [0] UID 1002 comm: gen_fast, count: 1324100
CPU [0] UID 1002 comm: gen_fast, count: 1324224
CPU [0] UID 1002 comm: gen_fast, count: 1324377
CPU [0] UID 1002 comm: gen_fast, count: 1324427
CPU [0] UID 1002 comm: gen_fast, count: 1324514
CPU [0] UID 1002 comm: gen_fast, count: 1324712
CPU [0] UID 1002 comm: gen_fast, count: 1324712
CPU [0] UID 1002 comm: gen_fast, count: 1324892
CPU [0] UID 1002 comm: gen_fast, count: 1324900
CPU [0] UID 1002 comm: gen_fast, count: 1325131
CPU [0] UID 1002 comm: gen_fast, count: 1325131
CPU [0] UID 1002 comm: gen_fast, count: 1325294
CPU [0] UID 1002 comm: gen_fast, count: 1325300
CPU [0] UID 1002 comm: gen_fast, count: 1325400
CPU [0] UID 1002 comm: gen_fast, count: 1325576
CPU [0] UID 1002 comm: gen_fast, count: 1325600
CPU [0] UID 1002 comm: gen_fast, count: 1325770
CPU [0] UID 1002 comm: gen_fast, count: 1325800
CPU [0] UID 1002 comm: gen_fast, count: 1325938
CPU [0] UID 1002 comm: gen_fast, count: 1326000
CPU [0] UID 1002 comm: gen_fast, count: 1326100
CPU [0] UID 1002 comm: gen_fast, count: 1326217
CPU [0] UID 1002 comm: gen_fast, count: 1326312
CPU [0] UID 1002 comm: gen_fast, count: 1326485
CPU [0] UID 1002 comm: gen_fast, count: 1326500
CPU [0] UID 1002 comm: gen_fast, count: 1326600
CPU [0] UID 1002 comm: gen_fast, count: 1326726
CPU [0] UID 1002 comm: gen_fast, count: 1326826
CPU [0] UID 1002 comm: gen_fast, count: 1326900
CPU [0] UID 1002 comm: gen_fast, count: 1327019
CPU [0] UID 1002 comm: gen_fast, count: 1327152
CPU [0] UID 1002 comm: gen_fast, count: 1327200
CPU [0] UID 1002 comm: gen_fast, count: 1327351
CPU [0] UID 1002 comm: gen_fast, count: 1327553
CPU [0] UID 1002 comm: gen_fast, count: 1327553
CPU [0] UID 1002 comm: gen_fast, count: 1327600
CPU [0] UID 1002 comm: gen_fast, count: 1327804
CPU [0] UID 1002 comm: gen_fast, count: 1327804
CPU [0] UID 1002 comm: gen_fast, count: 1327910
CPU [0] UID 1002 comm: gen_fast, count: 1328013
CPU [0] UID 1002 comm: gen_fast, count: 1328177
CPU [0] UID 1002 comm: gen_fast, count: 1328200
CPU [0] UID 1002 comm: gen_fast, count: 1328367
CPU [0] UID 1002 comm: gen_fast, count: 1328400
CPU [0] UID 1002 comm: gen_fast, count: 1328567
CPU [0] UID 1002 comm: gen_fast, count: 1328645
CPU [0] UID 1002 comm: gen_fast, count: 1328719
CPU [0] UID 1002 comm: gen_fast, count: 1328819
CPU [0] UID 1002 comm: gen_fast, count: 1328998
CPU [0] UID 1002 comm: gen_fast, count: 1329000
CPU [0] UID 1002 comm: gen_fast, count: 1329131
CPU [0] UID 1002 comm: gen_fast, count: 1329243
CPU [0] UID 1002 comm: gen_fast, count: 1329393
CPU [0] UID 1002 comm: gen_fast, count: 1329400
CPU [0] UID 1002 comm: gen_fast, count: 1329500
CPU [0] UID 1002 comm: gen_fast, count: 1329625
CPU [0] UID 1002 comm: gen_fast, count: 1329705
CPU [0] UID 1002 comm: gen_fast, count: 1329863
CPU [0] UID 1002 comm: gen_fast, count: 1329900
CPU [0] UID 1002 comm: gen_fast, count: 1330047
CPU [0] UID 1002 comm: gen_fast, count: 1330121
CPU [0] UID 1002 comm: gen_fast, count: 1330200
CPU [0] UID 1002 comm: gen_fast, count: 1330357
CPU [0] UID 1002 comm: gen_fast, count: 1330531
CPU [0] UID 1002 comm: gen_fast, count: 1330531
CPU [0] UID 1002 comm: gen_fast, count: 1330600
CPU [0] UID 1002 comm: gen_fast, count: 1330731
CPU [0] UID 1002 comm: gen_fast, count: 1330813
CPU [0] UID 1002 comm: gen_fast, count: 1330900
CPU [0] UID 1002 comm: gen_fast, count: 1331039
CPU [0] UID 1002 comm: gen_fast, count: 1331115
CPU [0] UID 1002 comm: gen_fast, count: 1331200
CPU [0] UID 1002 comm: gen_fast, count: 1331300
CPU [0] UID 1002 comm: gen_fast, count: 1331425
CPU [0] UID 1002 comm: gen_fast, count: 1331500
CPU [0] UID 1002 comm: gen_fast, count: 1331600
CPU [0] UID 1002 comm: gen_fast, count: 1331768
CPU [0] UID 1002 comm: gen_fast, count: 1331800
CPU [0] UID 1002 comm: gen_fast, count: 1331938
CPU [0] UID 1002 comm: gen_fast, count: 1332089
CPU [0] UID 1002 comm: gen_fast, count: 1332100
CPU [0] UID 1002 comm: gen_fast, count: 1332281
CPU [0] UID 1002 comm: gen_fast, count: 1332300
CPU [0] UID 1002 comm: gen_fast, count: 1332483
CPU [0] UID 1002 comm: gen_fast, count: 1332500
CPU [0] UID 1002 comm: gen_fast, count: 1332679
CPU [0] UID 1002 comm: gen_fast, count: 1332700
CPU [0] UID 1002 comm: gen_fast, count: 1332835
CPU [0] UID 1002 comm: gen_fast, count: 1332977
CPU [0] UID 1002 comm: gen_fast, count: 1333000
CPU [0] UID 1002 comm: gen_fast, count: 1333136
CPU [0] UID 1002 comm: gen_fast, count: 1333308
CPU [0] UID 1002 comm: gen_fast, count: 1333308
CPU [0] UID 1002 comm: gen_fast, count: 1333442
CPU [0] UID 1002 comm: gen_fast, count: 1333642
CPU [0] UID 1002 comm: gen_fast, count: 1333642
CPU [0] UID 1002 comm: gen_fast, count: 1333832
CPU [0] UID 1002 comm: gen_fast, count: 1333832
CPU [0] UID 1002 comm: gen_fast, count: 1333900
CPU [0] UID 1002 comm: gen_fast, count: 1334043
CPU [0] UID 1002 comm: gen_fast, count: 1334235
CPU [0] UID 1002 comm: gen_fast, count: 1334235
CPU [0] UID 1002 comm: gen_fast, count: 1334300
CPU [0] UID 1002 comm: gen_fast, count: 1334454
CPU [0] UID 1002 comm: gen_fast, count: 1334500
CPU [0] UID 1002 comm: gen_fast, count: 1334637
CPU [0] UID 1002 comm: gen_fast, count: 1334700
CPU [0] UID 1002 comm: gen_fast, count: 1334803
CPU [0] UID 1002 comm: gen_fast, count: 1334970
CPU [0] UID 1002 comm: gen_fast, count: 1335054
CPU [0] UID 1002 comm: gen_fast, count: 1335114
CPU [0] UID 1002 comm: gen_fast, count: 1335212
CPU [0] UID 1002 comm: gen_fast, count: 1335420
CPU [0] UID 1002 comm: gen_fast, count: 1335420
CPU [0] UID 1002 comm: gen_fast, count: 1335558
CPU [0] UID 1002 comm: gen_fast, count: 1335699
CPU [0] UID 1002 comm: gen_fast, count: 1335700
CPU [0] UID 1002 comm: gen_fast, count: 1335828
CPU [0] UID 1002 comm: gen_fast, count: 1336037
CPU [0] UID 1002 comm: gen_fast, count: 1336037
CPU [0] UID 1002 comm: gen_fast, count: 1336100
CPU [0] UID 1002 comm: gen_fast, count: 1336281
CPU [0] UID 1002 comm: gen_fast, count: 1336300
CPU [0] UID 1002 comm: gen_fast, count: 1336431
CPU [0] UID 1002 comm: gen_fast, count: 1336574
CPU [0] UID 1002 comm: gen_fast, count: 1336600
CPU [0] UID 1002 comm: gen_fast, count: 1336733
CPU [0] UID 1002 comm: gen_fast, count: 1336943
CPU [0] UID 1002 comm: gen_fast, count: 1336943
CPU [0] UID 1002 comm: gen_fast, count: 1337038
CPU [0] UID 1002 comm: gen_fast, count: 1337100
CPU [0] UID 1002 comm: gen_fast, count: 1337200
CPU [0] UID 1002 comm: gen_fast, count: 1337354
CPU [0] UID 1002 comm: gen_fast, count: 1337400
CPU [0] UID 1002 comm: gen_fast, count: 1337537
CPU [0] UID 1002 comm: gen_fast, count: 1337606
CPU [0] UID 1002 comm: gen_fast, count: 1337700
CPU [0] UID 1002 comm: gen_fast, count: 1337833
CPU [0] UID 1002 comm: gen_fast, count: 1338044
CPU [0] UID 1002 comm: gen_fast, count: 1338044
CPU [0] UID 1002 comm: gen_fast, count: 1338100
CPU [0] UID 1002 comm: gen_fast, count: 1338200
CPU [0] UID 1002 comm: gen_fast, count: 1338320
CPU [0] UID 1002 comm: gen_fast, count: 1338419
CPU [0] UID 1002 comm: gen_fast, count: 1338564
CPU [0] UID 1002 comm: gen_fast, count: 1338600
CPU [0] UID 1002 comm: gen_fast, count: 1338700
CPU [0] UID 1002 comm: gen_fast, count: 1338839
CPU [0] UID 1002 comm: gen_fast, count: 1338900
CPU [0] UID 1002 comm: gen_fast, count: 1339008
CPU [0] UID 1002 comm: gen_fast, count: 1339148
CPU [0] UID 1002 comm: gen_fast, count: 1339298
CPU [0] UID 1002 comm: gen_fast, count: 1339300
CPU [0] UID 1002 comm: gen_fast, count: 1339453
CPU [0] UID 1002 comm: gen_fast, count: 1339500
CPU [0] UID 1002 comm: gen_fast, count: 1339614
CPU [0] UID 1002 comm: gen_fast, count: 1339799
CPU [0] UID 1002 comm: gen_fast, count: 1339800
CPU [0] UID 1002 comm: gen_fast, count: 1340004
CPU [0] UID 1002 comm: gen_fast, count: 1340004
CPU [0] UID 1002 comm: gen_fast, count: 1340205
CPU [0] UID 1002 comm: gen_fast, count: 1340205
CPU [0] UID 1002 comm: gen_fast, count: 1340300
CPU [0] UID 1002 comm: gen_fast, count: 1340450
CPU [0] UID 1002 comm: gen_fast, count: 1340500
CPU [0] UID 1002 comm: gen_fast, count: 1340675
CPU [0] UID 1002 comm: gen_fast, count: 1340700
CPU [0] UID 1002 comm: gen_fast, count: 1340870
CPU [0] UID 1002 comm: gen_fast, count: 1340900
CPU [0] UID 1002 comm: gen_fast, count: 1341000
CPU [0] UID 1002 comm: gen_fast, count: 1341100
CPU [0] UID 1002 comm: gen_fast, count: 1341266
CPU [0] UID 1002 comm: gen_fast, count: 1341300
CPU [0] UID 1002 comm: gen_fast, count: 1341452
CPU [0] UID 1002 comm: gen_fast, count: 1341500
CPU [0] UID 1002 comm: gen_fast, count: 1341600
CPU [0] UID 1002 comm: gen_fast, count: 1341700
CPU [0] UID 1002 comm: gen_fast, count: 1341864
CPU [0] UID 1002 comm: gen_fast, count: 1341900
CPU [0] UID 1002 comm: gen_fast, count: 1342005
CPU [0] UID 1002 comm: gen_fast, count: 1342100
CPU [0] UID 1002 comm: gen_fast, count: 1342314
CPU [0] UID 1002 comm: gen_fast, count: 1342314
CPU [0] UID 1002 comm: gen_fast, count: 1342400
CPU [0] UID 1002 comm: gen_fast, count: 1342500
CPU [0] UID 1002 comm: gen_fast, count: 1342690
CPU [0] UID 1002 comm: gen_fast, count: 1342700
CPU [0] UID 1002 comm: gen_fast, count: 1342810
CPU [0] UID 1002 comm: gen_fast, count: 1342900
CPU [0] UID 1002 comm: gen_fast, count: 1343000
CPU [0] UID 1002 comm: gen_fast, count: 1343140
CPU [0] UID 1002 comm: gen_fast, count: 1343292
CPU [0] UID 1002 comm: gen_fast, count: 1343300
CPU [0] UID 1002 comm: gen_fast, count: 1343400
CPU [0] UID 1002 comm: gen_fast, count: 1343514
CPU [0] UID 1002 comm: gen_fast, count: 1343600
CPU [0] UID 1002 comm: gen_fast, count: 1343730
CPU [0] UID 1002 comm: gen_fast, count: 1343871
CPU [0] UID 1002 comm: gen_fast, count: 1343900
CPU [0] UID 1002 comm: gen_fast, count: 1344000
CPU [0] UID 1002 comm: gen_fast, count: 1344114
CPU [0] UID 1002 comm: gen_fast, count: 1344242
CPU [0] UID 1002 comm: gen_fast, count: 1344372
CPU [0] UID 1002 comm: gen_fast, count: 1344400
CPU [0] UID 1002 comm: gen_fast, count: 1344509
CPU [0] UID 1002 comm: gen_fast, count: 1344600
CPU [0] UID 1002 comm: gen_fast, count: 1344700
CPU [0] UID 1002 comm: gen_fast, count: 1344847
CPU [0] UID 1002 comm: gen_fast, count: 1344900
CPU [0] UID 1002 comm: gen_fast, count: 1345000
CPU [0] UID 1002 comm: gen_fast, count: 1345100
CPU [0] UID 1002 comm: gen_fast, count: 1345216
CPU [0] UID 1002 comm: gen_fast, count: 1345355
CPU [0] UID 1002 comm: gen_fast, count: 1345400
CPU [0] UID 1002 comm: gen_fast, count: 1345505
CPU [0] UID 1002 comm: gen_fast, count: 1345610
CPU [0] UID 1002 comm: gen_fast, count: 1345700
CPU [0] UID 1002 comm: gen_fast, count: 1345806
CPU [0] UID 1002 comm: gen_fast, count: 1345976
CPU [0] UID 1002 comm: gen_fast, count: 1346000
CPU [0] UID 1002 comm: gen_fast, count: 1346147
CPU [0] UID 1002 comm: gen_fast, count: 1346200
CPU [0] UID 1002 comm: gen_fast, count: 1346302
CPU [0] UID 1002 comm: gen_fast, count: 1346460
CPU [0] UID 1002 comm: gen_fast, count: 1346585
CPU [0] UID 1002 comm: gen_fast, count: 1346600
CPU [0] UID 1002 comm: gen_fast, count: 1346737
CPU [0] UID 1002 comm: gen_fast, count: 1346800
CPU [0] UID 1002 comm: gen_fast, count: 1346900
CPU [0] UID 1002 comm: gen_fast, count: 1347055
CPU [0] UID 1002 comm: gen_fast, count: 1347100
CPU [0] UID 1002 comm: gen_fast, count: 1347250
CPU [0] UID 1002 comm: gen_fast, count: 1347300
CPU [0] UID 1002 comm: gen_fast, count: 1347432
CPU [0] UID 1002 comm: gen_fast, count: 1347551
CPU [0] UID 1002 comm: gen_fast, count: 1347600
CPU [0] UID 1002 comm: gen_fast, count: 1347700
CPU [0] UID 1002 comm: gen_fast, count: 1347853
CPU [0] UID 1002 comm: gen_fast, count: 1347900
CPU [0] UID 1002 comm: gen_fast, count: 1348084
CPU [0] UID 1002 comm: gen_fast, count: 1348100
CPU [0] UID 1002 comm: gen_fast, count: 1348214
CPU [0] UID 1002 comm: gen_fast, count: 1348393
CPU [0] UID 1002 comm: gen_fast, count: 1348400
CPU [0] UID 1002 comm: gen_fast, count: 1348545
CPU [0] UID 1002 comm: gen_fast, count: 1348600
CPU [0] UID 1002 comm: gen_fast, count: 1348717
CPU [0] UID 1002 comm: gen_fast, count: 1348807
CPU [0] UID 1002 comm: gen_fast, count: 1349008
CPU [0] UID 1002 comm: gen_fast, count: 1349008
CPU [0] UID 1002 comm: gen_fast, count: 1349141
CPU [0] UID 1002 comm: gen_fast, count: 1349227
CPU [0] UID 1002 comm: gen_fast, count: 1349308
CPU [0] UID 1002 comm: gen_fast, count: 1349400
CPU [0] UID 1002 comm: gen_fast, count: 1349500
CPU [0] UID 1002 comm: gen_fast, count: 1349669
CPU [0] UID 1002 comm: gen_fast, count: 1349700
CPU [0] UID 1002 comm: gen_fast, count: 1349839
CPU [0] UID 1002 comm: gen_fast, count: 1349997
CPU [0] UID 1002 comm: gen_fast, count: 1350000
CPU [0] UID 1002 comm: gen_fast, count: 1350130
CPU [0] UID 1002 comm: gen_fast, count: 1350292
CPU [0] UID 1002 comm: gen_fast, count: 1350300
CPU [0] UID 1002 comm: gen_fast, count: 1350466
CPU [0] UID 1002 comm: gen_fast, count: 1350500
CPU [0] UID 1002 comm: gen_fast, count: 1350615
CPU [0] UID 1002 comm: gen_fast, count: 1350818
CPU [0] UID 1002 comm: gen_fast, count: 1350818
CPU [0] UID 1002 comm: gen_fast, count: 1350900
CPU [0] UID 1002 comm: gen_fast, count: 1351036
CPU [0] UID 1002 comm: gen_fast, count: 1351100
CPU [0] UID 1002 comm: gen_fast, count: 1351200
CPU [0] UID 1002 comm: gen_fast, count: 1351392
CPU [0] UID 1002 comm: gen_fast, count: 1351400
CPU [0] UID 1002 comm: gen_fast, count: 1351528
CPU [0] UID 1002 comm: gen_fast, count: 1351654
CPU [0] UID 1002 comm: gen_fast, count: 1351700
CPU [0] UID 1002 comm: gen_fast, count: 1351800
CPU [0] UID 1002 comm: gen_fast, count: 1351917
CPU [0] UID 1002 comm: gen_fast, count: 1352122
CPU [0] UID 1002 comm: gen_fast, count: 1352122
CPU [0] UID 1002 comm: gen_fast, count: 1352295
CPU [0] UID 1002 comm: gen_fast, count: 1352300
CPU [0] UID 1002 comm: gen_fast, count: 1352434
CPU [0] UID 1002 comm: gen_fast, count: 1352500
CPU [0] UID 1002 comm: gen_fast, count: 1352600
CPU [0] UID 1002 comm: gen_fast, count: 1352734
CPU [0] UID 1002 comm: gen_fast, count: 1352800
CPU [0] UID 1002 comm: gen_fast, count: 1352900
CPU [0] UID 1002 comm: gen_fast, count: 1353035
CPU [0] UID 1002 comm: gen_fast, count: 1353246
CPU [0] UID 1002 comm: gen_fast, count: 1353246
CPU [0] UID 1002 comm: gen_fast, count: 1353454
CPU [0] UID 1002 comm: gen_fast, count: 1353454
CPU [0] UID 1002 comm: gen_fast, count: 1353500
CPU [0] UID 1002 comm: gen_fast, count: 1353600
CPU [0] UID 1002 comm: gen_fast, count: 1353700
CPU [0] UID 1002 comm: gen_fast, count: 1353852
CPU [0] UID 1002 comm: gen_fast, count: 1353900
CPU [0] UID 1002 comm: gen_fast, count: 1354078
CPU [0] UID 1002 comm: gen_fast, count: 1354100
CPU [0] UID 1002 comm: gen_fast, count: 1354214
CPU [0] UID 1002 comm: gen_fast, count: 1354411
CPU [0] UID 1002 comm: gen_fast, count: 1354411
CPU [0] UID 1002 comm: gen_fast, count: 1354542
CPU [0] UID 1002 comm: gen_fast, count: 1354600
CPU [0] UID 1002 comm: gen_fast, count: 1354705
CPU [0] UID 1002 comm: gen_fast, count: 1354800
CPU [0] UID 1002 comm: gen_fast, count: 1354966
CPU [0] UID 1002 comm: gen_fast, count: 1355000
CPU [0] UID 1002 comm: gen_fast, count: 1355147
CPU [0] UID 1002 comm: gen_fast, count: 1355200
CPU [0] UID 1002 comm: gen_fast, count: 1355300
CPU [0] UID 1002 comm: gen_fast, count: 1355464
CPU [0] UID 1002 comm: gen_fast, count: 1355500
CPU [0] UID 1002 comm: gen_fast, count: 1355637
CPU [0] UID 1002 comm: gen_fast, count: 1355834
CPU [0] UID 1002 comm: gen_fast, count: 1355834
CPU [0] UID 1002 comm: gen_fast, count: 1355900
CPU [0] UID 1002 comm: gen_fast, count: 1356042
CPU [0] UID 1002 comm: gen_fast, count: 1356193
CPU [0] UID 1002 comm: gen_fast, count: 1356200
CPU [0] UID 1002 comm: gen_fast, count: 1356336
CPU [0] UID 1002 comm: gen_fast, count: 1356458
CPU [0] UID 1002 comm: gen_fast, count: 1356977
CPU [0] UID 1002 comm: gen_fast, count: 1356977
CPU [0] UID 1002 comm: gen_fast, count: 1356977
CPU [0] UID 1002 comm: gen_fast, count: 1356977
CPU [0] UID 1002 comm: gen_fast, count: 1357092
CPU [0] UID 1002 comm: gen_fast, count: 1357092
CPU [0] UID 1002 comm: gen_fast, count: 1357153
CPU [0] UID 1002 comm: gen_fast, count: 1357202
CPU [0] UID 1002 comm: gen_fast, count: 1357311
CPU [0] UID 1002 comm: gen_fast, count: 1357400
CPU [0] UID 1002 comm: gen_fast, count: 1357503
CPU [0] UID 1002 comm: gen_fast, count: 1357635
CPU [0] UID 1002 comm: gen_fast, count: 1357752
CPU [0] UID 1002 comm: gen_fast, count: 1357800
CPU [0] UID 1002 comm: gen_fast, count: 1357917
CPU [0] UID 1002 comm: gen_fast, count: 1358087
CPU [0] UID 1002 comm: gen_fast, count: 1358100
CPU [0] UID 1002 comm: gen_fast, count: 1358215
CPU [0] UID 1002 comm: gen_fast, count: 1358340
CPU [0] UID 1002 comm: gen_fast, count: 1358464
CPU [0] UID 1002 comm: gen_fast, count: 1358500
CPU [0] UID 1002 comm: gen_fast, count: 1358600
CPU [0] UID 1002 comm: gen_fast, count: 1358707
CPU [0] UID 1002 comm: gen_fast, count: 1358817
CPU [0] UID 1002 comm: gen_fast, count: 1358957
CPU [0] UID 1002 comm: gen_fast, count: 1359000
CPU [0] UID 1002 comm: gen_fast, count: 1359113
CPU [0] UID 1002 comm: gen_fast, count: 1359233
CPU [0] UID 1002 comm: gen_fast, count: 1359300
CPU [0] UID 1002 comm: gen_fast, count: 1359419
CPU [0] UID 1002 comm: gen_fast, count: 1359564
CPU [0] UID 1002 comm: gen_fast, count: 1359709
CPU [0] UID 1002 comm: gen_fast, count: 1359709
CPU [0] UID 1002 comm: gen_fast, count: 1359865
CPU [0] UID 1002 comm: gen_fast, count: 1360005
CPU [0] UID 1002 comm: gen_fast, count: 1360005
CPU [0] UID 1002 comm: gen_fast, count: 1360107
CPU [0] UID 1002 comm: gen_fast, count: 1360253
CPU [0] UID 1002 comm: gen_fast, count: 1360300
CPU [0] UID 1002 comm: gen_fast, count: 1360400
CPU [0] UID 1002 comm: gen_fast, count: 1360559
CPU [0] UID 1002 comm: gen_fast, count: 1360600
CPU [0] UID 1002 comm: gen_fast, count: 1360700
CPU [0] UID 1002 comm: gen_fast, count: 1360834
CPU [0] UID 1002 comm: gen_fast, count: 1360964
CPU [0] UID 1002 comm: gen_fast, count: 1361000
CPU [0] UID 1002 comm: gen_fast, count: 1361100
CPU [0] UID 1002 comm: gen_fast, count: 1361200
CPU [0] UID 1002 comm: gen_fast, count: 1361318
CPU [0] UID 1002 comm: gen_fast, count: 1361449
CPU [0] UID 1002 comm: gen_fast, count: 1361556
CPU [0] UID 1002 comm: gen_fast, count: 1361693
CPU [0] UID 1002 comm: gen_fast, count: 1361700
CPU [0] UID 1002 comm: gen_fast, count: 1361812
CPU [0] UID 1002 comm: gen_fast, count: 1361939
CPU [0] UID 1002 comm: gen_fast, count: 1362065
CPU [0] UID 1002 comm: gen_fast, count: 1362100
CPU [0] UID 1002 comm: gen_fast, count: 1362200
CPU [0] UID 1002 comm: gen_fast, count: 1362317
CPU [0] UID 1002 comm: gen_fast, count: 1362445
CPU [0] UID 1002 comm: gen_fast, count: 1362569
CPU [0] UID 1002 comm: gen_fast, count: 1362600
CPU [0] UID 1002 comm: gen_fast, count: 1362700
CPU [0] UID 1002 comm: gen_fast, count: 1362823
CPU [0] UID 1002 comm: gen_fast, count: 1362947
CPU [0] UID 1002 comm: gen_fast, count: 1363074
CPU [0] UID 1002 comm: gen_fast, count: 1363124
CPU [0] UID 1002 comm: gen_fast, count: 1363200
CPU [0] UID 1002 comm: gen_fast, count: 1363345
CPU [0] UID 1002 comm: gen_fast, count: 1363400
CPU [0] UID 1002 comm: gen_fast, count: 1363504
CPU [0] UID 1002 comm: gen_fast, count: 1363632
CPU [0] UID 1002 comm: gen_fast, count: 1363700
CPU [0] UID 1002 comm: gen_fast, count: 1363805
CPU [0] UID 1002 comm: gen_fast, count: 1363900
CPU [0] UID 1002 comm: gen_fast, count: 1364021
CPU [0] UID 1002 comm: gen_fast, count: 1364134
CPU [0] UID 1002 comm: gen_fast, count: 1364264
CPU [0] UID 1002 comm: gen_fast, count: 1364300
CPU [0] UID 1002 comm: gen_fast, count: 1364402
CPU [0] UID 1002 comm: gen_fast, count: 1364500
CPU [0] UID 1002 comm: gen_fast, count: 1364668
CPU [0] UID 1002 comm: gen_fast, count: 1364704
CPU [0] UID 1002 comm: gen_fast, count: 1364802
CPU [0] UID 1002 comm: gen_fast, count: 1365013
CPU [0] UID 1002 comm: gen_fast, count: 1365013
CPU [0] UID 1002 comm: gen_fast, count: 1365101
CPU [0] UID 1002 comm: gen_fast, count: 1365231
CPU [0] UID 1002 comm: gen_fast, count: 1365377
CPU [0] UID 1002 comm: gen_fast, count: 1365400
CPU [0] UID 1002 comm: gen_fast, count: 1365517
CPU [0] UID 1002 comm: gen_fast, count: 1365600
CPU [0] UID 1002 comm: gen_fast, count: 1365717
CPU [0] UID 1002 comm: gen_fast, count: 1365837
CPU [0] UID 1002 comm: gen_fast, count: 1365981
CPU [0] UID 1002 comm: gen_fast, count: 1366000
CPU [0] UID 1002 comm: gen_fast, count: 1366110
CPU [0] UID 1002 comm: gen_fast, count: 1366229
CPU [0] UID 1002 comm: gen_fast, count: 1366347
CPU [0] UID 1002 comm: gen_fast, count: 1366459
CPU [0] UID 1002 comm: gen_fast, count: 1366598
CPU [0] UID 1002 comm: gen_fast, count: 1366600
CPU [0] UID 1002 comm: gen_fast, count: 1366713
CPU [0] UID 1002 comm: gen_fast, count: 1366834
CPU [0] UID 1002 comm: gen_fast, count: 1366900
CPU [0] UID 1002 comm: gen_fast, count: 1367016
CPU [0] UID 1002 comm: gen_fast, count: 1367147
CPU [0] UID 1002 comm: gen_fast, count: 1367290
CPU [0] UID 1002 comm: gen_fast, count: 1367300
CPU [0] UID 1002 comm: gen_fast, count: 1367416
CPU [0] UID 1002 comm: gen_fast, count: 1367541
CPU [0] UID 1002 comm: gen_fast, count: 1367666
CPU [0] UID 1002 comm: gen_fast, count: 1367700
CPU [0] UID 1002 comm: gen_fast, count: 1367800
CPU [0] UID 1002 comm: gen_fast, count: 1367911
CPU [0] UID 1002 comm: gen_fast, count: 1368044
CPU [0] UID 1002 comm: gen_fast, count: 1368116
CPU [0] UID 1002 comm: gen_fast, count: 1368260
CPU [0] UID 1002 comm: gen_fast, count: 1368300
CPU [0] UID 1002 comm: gen_fast, count: 1368400
CPU [0] UID 1002 comm: gen_fast, count: 1368517
CPU [0] UID 1002 comm: gen_fast, count: 1368656
CPU [0] UID 1002 comm: gen_fast, count: 1368700
CPU [0] UID 1002 comm: gen_fast, count: 1368800
CPU [0] UID 1002 comm: gen_fast, count: 1368900
CPU [0] UID 1002 comm: gen_fast, count: 1369012
CPU [0] UID 1002 comm: gen_fast, count: 1369134
CPU [0] UID 1002 comm: gen_fast, count: 1369257
CPU [0] UID 1002 comm: gen_fast, count: 1369300
CPU [0] UID 1002 comm: gen_fast, count: 1369427
CPU [0] UID 1002 comm: gen_fast, count: 1369500
CPU [0] UID 1002 comm: gen_fast, count: 1369610
CPU [0] UID 1002 comm: gen_fast, count: 1369739
CPU [0] UID 1002 comm: gen_fast, count: 1369879
CPU [0] UID 1002 comm: gen_fast, count: 1369900
CPU [0] UID 1002 comm: gen_fast, count: 1370012
CPU [0] UID 1002 comm: gen_fast, count: 1370119
CPU [0] UID 1002 comm: gen_fast, count: 1370252
CPU [0] UID 1002 comm: gen_fast, count: 1370356
CPU [0] UID 1002 comm: gen_fast, count: 1370485
CPU [0] UID 1002 comm: gen_fast, count: 1370500
CPU [0] UID 1002 comm: gen_fast, count: 1370607
CPU [0] UID 1002 comm: gen_fast, count: 1370720
CPU [0] UID 1002 comm: gen_fast, count: 1370858
CPU [0] UID 1002 comm: gen_fast, count: 1370900
CPU [0] UID 1002 comm: gen_fast, count: 1371000
CPU [0] UID 1002 comm: gen_fast, count: 1371100
CPU [0] UID 1002 comm: gen_fast, count: 1371210
CPU [0] UID 1002 comm: gen_fast, count: 1371300
CPU [0] UID 1002 comm: gen_fast, count: 1371414
CPU [0] UID 1002 comm: gen_fast, count: 1371549
CPU [0] UID 1002 comm: gen_fast, count: 1371651
CPU [0] UID 1002 comm: gen_fast, count: 1371700
CPU [0] UID 1002 comm: gen_fast, count: 1371800
CPU [0] UID 1002 comm: gen_fast, count: 1371924
CPU [0] UID 1002 comm: gen_fast, count: 1372066
CPU [0] UID 1002 comm: gen_fast, count: 1372100
CPU [0] UID 1002 comm: gen_fast, count: 1372205
CPU [0] UID 1002 comm: gen_fast, count: 1372343
CPU [0] UID 1002 comm: gen_fast, count: 1372448
CPU [0] UID 1002 comm: gen_fast, count: 1372500
CPU [0] UID 1002 comm: gen_fast, count: 1372601
CPU [0] UID 1002 comm: gen_fast, count: 1372700
CPU [0] UID 1002 comm: gen_fast, count: 1372803
CPU [0] UID 1002 comm: gen_fast, count: 1372900
CPU [0] UID 1002 comm: gen_fast, count: 1373008
CPU [0] UID 1002 comm: gen_fast, count: 1373100
CPU [0] UID 1002 comm: gen_fast, count: 1373209
CPU [0] UID 1002 comm: gen_fast, count: 1373332
CPU [0] UID 1002 comm: gen_fast, count: 1373467
CPU [0] UID 1002 comm: gen_fast, count: 1373500
CPU [0] UID 1002 comm: gen_fast, count: 1373600
CPU [0] UID 1002 comm: gen_fast, count: 1373701
CPU [0] UID 1002 comm: gen_fast, count: 1373833
CPU [0] UID 1002 comm: gen_fast, count: 1373949
CPU [0] UID 1002 comm: gen_fast, count: 1374093
CPU [0] UID 1002 comm: gen_fast, count: 1374100
CPU [0] UID 1002 comm: gen_fast, count: 1374200
CPU [0] UID 1002 comm: gen_fast, count: 1374300
CPU [0] UID 1002 comm: gen_fast, count: 1374428
CPU [0] UID 1002 comm: gen_fast, count: 1374525
CPU [0] UID 1002 comm: gen_fast, count: 1374600
CPU [0] UID 1002 comm: gen_fast, count: 1374719
CPU [0] UID 1002 comm: gen_fast, count: 1374868
CPU [0] UID 1002 comm: gen_fast, count: 1374900
CPU [0] UID 1002 comm: gen_fast, count: 1375051
CPU [0] UID 1002 comm: gen_fast, count: 1375132
CPU [0] UID 1002 comm: gen_fast, count: 1375241
CPU [0] UID 1002 comm: gen_fast, count: 1375352
CPU [0] UID 1002 comm: gen_fast, count: 1375474
CPU [0] UID 1002 comm: gen_fast, count: 1375500
CPU [0] UID 1002 comm: gen_fast, count: 1375600
CPU [0] UID 1002 comm: gen_fast, count: 1375708
CPU [0] UID 1002 comm: gen_fast, count: 1375871
CPU [0] UID 1002 comm: gen_fast, count: 1375900
CPU [0] UID 1002 comm: gen_fast, count: 1376005
CPU [0] UID 1002 comm: gen_fast, count: 1376119
CPU [0] UID 1002 comm: gen_fast, count: 1376200
CPU [0] UID 1002 comm: gen_fast, count: 1376316
CPU [0] UID 1002 comm: gen_fast, count: 1376426
CPU [0] UID 1002 comm: gen_fast, count: 1376568
CPU [0] UID 1002 comm: gen_fast, count: 1376635
CPU [0] UID 1002 comm: gen_fast, count: 1376768
CPU [0] UID 1002 comm: gen_fast, count: 1376800
CPU [0] UID 1002 comm: gen_fast, count: 1376912
CPU [0] UID 1002 comm: gen_fast, count: 1377000
CPU [0] UID 1002 comm: gen_fast, count: 1377111
CPU [0] UID 1002 comm: gen_fast, count: 1377249
CPU [0] UID 1002 comm: gen_fast, count: 1377439
CPU [0] UID 1002 comm: gen_fast, count: 1377439
CPU [0] UID 1002 comm: gen_fast, count: 1377636
CPU [0] UID 1002 comm: gen_fast, count: 1377636
CPU [0] UID 1002 comm: gen_fast, count: 1377700
CPU [0] UID 1002 comm: gen_fast, count: 1377845
CPU [0] UID 1002 comm: gen_fast, count: 1377900
CPU [0] UID 1002 comm: gen_fast, count: 1378009
CPU [0] UID 1002 comm: gen_fast, count: 1378135
CPU [0] UID 1002 comm: gen_fast, count: 1378341
CPU [0] UID 1002 comm: gen_fast, count: 1378341
CPU [0] UID 1002 comm: gen_fast, count: 1378400
CPU [0] UID 1002 comm: gen_fast, count: 1378553
CPU [0] UID 1002 comm: gen_fast, count: 1378600
CPU [0] UID 1002 comm: gen_fast, count: 1378700
CPU [0] UID 1002 comm: gen_fast, count: 1378836
CPU [0] UID 1002 comm: gen_fast, count: 1378922
CPU [0] UID 1002 comm: gen_fast, count: 1379000
CPU [0] UID 1002 comm: gen_fast, count: 1379100
CPU [0] UID 1002 comm: gen_fast, count: 1379287
CPU [0] UID 1002 comm: gen_fast, count: 1379300
CPU [0] UID 1002 comm: gen_fast, count: 1379558
CPU [0] UID 1002 comm: gen_fast, count: 1379558
CPU [0] UID 1002 comm: gen_fast, count: 1379600
CPU [0] UID 1002 comm: gen_fast, count: 1379821
CPU [0] UID 1002 comm: gen_fast, count: 1379821
CPU [0] UID 1002 comm: gen_fast, count: 1379900
CPU [0] UID 1002 comm: gen_fast, count: 1380032
CPU [0] UID 1002 comm: gen_fast, count: 1380100
CPU [0] UID 1002 comm: gen_fast, count: 1380200
CPU [0] UID 1002 comm: gen_fast, count: 1380376
CPU [0] UID 1002 comm: gen_fast, count: 1380400
CPU [0] UID 1002 comm: gen_fast, count: 1380500
CPU [0] UID 1002 comm: gen_fast, count: 1380600
CPU [0] UID 1002 comm: gen_fast, count: 1380732
CPU [0] UID 1002 comm: gen_fast, count: 1380940
CPU [0] UID 1002 comm: gen_fast, count: 1380940
CPU [0] UID 1002 comm: gen_fast, count: 1381142
CPU [0] UID 1002 comm: gen_fast, count: 1381142
CPU [0] UID 1002 comm: gen_fast, count: 1381200
CPU [0] UID 1002 comm: gen_fast, count: 1381300
CPU [0] UID 1002 comm: gen_fast, count: 1381401
CPU [0] UID 1002 comm: gen_fast, count: 1381584
CPU [0] UID 1002 comm: gen_fast, count: 1381600
CPU [0] UID 1002 comm: gen_fast, count: 1381731
CPU [0] UID 1002 comm: gen_fast, count: 1381860
CPU [0] UID 1002 comm: gen_fast, count: 1381900
CPU [0] UID 1002 comm: gen_fast, count: 1382057
CPU [0] UID 1002 comm: gen_fast, count: 1382235
CPU [0] UID 1002 comm: gen_fast, count: 1382235
CPU [0] UID 1002 comm: gen_fast, count: 1382343
CPU [0] UID 1002 comm: gen_fast, count: 1382438
CPU [0] UID 1002 comm: gen_fast, count: 1382500
CPU [0] UID 1002 comm: gen_fast, count: 1382605
CPU [0] UID 1002 comm: gen_fast, count: 1382718
CPU [0] UID 1002 comm: gen_fast, count: 1382827
CPU [0] UID 1002 comm: gen_fast, count: 1383027
CPU [0] UID 1002 comm: gen_fast, count: 1383027
CPU [0] UID 1002 comm: gen_fast, count: 1383185
CPU [0] UID 1002 comm: gen_fast, count: 1383200
CPU [0] UID 1002 comm: gen_fast, count: 1383419
CPU [0] UID 1002 comm: gen_fast, count: 1383419
CPU [0] UID 1002 comm: gen_fast, count: 1383510
CPU [0] UID 1002 comm: gen_fast, count: 1383704
CPU [0] UID 1002 comm: gen_fast, count: 1383704
CPU [0] UID 1002 comm: gen_fast, count: 1383806
CPU [0] UID 1002 comm: gen_fast, count: 1383913
CPU [0] UID 1002 comm: gen_fast, count: 1384059
CPU [0] UID 1002 comm: gen_fast, count: 1384100
CPU [0] UID 1002 comm: gen_fast, count: 1384259
CPU [0] UID 1002 comm: gen_fast, count: 1384300
CPU [0] UID 1002 comm: gen_fast, count: 1384453
CPU [0] UID 1002 comm: gen_fast, count: 1384500
CPU [0] UID 1002 comm: gen_fast, count: 1384600
CPU [0] UID 1002 comm: gen_fast, count: 1384709
CPU [0] UID 1002 comm: gen_fast, count: 1384809
CPU [0] UID 1002 comm: gen_fast, count: 1384935
CPU [0] UID 1002 comm: gen_fast, count: 1385091
CPU [0] UID 1002 comm: gen_fast, count: 1385100
CPU [0] UID 1002 comm: gen_fast, count: 1385209
CPU [0] UID 1002 comm: gen_fast, count: 1385420
CPU [0] UID 1002 comm: gen_fast, count: 1385420
CPU [0] UID 1002 comm: gen_fast, count: 1385627
CPU [0] UID 1002 comm: gen_fast, count: 1385627
CPU [0] UID 1002 comm: gen_fast, count: 1385700
CPU [0] UID 1002 comm: gen_fast, count: 1385825
CPU [0] UID 1002 comm: gen_fast, count: 1385907
CPU [0] UID 1002 comm: gen_fast, count: 1386000
CPU [0] UID 1002 comm: gen_fast, count: 1386100
CPU [0] UID 1002 comm: gen_fast, count: 1386231
CPU [0] UID 1002 comm: gen_fast, count: 1386415
CPU [0] UID 1002 comm: gen_fast, count: 1386415
CPU [0] UID 1002 comm: gen_fast, count: 1386541
CPU [0] UID 1002 comm: gen_fast, count: 1386600
CPU [0] UID 1002 comm: gen_fast, count: 1386700
CPU [0] UID 1002 comm: gen_fast, count: 1386822
CPU [0] UID 1002 comm: gen_fast, count: 1386910
CPU [0] UID 1002 comm: gen_fast, count: 1387097
CPU [0] UID 1002 comm: gen_fast, count: 1387100
CPU [0] UID 1002 comm: gen_fast, count: 1387263
CPU [0] UID 1002 comm: gen_fast, count: 1387300
CPU [0] UID 1002 comm: gen_fast, count: 1387426
CPU [0] UID 1002 comm: gen_fast, count: 1387500
CPU [0] UID 1002 comm: gen_fast, count: 1387619
CPU [0] UID 1002 comm: gen_fast, count: 1387700
CPU [0] UID 1002 comm: gen_fast, count: 1387811
CPU [0] UID 1002 comm: gen_fast, count: 1387938
CPU [0] UID 1002 comm: gen_fast, count: 1388075
CPU [0] UID 1002 comm: gen_fast, count: 1388100
CPU [0] UID 1002 comm: gen_fast, count: 1388237
CPU [0] UID 1002 comm: gen_fast, count: 1388300
CPU [0] UID 1002 comm: gen_fast, count: 1388429
CPU [0] UID 1002 comm: gen_fast, count: 1388547
CPU [0] UID 1002 comm: gen_fast, count: 1388625
CPU [0] UID 1002 comm: gen_fast, count: 1388761
CPU [0] UID 1002 comm: gen_fast, count: 1388896
CPU [0] UID 1002 comm: gen_fast, count: 1388900
CPU [0] UID 1002 comm: gen_fast, count: 1389024
CPU [0] UID 1002 comm: gen_fast, count: 1389145
CPU [0] UID 1002 comm: gen_fast, count: 1389274
CPU [0] UID 1002 comm: gen_fast, count: 1389300
CPU [0] UID 1002 comm: gen_fast, count: 1389400
CPU [0] UID 1002 comm: gen_fast, count: 1389525
CPU [0] UID 1002 comm: gen_fast, count: 1389666
CPU [0] UID 1002 comm: gen_fast, count: 1389700
CPU [0] UID 1002 comm: gen_fast, count: 1389824
CPU [0] UID 1002 comm: gen_fast, count: 1389900
CPU [0] UID 1002 comm: gen_fast, count: 1390009
CPU [0] UID 1002 comm: gen_fast, count: 1390135
CPU [0] UID 1002 comm: gen_fast, count: 1390266
CPU [0] UID 1002 comm: gen_fast, count: 1390414
CPU [0] UID 1002 comm: gen_fast, count: 1390414
CPU [0] UID 1002 comm: gen_fast, count: 1390538
CPU [0] UID 1002 comm: gen_fast, count: 1390651
CPU [0] UID 1002 comm: gen_fast, count: 1390798
CPU [0] UID 1002 comm: gen_fast, count: 1390800
CPU [0] UID 1002 comm: gen_fast, count: 1390923
CPU [0] UID 1002 comm: gen_fast, count: 1391032
CPU [0] UID 1002 comm: gen_fast, count: 1391164
CPU [0] UID 1002 comm: gen_fast, count: 1391200
CPU [0] UID 1002 comm: gen_fast, count: 1391308
CPU [0] UID 1002 comm: gen_fast, count: 1391400
CPU [0] UID 1002 comm: gen_fast, count: 1391513
CPU [0] UID 1002 comm: gen_fast, count: 1391662
CPU [0] UID 1002 comm: gen_fast, count: 1391700
CPU [0] UID 1002 comm: gen_fast, count: 1391800
CPU [0] UID 1002 comm: gen_fast, count: 1391925
CPU [0] UID 1002 comm: gen_fast, count: 1392042
CPU [0] UID 1002 comm: gen_fast, count: 1392192
CPU [0] UID 1002 comm: gen_fast, count: 1392200
CPU [0] UID 1002 comm: gen_fast, count: 1392354
CPU [0] UID 1002 comm: gen_fast, count: 1392470
CPU [0] UID 1002 comm: gen_fast, count: 1392500
CPU [0] UID 1002 comm: gen_fast, count: 1392616
CPU [0] UID 1002 comm: gen_fast, count: 1392754
CPU [0] UID 1002 comm: gen_fast, count: 1392800
CPU [0] UID 1002 comm: gen_fast, count: 1392906
CPU [0] UID 1002 comm: gen_fast, count: 1393000
CPU [0] UID 1002 comm: gen_fast, count: 1393115
CPU [0] UID 1002 comm: gen_fast, count: 1393230
CPU [0] UID 1002 comm: gen_fast, count: 1393371
CPU [0] UID 1002 comm: gen_fast, count: 1393400
CPU [0] UID 1002 comm: gen_fast, count: 1393518
CPU [0] UID 1002 comm: gen_fast, count: 1393639
CPU [0] UID 1002 comm: gen_fast, count: 1393700
CPU [0] UID 1002 comm: gen_fast, count: 1393805
CPU [0] UID 1002 comm: gen_fast, count: 1393903
CPU [0] UID 1002 comm: gen_fast, count: 1394006
CPU [0] UID 1002 comm: gen_fast, count: 1394133
CPU [0] UID 1002 comm: gen_fast, count: 1394268
CPU [0] UID 1002 comm: gen_fast, count: 1394300
CPU [0] UID 1002 comm: gen_fast, count: 1394400
CPU [0] UID 1002 comm: gen_fast, count: 1394513
CPU [0] UID 1002 comm: gen_fast, count: 1394650
CPU [0] UID 1002 comm: gen_fast, count: 1394700
CPU [0] UID 1002 comm: gen_fast, count: 1394807
CPU [0] UID 1002 comm: gen_fast, count: 1394944
CPU [0] UID 1002 comm: gen_fast, count: 1395075
CPU [0] UID 1002 comm: gen_fast, count: 1395100
CPU [0] UID 1002 comm: gen_fast, count: 1395200
CPU [0] UID 1002 comm: gen_fast, count: 1395302
CPU [0] UID 1002 comm: gen_fast, count: 1395447
CPU [0] UID 1002 comm: gen_fast, count: 1395500
CPU [0] UID 1002 comm: gen_fast, count: 1395601
CPU [0] UID 1002 comm: gen_fast, count: 1395700
CPU [0] UID 1002 comm: gen_fast, count: 1395827
CPU [0] UID 1002 comm: gen_fast, count: 1395954
CPU [0] UID 1002 comm: gen_fast, count: 1396000
CPU [0] UID 1002 comm: gen_fast, count: 1396110
CPU [0] UID 1002 comm: gen_fast, count: 1396200
CPU [0] UID 1002 comm: gen_fast, count: 1396316
CPU [0] UID 1002 comm: gen_fast, count: 1396445
CPU [0] UID 1002 comm: gen_fast, count: 1396557
CPU [0] UID 1002 comm: gen_fast, count: 1396600
CPU [0] UID 1002 comm: gen_fast, count: 1396700
CPU [0] UID 1002 comm: gen_fast, count: 1396807
CPU [0] UID 1002 comm: gen_fast, count: 1396943
CPU [0] UID 1002 comm: gen_fast, count: 1397057
CPU [0] UID 1002 comm: gen_fast, count: 1397100
CPU [0] UID 1002 comm: gen_fast, count: 1397200
CPU [0] UID 1002 comm: gen_fast, count: 1397307
CPU [0] UID 1002 comm: gen_fast, count: 1397400
CPU [0] UID 1002 comm: gen_fast, count: 1397500
CPU [0] UID 1002 comm: gen_fast, count: 1397633
CPU [0] UID 1002 comm: gen_fast, count: 1397764
CPU [0] UID 1002 comm: gen_fast, count: 1397889
CPU [0] UID 1002 comm: gen_fast, count: 1397900
CPU [0] UID 1002 comm: gen_fast, count: 1398028
CPU [0] UID 1002 comm: gen_fast, count: 1398100
CPU [0] UID 1002 comm: gen_fast, count: 1398204
CPU [0] UID 1002 comm: gen_fast, count: 1398312
CPU [0] UID 1002 comm: gen_fast, count: 1398400
CPU [0] UID 1002 comm: gen_fast, count: 1398537
CPU [0] UID 1002 comm: gen_fast, count: 1398642
CPU [0] UID 1002 comm: gen_fast, count: 1398700
CPU [0] UID 1002 comm: gen_fast, count: 1398800
CPU [0] UID 1002 comm: gen_fast, count: 1398900
CPU [0] UID 1002 comm: gen_fast, count: 1399000
CPU [0] UID 1002 comm: gen_fast, count: 1399105
CPU [0] UID 1002 comm: gen_fast, count: 1399251
CPU [0] UID 1002 comm: gen_fast, count: 1399300
CPU [0] UID 1002 comm: gen_fast, count: 1399405
CPU [0] UID 1002 comm: gen_fast, count: 1399500
CPU [0] UID 1002 comm: gen_fast, count: 1399610
CPU [0] UID 1002 comm: gen_fast, count: 1399706
CPU [0] UID 1002 comm: gen_fast, count: 1399815
CPU [0] UID 1002 comm: gen_fast, count: 1399900
CPU [0] UID 1002 comm: gen_fast, count: 1400000
CPU [0] UID 1002 comm: gen_fast, count: 1400113
CPU [0] UID 1002 comm: gen_fast, count: 1400229
CPU [0] UID 1002 comm: gen_fast, count: 1400349
CPU [0] UID 1002 comm: gen_fast, count: 1400400
CPU [0] UID 1002 comm: gen_fast, count: 1400500
CPU [0] UID 1002 comm: gen_fast, count: 1400602
CPU [0] UID 1002 comm: gen_fast, count: 1400700
CPU [0] UID 1002 comm: gen_fast, count: 1400804
CPU [0] UID 1002 comm: gen_fast, count: 1400976
CPU [0] UID 1002 comm: gen_fast, count: 1401000
CPU [0] UID 1002 comm: gen_fast, count: 1401100
CPU [0] UID 1002 comm: gen_fast, count: 1401207
CPU [0] UID 1002 comm: gen_fast, count: 1401333
CPU [0] UID 1002 comm: gen_fast, count: 1401448
CPU [0] UID 1002 comm: gen_fast, count: 1401584
CPU [0] UID 1002 comm: gen_fast, count: 1401600
CPU [0] UID 1002 comm: gen_fast, count: 1401709
CPU [0] UID 1002 comm: gen_fast, count: 1401839
CPU [0] UID 1002 comm: gen_fast, count: 1401974
CPU [0] UID 1002 comm: gen_fast, count: 1402000
CPU [0] UID 1002 comm: gen_fast, count: 1402129
CPU [0] UID 1002 comm: gen_fast, count: 1402224
CPU [0] UID 1002 comm: gen_fast, count: 1402315
CPU [0] UID 1002 comm: gen_fast, count: 1402460
CPU [0] UID 1002 comm: gen_fast, count: 1402517
CPU [0] UID 1002 comm: gen_fast, count: 1402600
CPU [0] UID 1002 comm: gen_fast, count: 1402719
CPU [0] UID 1002 comm: gen_fast, count: 1402839
CPU [0] UID 1002 comm: gen_fast, count: 1403022
CPU [0] UID 1002 comm: gen_fast, count: 1403022
CPU [0] UID 1002 comm: gen_fast, count: 1403219
CPU [0] UID 1002 comm: gen_fast, count: 1403219
CPU [0] UID 1002 comm: gen_fast, count: 1403414
CPU [0] UID 1002 comm: gen_fast, count: 1403414
CPU [0] UID 1002 comm: gen_fast, count: 1403500
CPU [0] UID 1002 comm: gen_fast, count: 1403667
CPU [0] UID 1002 comm: gen_fast, count: 1403700
CPU [0] UID 1002 comm: gen_fast, count: 1403839
CPU [0] UID 1002 comm: gen_fast, count: 1403900
CPU [0] UID 1002 comm: gen_fast, count: 1404000
CPU [0] UID 1002 comm: gen_fast, count: 1404156
CPU [0] UID 1002 comm: gen_fast, count: 1404200
CPU [0] UID 1002 comm: gen_fast, count: 1404301
CPU [0] UID 1002 comm: gen_fast, count: 1404468
CPU [0] UID 1002 comm: gen_fast, count: 1404500
CPU [0] UID 1002 comm: gen_fast, count: 1404639
CPU [0] UID 1002 comm: gen_fast, count: 1404794
CPU [0] UID 1002 comm: gen_fast, count: 1404800
CPU [0] UID 1002 comm: gen_fast, count: 1404900
CPU [0] UID 1002 comm: gen_fast, count: 1405026
CPU [0] UID 1002 comm: gen_fast, count: 1405139
CPU [0] UID 1002 comm: gen_fast, count: 1405273
CPU [0] UID 1002 comm: gen_fast, count: 1405300
CPU [0] UID 1002 comm: gen_fast, count: 1405400
CPU [0] UID 1002 comm: gen_fast, count: 1405509
CPU [0] UID 1002 comm: gen_fast, count: 1405600
CPU [0] UID 1002 comm: gen_fast, count: 1405785
CPU [0] UID 1002 comm: gen_fast, count: 1405800
CPU [0] UID 1002 comm: gen_fast, count: 1405900
CPU [0] UID 1002 comm: gen_fast, count: 1406014
CPU [0] UID 1002 comm: gen_fast, count: 1406114
CPU [0] UID 1002 comm: gen_fast, count: 1406224
CPU [0] UID 1002 comm: gen_fast, count: 1406345
CPU [0] UID 1002 comm: gen_fast, count: 1406400
CPU [0] UID 1002 comm: gen_fast, count: 1406503
CPU [0] UID 1002 comm: gen_fast, count: 1406600
CPU [0] UID 1002 comm: gen_fast, count: 1406701
CPU [0] UID 1002 comm: gen_fast, count: 1406834
CPU [0] UID 1002 comm: gen_fast, count: 1406911
CPU [0] UID 1002 comm: gen_fast, count: 1407023
CPU [0] UID 1002 comm: gen_fast, count: 1407145
CPU [0] UID 1002 comm: gen_fast, count: 1407265
CPU [0] UID 1002 comm: gen_fast, count: 1407300
CPU [0] UID 1002 comm: gen_fast, count: 1407400
CPU [0] UID 1002 comm: gen_fast, count: 1407501
CPU [0] UID 1002 comm: gen_fast, count: 1407600
CPU [0] UID 1002 comm: gen_fast, count: 1407783
CPU [0] UID 1002 comm: gen_fast, count: 1407800
CPU [0] UID 1002 comm: gen_fast, count: 1407900
CPU [0] UID 1002 comm: gen_fast, count: 1408005
CPU [0] UID 1002 comm: gen_fast, count: 1408107
CPU [0] UID 1002 comm: gen_fast, count: 1408226
CPU [0] UID 1002 comm: gen_fast, count: 1408351
CPU [0] UID 1002 comm: gen_fast, count: 1408400
CPU [0] UID 1002 comm: gen_fast, count: 1408603
CPU [0] UID 1002 comm: gen_fast, count: 1408603
CPU [0] UID 1002 comm: gen_fast, count: 1408750
CPU [0] UID 1002 comm: gen_fast, count: 1408800
CPU [0] UID 1002 comm: gen_fast, count: 1408900
CPU [0] UID 1002 comm: gen_fast, count: 1409078
CPU [0] UID 1002 comm: gen_fast, count: 1409100
CPU [0] UID 1002 comm: gen_fast, count: 1409202
CPU [0] UID 1002 comm: gen_fast, count: 1409362
CPU [0] UID 1002 comm: gen_fast, count: 1409400
CPU [0] UID 1002 comm: gen_fast, count: 1409529
CPU [0] UID 1002 comm: gen_fast, count: 1409640
CPU [0] UID 1002 comm: gen_fast, count: 1409772
CPU [0] UID 1002 comm: gen_fast, count: 1409800
CPU [0] UID 1002 comm: gen_fast, count: 1409900
CPU [0] UID 1002 comm: gen_fast, count: 1410014
CPU [0] UID 1002 comm: gen_fast, count: 1410100
CPU [0] UID 1002 comm: gen_fast, count: 1410200
CPU [0] UID 1002 comm: gen_fast, count: 1410333
CPU [0] UID 1002 comm: gen_fast, count: 1410461
CPU [0] UID 1002 comm: gen_fast, count: 1410500
CPU [0] UID 1002 comm: gen_fast, count: 1410600
CPU [0] UID 1002 comm: gen_fast, count: 1410718
CPU [0] UID 1002 comm: gen_fast, count: 1410860
CPU [0] UID 1002 comm: gen_fast, count: 1410900
CPU [0] UID 1002 comm: gen_fast, count: 1411015
CPU [0] UID 1002 comm: gen_fast, count: 1411111
CPU [0] UID 1002 comm: gen_fast, count: 1411229
CPU [0] UID 1002 comm: gen_fast, count: 1411351
CPU [0] UID 1002 comm: gen_fast, count: 1411400
CPU [0] UID 1002 comm: gen_fast, count: 1411521
CPU [0] UID 1002 comm: gen_fast, count: 1411611
CPU [0] UID 1002 comm: gen_fast, count: 1411779
CPU [0] UID 1002 comm: gen_fast, count: 1411800
CPU [0] UID 1002 comm: gen_fast, count: 1411928
CPU [0] UID 1002 comm: gen_fast, count: 1412000
CPU [0] UID 1002 comm: gen_fast, count: 1412100
CPU [0] UID 1002 comm: gen_fast, count: 1412200
CPU [0] UID 1002 comm: gen_fast, count: 1412306
CPU [0] UID 1002 comm: gen_fast, count: 1412412
CPU [0] UID 1002 comm: gen_fast, count: 1412500
CPU [0] UID 1002 comm: gen_fast, count: 1412615
CPU [0] UID 1002 comm: gen_fast, count: 1412747
CPU [0] UID 1002 comm: gen_fast, count: 1412848
CPU [0] UID 1002 comm: gen_fast, count: 1412978
CPU [0] UID 1002 comm: gen_fast, count: 1413000
CPU [0] UID 1002 comm: gen_fast, count: 1413100
CPU [0] UID 1002 comm: gen_fast, count: 1413255
CPU [0] UID 1002 comm: gen_fast, count: 1413380
CPU [0] UID 1002 comm: gen_fast, count: 1413400
CPU [0] UID 1002 comm: gen_fast, count: 1413500
CPU [0] UID 1002 comm: gen_fast, count: 1413604
CPU [0] UID 1002 comm: gen_fast, count: 1413730
CPU [0] UID 1002 comm: gen_fast, count: 1413836
CPU [0] UID 1002 comm: gen_fast, count: 1413955
CPU [0] UID 1002 comm: gen_fast, count: 1414131
CPU [0] UID 1002 comm: gen_fast, count: 1414131
CPU [0] UID 1002 comm: gen_fast, count: 1414304
CPU [0] UID 1002 comm: gen_fast, count: 1414304
CPU [0] UID 1002 comm: gen_fast, count: 1414409
CPU [0] UID 1002 comm: gen_fast, count: 1414601
CPU [0] UID 1002 comm: gen_fast, count: 1414601
CPU [0] UID 1002 comm: gen_fast, count: 1414803
CPU [0] UID 1002 comm: gen_fast, count: 1414803
CPU [0] UID 1002 comm: gen_fast, count: 1414900
CPU [0] UID 1002 comm: gen_fast, count: 1415059
CPU [0] UID 1002 comm: gen_fast, count: 1415100
CPU [0] UID 1002 comm: gen_fast, count: 1415202
CPU [0] UID 1002 comm: gen_fast, count: 1415353
CPU [0] UID 1002 comm: gen_fast, count: 1415400
CPU [0] UID 1002 comm: gen_fast, count: 1415500
CPU [0] UID 1002 comm: gen_fast, count: 1415626
CPU [0] UID 1002 comm: gen_fast, count: 1415710
CPU [0] UID 1002 comm: gen_fast, count: 1415800
CPU [0] UID 1002 comm: gen_fast, count: 1415932
CPU [0] UID 1002 comm: gen_fast, count: 1416058
CPU [0] UID 1002 comm: gen_fast, count: 1416211
CPU [0] UID 1002 comm: gen_fast, count: 1416211
CPU [0] UID 1002 comm: gen_fast, count: 1416360
CPU [0] UID 1002 comm: gen_fast, count: 1416403
CPU [0] UID 1002 comm: gen_fast, count: 1416500
CPU [0] UID 1002 comm: gen_fast, count: 1416611
CPU [0] UID 1002 comm: gen_fast, count: 1416700
CPU [0] UID 1002 comm: gen_fast, count: 1416844
CPU [0] UID 1002 comm: gen_fast, count: 1416923
CPU [0] UID 1002 comm: gen_fast, count: 1417097
CPU [0] UID 1002 comm: gen_fast, count: 1417100
CPU [0] UID 1002 comm: gen_fast, count: 1417258
CPU [0] UID 1002 comm: gen_fast, count: 1417300
CPU [0] UID 1002 comm: gen_fast, count: 1417409
CPU [0] UID 1002 comm: gen_fast, count: 1417589
CPU [0] UID 1002 comm: gen_fast, count: 1417600
CPU [0] UID 1002 comm: gen_fast, count: 1417782
CPU [0] UID 1002 comm: gen_fast, count: 1417800
CPU [0] UID 1002 comm: gen_fast, count: 1417966
CPU [0] UID 1002 comm: gen_fast, count: 1418000
CPU [0] UID 1002 comm: gen_fast, count: 1418204
CPU [0] UID 1002 comm: gen_fast, count: 1418204
CPU [0] UID 1002 comm: gen_fast, count: 1418305
CPU [0] UID 1002 comm: gen_fast, count: 1418436
CPU [0] UID 1002 comm: gen_fast, count: 1418500
CPU [0] UID 1002 comm: gen_fast, count: 1418600
CPU [0] UID 1002 comm: gen_fast, count: 1418700
CPU [0] UID 1002 comm: gen_fast, count: 1418835
CPU [0] UID 1002 comm: gen_fast, count: 1418900
CPU [0] UID 1002 comm: gen_fast, count: 1419029
CPU [0] UID 1002 comm: gen_fast, count: 1419228
CPU [0] UID 1002 comm: gen_fast, count: 1419228
CPU [0] UID 1002 comm: gen_fast, count: 1419411
CPU [0] UID 1002 comm: gen_fast, count: 1419411
CPU [0] UID 1002 comm: gen_fast, count: 1419563
CPU [0] UID 1002 comm: gen_fast, count: 1419601
CPU [0] UID 1002 comm: gen_fast, count: 1419700
CPU [0] UID 1002 comm: gen_fast, count: 1419885
CPU [0] UID 1002 comm: gen_fast, count: 1419900
CPU [0] UID 1002 comm: gen_fast, count: 1420060
CPU [0] UID 1002 comm: gen_fast, count: 1420100
CPU [0] UID 1002 comm: gen_fast, count: 1420200
CPU [0] UID 1002 comm: gen_fast, count: 1420390
CPU [0] UID 1002 comm: gen_fast, count: 1420400
CPU [0] UID 1002 comm: gen_fast, count: 1420500
CPU [0] UID 1002 comm: gen_fast, count: 1420600
CPU [0] UID 1002 comm: gen_fast, count: 1420700
CPU [0] UID 1002 comm: gen_fast, count: 1420839
CPU [0] UID 1002 comm: gen_fast, count: 1420928
CPU [0] UID 1002 comm: gen_fast, count: 1421000
CPU [0] UID 1002 comm: gen_fast, count: 1421100
CPU [0] UID 1002 comm: gen_fast, count: 1421231
CPU [0] UID 1002 comm: gen_fast, count: 1421309
CPU [0] UID 1002 comm: gen_fast, count: 1421400
CPU [0] UID 1002 comm: gen_fast, count: 1421574
CPU [0] UID 1002 comm: gen_fast, count: 1421600
CPU [0] UID 1002 comm: gen_fast, count: 1421753
CPU [0] UID 1002 comm: gen_fast, count: 1421809
CPU [0] UID 1002 comm: gen_fast, count: 1421938
CPU [0] UID 1002 comm: gen_fast, count: 1422000
CPU [0] UID 1002 comm: gen_fast, count: 1422100
CPU [0] UID 1002 comm: gen_fast, count: 1422264
CPU [0] UID 1002 comm: gen_fast, count: 1422300
CPU [0] UID 1002 comm: gen_fast, count: 1422400
CPU [0] UID 1002 comm: gen_fast, count: 1422500
CPU [0] UID 1002 comm: gen_fast, count: 1422600
CPU [0] UID 1002 comm: gen_fast, count: 1422700
CPU [0] UID 1002 comm: gen_fast, count: 1422854
CPU [0] UID 1002 comm: gen_fast, count: 1422900
CPU [0] UID 1002 comm: gen_fast, count: 1423001
CPU [0] UID 1002 comm: gen_fast, count: 1423214
CPU [0] UID 1002 comm: gen_fast, count: 1423214
CPU [0] UID 1002 comm: gen_fast, count: 1423414
CPU [0] UID 1002 comm: gen_fast, count: 1423414
CPU [0] UID 1002 comm: gen_fast, count: 1423500
CPU [0] UID 1002 comm: gen_fast, count: 1423632
CPU [0] UID 1002 comm: gen_fast, count: 1423720
CPU [0] UID 1002 comm: gen_fast, count: 1423800
CPU [0] UID 1002 comm: gen_fast, count: 1423900
CPU [0] UID 1002 comm: gen_fast, count: 1424084
CPU [0] UID 1002 comm: gen_fast, count: 1424100
CPU [0] UID 1002 comm: gen_fast, count: 1424210
CPU [0] UID 1002 comm: gen_fast, count: 1424335
CPU [0] UID 1002 comm: gen_fast, count: 1424454
CPU [0] UID 1002 comm: gen_fast, count: 1424586
CPU [0] UID 1002 comm: gen_fast, count: 1424600
CPU [0] UID 1002 comm: gen_fast, count: 1424705
CPU [0] UID 1002 comm: gen_fast, count: 1424857
CPU [0] UID 1002 comm: gen_fast, count: 1424981
CPU [0] UID 1002 comm: gen_fast, count: 1425000
CPU [0] UID 1002 comm: gen_fast, count: 1425100
CPU [0] UID 1002 comm: gen_fast, count: 1425209
CPU [0] UID 1002 comm: gen_fast, count: 1425320
CPU [0] UID 1002 comm: gen_fast, count: 1425400
CPU [0] UID 1002 comm: gen_fast, count: 1425516
CPU [0] UID 1002 comm: gen_fast, count: 1425607
CPU [0] UID 1002 comm: gen_fast, count: 1425708
CPU [0] UID 1002 comm: gen_fast, count: 1425800
CPU [0] UID 1002 comm: gen_fast, count: 1425916
CPU [0] UID 1002 comm: gen_fast, count: 1426053
CPU [0] UID 1002 comm: gen_fast, count: 1426189
CPU [0] UID 1002 comm: gen_fast, count: 1426200
CPU [0] UID 1002 comm: gen_fast, count: 1426304
CPU [0] UID 1002 comm: gen_fast, count: 1426459
CPU [0] UID 1002 comm: gen_fast, count: 1426500
CPU [0] UID 1002 comm: gen_fast, count: 1426600
CPU [0] UID 1002 comm: gen_fast, count: 1426700
CPU [0] UID 1002 comm: gen_fast, count: 1426804
CPU [0] UID 1002 comm: gen_fast, count: 1426913
CPU [0] UID 1002 comm: gen_fast, count: 1427000
CPU [0] UID 1002 comm: gen_fast, count: 1427126
CPU [0] UID 1002 comm: gen_fast, count: 1427326
CPU [0] UID 1002 comm: gen_fast, count: 1427326
CPU [0] UID 1002 comm: gen_fast, count: 1427435
CPU [0] UID 1002 comm: gen_fast, count: 1427500
CPU [0] UID 1002 comm: gen_fast, count: 1427600
CPU [0] UID 1002 comm: gen_fast, count: 1427795
CPU [0] UID 1002 comm: gen_fast, count: 1427800
CPU [0] UID 1002 comm: gen_fast, count: 1427916
CPU [0] UID 1002 comm: gen_fast, count: 1428006
CPU [0] UID 1002 comm: gen_fast, count: 1428100
CPU [0] UID 1002 comm: gen_fast, count: 1428200
CPU [0] UID 1002 comm: gen_fast, count: 1428300
CPU [0] UID 1002 comm: gen_fast, count: 1428530
CPU [0] UID 1002 comm: gen_fast, count: 1428530
CPU [0] UID 1002 comm: gen_fast, count: 1428600
CPU [0] UID 1002 comm: gen_fast, count: 1428767
CPU [0] UID 1002 comm: gen_fast, count: 1428800
CPU [0] UID 1002 comm: gen_fast, count: 1428924
CPU [0] UID 1002 comm: gen_fast, count: 1429124
CPU [0] UID 1002 comm: gen_fast, count: 1429124
CPU [0] UID 1002 comm: gen_fast, count: 1429200
CPU [0] UID 1002 comm: gen_fast, count: 1429358
CPU [0] UID 1002 comm: gen_fast, count: 1429400
CPU [0] UID 1002 comm: gen_fast, count: 1429506
CPU [0] UID 1002 comm: gen_fast, count: 1429717
CPU [0] UID 1002 comm: gen_fast, count: 1429717
CPU [0] UID 1002 comm: gen_fast, count: 1429844
CPU [0] UID 1002 comm: gen_fast, count: 1429934
CPU [0] UID 1002 comm: gen_fast, count: 1430024
CPU [0] UID 1002 comm: gen_fast, count: 1430100
CPU [0] UID 1002 comm: gen_fast, count: 1430200
CPU [0] UID 1002 comm: gen_fast, count: 1430324
CPU [0] UID 1002 comm: gen_fast, count: 1430406
CPU [0] UID 1002 comm: gen_fast, count: 1430541
CPU [0] UID 1002 comm: gen_fast, count: 1430703
CPU [0] UID 1002 comm: gen_fast, count: 1430703
CPU [0] UID 1002 comm: gen_fast, count: 1430815
CPU [0] UID 1002 comm: gen_fast, count: 1430991
CPU [0] UID 1002 comm: gen_fast, count: 1431000
CPU [0] UID 1002 comm: gen_fast, count: 1431141
CPU [0] UID 1002 comm: gen_fast, count: 1431334
CPU [0] UID 1002 comm: gen_fast, count: 1431334
CPU [0] UID 1002 comm: gen_fast, count: 1431400
CPU [0] UID 1002 comm: gen_fast, count: 1431523
CPU [0] UID 1002 comm: gen_fast, count: 1431647
CPU [0] UID 1002 comm: gen_fast, count: 1431761
CPU [0] UID 1002 comm: gen_fast, count: 1431820
CPU [0] UID 1002 comm: gen_fast, count: 1431938
CPU [0] UID 1002 comm: gen_fast, count: 1432000
CPU [0] UID 1002 comm: gen_fast, count: 1432100
CPU [0] UID 1002 comm: gen_fast, count: 1432200
CPU [0] UID 1002 comm: gen_fast, count: 1432308
CPU [0] UID 1002 comm: gen_fast, count: 1432418
CPU [0] UID 1002 comm: gen_fast, count: 1432538
CPU [0] UID 1002 comm: gen_fast, count: 1432600
CPU [0] UID 1002 comm: gen_fast, count: 1432784
CPU [0] UID 1002 comm: gen_fast, count: 1432800
CPU [0] UID 1002 comm: gen_fast, count: 1432905
CPU [0] UID 1002 comm: gen_fast, count: 1433011
CPU [0] UID 1002 comm: gen_fast, count: 1433136
CPU [0] UID 1002 comm: gen_fast, count: 1433263
CPU [0] UID 1002 comm: gen_fast, count: 1433362
CPU [0] UID 1002 comm: gen_fast, count: 1433400
CPU [0] UID 1002 comm: gen_fast, count: 1433500
CPU [0] UID 1002 comm: gen_fast, count: 1433600
CPU [0] UID 1002 comm: gen_fast, count: 1433713
CPU [0] UID 1002 comm: gen_fast, count: 1433800
CPU [0] UID 1002 comm: gen_fast, count: 1433908
CPU [0] UID 1002 comm: gen_fast, count: 1434018
CPU [0] UID 1002 comm: gen_fast, count: 1434100
CPU [0] UID 1002 comm: gen_fast, count: 1434220
CPU [0] UID 1002 comm: gen_fast, count: 1434349
CPU [0] UID 1002 comm: gen_fast, count: 1434432
CPU [0] UID 1002 comm: gen_fast, count: 1434500
CPU [0] UID 1002 comm: gen_fast, count: 1434656
CPU [0] UID 1002 comm: gen_fast, count: 1434700
CPU [0] UID 1002 comm: gen_fast, count: 1434889
CPU [0] UID 1002 comm: gen_fast, count: 1435002
CPU [0] UID 1002 comm: gen_fast, count: 1435002
CPU [0] UID 1002 comm: gen_fast, count: 1435138
CPU [0] UID 1002 comm: gen_fast, count: 1435200
CPU [0] UID 1002 comm: gen_fast, count: 1435300
CPU [0] UID 1002 comm: gen_fast, count: 1435475
CPU [0] UID 1002 comm: gen_fast, count: 1435500
CPU [0] UID 1002 comm: gen_fast, count: 1435661
CPU [0] UID 1002 comm: gen_fast, count: 1435700
CPU [0] UID 1002 comm: gen_fast, count: 1435867
CPU [0] UID 1002 comm: gen_fast, count: 1435900
CPU [0] UID 1002 comm: gen_fast, count: 1436099
CPU [0] UID 1002 comm: gen_fast, count: 1436100
CPU [0] UID 1002 comm: gen_fast, count: 1436290
CPU [0] UID 1002 comm: gen_fast, count: 1436300
CPU [0] UID 1002 comm: gen_fast, count: 1436423
CPU [0] UID 1002 comm: gen_fast, count: 1436500
CPU [0] UID 1002 comm: gen_fast, count: 1436600
CPU [0] UID 1002 comm: gen_fast, count: 1436786
CPU [0] UID 1002 comm: gen_fast, count: 1436800
CPU [0] UID 1002 comm: gen_fast, count: 1436916
CPU [0] UID 1002 comm: gen_fast, count: 1437000
CPU [0] UID 1002 comm: gen_fast, count: 1437100
CPU [0] UID 1002 comm: gen_fast, count: 1437294
CPU [0] UID 1002 comm: gen_fast, count: 1437300
CPU [0] UID 1002 comm: gen_fast, count: 1437554
CPU [0] UID 1002 comm: gen_fast, count: 1437554
CPU [0] UID 1002 comm: gen_fast, count: 1437600
CPU [0] UID 1002 comm: gen_fast, count: 1437795
CPU [0] UID 1002 comm: gen_fast, count: 1437800
CPU [0] UID 1002 comm: gen_fast, count: 1437900
CPU [0] UID 1002 comm: gen_fast, count: 1438033
CPU [0] UID 1002 comm: gen_fast, count: 1438100
CPU [0] UID 1002 comm: gen_fast, count: 1438200
CPU [0] UID 1002 comm: gen_fast, count: 1438351
CPU [0] UID 1002 comm: gen_fast, count: 1438437
CPU [0] UID 1002 comm: gen_fast, count: 1438523
CPU [0] UID 1002 comm: gen_fast, count: 1438600
CPU [0] UID 1002 comm: gen_fast, count: 1438707
CPU [0] UID 1002 comm: gen_fast, count: 1438808
CPU [0] UID 1002 comm: gen_fast, count: 1438905
CPU [0] UID 1002 comm: gen_fast, count: 1439000
CPU [0] UID 1002 comm: gen_fast, count: 1439106
CPU [0] UID 1002 comm: gen_fast, count: 1439226
CPU [0] UID 1002 comm: gen_fast, count: 1439325
CPU [0] UID 1002 comm: gen_fast, count: 1439459
CPU [0] UID 1002 comm: gen_fast, count: 1439538
CPU [0] UID 1002 comm: gen_fast, count: 1439600
CPU [0] UID 1002 comm: gen_fast, count: 1439719
CPU [0] UID 1002 comm: gen_fast, count: 1439854
CPU [0] UID 1002 comm: gen_fast, count: 1439975
CPU [0] UID 1002 comm: gen_fast, count: 1440000
CPU [0] UID 1002 comm: gen_fast, count: 1440100
CPU [0] UID 1002 comm: gen_fast, count: 1440212
CPU [0] UID 1002 comm: gen_fast, count: 1440308
CPU [0] UID 1002 comm: gen_fast, count: 1440404
CPU [0] UID 1002 comm: gen_fast, count: 1440538
CPU [0] UID 1002 comm: gen_fast, count: 1440628
CPU [0] UID 1002 comm: gen_fast, count: 1440736
CPU [0] UID 1002 comm: gen_fast, count: 1440800
CPU [0] UID 1002 comm: gen_fast, count: 1440900
CPU [0] UID 1002 comm: gen_fast, count: 1441056
CPU [0] UID 1002 comm: gen_fast, count: 1441142
CPU [0] UID 1002 comm: gen_fast, count: 1441253
CPU [0] UID 1002 comm: gen_fast, count: 1441399
CPU [0] UID 1002 comm: gen_fast, count: 1441400
CPU [0] UID 1002 comm: gen_fast, count: 1441511
CPU [0] UID 1002 comm: gen_fast, count: 1441658
CPU [0] UID 1002 comm: gen_fast, count: 1441844
CPU [0] UID 1002 comm: gen_fast, count: 1441844
CPU [0] UID 1002 comm: gen_fast, count: 1441900
CPU [0] UID 1002 comm: gen_fast, count: 1442054
CPU [0] UID 1002 comm: gen_fast, count: 1442100
CPU [0] UID 1002 comm: gen_fast, count: 1442219
CPU [0] UID 1002 comm: gen_fast, count: 1442429
CPU [0] UID 1002 comm: gen_fast, count: 1442429
CPU [0] UID 1002 comm: gen_fast, count: 1442537
CPU [0] UID 1002 comm: gen_fast, count: 1442600
CPU [0] UID 1002 comm: gen_fast, count: 1442700
CPU [0] UID 1002 comm: gen_fast, count: 1442847
CPU [0] UID 1002 comm: gen_fast, count: 1442900
CPU [0] UID 1002 comm: gen_fast, count: 1443000
CPU [0] UID 1002 comm: gen_fast, count: 1443100
CPU [0] UID 1002 comm: gen_fast, count: 1443205
CPU [0] UID 1002 comm: gen_fast, count: 1443324
CPU [0] UID 1002 comm: gen_fast, count: 1443456
CPU [0] UID 1002 comm: gen_fast, count: 1443581
CPU [0] UID 1002 comm: gen_fast, count: 1443614
CPU [0] UID 1002 comm: gen_fast, count: 1443700
CPU [0] UID 1002 comm: gen_fast, count: 1443812
CPU [0] UID 1002 comm: gen_fast, count: 1443927
CPU [0] UID 1002 comm: gen_fast, count: 1444033
CPU [0] UID 1002 comm: gen_fast, count: 1444157
CPU [0] UID 1002 comm: gen_fast, count: 1444200
CPU [0] UID 1002 comm: gen_fast, count: 1444307
CPU [0] UID 1002 comm: gen_fast, count: 1444400
CPU [0] UID 1002 comm: gen_fast, count: 1444509
CPU [0] UID 1002 comm: gen_fast, count: 1444600
CPU [0] UID 1002 comm: gen_fast, count: 1444709
CPU [0] UID 1002 comm: gen_fast, count: 1444822
CPU [0] UID 1002 comm: gen_fast, count: 1444958
CPU [0] UID 1002 comm: gen_fast, count: 1445040
CPU [0] UID 1002 comm: gen_fast, count: 1445100
CPU [0] UID 1002 comm: gen_fast, count: 1445211
CPU [0] UID 1002 comm: gen_fast, count: 1445312
CPU [0] UID 1002 comm: gen_fast, count: 1445400
CPU [0] UID 1002 comm: gen_fast, count: 1445517
CPU [0] UID 1002 comm: gen_fast, count: 1445623
CPU [0] UID 1002 comm: gen_fast, count: 1445767
CPU [0] UID 1002 comm: gen_fast, count: 1445800
CPU [0] UID 1002 comm: gen_fast, count: 1445900
CPU [0] UID 1002 comm: gen_fast, count: 1446009
CPU [0] UID 1002 comm: gen_fast, count: 1446138
CPU [0] UID 1002 comm: gen_fast, count: 1446264
CPU [0] UID 1002 comm: gen_fast, count: 1446300
CPU [0] UID 1002 comm: gen_fast, count: 1446403
CPU [0] UID 1002 comm: gen_fast, count: 1446509
CPU [0] UID 1002 comm: gen_fast, count: 1446622
CPU [0] UID 1002 comm: gen_fast, count: 1446735
CPU [0] UID 1002 comm: gen_fast, count: 1446800
CPU [0] UID 1002 comm: gen_fast, count: 1446900
CPU [0] UID 1002 comm: gen_fast, count: 1447000
CPU [0] UID 1002 comm: gen_fast, count: 1447100
CPU [0] UID 1002 comm: gen_fast, count: 1447201
CPU [0] UID 1002 comm: gen_fast, count: 1447319
CPU [0] UID 1002 comm: gen_fast, count: 1447400
CPU [0] UID 1002 comm: gen_fast, count: 1447524
CPU [0] UID 1002 comm: gen_fast, count: 1447600
CPU [0] UID 1002 comm: gen_fast, count: 1447700
CPU [0] UID 1002 comm: gen_fast, count: 1447816
CPU [0] UID 1002 comm: gen_fast, count: 1447919
CPU [0] UID 1002 comm: gen_fast, count: 1448000
CPU [0] UID 1002 comm: gen_fast, count: 1448150
CPU [0] UID 1002 comm: gen_fast, count: 1448200
CPU [0] UID 1002 comm: gen_fast, count: 1448300
CPU [0] UID 1002 comm: gen_fast, count: 1448511
CPU [0] UID 1002 comm: gen_fast, count: 1448511
CPU [0] UID 1002 comm: gen_fast, count: 1448600
CPU [0] UID 1002 comm: gen_fast, count: 1448743
CPU [0] UID 1002 comm: gen_fast, count: 1448805
CPU [0] UID 1002 comm: gen_fast, count: 1448900
CPU [0] UID 1002 comm: gen_fast, count: 1449000
CPU [0] UID 1002 comm: gen_fast, count: 1449107
CPU [0] UID 1002 comm: gen_fast, count: 1449200
CPU [0] UID 1002 comm: gen_fast, count: 1449300
CPU [0] UID 1002 comm: gen_fast, count: 1449471
CPU [0] UID 1002 comm: gen_fast, count: 1449500
CPU [0] UID 1002 comm: gen_fast, count: 1449718
CPU [0] UID 1002 comm: gen_fast, count: 1449718
CPU [0] UID 1002 comm: gen_fast, count: 1449827
CPU [0] UID 1002 comm: gen_fast, count: 1449985
CPU [0] UID 1002 comm: gen_fast, count: 1450000
CPU [0] UID 1002 comm: gen_fast, count: 1450152
CPU [0] UID 1002 comm: gen_fast, count: 1450200
CPU [0] UID 1002 comm: gen_fast, count: 1450300
CPU [0] UID 1002 comm: gen_fast, count: 1450470
CPU [0] UID 1002 comm: gen_fast, count: 1450500
CPU [0] UID 1002 comm: gen_fast, count: 1450600
CPU [0] UID 1002 comm: gen_fast, count: 1450700
CPU [0] UID 1002 comm: gen_fast, count: 1450858
CPU [0] UID 1002 comm: gen_fast, count: 1450900
CPU [0] UID 1002 comm: gen_fast, count: 1451000
CPU [0] UID 1002 comm: gen_fast, count: 1451100
CPU [0] UID 1002 comm: gen_fast, count: 1451200
CPU [0] UID 1002 comm: gen_fast, count: 1451326
CPU [0] UID 1002 comm: gen_fast, count: 1451506
CPU [0] UID 1002 comm: gen_fast, count: 1451506
CPU [0] UID 1002 comm: gen_fast, count: 1451658
CPU [0] UID 1002 comm: gen_fast, count: 1451700
CPU [0] UID 1002 comm: gen_fast, count: 1451879
CPU [0] UID 1002 comm: gen_fast, count: 1451900
CPU [0] UID 1002 comm: gen_fast, count: 1452026
CPU [0] UID 1002 comm: gen_fast, count: 1452192
CPU [0] UID 1002 comm: gen_fast, count: 1452200
CPU [0] UID 1002 comm: gen_fast, count: 1452375
CPU [0] UID 1002 comm: gen_fast, count: 1452400
CPU [0] UID 1002 comm: gen_fast, count: 1452552
CPU [0] UID 1002 comm: gen_fast, count: 1452600
CPU [0] UID 1002 comm: gen_fast, count: 1452745
CPU [0] UID 1002 comm: gen_fast, count: 1452819
CPU [0] UID 1002 comm: gen_fast, count: 1452962
CPU [0] UID 1002 comm: gen_fast, count: 1453000
CPU [0] UID 1002 comm: gen_fast, count: 1453110
CPU [0] UID 1002 comm: gen_fast, count: 1453274
CPU [0] UID 1002 comm: gen_fast, count: 1453300
CPU [0] UID 1002 comm: gen_fast, count: 1453400
CPU [0] UID 1002 comm: gen_fast, count: 1453542
CPU [0] UID 1002 comm: gen_fast, count: 1453600
CPU [0] UID 1002 comm: gen_fast, count: 1453707
CPU [0] UID 1002 comm: gen_fast, count: 1453854
CPU [0] UID 1002 comm: gen_fast, count: 1453900
CPU [0] UID 1002 comm: gen_fast, count: 1454053
CPU [0] UID 1002 comm: gen_fast, count: 1454113
CPU [0] UID 1002 comm: gen_fast, count: 1454200
CPU [0] UID 1002 comm: gen_fast, count: 1454347
CPU [0] UID 1002 comm: gen_fast, count: 1454400
CPU [0] UID 1002 comm: gen_fast, count: 1454500
CPU [0] UID 1002 comm: gen_fast, count: 1454640
CPU [0] UID 1002 comm: gen_fast, count: 1454700
CPU [0] UID 1002 comm: gen_fast, count: 1454804
CPU [0] UID 1002 comm: gen_fast, count: 1454953
CPU [0] UID 1002 comm: gen_fast, count: 1455001
CPU [0] UID 1002 comm: gen_fast, count: 1455100
CPU [0] UID 1002 comm: gen_fast, count: 1455287
CPU [0] UID 1002 comm: gen_fast, count: 1455300
CPU [0] UID 1002 comm: gen_fast, count: 1455456
CPU [0] UID 1002 comm: gen_fast, count: 1455500
CPU [0] UID 1002 comm: gen_fast, count: 1455600
CPU [0] UID 1002 comm: gen_fast, count: 1455789
CPU [0] UID 1002 comm: gen_fast, count: 1455800
CPU [0] UID 1002 comm: gen_fast, count: 1455917
CPU [0] UID 1002 comm: gen_fast, count: 1456093
CPU [0] UID 1002 comm: gen_fast, count: 1456100
CPU [0] UID 1002 comm: gen_fast, count: 1456200
CPU [0] UID 1002 comm: gen_fast, count: 1456344
CPU [0] UID 1002 comm: gen_fast, count: 1456400
CPU [0] UID 1002 comm: gen_fast, count: 1456500
CPU [0] UID 1002 comm: gen_fast, count: 1456617
CPU [0] UID 1002 comm: gen_fast, count: 1456700
CPU [0] UID 1002 comm: gen_fast, count: 1456855
CPU [0] UID 1002 comm: gen_fast, count: 1456901
CPU [0] UID 1002 comm: gen_fast, count: 1457039
CPU [0] UID 1002 comm: gen_fast, count: 1457223
CPU [0] UID 1002 comm: gen_fast, count: 1457223
CPU [0] UID 1002 comm: gen_fast, count: 1457345
CPU [0] UID 1002 comm: gen_fast, count: 1457421
CPU [0] UID 1002 comm: gen_fast, count: 1457505
CPU [0] UID 1002 comm: gen_fast, count: 1457685
CPU [0] UID 1002 comm: gen_fast, count: 1457700
CPU [0] UID 1002 comm: gen_fast, count: 1457800
CPU [0] UID 1002 comm: gen_fast, count: 1457900
CPU [0] UID 1002 comm: gen_fast, count: 1458064
CPU [0] UID 1002 comm: gen_fast, count: 1458100
CPU [0] UID 1002 comm: gen_fast, count: 1458224
CPU [0] UID 1002 comm: gen_fast, count: 1458313
CPU [0] UID 1002 comm: gen_fast, count: 1458474
CPU [0] UID 1002 comm: gen_fast, count: 1458500
CPU [0] UID 1002 comm: gen_fast, count: 1458662
CPU [0] UID 1002 comm: gen_fast, count: 1458700
CPU [0] UID 1002 comm: gen_fast, count: 1458808
CPU [0] UID 1002 comm: gen_fast, count: 1458900
CPU [0] UID 1002 comm: gen_fast, count: 1459026
CPU [0] UID 1002 comm: gen_fast, count: 1459100
CPU [0] UID 1002 comm: gen_fast, count: 1459200
CPU [0] UID 1002 comm: gen_fast, count: 1459340
CPU [0] UID 1002 comm: gen_fast, count: 1459402
CPU [0] UID 1002 comm: gen_fast, count: 1459500
CPU [0] UID 1002 comm: gen_fast, count: 1459672
CPU [0] UID 1002 comm: gen_fast, count: 1459700
CPU [0] UID 1002 comm: gen_fast, count: 1459826
CPU [0] UID 1002 comm: gen_fast, count: 1460027
CPU [0] UID 1002 comm: gen_fast, count: 1460027
CPU [0] UID 1002 comm: gen_fast, count: 1460225
CPU [0] UID 1002 comm: gen_fast, count: 1460225
CPU [0] UID 1002 comm: gen_fast, count: 1460300
CPU [0] UID 1002 comm: gen_fast, count: 1460433
CPU [0] UID 1002 comm: gen_fast, count: 1460514
CPU [0] UID 1002 comm: gen_fast, count: 1460600
CPU [0] UID 1002 comm: gen_fast, count: 1460700
CPU [0] UID 1002 comm: gen_fast, count: 1460834
CPU [0] UID 1002 comm: gen_fast, count: 1460913
CPU [0] UID 1002 comm: gen_fast, count: 1461000
CPU [0] UID 1002 comm: gen_fast, count: 1461138
CPU [0] UID 1002 comm: gen_fast, count: 1461224
CPU [0] UID 1002 comm: gen_fast, count: 1461300
CPU [0] UID 1002 comm: gen_fast, count: 1461400
CPU [0] UID 1002 comm: gen_fast, count: 1461552
CPU [0] UID 1002 comm: gen_fast, count: 1461622
CPU [0] UID 1002 comm: gen_fast, count: 1461712
CPU [0] UID 1002 comm: gen_fast, count: 1461880
CPU [0] UID 1002 comm: gen_fast, count: 1461900
CPU [0] UID 1002 comm: gen_fast, count: 1462042
CPU [0] UID 1002 comm: gen_fast, count: 1462100
CPU [0] UID 1002 comm: gen_fast, count: 1462200
CPU [0] UID 1002 comm: gen_fast, count: 1462349
CPU [0] UID 1002 comm: gen_fast, count: 1462421
CPU [0] UID 1002 comm: gen_fast, count: 1462512
CPU [0] UID 1002 comm: gen_fast, count: 1462600
CPU [0] UID 1002 comm: gen_fast, count: 1462700
CPU [0] UID 1002 comm: gen_fast, count: 1462834
CPU [0] UID 1002 comm: gen_fast, count: 1462986
CPU [0] UID 1002 comm: gen_fast, count: 1463000
CPU [0] UID 1002 comm: gen_fast, count: 1463130
CPU [0] UID 1002 comm: gen_fast, count: 1463239
CPU [0] UID 1002 comm: gen_fast, count: 1463379
CPU [0] UID 1002 comm: gen_fast, count: 1463400
CPU [0] UID 1002 comm: gen_fast, count: 1463530
CPU [0] UID 1002 comm: gen_fast, count: 1463600
CPU [0] UID 1002 comm: gen_fast, count: 1463700
CPU [0] UID 1002 comm: gen_fast, count: 1463859
CPU [0] UID 1002 comm: gen_fast, count: 1463900
CPU [0] UID 1002 comm: gen_fast, count: 1464010
CPU [0] UID 1002 comm: gen_fast, count: 1464144
CPU [0] UID 1002 comm: gen_fast, count: 1464339
CPU [0] UID 1002 comm: gen_fast, count: 1464339
CPU [0] UID 1002 comm: gen_fast, count: 1464400
CPU [0] UID 1002 comm: gen_fast, count: 1464517
CPU [0] UID 1002 comm: gen_fast, count: 1464641
CPU [0] UID 1002 comm: gen_fast, count: 1464700
CPU [0] UID 1002 comm: gen_fast, count: 1464800
CPU [0] UID 1002 comm: gen_fast, count: 1464965
CPU [0] UID 1002 comm: gen_fast, count: 1465008
CPU [0] UID 1002 comm: gen_fast, count: 1465125
CPU [0] UID 1002 comm: gen_fast, count: 1465284
CPU [0] UID 1002 comm: gen_fast, count: 1465300
CPU [0] UID 1002 comm: gen_fast, count: 1465477
CPU [0] UID 1002 comm: gen_fast, count: 1465500
CPU [0] UID 1002 comm: gen_fast, count: 1465709
CPU [0] UID 1002 comm: gen_fast, count: 1465709
CPU [0] UID 1002 comm: gen_fast, count: 1465836
CPU [0] UID 1002 comm: gen_fast, count: 1465916
CPU [0] UID 1002 comm: gen_fast, count: 1466085
CPU [0] UID 1002 comm: gen_fast, count: 1466100
CPU [0] UID 1002 comm: gen_fast, count: 1466245
CPU [0] UID 1002 comm: gen_fast, count: 1466308
CPU [0] UID 1002 comm: gen_fast, count: 1466403
CPU [0] UID 1002 comm: gen_fast, count: 1466576
CPU [0] UID 1002 comm: gen_fast, count: 1466600
CPU [0] UID 1002 comm: gen_fast, count: 1466743
CPU [0] UID 1002 comm: gen_fast, count: 1466800
CPU [0] UID 1002 comm: gen_fast, count: 1466900
CPU [0] UID 1002 comm: gen_fast, count: 1467000
CPU [0] UID 1002 comm: gen_fast, count: 1467130
CPU [0] UID 1002 comm: gen_fast, count: 1467264
CPU [0] UID 1002 comm: gen_fast, count: 1467346
CPU [0] UID 1002 comm: gen_fast, count: 1467468
CPU [0] UID 1002 comm: gen_fast, count: 1467500
CPU [0] UID 1002 comm: gen_fast, count: 1467600
CPU [0] UID 1002 comm: gen_fast, count: 1467712
CPU [0] UID 1002 comm: gen_fast, count: 1467802
CPU [0] UID 1002 comm: gen_fast, count: 1467914
CPU [0] UID 1002 comm: gen_fast, count: 1468000
CPU [0] UID 1002 comm: gen_fast, count: 1468120
CPU [0] UID 1002 comm: gen_fast, count: 1468213
CPU [0] UID 1002 comm: gen_fast, count: 1468335
CPU [0] UID 1002 comm: gen_fast, count: 1468479
CPU [0] UID 1002 comm: gen_fast, count: 1468500
CPU [0] UID 1002 comm: gen_fast, count: 1468625
CPU [0] UID 1002 comm: gen_fast, count: 1468749
CPU [0] UID 1002 comm: gen_fast, count: 1468864
CPU [0] UID 1002 comm: gen_fast, count: 1468982
CPU [0] UID 1002 comm: gen_fast, count: 1469000
CPU [0] UID 1002 comm: gen_fast, count: 1469100
CPU [0] UID 1002 comm: gen_fast, count: 1469215
CPU [0] UID 1002 comm: gen_fast, count: 1469300
CPU [0] UID 1002 comm: gen_fast, count: 1469402
CPU [0] UID 1002 comm: gen_fast, count: 1469500
CPU [0] UID 1002 comm: gen_fast, count: 1469605
CPU [0] UID 1002 comm: gen_fast, count: 1469737
CPU [0] UID 1002 comm: gen_fast, count: 1469857
CPU [0] UID 1002 comm: gen_fast, count: 1469966
CPU [0] UID 1002 comm: gen_fast, count: 1470097
CPU [0] UID 1002 comm: gen_fast, count: 1470100
CPU [0] UID 1002 comm: gen_fast, count: 1470336
CPU [0] UID 1002 comm: gen_fast, count: 1470336
CPU [0] UID 1002 comm: gen_fast, count: 1470440
CPU [0] UID 1002 comm: gen_fast, count: 1470652
CPU [0] UID 1002 comm: gen_fast, count: 1470652
CPU [0] UID 1002 comm: gen_fast, count: 1470804
CPU [0] UID 1002 comm: gen_fast, count: 1470804
CPU [0] UID 1002 comm: gen_fast, count: 1470982
CPU [0] UID 1002 comm: gen_fast, count: 1471000
CPU [0] UID 1002 comm: gen_fast, count: 1471147
CPU [0] UID 1002 comm: gen_fast, count: 1471289
CPU [0] UID 1002 comm: gen_fast, count: 1471407
CPU [0] UID 1002 comm: gen_fast, count: 1471407
CPU [0] UID 1002 comm: gen_fast, count: 1471559
CPU [0] UID 1002 comm: gen_fast, count: 1471696
CPU [0] UID 1002 comm: gen_fast, count: 1471700
CPU [0] UID 1002 comm: gen_fast, count: 1471829
CPU [0] UID 1002 comm: gen_fast, count: 1471970
CPU [0] UID 1002 comm: gen_fast, count: 1472228
CPU [0] UID 1002 comm: gen_fast, count: 1472228
CPU [0] UID 1002 comm: gen_fast, count: 1472228
CPU [0] UID 1002 comm: gen_fast, count: 1472413
CPU [0] UID 1002 comm: gen_fast, count: 1472413
CPU [0] UID 1002 comm: gen_fast, count: 1472511
CPU [0] UID 1002 comm: gen_fast, count: 1472600
CPU [0] UID 1002 comm: gen_fast, count: 1472725
CPU [0] UID 1002 comm: gen_fast, count: 1472845
CPU [0] UID 1002 comm: gen_fast, count: 1472990
CPU [0] UID 1002 comm: gen_fast, count: 1473000
CPU [0] UID 1002 comm: gen_fast, count: 1473102
CPU [0] UID 1002 comm: gen_fast, count: 1473202
CPU [0] UID 1002 comm: gen_fast, count: 1473357
CPU [0] UID 1002 comm: gen_fast, count: 1473400
CPU [0] UID 1002 comm: gen_fast, count: 1473554
CPU [0] UID 1002 comm: gen_fast, count: 1473600
CPU [0] UID 1002 comm: gen_fast, count: 1473700
CPU [0] UID 1002 comm: gen_fast, count: 1473885
CPU [0] UID 1002 comm: gen_fast, count: 1473900
CPU [0] UID 1002 comm: gen_fast, count: 1474001
CPU [0] UID 1002 comm: gen_fast, count: 1474121
CPU [0] UID 1002 comm: gen_fast, count: 1474247
CPU [0] UID 1002 comm: gen_fast, count: 1474300
CPU [0] UID 1002 comm: gen_fast, count: 1474400
CPU [0] UID 1002 comm: gen_fast, count: 1474519
CPU [0] UID 1002 comm: gen_fast, count: 1474600
CPU [0] UID 1002 comm: gen_fast, count: 1474744
CPU [0] UID 1002 comm: gen_fast, count: 1474831
CPU [0] UID 1002 comm: gen_fast, count: 1474914
CPU [0] UID 1002 comm: gen_fast, count: 1475000
CPU [0] UID 1002 comm: gen_fast, count: 1475152
CPU [0] UID 1002 comm: gen_fast, count: 1475215
CPU [0] UID 1002 comm: gen_fast, count: 1475311
CPU [0] UID 1002 comm: gen_fast, count: 1475479
CPU [0] UID 1002 comm: gen_fast, count: 1475500
CPU [0] UID 1002 comm: gen_fast, count: 1475613
CPU [0] UID 1002 comm: gen_fast, count: 1475761
CPU [0] UID 1002 comm: gen_fast, count: 1475800
CPU [0] UID 1002 comm: gen_fast, count: 1475954
CPU [0] UID 1002 comm: gen_fast, count: 1476000
CPU [0] UID 1002 comm: gen_fast, count: 1476135
CPU [0] UID 1002 comm: gen_fast, count: 1476200
CPU [0] UID 1002 comm: gen_fast, count: 1476385
CPU [0] UID 1002 comm: gen_fast, count: 1476400
CPU [0] UID 1002 comm: gen_fast, count: 1476500
CPU [0] UID 1002 comm: gen_fast, count: 1476600
CPU [0] UID 1002 comm: gen_fast, count: 1476746
CPU [0] UID 1002 comm: gen_fast, count: 1476800
CPU [0] UID 1002 comm: gen_fast, count: 1476914
CPU [0] UID 1002 comm: gen_fast, count: 1477075
CPU [0] UID 1002 comm: gen_fast, count: 1477100
CPU [0] UID 1002 comm: gen_fast, count: 1477200
CPU [0] UID 1002 comm: gen_fast, count: 1477300
CPU [0] UID 1002 comm: gen_fast, count: 1477473
CPU [0] UID 1002 comm: gen_fast, count: 1477500
CPU [0] UID 1002 comm: gen_fast, count: 1477618
CPU [0] UID 1002 comm: gen_fast, count: 1477800
CPU [0] UID 1002 comm: gen_fast, count: 1477800
CPU [0] UID 1002 comm: gen_fast, count: 1477933
CPU [0] UID 1002 comm: gen_fast, count: 1478015
CPU [0] UID 1002 comm: gen_fast, count: 1478187
CPU [0] UID 1002 comm: gen_fast, count: 1478200
CPU [0] UID 1002 comm: gen_fast, count: 1478365
CPU [0] UID 1002 comm: gen_fast, count: 1478400
CPU [0] UID 1002 comm: gen_fast, count: 1478500
CPU [0] UID 1002 comm: gen_fast, count: 1478600
CPU [0] UID 1002 comm: gen_fast, count: 1478729
CPU [0] UID 1002 comm: gen_fast, count: 1478916
CPU [0] UID 1002 comm: gen_fast, count: 1478916
CPU [0] UID 1002 comm: gen_fast, count: 1479032
CPU [0] UID 1002 comm: gen_fast, count: 1479130
CPU [0] UID 1002 comm: gen_fast, count: 1479306
CPU [0] UID 1002 comm: gen_fast, count: 1479306
CPU [0] UID 1002 comm: gen_fast, count: 1479505
CPU [0] UID 1002 comm: gen_fast, count: 1479505
CPU [0] UID 1002 comm: gen_fast, count: 1479608
CPU [0] UID 1002 comm: gen_fast, count: 1479706
CPU [0] UID 1002 comm: gen_fast, count: 1479881
CPU [0] UID 1002 comm: gen_fast, count: 1479900
CPU [0] UID 1002 comm: gen_fast, count: 1480027
CPU [0] UID 1002 comm: gen_fast, count: 1480181
CPU [0] UID 1002 comm: gen_fast, count: 1480200
CPU [0] UID 1002 comm: gen_fast, count: 1480349
CPU [0] UID 1002 comm: gen_fast, count: 1480400
CPU [0] UID 1002 comm: gen_fast, count: 1480500
CPU [0] UID 1002 comm: gen_fast, count: 1480662
CPU [0] UID 1002 comm: gen_fast, count: 1480700
CPU [0] UID 1002 comm: gen_fast, count: 1480849
CPU [0] UID 1002 comm: gen_fast, count: 1481005
CPU [0] UID 1002 comm: gen_fast, count: 1481005
CPU [0] UID 1002 comm: gen_fast, count: 1481175
CPU [0] UID 1002 comm: gen_fast, count: 1481200
CPU [0] UID 1002 comm: gen_fast, count: 1481378
CPU [0] UID 1002 comm: gen_fast, count: 1481400
CPU [0] UID 1002 comm: gen_fast, count: 1481500
CPU [0] UID 1002 comm: gen_fast, count: 1481600
CPU [0] UID 1002 comm: gen_fast, count: 1481779
CPU [0] UID 1002 comm: gen_fast, count: 1481800
CPU [0] UID 1002 comm: gen_fast, count: 1481964
CPU [0] UID 1002 comm: gen_fast, count: 1482000
CPU [0] UID 1002 comm: gen_fast, count: 1482164
CPU [0] UID 1002 comm: gen_fast, count: 1482200
CPU [0] UID 1002 comm: gen_fast, count: 1482300
CPU [0] UID 1002 comm: gen_fast, count: 1482400
CPU [0] UID 1002 comm: gen_fast, count: 1482527
CPU [0] UID 1002 comm: gen_fast, count: 1482666
CPU [0] UID 1002 comm: gen_fast, count: 1482732
CPU [0] UID 1002 comm: gen_fast, count: 1482800
CPU [0] UID 1002 comm: gen_fast, count: 1482922
CPU [0] UID 1002 comm: gen_fast, count: 1483069
CPU [0] UID 1002 comm: gen_fast, count: 1483100
CPU [0] UID 1002 comm: gen_fast, count: 1483236
CPU [0] UID 1002 comm: gen_fast, count: 1483300
CPU [0] UID 1002 comm: gen_fast, count: 1483424
CPU [0] UID 1002 comm: gen_fast, count: 1483500
CPU [0] UID 1002 comm: gen_fast, count: 1483600
CPU [0] UID 1002 comm: gen_fast, count: 1483758
CPU [0] UID 1002 comm: gen_fast, count: 1483800
CPU [0] UID 1002 comm: gen_fast, count: 1483910
CPU [0] UID 1002 comm: gen_fast, count: 1484022
CPU [0] UID 1002 comm: gen_fast, count: 1484105
CPU [0] UID 1002 comm: gen_fast, count: 1484200
CPU [0] UID 1002 comm: gen_fast, count: 1484331
CPU [0] UID 1002 comm: gen_fast, count: 1484409
CPU [0] UID 1002 comm: gen_fast, count: 1484573
CPU [0] UID 1002 comm: gen_fast, count: 1484600
CPU [0] UID 1002 comm: gen_fast, count: 1484730
CPU [0] UID 1002 comm: gen_fast, count: 1484800
CPU [0] UID 1002 comm: gen_fast, count: 1484909
CPU [0] UID 1002 comm: gen_fast, count: 1485031
CPU [0] UID 1002 comm: gen_fast, count: 1485102
CPU [0] UID 1002 comm: gen_fast, count: 1485253
CPU [0] UID 1002 comm: gen_fast, count: 1485304
CPU [0] UID 1002 comm: gen_fast, count: 1485400
CPU [0] UID 1002 comm: gen_fast, count: 1485500
CPU [0] UID 1002 comm: gen_fast, count: 1485627
CPU [0] UID 1002 comm: gen_fast, count: 1485712
CPU [0] UID 1002 comm: gen_fast, count: 1485897
CPU [0] UID 1002 comm: gen_fast, count: 1485900
CPU [0] UID 1002 comm: gen_fast, count: 1486055
CPU [0] UID 1002 comm: gen_fast, count: 1486229
CPU [0] UID 1002 comm: gen_fast, count: 1486229
CPU [0] UID 1002 comm: gen_fast, count: 1486300
CPU [0] UID 1002 comm: gen_fast, count: 1486422
CPU [0] UID 1002 comm: gen_fast, count: 1486500
CPU [0] UID 1002 comm: gen_fast, count: 1486600
CPU [0] UID 1002 comm: gen_fast, count: 1486752
CPU [0] UID 1002 comm: gen_fast, count: 1486800
CPU [0] UID 1002 comm: gen_fast, count: 1486921
CPU [0] UID 1002 comm: gen_fast, count: 1487126
CPU [0] UID 1002 comm: gen_fast, count: 1487126
CPU [0] UID 1002 comm: gen_fast, count: 1487200
CPU [0] UID 1002 comm: gen_fast, count: 1487332
CPU [0] UID 1002 comm: gen_fast, count: 1487400
CPU [0] UID 1002 comm: gen_fast, count: 1487500
CPU [0] UID 1002 comm: gen_fast, count: 1487628
CPU [0] UID 1002 comm: gen_fast, count: 1487767
CPU [0] UID 1002 comm: gen_fast, count: 1487800
CPU [0] UID 1002 comm: gen_fast, count: 1487986
CPU [0] UID 1002 comm: gen_fast, count: 1488000
CPU [0] UID 1002 comm: gen_fast, count: 1488144
CPU [0] UID 1002 comm: gen_fast, count: 1488200
CPU [0] UID 1002 comm: gen_fast, count: 1488300
CPU [0] UID 1002 comm: gen_fast, count: 1488442
CPU [0] UID 1002 comm: gen_fast, count: 1488500
CPU [0] UID 1002 comm: gen_fast, count: 1488600
CPU [0] UID 1002 comm: gen_fast, count: 1488717
CPU [0] UID 1002 comm: gen_fast, count: 1488868
CPU [0] UID 1002 comm: gen_fast, count: 1488921
CPU [0] UID 1002 comm: gen_fast, count: 1489003
CPU [0] UID 1002 comm: gen_fast, count: 1489164
CPU [0] UID 1002 comm: gen_fast, count: 1489200
CPU [0] UID 1002 comm: gen_fast, count: 1489310
CPU [0] UID 1002 comm: gen_fast, count: 1489486
CPU [0] UID 1002 comm: gen_fast, count: 1489592
CPU [0] UID 1002 comm: gen_fast, count: 1489600
CPU [0] UID 1002 comm: gen_fast, count: 1489744
CPU [0] UID 1002 comm: gen_fast, count: 1489915
CPU [0] UID 1002 comm: gen_fast, count: 1489915
CPU [0] UID 1002 comm: gen_fast, count: 1490040
CPU [0] UID 1002 comm: gen_fast, count: 1490124
CPU [0] UID 1002 comm: gen_fast, count: 1490200
CPU [0] UID 1002 comm: gen_fast, count: 1490300
CPU [0] UID 1002 comm: gen_fast, count: 1490403
CPU [0] UID 1002 comm: gen_fast, count: 1490500
CPU [0] UID 1002 comm: gen_fast, count: 1490656
CPU [0] UID 1002 comm: gen_fast, count: 1490700
CPU [0] UID 1002 comm: gen_fast, count: 1490800
CPU [0] UID 1002 comm: gen_fast, count: 1490925
CPU [0] UID 1002 comm: gen_fast, count: 1491085
CPU [0] UID 1002 comm: gen_fast, count: 1491100
CPU [0] UID 1002 comm: gen_fast, count: 1491217
CPU [0] UID 1002 comm: gen_fast, count: 1491353
CPU [0] UID 1002 comm: gen_fast, count: 1491400
CPU [0] UID 1002 comm: gen_fast, count: 1491500
CPU [0] UID 1002 comm: gen_fast, count: 1491668
CPU [0] UID 1002 comm: gen_fast, count: 1491700
CPU [0] UID 1002 comm: gen_fast, count: 1491800
CPU [0] UID 1002 comm: gen_fast, count: 1491958
CPU [0] UID 1002 comm: gen_fast, count: 1492000
CPU [0] UID 1002 comm: gen_fast, count: 1492100
CPU [0] UID 1002 comm: gen_fast, count: 1492204
CPU [0] UID 1002 comm: gen_fast, count: 1492324
CPU [0] UID 1002 comm: gen_fast, count: 1492447
CPU [0] UID 1002 comm: gen_fast, count: 1492562
CPU [0] UID 1002 comm: gen_fast, count: 1492675
CPU [0] UID 1002 comm: gen_fast, count: 1492700
CPU [0] UID 1002 comm: gen_fast, count: 1492800
CPU [0] UID 1002 comm: gen_fast, count: 1492917
CPU [0] UID 1002 comm: gen_fast, count: 1493046
CPU [0] UID 1002 comm: gen_fast, count: 1493152
CPU [0] UID 1002 comm: gen_fast, count: 1493270
CPU [0] UID 1002 comm: gen_fast, count: 1493300
CPU [0] UID 1002 comm: gen_fast, count: 1493400
CPU [0] UID 1002 comm: gen_fast, count: 1493505
CPU [0] UID 1002 comm: gen_fast, count: 1493617
CPU [0] UID 1002 comm: gen_fast, count: 1493700
CPU [0] UID 1002 comm: gen_fast, count: 1493810
CPU [0] UID 1002 comm: gen_fast, count: 1493925
CPU [0] UID 1002 comm: gen_fast, count: 1494046
CPU [0] UID 1002 comm: gen_fast, count: 1494188
CPU [0] UID 1002 comm: gen_fast, count: 1494200
CPU [0] UID 1002 comm: gen_fast, count: 1494336
CPU [0] UID 1002 comm: gen_fast, count: 1494400
CPU [0] UID 1002 comm: gen_fast, count: 1494504
CPU [0] UID 1002 comm: gen_fast, count: 1494614
CPU [0] UID 1002 comm: gen_fast, count: 1494700
CPU [0] UID 1002 comm: gen_fast, count: 1494842
CPU [0] UID 1002 comm: gen_fast, count: 1494924
CPU [0] UID 1002 comm: gen_fast, count: 1495005
CPU [0] UID 1002 comm: gen_fast, count: 1495100
CPU [0] UID 1002 comm: gen_fast, count: 1495309
CPU [0] UID 1002 comm: gen_fast, count: 1495309
CPU [0] UID 1002 comm: gen_fast, count: 1495481
CPU [0] UID 1002 comm: gen_fast, count: 1495500
CPU [0] UID 1002 comm: gen_fast, count: 1495666
CPU [0] UID 1002 comm: gen_fast, count: 1495700
CPU [0] UID 1002 comm: gen_fast, count: 1495897
CPU [0] UID 1002 comm: gen_fast, count: 1495900
CPU [0] UID 1002 comm: gen_fast, count: 1496009
CPU [0] UID 1002 comm: gen_fast, count: 1496100
CPU [0] UID 1002 comm: gen_fast, count: 1496243
CPU [0] UID 1002 comm: gen_fast, count: 1496325
CPU [0] UID 1002 comm: gen_fast, count: 1496400
CPU [0] UID 1002 comm: gen_fast, count: 1496500
CPU [0] UID 1002 comm: gen_fast, count: 1496652
CPU [0] UID 1002 comm: gen_fast, count: 1496804
CPU [0] UID 1002 comm: gen_fast, count: 1496804
CPU [0] UID 1002 comm: gen_fast, count: 1496958
CPU [0] UID 1002 comm: gen_fast, count: 1497000
CPU [0] UID 1002 comm: gen_fast, count: 1497122
CPU [0] UID 1002 comm: gen_fast, count: 1497248
CPU [0] UID 1002 comm: gen_fast, count: 1497300
CPU [0] UID 1002 comm: gen_fast, count: 1497432
CPU [0] UID 1002 comm: gen_fast, count: 1497503
CPU [0] UID 1002 comm: gen_fast, count: 1497604
CPU [0] UID 1002 comm: gen_fast, count: 1497789
CPU [0] UID 1002 comm: gen_fast, count: 1497800
CPU [0] UID 1002 comm: gen_fast, count: 1497928
CPU [0] UID 1002 comm: gen_fast, count: 1498122
CPU [0] UID 1002 comm: gen_fast, count: 1498122
CPU [0] UID 1002 comm: gen_fast, count: 1498301
CPU [0] UID 1002 comm: gen_fast, count: 1498301
CPU [0] UID 1002 comm: gen_fast, count: 1498428
CPU [0] UID 1002 comm: gen_fast, count: 1498503
CPU [0] UID 1002 comm: gen_fast, count: 1498642
CPU [0] UID 1002 comm: gen_fast, count: 1498812
CPU [0] UID 1002 comm: gen_fast, count: 1498812
CPU [0] UID 1002 comm: gen_fast, count: 1498960
CPU [0] UID 1002 comm: gen_fast, count: 1499145
CPU [0] UID 1002 comm: gen_fast, count: 1499145
CPU [0] UID 1002 comm: gen_fast, count: 1499200
CPU [0] UID 1002 comm: gen_fast, count: 1499302
CPU [0] UID 1002 comm: gen_fast, count: 1499451
CPU [0] UID 1002 comm: gen_fast, count: 1499607
CPU [0] UID 1002 comm: gen_fast, count: 1499607
CPU [0] UID 1002 comm: gen_fast, count: 1499778
CPU [0] UID 1002 comm: gen_fast, count: 1499800
CPU [0] UID 1002 comm: gen_fast, count: 1499941
CPU [0] UID 1002 comm: gen_fast, count: 1500000
CPU [0] UID 1002 comm: gen_fast, count: 1500140
CPU [0] UID 1002 comm: gen_fast, count: 1500200
CPU [0] UID 1002 comm: gen_fast, count: 1500300
CPU [0] UID 1002 comm: gen_fast, count: 1500472
CPU [0] UID 1002 comm: gen_fast, count: 1500500
CPU [0] UID 1002 comm: gen_fast, count: 1500600
CPU [0] UID 1002 comm: gen_fast, count: 1500700
CPU [0] UID 1002 comm: gen_fast, count: 1500835
CPU [0] UID 1002 comm: gen_fast, count: 1501009
CPU [0] UID 1002 comm: gen_fast, count: 1501009
CPU [0] UID 1002 comm: gen_fast, count: 1501100
CPU [0] UID 1002 comm: gen_fast, count: 1501243
CPU [0] UID 1002 comm: gen_fast, count: 1501325
CPU [0] UID 1002 comm: gen_fast, count: 1501400
CPU [0] UID 1002 comm: gen_fast, count: 1501500
CPU [0] UID 1002 comm: gen_fast, count: 1501649
CPU [0] UID 1002 comm: gen_fast, count: 1501729
CPU [0] UID 1002 comm: gen_fast, count: 1501814
CPU [0] UID 1002 comm: gen_fast, count: 1502007
CPU [0] UID 1002 comm: gen_fast, count: 1502007
CPU [0] UID 1002 comm: gen_fast, count: 1502115
CPU [0] UID 1002 comm: gen_fast, count: 1502278
CPU [0] UID 1002 comm: gen_fast, count: 1502300
CPU [0] UID 1002 comm: gen_fast, count: 1502408
CPU [0] UID 1002 comm: gen_fast, count: 1502602
CPU [0] UID 1002 comm: gen_fast, count: 1502602
CPU [0] UID 1002 comm: gen_fast, count: 1502700
CPU [0] UID 1002 comm: gen_fast, count: 1502872
CPU [0] UID 1002 comm: gen_fast, count: 1502900
CPU [0] UID 1002 comm: gen_fast, count: 1503026
CPU [0] UID 1002 comm: gen_fast, count: 1503216
CPU [0] UID 1002 comm: gen_fast, count: 1503216
CPU [0] UID 1002 comm: gen_fast, count: 1503408
CPU [0] UID 1002 comm: gen_fast, count: 1503408
CPU [0] UID 1002 comm: gen_fast, count: 1503500
CPU [0] UID 1002 comm: gen_fast, count: 1503664
CPU [0] UID 1002 comm: gen_fast, count: 1503754
CPU [0] UID 1002 comm: gen_fast, count: 1503800
CPU [0] UID 1002 comm: gen_fast, count: 1503949
CPU [0] UID 1002 comm: gen_fast, count: 1504000
CPU [0] UID 1002 comm: gen_fast, count: 1504202
CPU [0] UID 1002 comm: gen_fast, count: 1504202
CPU [0] UID 1002 comm: gen_fast, count: 1504300
CPU [0] UID 1002 comm: gen_fast, count: 1504400
CPU [0] UID 1002 comm: gen_fast, count: 1504555
CPU [0] UID 1002 comm: gen_fast, count: 1504600
CPU [0] UID 1002 comm: gen_fast, count: 1504738
CPU [0] UID 1002 comm: gen_fast, count: 1504800
CPU [0] UID 1002 comm: gen_fast, count: 1504902
CPU [0] UID 1002 comm: gen_fast, count: 1505076
CPU [0] UID 1002 comm: gen_fast, count: 1505100
CPU [0] UID 1002 comm: gen_fast, count: 1505295
CPU [0] UID 1002 comm: gen_fast, count: 1505300
CPU [0] UID 1002 comm: gen_fast, count: 1505457
CPU [0] UID 1002 comm: gen_fast, count: 1505500
CPU [0] UID 1002 comm: gen_fast, count: 1505604
CPU [0] UID 1002 comm: gen_fast, count: 1505727
CPU [0] UID 1002 comm: gen_fast, count: 1505800
CPU [0] UID 1002 comm: gen_fast, count: 1505900
CPU [0] UID 1002 comm: gen_fast, count: 1506018
CPU [0] UID 1002 comm: gen_fast, count: 1506100
CPU [0] UID 1002 comm: gen_fast, count: 1506200
CPU [0] UID 1002 comm: gen_fast, count: 1506337
CPU [0] UID 1002 comm: gen_fast, count: 1506505
CPU [0] UID 1002 comm: gen_fast, count: 1506505
CPU [0] UID 1002 comm: gen_fast, count: 1506669
CPU [0] UID 1002 comm: gen_fast, count: 1506700
CPU [0] UID 1002 comm: gen_fast, count: 1506890
CPU [0] UID 1002 comm: gen_fast, count: 1506900
CPU [0] UID 1002 comm: gen_fast, count: 1507076
CPU [0] UID 1002 comm: gen_fast, count: 1507100
CPU [0] UID 1002 comm: gen_fast, count: 1507200
CPU [0] UID 1002 comm: gen_fast, count: 1507339
CPU [0] UID 1002 comm: gen_fast, count: 1507408
CPU [0] UID 1002 comm: gen_fast, count: 1507500
CPU [0] UID 1002 comm: gen_fast, count: 1507603
CPU [0] UID 1002 comm: gen_fast, count: 1507799
CPU [0] UID 1002 comm: gen_fast, count: 1507800
CPU [0] UID 1002 comm: gen_fast, count: 1507989
CPU [0] UID 1002 comm: gen_fast, count: 1508000
CPU [0] UID 1002 comm: gen_fast, count: 1508107
CPU [0] UID 1002 comm: gen_fast, count: 1508200
CPU [0] UID 1002 comm: gen_fast, count: 1508387
CPU [0] UID 1002 comm: gen_fast, count: 1508400
CPU [0] UID 1002 comm: gen_fast, count: 1508576
CPU [0] UID 1002 comm: gen_fast, count: 1508600
CPU [0] UID 1002 comm: gen_fast, count: 1508780
CPU [0] UID 1002 comm: gen_fast, count: 1508800
CPU [0] UID 1002 comm: gen_fast, count: 1508954
CPU [0] UID 1002 comm: gen_fast, count: 1509000
CPU [0] UID 1002 comm: gen_fast, count: 1509106
CPU [0] UID 1002 comm: gen_fast, count: 1509289
CPU [0] UID 1002 comm: gen_fast, count: 1509300
CPU [0] UID 1002 comm: gen_fast, count: 1509440
CPU [0] UID 1002 comm: gen_fast, count: 1509616
CPU [0] UID 1002 comm: gen_fast, count: 1509616
CPU [0] UID 1002 comm: gen_fast, count: 1509759
CPU [0] UID 1002 comm: gen_fast, count: 1509800
CPU [0] UID 1002 comm: gen_fast, count: 1509935
CPU [0] UID 1002 comm: gen_fast, count: 1510113
CPU [0] UID 1002 comm: gen_fast, count: 1510113
CPU [0] UID 1002 comm: gen_fast, count: 1510200
CPU [0] UID 1002 comm: gen_fast, count: 1510340
CPU [0] UID 1002 comm: gen_fast, count: 1510504
CPU [0] UID 1002 comm: gen_fast, count: 1510504
CPU [0] UID 1002 comm: gen_fast, count: 1510632
CPU [0] UID 1002 comm: gen_fast, count: 1510746
CPU [0] UID 1002 comm: gen_fast, count: 1510879
CPU [0] UID 1002 comm: gen_fast, count: 1510900
CPU [0] UID 1002 comm: gen_fast, count: 1511000
CPU [0] UID 1002 comm: gen_fast, count: 1511120
CPU [0] UID 1002 comm: gen_fast, count: 1511257
CPU [0] UID 1002 comm: gen_fast, count: 1511300
CPU [0] UID 1002 comm: gen_fast, count: 1511425
CPU [0] UID 1002 comm: gen_fast, count: 1511502
CPU [0] UID 1002 comm: gen_fast, count: 1511660
CPU [0] UID 1002 comm: gen_fast, count: 1511797
CPU [0] UID 1002 comm: gen_fast, count: 1511800
CPU [0] UID 1002 comm: gen_fast, count: 1511900
CPU [0] UID 1002 comm: gen_fast, count: 1512007
CPU [0] UID 1002 comm: gen_fast, count: 1512100
CPU [0] UID 1002 comm: gen_fast, count: 1512254
CPU [0] UID 1002 comm: gen_fast, count: 1512300
CPU [0] UID 1002 comm: gen_fast, count: 1512400
CPU [0] UID 1002 comm: gen_fast, count: 1512536
CPU [0] UID 1002 comm: gen_fast, count: 1512708
CPU [0] UID 1002 comm: gen_fast, count: 1512708
CPU [0] UID 1002 comm: gen_fast, count: 1512862
CPU [0] UID 1002 comm: gen_fast, count: 1512911
CPU [0] UID 1002 comm: gen_fast, count: 1513018
CPU [0] UID 1002 comm: gen_fast, count: 1513153
CPU [0] UID 1002 comm: gen_fast, count: 1513205
CPU [0] UID 1002 comm: gen_fast, count: 1513333
CPU [0] UID 1002 comm: gen_fast, count: 1513458
CPU [0] UID 1002 comm: gen_fast, count: 1513505
CPU [0] UID 1002 comm: gen_fast, count: 1513622
CPU [0] UID 1002 comm: gen_fast, count: 1513700
CPU [0] UID 1002 comm: gen_fast, count: 1513800
CPU [0] UID 1002 comm: gen_fast, count: 1513958
CPU [0] UID 1002 comm: gen_fast, count: 1514030
CPU [0] UID 1002 comm: gen_fast, count: 1514105
CPU [0] UID 1002 comm: gen_fast, count: 1514200
CPU [0] UID 1002 comm: gen_fast, count: 1514339
CPU [0] UID 1002 comm: gen_fast, count: 1514420
CPU [0] UID 1002 comm: gen_fast, count: 1514500
CPU [0] UID 1002 comm: gen_fast, count: 1514660
CPU [0] UID 1002 comm: gen_fast, count: 1514727
CPU [0] UID 1002 comm: gen_fast, count: 1514813
CPU [0] UID 1002 comm: gen_fast, count: 1514995
CPU [0] UID 1002 comm: gen_fast, count: 1515000
CPU [0] UID 1002 comm: gen_fast, count: 1515184
CPU [0] UID 1002 comm: gen_fast, count: 1515200
CPU [0] UID 1002 comm: gen_fast, count: 1515368
CPU [0] UID 1002 comm: gen_fast, count: 1515400
CPU [0] UID 1002 comm: gen_fast, count: 1515500
CPU [0] UID 1002 comm: gen_fast, count: 1515600
CPU [0] UID 1002 comm: gen_fast, count: 1515738
CPU [0] UID 1002 comm: gen_fast, count: 1515800
CPU [0] UID 1002 comm: gen_fast, count: 1515930
CPU [0] UID 1002 comm: gen_fast, count: 1516108
CPU [0] UID 1002 comm: gen_fast, count: 1516108
CPU [0] UID 1002 comm: gen_fast, count: 1516242
CPU [0] UID 1002 comm: gen_fast, count: 1516382
CPU [0] UID 1002 comm: gen_fast, count: 1516400
CPU [0] UID 1002 comm: gen_fast, count: 1516572
CPU [0] UID 1002 comm: gen_fast, count: 1516600
CPU [0] UID 1002 comm: gen_fast, count: 1516700
CPU [0] UID 1002 comm: gen_fast, count: 1516800
CPU [0] UID 1002 comm: gen_fast, count: 1516953
CPU [0] UID 1002 comm: gen_fast, count: 1517000
CPU [0] UID 1002 comm: gen_fast, count: 1517100
CPU [0] UID 1002 comm: gen_fast, count: 1517264
CPU [0] UID 1002 comm: gen_fast, count: 1517300
CPU [0] UID 1002 comm: gen_fast, count: 1517441
CPU [0] UID 1002 comm: gen_fast, count: 1517500
CPU [0] UID 1002 comm: gen_fast, count: 1517600
CPU [0] UID 1002 comm: gen_fast, count: 1517759
CPU [0] UID 1002 comm: gen_fast, count: 1517800
CPU [0] UID 1002 comm: gen_fast, count: 1517908
CPU [0] UID 1002 comm: gen_fast, count: 1518061
CPU [0] UID 1002 comm: gen_fast, count: 1518100
CPU [0] UID 1002 comm: gen_fast, count: 1518244
CPU [0] UID 1002 comm: gen_fast, count: 1518300
CPU [0] UID 1002 comm: gen_fast, count: 1518406
CPU [0] UID 1002 comm: gen_fast, count: 1518568
CPU [0] UID 1002 comm: gen_fast, count: 1518600
CPU [0] UID 1002 comm: gen_fast, count: 1518703
CPU [0] UID 1002 comm: gen_fast, count: 1518860
CPU [0] UID 1002 comm: gen_fast, count: 1518900
CPU [0] UID 1002 comm: gen_fast, count: 1519000
CPU [0] UID 1002 comm: gen_fast, count: 1519160
CPU [0] UID 1002 comm: gen_fast, count: 1519200
CPU [0] UID 1002 comm: gen_fast, count: 1519300
CPU [0] UID 1002 comm: gen_fast, count: 1519491
CPU [0] UID 1002 comm: gen_fast, count: 1519500
CPU [0] UID 1002 comm: gen_fast, count: 1519678
CPU [0] UID 1002 comm: gen_fast, count: 1519700
CPU [0] UID 1002 comm: gen_fast, count: 1519800
CPU [0] UID 1002 comm: gen_fast, count: 1519900
CPU [0] UID 1002 comm: gen_fast, count: 1520056
CPU [0] UID 1002 comm: gen_fast, count: 1520100
CPU [0] UID 1002 comm: gen_fast, count: 1520229
CPU [0] UID 1002 comm: gen_fast, count: 1520300
CPU [0] UID 1002 comm: gen_fast, count: 1520424
CPU [0] UID 1002 comm: gen_fast, count: 1520500
CPU [0] UID 1002 comm: gen_fast, count: 1520600
CPU [0] UID 1002 comm: gen_fast, count: 1520744
CPU [0] UID 1002 comm: gen_fast, count: 1520820
CPU [0] UID 1002 comm: gen_fast, count: 1520900
CPU [0] UID 1002 comm: gen_fast, count: 1521000
CPU [0] UID 1002 comm: gen_fast, count: 1521137
CPU [0] UID 1002 comm: gen_fast, count: 1521328
CPU [0] UID 1002 comm: gen_fast, count: 1521328
CPU [0] UID 1002 comm: gen_fast, count: 1521446
CPU [0] UID 1002 comm: gen_fast, count: 1521528
CPU [0] UID 1002 comm: gen_fast, count: 1521606
CPU [0] UID 1002 comm: gen_fast, count: 1521700
CPU [0] UID 1002 comm: gen_fast, count: 1521844
CPU [0] UID 1002 comm: gen_fast, count: 1521900
CPU [0] UID 1002 comm: gen_fast, count: 1522000
CPU [0] UID 1002 comm: gen_fast, count: 1522151
CPU [0] UID 1002 comm: gen_fast, count: 1522200
CPU [0] UID 1002 comm: gen_fast, count: 1522300
CPU [0] UID 1002 comm: gen_fast, count: 1522451
CPU [0] UID 1002 comm: gen_fast, count: 1522500
CPU [0] UID 1002 comm: gen_fast, count: 1522600
CPU [0] UID 1002 comm: gen_fast, count: 1522772
CPU [0] UID 1002 comm: gen_fast, count: 1522800
CPU [0] UID 1002 comm: gen_fast, count: 1522915
CPU [0] UID 1002 comm: gen_fast, count: 1523000
CPU [0] UID 1002 comm: gen_fast, count: 1523179
CPU [0] UID 1002 comm: gen_fast, count: 1523265
CPU [0] UID 1002 comm: gen_fast, count: 1523300
CPU [0] UID 1002 comm: gen_fast, count: 1523443
CPU [0] UID 1002 comm: gen_fast, count: 1523500
CPU [0] UID 1002 comm: gen_fast, count: 1523651
CPU [0] UID 1002 comm: gen_fast, count: 1523700
CPU [0] UID 1002 comm: gen_fast, count: 1523821
CPU [0] UID 1002 comm: gen_fast, count: 1523950
CPU [0] UID 1002 comm: gen_fast, count: 1524020
CPU [0] UID 1002 comm: gen_fast, count: 1524108
CPU [0] UID 1002 comm: gen_fast, count: 1524265
CPU [0] UID 1002 comm: gen_fast, count: 1524300
CPU [0] UID 1002 comm: gen_fast, count: 1524432
CPU [0] UID 1002 comm: gen_fast, count: 1524500
CPU [0] UID 1002 comm: gen_fast, count: 1524600
CPU [0] UID 1002 comm: gen_fast, count: 1524782
CPU [0] UID 1002 comm: gen_fast, count: 1524800
CPU [0] UID 1002 comm: gen_fast, count: 1524900
CPU [0] UID 1002 comm: gen_fast, count: 1525000
CPU [0] UID 1002 comm: gen_fast, count: 1525248
CPU [0] UID 1002 comm: gen_fast, count: 1525248
CPU [0] UID 1002 comm: gen_fast, count: 1525345
CPU [0] UID 1002 comm: gen_fast, count: 1525400
CPU [0] UID 1002 comm: gen_fast, count: 1525500
CPU [0] UID 1002 comm: gen_fast, count: 1525600
CPU [0] UID 1002 comm: gen_fast, count: 1525703
CPU [0] UID 1002 comm: gen_fast, count: 1525863
CPU [0] UID 1002 comm: gen_fast, count: 1525900
CPU [0] UID 1002 comm: gen_fast, count: 1526031
CPU [0] UID 1002 comm: gen_fast, count: 1526180
CPU [0] UID 1002 comm: gen_fast, count: 1526200
CPU [0] UID 1002 comm: gen_fast, count: 1526348
CPU [0] UID 1002 comm: gen_fast, count: 1526400
CPU [0] UID 1002 comm: gen_fast, count: 1526500
CPU [0] UID 1002 comm: gen_fast, count: 1526632
CPU [0] UID 1002 comm: gen_fast, count: 1526803
CPU [0] UID 1002 comm: gen_fast, count: 1526803
CPU [0] UID 1002 comm: gen_fast, count: 1527027
CPU [0] UID 1002 comm: gen_fast, count: 1527027
CPU [0] UID 1002 comm: gen_fast, count: 1527100
CPU [0] UID 1002 comm: gen_fast, count: 1527228
CPU [0] UID 1002 comm: gen_fast, count: 1527359
CPU [0] UID 1002 comm: gen_fast, count: 1527412
CPU [0] UID 1002 comm: gen_fast, count: 1527500
CPU [0] UID 1002 comm: gen_fast, count: 1527677
CPU [0] UID 1002 comm: gen_fast, count: 1527700
CPU [0] UID 1002 comm: gen_fast, count: 1527821
CPU [0] UID 1002 comm: gen_fast, count: 1528007
CPU [0] UID 1002 comm: gen_fast, count: 1528007
CPU [0] UID 1002 comm: gen_fast, count: 1528169
CPU [0] UID 1002 comm: gen_fast, count: 1528200
CPU [0] UID 1002 comm: gen_fast, count: 1528300
CPU [0] UID 1002 comm: gen_fast, count: 1528486
CPU [0] UID 1002 comm: gen_fast, count: 1528500
CPU [0] UID 1002 comm: gen_fast, count: 1528600
CPU [0] UID 1002 comm: gen_fast, count: 1528700
CPU [0] UID 1002 comm: gen_fast, count: 1528838
CPU [0] UID 1002 comm: gen_fast, count: 1528905
CPU [0] UID 1002 comm: gen_fast, count: 1529000
CPU [0] UID 1002 comm: gen_fast, count: 1529156
CPU [0] UID 1002 comm: gen_fast, count: 1529200
CPU [0] UID 1002 comm: gen_fast, count: 1529300
CPU [0] UID 1002 comm: gen_fast, count: 1529410
CPU [0] UID 1002 comm: gen_fast, count: 1529594
CPU [0] UID 1002 comm: gen_fast, count: 1529600
CPU [0] UID 1002 comm: gen_fast, count: 1529758
CPU [0] UID 1002 comm: gen_fast, count: 1529800
CPU [0] UID 1002 comm: gen_fast, count: 1529929
CPU [0] UID 1002 comm: gen_fast, count: 1530003
CPU [0] UID 1002 comm: gen_fast, count: 1530100
CPU [0] UID 1002 comm: gen_fast, count: 1530226
CPU [0] UID 1002 comm: gen_fast, count: 1530370
CPU [0] UID 1002 comm: gen_fast, count: 1530400
CPU [0] UID 1002 comm: gen_fast, count: 1530568
CPU [0] UID 1002 comm: gen_fast, count: 1530600
CPU [0] UID 1002 comm: gen_fast, count: 1530700
CPU [0] UID 1002 comm: gen_fast, count: 1530855
CPU [0] UID 1002 comm: gen_fast, count: 1530900
CPU [0] UID 1002 comm: gen_fast, count: 1531062
CPU [0] UID 1002 comm: gen_fast, count: 1531100
CPU [0] UID 1002 comm: gen_fast, count: 1531237
CPU [0] UID 1002 comm: gen_fast, count: 1531376
CPU [0] UID 1002 comm: gen_fast, count: 1531400
CPU [0] UID 1002 comm: gen_fast, count: 1531548
CPU [0] UID 1002 comm: gen_fast, count: 1531600
CPU [0] UID 1002 comm: gen_fast, count: 1531700
CPU [0] UID 1002 comm: gen_fast, count: 1531800
CPU [0] UID 1002 comm: gen_fast, count: 1531956
CPU [0] UID 1002 comm: gen_fast, count: 1532050
CPU [0] UID 1002 comm: gen_fast, count: 1532196
CPU [0] UID 1002 comm: gen_fast, count: 1532200
CPU [0] UID 1002 comm: gen_fast, count: 1532324
CPU [0] UID 1002 comm: gen_fast, count: 1532508
CPU [0] UID 1002 comm: gen_fast, count: 1532508
CPU [0] UID 1002 comm: gen_fast, count: 1532649
CPU [0] UID 1002 comm: gen_fast, count: 1532844
CPU [0] UID 1002 comm: gen_fast, count: 1532844
CPU [0] UID 1002 comm: gen_fast, count: 1532900
CPU [0] UID 1002 comm: gen_fast, count: 1533000
CPU [0] UID 1002 comm: gen_fast, count: 1533143
CPU [0] UID 1002 comm: gen_fast, count: 1533305
CPU [0] UID 1002 comm: gen_fast, count: 1533305
CPU [0] UID 1002 comm: gen_fast, count: 1533432
CPU [0] UID 1002 comm: gen_fast, count: 1533620
CPU [0] UID 1002 comm: gen_fast, count: 1533620
CPU [0] UID 1002 comm: gen_fast, count: 1533705
CPU [0] UID 1002 comm: gen_fast, count: 1533800
CPU [0] UID 1002 comm: gen_fast, count: 1533900
CPU [0] UID 1002 comm: gen_fast, count: 1534036
CPU [0] UID 1002 comm: gen_fast, count: 1534187
CPU [0] UID 1002 comm: gen_fast, count: 1534200
CPU [0] UID 1002 comm: gen_fast, count: 1534334
CPU [0] UID 1002 comm: gen_fast, count: 1534495
CPU [0] UID 1002 comm: gen_fast, count: 1534500
CPU [0] UID 1002 comm: gen_fast, count: 1534615
CPU [0] UID 1002 comm: gen_fast, count: 1534764
CPU [0] UID 1002 comm: gen_fast, count: 1534872
CPU [0] UID 1002 comm: gen_fast, count: 1534900
CPU [0] UID 1002 comm: gen_fast, count: 1535013
CPU [0] UID 1002 comm: gen_fast, count: 1535100
CPU [0] UID 1002 comm: gen_fast, count: 1535202
CPU [0] UID 1002 comm: gen_fast, count: 1535336
CPU [0] UID 1002 comm: gen_fast, count: 1535520
CPU [0] UID 1002 comm: gen_fast, count: 1535520
CPU [0] UID 1002 comm: gen_fast, count: 1535600
CPU [0] UID 1002 comm: gen_fast, count: 1535739
CPU [0] UID 1002 comm: gen_fast, count: 1535800
CPU [0] UID 1002 comm: gen_fast, count: 1535900
CPU [0] UID 1002 comm: gen_fast, count: 1536053
CPU [0] UID 1002 comm: gen_fast, count: 1536194
CPU [0] UID 1002 comm: gen_fast, count: 1536200
CPU [0] UID 1002 comm: gen_fast, count: 1536300
CPU [0] UID 1002 comm: gen_fast, count: 1536441
CPU [0] UID 1002 comm: gen_fast, count: 1536500
CPU [0] UID 1002 comm: gen_fast, count: 1536600
CPU [0] UID 1002 comm: gen_fast, count: 1536785
CPU [0] UID 1002 comm: gen_fast, count: 1536800
CPU [0] UID 1002 comm: gen_fast, count: 1536947
CPU [0] UID 1002 comm: gen_fast, count: 1537000
CPU [0] UID 1002 comm: gen_fast, count: 1537136
CPU [0] UID 1002 comm: gen_fast, count: 1537200
CPU [0] UID 1002 comm: gen_fast, count: 1537300
CPU [0] UID 1002 comm: gen_fast, count: 1537417
CPU [0] UID 1002 comm: gen_fast, count: 1537547
CPU [0] UID 1002 comm: gen_fast, count: 1537676
CPU [0] UID 1002 comm: gen_fast, count: 1537700
CPU [0] UID 1002 comm: gen_fast, count: 1537815
CPU [0] UID 1002 comm: gen_fast, count: 1537958
CPU [0] UID 1002 comm: gen_fast, count: 1538007
CPU [0] UID 1002 comm: gen_fast, count: 1538113
CPU [0] UID 1002 comm: gen_fast, count: 1538242
CPU [0] UID 1002 comm: gen_fast, count: 1538379
CPU [0] UID 1002 comm: gen_fast, count: 1538400
CPU [0] UID 1002 comm: gen_fast, count: 1538500
CPU [0] UID 1002 comm: gen_fast, count: 1538617
CPU [0] UID 1002 comm: gen_fast, count: 1538700
CPU [0] UID 1002 comm: gen_fast, count: 1538812
CPU [0] UID 1002 comm: gen_fast, count: 1538959
CPU [0] UID 1002 comm: gen_fast, count: 1539124
CPU [0] UID 1002 comm: gen_fast, count: 1539124
CPU [0] UID 1002 comm: gen_fast, count: 1539313
CPU [0] UID 1002 comm: gen_fast, count: 1539313
CPU [0] UID 1002 comm: gen_fast, count: 1539412
CPU [0] UID 1002 comm: gen_fast, count: 1539586
CPU [0] UID 1002 comm: gen_fast, count: 1539600
CPU [0] UID 1002 comm: gen_fast, count: 1539700
CPU [0] UID 1002 comm: gen_fast, count: 1539841
CPU [0] UID 1002 comm: gen_fast, count: 1540016
CPU [0] UID 1002 comm: gen_fast, count: 1540016
CPU [0] UID 1002 comm: gen_fast, count: 1540137
CPU [0] UID 1002 comm: gen_fast, count: 1540200
CPU [0] UID 1002 comm: gen_fast, count: 1540300
CPU [0] UID 1002 comm: gen_fast, count: 1540476
CPU [0] UID 1002 comm: gen_fast, count: 1540500
CPU [0] UID 1002 comm: gen_fast, count: 1540600
CPU [0] UID 1002 comm: gen_fast, count: 1540748
CPU [0] UID 1002 comm: gen_fast, count: 1540800
CPU [0] UID 1002 comm: gen_fast, count: 1540915
CPU [0] UID 1002 comm: gen_fast, count: 1541033
CPU [0] UID 1002 comm: gen_fast, count: 1541164
CPU [0] UID 1002 comm: gen_fast, count: 1541215
CPU [0] UID 1002 comm: gen_fast, count: 1541305
CPU [0] UID 1002 comm: gen_fast, count: 1541451
CPU [0] UID 1002 comm: gen_fast, count: 1541500
CPU [0] UID 1002 comm: gen_fast, count: 1541608
CPU [0] UID 1002 comm: gen_fast, count: 1541700
CPU [0] UID 1002 comm: gen_fast, count: 1541829
CPU [0] UID 1002 comm: gen_fast, count: 1541917
CPU [0] UID 1002 comm: gen_fast, count: 1542000
CPU [0] UID 1002 comm: gen_fast, count: 1542117
CPU [0] UID 1002 comm: gen_fast, count: 1542200
CPU [0] UID 1002 comm: gen_fast, count: 1542314
CPU [0] UID 1002 comm: gen_fast, count: 1542459
CPU [0] UID 1002 comm: gen_fast, count: 1542500
CPU [0] UID 1002 comm: gen_fast, count: 1542600
CPU [0] UID 1002 comm: gen_fast, count: 1542731
CPU [0] UID 1002 comm: gen_fast, count: 1542800
CPU [0] UID 1002 comm: gen_fast, count: 1542911
CPU [0] UID 1002 comm: gen_fast, count: 1543000
CPU [0] UID 1002 comm: gen_fast, count: 1543101
CPU [0] UID 1002 comm: gen_fast, count: 1543226
CPU [0] UID 1002 comm: gen_fast, count: 1543371
CPU [0] UID 1002 comm: gen_fast, count: 1543400
CPU [0] UID 1002 comm: gen_fast, count: 1543500
CPU [0] UID 1002 comm: gen_fast, count: 1543646
CPU [0] UID 1002 comm: gen_fast, count: 1543792
CPU [0] UID 1002 comm: gen_fast, count: 1543800
CPU [0] UID 1002 comm: gen_fast, count: 1543902
CPU [0] UID 1002 comm: gen_fast, count: 1544000
CPU [0] UID 1002 comm: gen_fast, count: 1544157
CPU [0] UID 1002 comm: gen_fast, count: 1544200
CPU [0] UID 1002 comm: gen_fast, count: 1544300
CPU [0] UID 1002 comm: gen_fast, count: 1544479
CPU [0] UID 1002 comm: gen_fast, count: 1544500
CPU [0] UID 1002 comm: gen_fast, count: 1544615
CPU [0] UID 1002 comm: gen_fast, count: 1544763
CPU [0] UID 1002 comm: gen_fast, count: 1544825
CPU [0] UID 1002 comm: gen_fast, count: 1544900
CPU [0] UID 1002 comm: gen_fast, count: 1545000
CPU [0] UID 1002 comm: gen_fast, count: 1545128
CPU [0] UID 1002 comm: gen_fast, count: 1545233
CPU [0] UID 1002 comm: gen_fast, count: 1545300
CPU [0] UID 1002 comm: gen_fast, count: 1545400
CPU [0] UID 1002 comm: gen_fast, count: 1545516
CPU [0] UID 1002 comm: gen_fast, count: 1545654
CPU [0] UID 1002 comm: gen_fast, count: 1545700
CPU [0] UID 1002 comm: gen_fast, count: 1545805
CPU [0] UID 1002 comm: gen_fast, count: 1545907
CPU [0] UID 1002 comm: gen_fast, count: 1546038
CPU [0] UID 1002 comm: gen_fast, count: 1546193
CPU [0] UID 1002 comm: gen_fast, count: 1546200
CPU [0] UID 1002 comm: gen_fast, count: 1546313
CPU [0] UID 1002 comm: gen_fast, count: 1546501
CPU [0] UID 1002 comm: gen_fast, count: 1546501
CPU [0] UID 1002 comm: gen_fast, count: 1546644
CPU [0] UID 1002 comm: gen_fast, count: 1546815
CPU [0] UID 1002 comm: gen_fast, count: 1546815
CPU [0] UID 1002 comm: gen_fast, count: 1546937
CPU [0] UID 1002 comm: gen_fast, count: 1547000
CPU [0] UID 1002 comm: gen_fast, count: 1547119
CPU [0] UID 1002 comm: gen_fast, count: 1547225
CPU [0] UID 1002 comm: gen_fast, count: 1547337
CPU [0] UID 1002 comm: gen_fast, count: 1547498
CPU [0] UID 1002 comm: gen_fast, count: 1547500
CPU [0] UID 1002 comm: gen_fast, count: 1547654
CPU [0] UID 1002 comm: gen_fast, count: 1547700
CPU [0] UID 1002 comm: gen_fast, count: 1547800
CPU [0] UID 1002 comm: gen_fast, count: 1547924
CPU [0] UID 1002 comm: gen_fast, count: 1548013
CPU [0] UID 1002 comm: gen_fast, count: 1548179
CPU [0] UID 1002 comm: gen_fast, count: 1548200
CPU [0] UID 1002 comm: gen_fast, count: 1548323
CPU [0] UID 1002 comm: gen_fast, count: 1548465
CPU [0] UID 1002 comm: gen_fast, count: 1548503
CPU [0] UID 1002 comm: gen_fast, count: 1548611
CPU [0] UID 1002 comm: gen_fast, count: 1548729
CPU [0] UID 1002 comm: gen_fast, count: 1548800
CPU [0] UID 1002 comm: gen_fast, count: 1548913
CPU [0] UID 1002 comm: gen_fast, count: 1549023
CPU [0] UID 1002 comm: gen_fast, count: 1549100
CPU [0] UID 1002 comm: gen_fast, count: 1549224
CPU [0] UID 1002 comm: gen_fast, count: 1549300
CPU [0] UID 1002 comm: gen_fast, count: 1549400
CPU [0] UID 1002 comm: gen_fast, count: 1549573
CPU [0] UID 1002 comm: gen_fast, count: 1549600
CPU [0] UID 1002 comm: gen_fast, count: 1549700
CPU [0] UID 1002 comm: gen_fast, count: 1549814
CPU [0] UID 1002 comm: gen_fast, count: 1549909
CPU [0] UID 1002 comm: gen_fast, count: 1550026
CPU [0] UID 1002 comm: gen_fast, count: 1550150
CPU [0] UID 1002 comm: gen_fast, count: 1550200
CPU [0] UID 1002 comm: gen_fast, count: 1550303
CPU [0] UID 1002 comm: gen_fast, count: 1550400
CPU [0] UID 1002 comm: gen_fast, count: 1550500
CPU [0] UID 1002 comm: gen_fast, count: 1550612
CPU [0] UID 1002 comm: gen_fast, count: 1550734
CPU [0] UID 1002 comm: gen_fast, count: 1550864
CPU [0] UID 1002 comm: gen_fast, count: 1550900
CPU [0] UID 1002 comm: gen_fast, count: 1551000
CPU [0] UID 1002 comm: gen_fast, count: 1551100
CPU [0] UID 1002 comm: gen_fast, count: 1551218
CPU [0] UID 1002 comm: gen_fast, count: 1551311
CPU [0] UID 1002 comm: gen_fast, count: 1551446
CPU [0] UID 1002 comm: gen_fast, count: 1551554
CPU [0] UID 1002 comm: gen_fast, count: 1551674
CPU [0] UID 1002 comm: gen_fast, count: 1551700
CPU [0] UID 1002 comm: gen_fast, count: 1551800
CPU [0] UID 1002 comm: gen_fast, count: 1551900
CPU [0] UID 1002 comm: gen_fast, count: 1552000
CPU [0] UID 1002 comm: gen_fast, count: 1552100
CPU [0] UID 1002 comm: gen_fast, count: 1552210
CPU [0] UID 1002 comm: gen_fast, count: 1552333
CPU [0] UID 1002 comm: gen_fast, count: 1552432
CPU [0] UID 1002 comm: gen_fast, count: 1552553
CPU [0] UID 1002 comm: gen_fast, count: 1552663
CPU [0] UID 1002 comm: gen_fast, count: 1552779
CPU [0] UID 1002 comm: gen_fast, count: 1552800
CPU [0] UID 1002 comm: gen_fast, count: 1552900
CPU [0] UID 1002 comm: gen_fast, count: 1553008
CPU [0] UID 1002 comm: gen_fast, count: 1553100
CPU [0] UID 1002 comm: gen_fast, count: 1553200
CPU [0] UID 1002 comm: gen_fast, count: 1553300
CPU [0] UID 1002 comm: gen_fast, count: 1553417
CPU [0] UID 1002 comm: gen_fast, count: 1553530
CPU [0] UID 1002 comm: gen_fast, count: 1553661
CPU [0] UID 1002 comm: gen_fast, count: 1553700
CPU [0] UID 1002 comm: gen_fast, count: 1553800
CPU [0] UID 1002 comm: gen_fast, count: 1553922
CPU [0] UID 1002 comm: gen_fast, count: 1554021
CPU [0] UID 1002 comm: gen_fast, count: 1554157
CPU [0] UID 1002 comm: gen_fast, count: 1554273
CPU [0] UID 1002 comm: gen_fast, count: 1554399
CPU [0] UID 1002 comm: gen_fast, count: 1554400
CPU [0] UID 1002 comm: gen_fast, count: 1554500
CPU [0] UID 1002 comm: gen_fast, count: 1554602
CPU [0] UID 1002 comm: gen_fast, count: 1554732
CPU [0] UID 1002 comm: gen_fast, count: 1554825
CPU [0] UID 1002 comm: gen_fast, count: 1554940
CPU [0] UID 1002 comm: gen_fast, count: 1555063
CPU [0] UID 1002 comm: gen_fast, count: 1555187
CPU [0] UID 1002 comm: gen_fast, count: 1555200
CPU [0] UID 1002 comm: gen_fast, count: 1555317
CPU [0] UID 1002 comm: gen_fast, count: 1555400
CPU [0] UID 1002 comm: gen_fast, count: 1555512
CPU [0] UID 1002 comm: gen_fast, count: 1555614
CPU [0] UID 1002 comm: gen_fast, count: 1555775
CPU [0] UID 1002 comm: gen_fast, count: 1555800
CPU [0] UID 1002 comm: gen_fast, count: 1555925
CPU [0] UID 1002 comm: gen_fast, count: 1556082
CPU [0] UID 1002 comm: gen_fast, count: 1556100
CPU [0] UID 1002 comm: gen_fast, count: 1556200
CPU [0] UID 1002 comm: gen_fast, count: 1556378
CPU [0] UID 1002 comm: gen_fast, count: 1556400
CPU [0] UID 1002 comm: gen_fast, count: 1556505
CPU [0] UID 1002 comm: gen_fast, count: 1556667
CPU [0] UID 1002 comm: gen_fast, count: 1556700
CPU [0] UID 1002 comm: gen_fast, count: 1556800
CPU [0] UID 1002 comm: gen_fast, count: 1556900
CPU [0] UID 1002 comm: gen_fast, count: 1557093
CPU [0] UID 1002 comm: gen_fast, count: 1557100
CPU [0] UID 1002 comm: gen_fast, count: 1557257
CPU [0] UID 1002 comm: gen_fast, count: 1557300
CPU [0] UID 1002 comm: gen_fast, count: 1557428
CPU [0] UID 1002 comm: gen_fast, count: 1557500
CPU [0] UID 1002 comm: gen_fast, count: 1557635
CPU [0] UID 1002 comm: gen_fast, count: 1557700
CPU [0] UID 1002 comm: gen_fast, count: 1557800
CPU [0] UID 1002 comm: gen_fast, count: 1557934
CPU [0] UID 1002 comm: gen_fast, count: 1558000
CPU [0] UID 1002 comm: gen_fast, count: 1558132
CPU [0] UID 1002 comm: gen_fast, count: 1558220
CPU [0] UID 1002 comm: gen_fast, count: 1558405
CPU [0] UID 1002 comm: gen_fast, count: 1558405
CPU [0] UID 1002 comm: gen_fast, count: 1558579
CPU [0] UID 1002 comm: gen_fast, count: 1558600
CPU [0] UID 1002 comm: gen_fast, count: 1558719
CPU [0] UID 1002 comm: gen_fast, count: 1558906
CPU [0] UID 1002 comm: gen_fast, count: 1558906
CPU [0] UID 1002 comm: gen_fast, count: 1559000
CPU [0] UID 1002 comm: gen_fast, count: 1559150
CPU [0] UID 1002 comm: gen_fast, count: 1559265
CPU [0] UID 1002 comm: gen_fast, count: 1559300
CPU [0] UID 1002 comm: gen_fast, count: 1559446
CPU [0] UID 1002 comm: gen_fast, count: 1559500
CPU [0] UID 1002 comm: gen_fast, count: 1559600
CPU [0] UID 1002 comm: gen_fast, count: 1559700
CPU [0] UID 1002 comm: gen_fast, count: 1559800
CPU [0] UID 1002 comm: gen_fast, count: 1559900
CPU [0] UID 1002 comm: gen_fast, count: 1560000
CPU [0] UID 1002 comm: gen_fast, count: 1560197
CPU [0] UID 1002 comm: gen_fast, count: 1560200
CPU [0] UID 1002 comm: gen_fast, count: 1560300
CPU [0] UID 1002 comm: gen_fast, count: 1560408
CPU [0] UID 1002 comm: gen_fast, count: 1560564
CPU [0] UID 1002 comm: gen_fast, count: 1560600
CPU [0] UID 1002 comm: gen_fast, count: 1560742
CPU [0] UID 1002 comm: gen_fast, count: 1560800
CPU [0] UID 1002 comm: gen_fast, count: 1560974
CPU [0] UID 1002 comm: gen_fast, count: 1561000
CPU [0] UID 1002 comm: gen_fast, count: 1561145
CPU [0] UID 1002 comm: gen_fast, count: 1561200
CPU [0] UID 1002 comm: gen_fast, count: 1561338
CPU [0] UID 1002 comm: gen_fast, count: 1561474
CPU [0] UID 1002 comm: gen_fast, count: 1561500
CPU [0] UID 1002 comm: gen_fast, count: 1561655
CPU [0] UID 1002 comm: gen_fast, count: 1561700
CPU [0] UID 1002 comm: gen_fast, count: 1561807
CPU [0] UID 1002 comm: gen_fast, count: 1561985
CPU [0] UID 1002 comm: gen_fast, count: 1562000
CPU [0] UID 1002 comm: gen_fast, count: 1562100
CPU [0] UID 1002 comm: gen_fast, count: 1562209
CPU [0] UID 1002 comm: gen_fast, count: 1562300
CPU [0] UID 1002 comm: gen_fast, count: 1562445
CPU [0] UID 1002 comm: gen_fast, count: 1562500
CPU [0] UID 1002 comm: gen_fast, count: 1562613
CPU [0] UID 1002 comm: gen_fast, count: 1562783
CPU [0] UID 1002 comm: gen_fast, count: 1562800
CPU [0] UID 1002 comm: gen_fast, count: 1562958
CPU [0] UID 1002 comm: gen_fast, count: 1563000
CPU [0] UID 1002 comm: gen_fast, count: 1563158
CPU [0] UID 1002 comm: gen_fast, count: 1563200
CPU [0] UID 1002 comm: gen_fast, count: 1563351
CPU [0] UID 1002 comm: gen_fast, count: 1563400
CPU [0] UID 1002 comm: gen_fast, count: 1563500
CPU [0] UID 1002 comm: gen_fast, count: 1563646
CPU [0] UID 1002 comm: gen_fast, count: 1563727
CPU [0] UID 1002 comm: gen_fast, count: 1563810
CPU [0] UID 1002 comm: gen_fast, count: 1563900
CPU [0] UID 1002 comm: gen_fast, count: 1564000
CPU [0] UID 1002 comm: gen_fast, count: 1564178
CPU [0] UID 1002 comm: gen_fast, count: 1564200
CPU [0] UID 1002 comm: gen_fast, count: 1564316
CPU [0] UID 1002 comm: gen_fast, count: 1564510
CPU [0] UID 1002 comm: gen_fast, count: 1564510
CPU [0] UID 1002 comm: gen_fast, count: 1564641
CPU [0] UID 1002 comm: gen_fast, count: 1564700
CPU [0] UID 1002 comm: gen_fast, count: 1564830
CPU [0] UID 1002 comm: gen_fast, count: 1564940
CPU [0] UID 1002 comm: gen_fast, count: 1565000
CPU [0] UID 1002 comm: gen_fast, count: 1565115
CPU [0] UID 1002 comm: gen_fast, count: 1565252
CPU [0] UID 1002 comm: gen_fast, count: 1565312
CPU [0] UID 1002 comm: gen_fast, count: 1565423
CPU [0] UID 1002 comm: gen_fast, count: 1565593
CPU [0] UID 1002 comm: gen_fast, count: 1565600
CPU [0] UID 1002 comm: gen_fast, count: 1565776
CPU [0] UID 1002 comm: gen_fast, count: 1565800
CPU [0] UID 1002 comm: gen_fast, count: 1565911
CPU [0] UID 1002 comm: gen_fast, count: 1566061
CPU [0] UID 1002 comm: gen_fast, count: 1566100
CPU [0] UID 1002 comm: gen_fast, count: 1566245
CPU [0] UID 1002 comm: gen_fast, count: 1566300
CPU [0] UID 1002 comm: gen_fast, count: 1566479
CPU [0] UID 1002 comm: gen_fast, count: 1566500
CPU [0] UID 1002 comm: gen_fast, count: 1566619
CPU [0] UID 1002 comm: gen_fast, count: 1566704
CPU [0] UID 1002 comm: gen_fast, count: 1566800
CPU [0] UID 1002 comm: gen_fast, count: 1566900
CPU [0] UID 1002 comm: gen_fast, count: 1567000
CPU [0] UID 1002 comm: gen_fast, count: 1567122
CPU [0] UID 1002 comm: gen_fast, count: 1567200
CPU [0] UID 1002 comm: gen_fast, count: 1567314
CPU [0] UID 1002 comm: gen_fast, count: 1567462
CPU [0] UID 1002 comm: gen_fast, count: 1567500
CPU [0] UID 1002 comm: gen_fast, count: 1567656
CPU [0] UID 1002 comm: gen_fast, count: 1567708
CPU [0] UID 1002 comm: gen_fast, count: 1567834
CPU [0] UID 1002 comm: gen_fast, count: 1567900
CPU [0] UID 1002 comm: gen_fast, count: 1568000
CPU [0] UID 1002 comm: gen_fast, count: 1568115
CPU [0] UID 1002 comm: gen_fast, count: 1568200
CPU [0] UID 1002 comm: gen_fast, count: 1568338
CPU [0] UID 1002 comm: gen_fast, count: 1568400
CPU [0] UID 1002 comm: gen_fast, count: 1568521
CPU [0] UID 1002 comm: gen_fast, count: 1568600
CPU [0] UID 1002 comm: gen_fast, count: 1568700
CPU [0] UID 1002 comm: gen_fast, count: 1568844
CPU [0] UID 1002 comm: gen_fast, count: 1568900
CPU [0] UID 1002 comm: gen_fast, count: 1569006
CPU [0] UID 1002 comm: gen_fast, count: 1569184
CPU [0] UID 1002 comm: gen_fast, count: 1569200
CPU [0] UID 1002 comm: gen_fast, count: 1569300
CPU [0] UID 1002 comm: gen_fast, count: 1569400
CPU [0] UID 1002 comm: gen_fast, count: 1569500
CPU [0] UID 1002 comm: gen_fast, count: 1569603
CPU [0] UID 1002 comm: gen_fast, count: 1569712
CPU [0] UID 1002 comm: gen_fast, count: 1569800
CPU [0] UID 1002 comm: gen_fast, count: 1569937
CPU [0] UID 1002 comm: gen_fast, count: 1570015
CPU [0] UID 1002 comm: gen_fast, count: 1570101
CPU [0] UID 1002 comm: gen_fast, count: 1570200
CPU [0] UID 1002 comm: gen_fast, count: 1570300
CPU [0] UID 1002 comm: gen_fast, count: 1570443
CPU [0] UID 1002 comm: gen_fast, count: 1570558
CPU [0] UID 1002 comm: gen_fast, count: 1570618
CPU [0] UID 1002 comm: gen_fast, count: 1570739
CPU [0] UID 1002 comm: gen_fast, count: 1570800
CPU [0] UID 1002 comm: gen_fast, count: 1570901
CPU [0] UID 1002 comm: gen_fast, count: 1571027
CPU [0] UID 1002 comm: gen_fast, count: 1571107
CPU [0] UID 1002 comm: gen_fast, count: 1571200
CPU [0] UID 1002 comm: gen_fast, count: 1571316
CPU [0] UID 1002 comm: gen_fast, count: 1571511
CPU [0] UID 1002 comm: gen_fast, count: 1571511
CPU [0] UID 1002 comm: gen_fast, count: 1571656
CPU [0] UID 1002 comm: gen_fast, count: 1571854
CPU [0] UID 1002 comm: gen_fast, count: 1571854
CPU [0] UID 1002 comm: gen_fast, count: 1571900
CPU [0] UID 1002 comm: gen_fast, count: 1572011
CPU [0] UID 1002 comm: gen_fast, count: 1572133
CPU [0] UID 1002 comm: gen_fast, count: 1572252
CPU [0] UID 1002 comm: gen_fast, count: 1572449
CPU [0] UID 1002 comm: gen_fast, count: 1572449
CPU [0] UID 1002 comm: gen_fast, count: 1572527
CPU [0] UID 1002 comm: gen_fast, count: 1572690
CPU [0] UID 1002 comm: gen_fast, count: 1572700
CPU [0] UID 1002 comm: gen_fast, count: 1572842
CPU [0] UID 1002 comm: gen_fast, count: 1572973
CPU [0] UID 1002 comm: gen_fast, count: 1573000
CPU [0] UID 1002 comm: gen_fast, count: 1573114
CPU [0] UID 1002 comm: gen_fast, count: 1573200
CPU [0] UID 1002 comm: gen_fast, count: 1573332
CPU [0] UID 1002 comm: gen_fast, count: 1573406
CPU [0] UID 1002 comm: gen_fast, count: 1573500
CPU [0] UID 1002 comm: gen_fast, count: 1573610
CPU [0] UID 1002 comm: gen_fast, count: 1573740
CPU [0] UID 1002 comm: gen_fast, count: 1573862
CPU [0] UID 1002 comm: gen_fast, count: 1573900
CPU [0] UID 1002 comm: gen_fast, count: 1574000
CPU [0] UID 1002 comm: gen_fast, count: 1574164
CPU [0] UID 1002 comm: gen_fast, count: 1574200
CPU [0] UID 1002 comm: gen_fast, count: 1574303
CPU [0] UID 1002 comm: gen_fast, count: 1574479
CPU [0] UID 1002 comm: gen_fast, count: 1574500
CPU [0] UID 1002 comm: gen_fast, count: 1574607
CPU [0] UID 1002 comm: gen_fast, count: 1574778
CPU [0] UID 1002 comm: gen_fast, count: 1574800
CPU [0] UID 1002 comm: gen_fast, count: 1574928
CPU [0] UID 1002 comm: gen_fast, count: 1575057
CPU [0] UID 1002 comm: gen_fast, count: 1575113
CPU [0] UID 1002 comm: gen_fast, count: 1575225
CPU [0] UID 1002 comm: gen_fast, count: 1575405
CPU [0] UID 1002 comm: gen_fast, count: 1575405
CPU [0] UID 1002 comm: gen_fast, count: 1575512
CPU [0] UID 1002 comm: gen_fast, count: 1575638
CPU [0] UID 1002 comm: gen_fast, count: 1575700
CPU [0] UID 1002 comm: gen_fast, count: 1575831
CPU [0] UID 1002 comm: gen_fast, count: 1575900
CPU [0] UID 1002 comm: gen_fast, count: 1576000
CPU [0] UID 1002 comm: gen_fast, count: 1576142
CPU [0] UID 1002 comm: gen_fast, count: 1576271
CPU [0] UID 1002 comm: gen_fast, count: 1576300
CPU [0] UID 1002 comm: gen_fast, count: 1576400
CPU [0] UID 1002 comm: gen_fast, count: 1576553
CPU [0] UID 1002 comm: gen_fast, count: 1576628
CPU [0] UID 1002 comm: gen_fast, count: 1576700
CPU [0] UID 1002 comm: gen_fast, count: 1576866
CPU [0] UID 1002 comm: gen_fast, count: 1576939
CPU [0] UID 1002 comm: gen_fast, count: 1577000
CPU [0] UID 1002 comm: gen_fast, count: 1577100
CPU [0] UID 1002 comm: gen_fast, count: 1577248
CPU [0] UID 1002 comm: gen_fast, count: 1577378
CPU [0] UID 1002 comm: gen_fast, count: 1577400
CPU [0] UID 1002 comm: gen_fast, count: 1577552
CPU [0] UID 1002 comm: gen_fast, count: 1577641
CPU [0] UID 1002 comm: gen_fast, count: 1577767
CPU [0] UID 1002 comm: gen_fast, count: 1577845
CPU [0] UID 1002 comm: gen_fast, count: 1577948
CPU [0] UID 1002 comm: gen_fast, count: 1578068
CPU [0] UID 1002 comm: gen_fast, count: 1578164
CPU [0] UID 1002 comm: gen_fast, count: 1578282
CPU [0] UID 1002 comm: gen_fast, count: 1578300
CPU [0] UID 1002 comm: gen_fast, count: 1578400
CPU [0] UID 1002 comm: gen_fast, count: 1578515
CPU [0] UID 1002 comm: gen_fast, count: 1578611
CPU [0] UID 1002 comm: gen_fast, count: 1578736
CPU [0] UID 1002 comm: gen_fast, count: 1578900
CPU [0] UID 1002 comm: gen_fast, count: 1578900
CPU [0] UID 1002 comm: gen_fast, count: 1579000
CPU [0] UID 1002 comm: gen_fast, count: 1579100
CPU [0] UID 1002 comm: gen_fast, count: 1579228
CPU [0] UID 1002 comm: gen_fast, count: 1579320
CPU [0] UID 1002 comm: gen_fast, count: 1579416
CPU [0] UID 1002 comm: gen_fast, count: 1579551
CPU [0] UID 1002 comm: gen_fast, count: 1579674
CPU [0] UID 1002 comm: gen_fast, count: 1579700
CPU [0] UID 1002 comm: gen_fast, count: 1579800
CPU [0] UID 1002 comm: gen_fast, count: 1579900
CPU [0] UID 1002 comm: gen_fast, count: 1580010
CPU [0] UID 1002 comm: gen_fast, count: 1580131
CPU [0] UID 1002 comm: gen_fast, count: 1580249
CPU [0] UID 1002 comm: gen_fast, count: 1580353
CPU [0] UID 1002 comm: gen_fast, count: 1580477
CPU [0] UID 1002 comm: gen_fast, count: 1580556
CPU [0] UID 1002 comm: gen_fast, count: 1580674
CPU [0] UID 1002 comm: gen_fast, count: 1580700
CPU [0] UID 1002 comm: gen_fast, count: 1580800
CPU [0] UID 1002 comm: gen_fast, count: 1580937
CPU [0] UID 1002 comm: gen_fast, count: 1581000
CPU [0] UID 1002 comm: gen_fast, count: 1581146
CPU [0] UID 1002 comm: gen_fast, count: 1581200
CPU [0] UID 1002 comm: gen_fast, count: 1581308
CPU [0] UID 1002 comm: gen_fast, count: 1581443
CPU [0] UID 1002 comm: gen_fast, count: 1581515
CPU [0] UID 1002 comm: gen_fast, count: 1581600
CPU [0] UID 1002 comm: gen_fast, count: 1581759
CPU [0] UID 1002 comm: gen_fast, count: 1581800
CPU [0] UID 1002 comm: gen_fast, count: 1581958
CPU [0] UID 1002 comm: gen_fast, count: 1582050
CPU [0] UID 1002 comm: gen_fast, count: 1582132
CPU [0] UID 1002 comm: gen_fast, count: 1582207
CPU [0] UID 1002 comm: gen_fast, count: 1582301
CPU [0] UID 1002 comm: gen_fast, count: 1582457
CPU [0] UID 1002 comm: gen_fast, count: 1582539
CPU [0] UID 1002 comm: gen_fast, count: 1582684
CPU [0] UID 1002 comm: gen_fast, count: 1582768
CPU [0] UID 1002 comm: gen_fast, count: 1582800
CPU [0] UID 1002 comm: gen_fast, count: 1582954
CPU [0] UID 1002 comm: gen_fast, count: 1583014
CPU [0] UID 1002 comm: gen_fast, count: 1583138
CPU [0] UID 1002 comm: gen_fast, count: 1583200
CPU [0] UID 1002 comm: gen_fast, count: 1583301
CPU [0] UID 1002 comm: gen_fast, count: 1583476
CPU [0] UID 1002 comm: gen_fast, count: 1583500
CPU [0] UID 1002 comm: gen_fast, count: 1583600
CPU [0] UID 1002 comm: gen_fast, count: 1583735
CPU [0] UID 1002 comm: gen_fast, count: 1583813
CPU [0] UID 1002 comm: gen_fast, count: 1583900
CPU [0] UID 1002 comm: gen_fast, count: 1584063
CPU [0] UID 1002 comm: gen_fast, count: 1584100
CPU [0] UID 1002 comm: gen_fast, count: 1584207
CPU [0] UID 1002 comm: gen_fast, count: 1584384
CPU [0] UID 1002 comm: gen_fast, count: 1584400
CPU [0] UID 1002 comm: gen_fast, count: 1584553
CPU [0] UID 1002 comm: gen_fast, count: 1584600
CPU [0] UID 1002 comm: gen_fast, count: 1584700
CPU [0] UID 1002 comm: gen_fast, count: 1584886
CPU [0] UID 1002 comm: gen_fast, count: 1584900
CPU [0] UID 1002 comm: gen_fast, count: 1585022
CPU [0] UID 1002 comm: gen_fast, count: 1585203
CPU [0] UID 1002 comm: gen_fast, count: 1585203
CPU [0] UID 1002 comm: gen_fast, count: 1585316
CPU [0] UID 1002 comm: gen_fast, count: 1585463
CPU [0] UID 1002 comm: gen_fast, count: 1585500
CPU [0] UID 1002 comm: gen_fast, count: 1585628
CPU [0] UID 1002 comm: gen_fast, count: 1585812
CPU [0] UID 1002 comm: gen_fast, count: 1585812
CPU [0] UID 1002 comm: gen_fast, count: 1585900
CPU [0] UID 1002 comm: gen_fast, count: 1586016
CPU [0] UID 1002 comm: gen_fast, count: 1586110
CPU [0] UID 1002 comm: gen_fast, count: 1586292
CPU [0] UID 1002 comm: gen_fast, count: 1586300
CPU [0] UID 1002 comm: gen_fast, count: 1586410
CPU [0] UID 1002 comm: gen_fast, count: 1586532
CPU [0] UID 1002 comm: gen_fast, count: 1586686
CPU [0] UID 1002 comm: gen_fast, count: 1586700
CPU [0] UID 1002 comm: gen_fast, count: 1586800
CPU [0] UID 1002 comm: gen_fast, count: 1586900
CPU [0] UID 1002 comm: gen_fast, count: 1587001
CPU [0] UID 1002 comm: gen_fast, count: 1587207
CPU [0] UID 1002 comm: gen_fast, count: 1587207
CPU [0] UID 1002 comm: gen_fast, count: 1587301
CPU [0] UID 1002 comm: gen_fast, count: 1587420
CPU [0] UID 1002 comm: gen_fast, count: 1587547
CPU [0] UID 1002 comm: gen_fast, count: 1587600
CPU [0] UID 1002 comm: gen_fast, count: 1587700
CPU [0] UID 1002 comm: gen_fast, count: 1587842
CPU [0] UID 1002 comm: gen_fast, count: 1587900
CPU [0] UID 1002 comm: gen_fast, count: 1588018
CPU [0] UID 1002 comm: gen_fast, count: 1588123
CPU [0] UID 1002 comm: gen_fast, count: 1588246
CPU [0] UID 1002 comm: gen_fast, count: 1588372
CPU [0] UID 1002 comm: gen_fast, count: 1588405
CPU [0] UID 1002 comm: gen_fast, count: 1588596
CPU [0] UID 1002 comm: gen_fast, count: 1588600
CPU [0] UID 1002 comm: gen_fast, count: 1588711
CPU [0] UID 1002 comm: gen_fast, count: 1588834
CPU [0] UID 1002 comm: gen_fast, count: 1588964
CPU [0] UID 1002 comm: gen_fast, count: 1589000
CPU [0] UID 1002 comm: gen_fast, count: 1589109
CPU [0] UID 1002 comm: gen_fast, count: 1589223
CPU [0] UID 1002 comm: gen_fast, count: 1589353
CPU [0] UID 1002 comm: gen_fast, count: 1589469
CPU [0] UID 1002 comm: gen_fast, count: 1589500
CPU [0] UID 1002 comm: gen_fast, count: 1589600
CPU [0] UID 1002 comm: gen_fast, count: 1589715
CPU [0] UID 1002 comm: gen_fast, count: 1589838
CPU [0] UID 1002 comm: gen_fast, count: 1589900
CPU [0] UID 1002 comm: gen_fast, count: 1590000
CPU [0] UID 1002 comm: gen_fast, count: 1590100
CPU [0] UID 1002 comm: gen_fast, count: 1590218
CPU [0] UID 1002 comm: gen_fast, count: 1590342
CPU [0] UID 1002 comm: gen_fast, count: 1590465
CPU [0] UID 1002 comm: gen_fast, count: 1590500
CPU [0] UID 1002 comm: gen_fast, count: 1590600
CPU [0] UID 1002 comm: gen_fast, count: 1590729
CPU [0] UID 1002 comm: gen_fast, count: 1590866
CPU [0] UID 1002 comm: gen_fast, count: 1590900
CPU [0] UID 1002 comm: gen_fast, count: 1591003
CPU [0] UID 1002 comm: gen_fast, count: 1591100
CPU [0] UID 1002 comm: gen_fast, count: 1591217
CPU [0] UID 1002 comm: gen_fast, count: 1591360
CPU [0] UID 1002 comm: gen_fast, count: 1591497
CPU [0] UID 1002 comm: gen_fast, count: 1591500
CPU [0] UID 1002 comm: gen_fast, count: 1591629
CPU [0] UID 1002 comm: gen_fast, count: 1591700
CPU [0] UID 1002 comm: gen_fast, count: 1591803
CPU [0] UID 1002 comm: gen_fast, count: 1591900
CPU [0] UID 1002 comm: gen_fast, count: 1592020
CPU [0] UID 1002 comm: gen_fast, count: 1592154
CPU [0] UID 1002 comm: gen_fast, count: 1592257
CPU [0] UID 1002 comm: gen_fast, count: 1592393
CPU [0] UID 1002 comm: gen_fast, count: 1592400
CPU [0] UID 1002 comm: gen_fast, count: 1592506
CPU [0] UID 1002 comm: gen_fast, count: 1592633
CPU [0] UID 1002 comm: gen_fast, count: 1592747
CPU [0] UID 1002 comm: gen_fast, count: 1592858
CPU [0] UID 1002 comm: gen_fast, count: 1592991
CPU [0] UID 1002 comm: gen_fast, count: 1593000
CPU [0] UID 1002 comm: gen_fast, count: 1593110
CPU [0] UID 1002 comm: gen_fast, count: 1593232
CPU [0] UID 1002 comm: gen_fast, count: 1593345
CPU [0] UID 1002 comm: gen_fast, count: 1593476
CPU [0] UID 1002 comm: gen_fast, count: 1593521
CPU [0] UID 1002 comm: gen_fast, count: 1593602
CPU [0] UID 1002 comm: gen_fast, count: 1593749
CPU [0] UID 1002 comm: gen_fast, count: 1593800
CPU [0] UID 1002 comm: gen_fast, count: 1593913
CPU [0] UID 1002 comm: gen_fast, count: 1594042
CPU [0] UID 1002 comm: gen_fast, count: 1594147
CPU [0] UID 1002 comm: gen_fast, count: 1594279
CPU [0] UID 1002 comm: gen_fast, count: 1594359
CPU [0] UID 1002 comm: gen_fast, count: 1594400
CPU [0] UID 1002 comm: gen_fast, count: 1594500
CPU [0] UID 1002 comm: gen_fast, count: 1594609
CPU [0] UID 1002 comm: gen_fast, count: 1594705
CPU [0] UID 1002 comm: gen_fast, count: 1594820
CPU [0] UID 1002 comm: gen_fast, count: 1594944
CPU [0] UID 1002 comm: gen_fast, count: 1595090
CPU [0] UID 1002 comm: gen_fast, count: 1595100
CPU [0] UID 1002 comm: gen_fast, count: 1595239
CPU [0] UID 1002 comm: gen_fast, count: 1595370
CPU [0] UID 1002 comm: gen_fast, count: 1595400
CPU [0] UID 1002 comm: gen_fast, count: 1595500
CPU [0] UID 1002 comm: gen_fast, count: 1595616
CPU [0] UID 1002 comm: gen_fast, count: 1595706
CPU [0] UID 1002 comm: gen_fast, count: 1595813
CPU [0] UID 1002 comm: gen_fast, count: 1595990
CPU [0] UID 1002 comm: gen_fast, count: 1596000
CPU [0] UID 1002 comm: gen_fast, count: 1596100
CPU [0] UID 1002 comm: gen_fast, count: 1596227
CPU [0] UID 1002 comm: gen_fast, count: 1596338
CPU [0] UID 1002 comm: gen_fast, count: 1596484
CPU [0] UID 1002 comm: gen_fast, count: 1596500
CPU [0] UID 1002 comm: gen_fast, count: 1596616
CPU [0] UID 1002 comm: gen_fast, count: 1596763
CPU [0] UID 1002 comm: gen_fast, count: 1596800
CPU [0] UID 1002 comm: gen_fast, count: 1596900
CPU [0] UID 1002 comm: gen_fast, count: 1597024
CPU [0] UID 1002 comm: gen_fast, count: 1597100
CPU [0] UID 1002 comm: gen_fast, count: 1597200
CPU [0] UID 1002 comm: gen_fast, count: 1597319
CPU [0] UID 1002 comm: gen_fast, count: 1597445
CPU [0] UID 1002 comm: gen_fast, count: 1597582
CPU [0] UID 1002 comm: gen_fast, count: 1597600
CPU [0] UID 1002 comm: gen_fast, count: 1597700
CPU [0] UID 1002 comm: gen_fast, count: 1597813
CPU [0] UID 1002 comm: gen_fast, count: 1597913
CPU [0] UID 1002 comm: gen_fast, count: 1598041
CPU [0] UID 1002 comm: gen_fast, count: 1598100
CPU [0] UID 1002 comm: gen_fast, count: 1598200
CPU [0] UID 1002 comm: gen_fast, count: 1598309
CPU [0] UID 1002 comm: gen_fast, count: 1598442
CPU [0] UID 1002 comm: gen_fast, count: 1598551
CPU [0] UID 1002 comm: gen_fast, count: 1598626
CPU [0] UID 1002 comm: gen_fast, count: 1598773
CPU [0] UID 1002 comm: gen_fast, count: 1598800
CPU [0] UID 1002 comm: gen_fast, count: 1598916
CPU [0] UID 1002 comm: gen_fast, count: 1599015
CPU [0] UID 1002 comm: gen_fast, count: 1599148
CPU [0] UID 1002 comm: gen_fast, count: 1599264
CPU [0] UID 1002 comm: gen_fast, count: 1599389
CPU [0] UID 1002 comm: gen_fast, count: 1599400
CPU [0] UID 1002 comm: gen_fast, count: 1599507
CPU [0] UID 1002 comm: gen_fast, count: 1599630
CPU [0] UID 1002 comm: gen_fast, count: 1599746
CPU [0] UID 1002 comm: gen_fast, count: 1599868
CPU [0] UID 1002 comm: gen_fast, count: 1599900
CPU [0] UID 1002 comm: gen_fast, count: 1600000
CPU [0] UID 1002 comm: gen_fast, count: 1600199
CPU [0] UID 1002 comm: gen_fast, count: 1600200
CPU [0] UID 1002 comm: gen_fast, count: 1600324
CPU [0] UID 1002 comm: gen_fast, count: 1600443
CPU [0] UID 1002 comm: gen_fast, count: 1600579
CPU [0] UID 1002 comm: gen_fast, count: 1600600
CPU [0] UID 1002 comm: gen_fast, count: 1600700
CPU [0] UID 1002 comm: gen_fast, count: 1600800
CPU [0] UID 1002 comm: gen_fast, count: 1601004
CPU [0] UID 1002 comm: gen_fast, count: 1601004
CPU [0] UID 1002 comm: gen_fast, count: 1601100
CPU [0] UID 1002 comm: gen_fast, count: 1601257
CPU [0] UID 1002 comm: gen_fast, count: 1601374
CPU [0] UID 1002 comm: gen_fast, count: 1601400
CPU [0] UID 1002 comm: gen_fast, count: 1601511
CPU [0] UID 1002 comm: gen_fast, count: 1601600
CPU [0] UID 1002 comm: gen_fast, count: 1601700
CPU [0] UID 1002 comm: gen_fast, count: 1601803
CPU [0] UID 1002 comm: gen_fast, count: 1601900
CPU [0] UID 1002 comm: gen_fast, count: 1602000
CPU [0] UID 1002 comm: gen_fast, count: 1602100
CPU [0] UID 1002 comm: gen_fast, count: 1602240
CPU [0] UID 1002 comm: gen_fast, count: 1602327
CPU [0] UID 1002 comm: gen_fast, count: 1602400
CPU [0] UID 1002 comm: gen_fast, count: 1602615
CPU [0] UID 1002 comm: gen_fast, count: 1602615
CPU [0] UID 1002 comm: gen_fast, count: 1602759
CPU [0] UID 1002 comm: gen_fast, count: 1602800
CPU [0] UID 1002 comm: gen_fast, count: 1602900
CPU [0] UID 1002 comm: gen_fast, count: 1603000
CPU [0] UID 1002 comm: gen_fast, count: 1603147
CPU [0] UID 1002 comm: gen_fast, count: 1603200
CPU [0] UID 1002 comm: gen_fast, count: 1603372
CPU [0] UID 1002 comm: gen_fast, count: 1603400
CPU [0] UID 1002 comm: gen_fast, count: 1603502
CPU [0] UID 1002 comm: gen_fast, count: 1603632
CPU [0] UID 1002 comm: gen_fast, count: 1603700
CPU [0] UID 1002 comm: gen_fast, count: 1603800
CPU [0] UID 1002 comm: gen_fast, count: 1603951
CPU [0] UID 1002 comm: gen_fast, count: 1604000
CPU [0] UID 1002 comm: gen_fast, count: 1604125
CPU [0] UID 1002 comm: gen_fast, count: 1604237
CPU [0] UID 1002 comm: gen_fast, count: 1604357
CPU [0] UID 1002 comm: gen_fast, count: 1604496
CPU [0] UID 1002 comm: gen_fast, count: 1604500
CPU [0] UID 1002 comm: gen_fast, count: 1604611
CPU [0] UID 1002 comm: gen_fast, count: 1604742
CPU [0] UID 1002 comm: gen_fast, count: 1604831
CPU [0] UID 1002 comm: gen_fast, count: 1604904
CPU [0] UID 1002 comm: gen_fast, count: 1605021
CPU [0] UID 1002 comm: gen_fast, count: 1605158
CPU [0] UID 1002 comm: gen_fast, count: 1605200
CPU [0] UID 1002 comm: gen_fast, count: 1605300
CPU [0] UID 1002 comm: gen_fast, count: 1605400
CPU [0] UID 1002 comm: gen_fast, count: 1605530
CPU [0] UID 1002 comm: gen_fast, count: 1605651
CPU [0] UID 1002 comm: gen_fast, count: 1605784
CPU [0] UID 1002 comm: gen_fast, count: 1605800
CPU [0] UID 1002 comm: gen_fast, count: 1605900
CPU [0] UID 1002 comm: gen_fast, count: 1606016
CPU [0] UID 1002 comm: gen_fast, count: 1606119
CPU [0] UID 1002 comm: gen_fast, count: 1606252
CPU [0] UID 1002 comm: gen_fast, count: 1606305
CPU [0] UID 1002 comm: gen_fast, count: 1606400
CPU [0] UID 1002 comm: gen_fast, count: 1606514
CPU [0] UID 1002 comm: gen_fast, count: 1606630
CPU [0] UID 1002 comm: gen_fast, count: 1606759
CPU [0] UID 1002 comm: gen_fast, count: 1606800
CPU [0] UID 1002 comm: gen_fast, count: 1606900
CPU [0] UID 1002 comm: gen_fast, count: 1607000
CPU [0] UID 1002 comm: gen_fast, count: 1607116
CPU [0] UID 1002 comm: gen_fast, count: 1607244
CPU [0] UID 1002 comm: gen_fast, count: 1607364
CPU [0] UID 1002 comm: gen_fast, count: 1607400
CPU [0] UID 1002 comm: gen_fast, count: 1607500
CPU [0] UID 1002 comm: gen_fast, count: 1607635
CPU [0] UID 1002 comm: gen_fast, count: 1607720
CPU [0] UID 1002 comm: gen_fast, count: 1607841
CPU [0] UID 1002 comm: gen_fast, count: 1607966
CPU [0] UID 1002 comm: gen_fast, count: 1608000
CPU [0] UID 1002 comm: gen_fast, count: 1608100
CPU [0] UID 1002 comm: gen_fast, count: 1608205
CPU [0] UID 1002 comm: gen_fast, count: 1608336
CPU [0] UID 1002 comm: gen_fast, count: 1608448
CPU [0] UID 1002 comm: gen_fast, count: 1608591
CPU [0] UID 1002 comm: gen_fast, count: 1608600
CPU [0] UID 1002 comm: gen_fast, count: 1608770
CPU [0] UID 1002 comm: gen_fast, count: 1608800
CPU [0] UID 1002 comm: gen_fast, count: 1608900
CPU [0] UID 1002 comm: gen_fast, count: 1609022
CPU [0] UID 1002 comm: gen_fast, count: 1609100
CPU [0] UID 1002 comm: gen_fast, count: 1609246
CPU [0] UID 1002 comm: gen_fast, count: 1609452
CPU [0] UID 1002 comm: gen_fast, count: 1609452
CPU [0] UID 1002 comm: gen_fast, count: 1609500
CPU [0] UID 1002 comm: gen_fast, count: 1609625
CPU [0] UID 1002 comm: gen_fast, count: 1609700
CPU [0] UID 1002 comm: gen_fast, count: 1609800
CPU [0] UID 1002 comm: gen_fast, count: 1609951
CPU [0] UID 1002 comm: gen_fast, count: 1610000
CPU [0] UID 1002 comm: gen_fast, count: 1610162
CPU [0] UID 1002 comm: gen_fast, count: 1610200
CPU [0] UID 1002 comm: gen_fast, count: 1610313
CPU [0] UID 1002 comm: gen_fast, count: 1610494
CPU [0] UID 1002 comm: gen_fast, count: 1610500
CPU [0] UID 1002 comm: gen_fast, count: 1610632
CPU [0] UID 1002 comm: gen_fast, count: 1610700
CPU [0] UID 1002 comm: gen_fast, count: 1610808
CPU [0] UID 1002 comm: gen_fast, count: 1610996
CPU [0] UID 1002 comm: gen_fast, count: 1611000
CPU [0] UID 1002 comm: gen_fast, count: 1611155
CPU [0] UID 1002 comm: gen_fast, count: 1611200
CPU [0] UID 1002 comm: gen_fast, count: 1611334
CPU [0] UID 1002 comm: gen_fast, count: 1611400
CPU [0] UID 1002 comm: gen_fast, count: 1611500
CPU [0] UID 1002 comm: gen_fast, count: 1611647
CPU [0] UID 1002 comm: gen_fast, count: 1611773
CPU [0] UID 1002 comm: gen_fast, count: 1611828
CPU [0] UID 1002 comm: gen_fast, count: 1611900
CPU [0] UID 1002 comm: gen_fast, count: 1612008
CPU [0] UID 1002 comm: gen_fast, count: 1612100
CPU [0] UID 1002 comm: gen_fast, count: 1612239
CPU [0] UID 1002 comm: gen_fast, count: 1612300
CPU [0] UID 1002 comm: gen_fast, count: 1612400
CPU [0] UID 1002 comm: gen_fast, count: 1612500
CPU [0] UID 1002 comm: gen_fast, count: 1612716
CPU [0] UID 1002 comm: gen_fast, count: 1612716
CPU [0] UID 1002 comm: gen_fast, count: 1612860
CPU [0] UID 1002 comm: gen_fast, count: 1612900
CPU [0] UID 1002 comm: gen_fast, count: 1613090
CPU [0] UID 1002 comm: gen_fast, count: 1613100
CPU [0] UID 1002 comm: gen_fast, count: 1613224
CPU [0] UID 1002 comm: gen_fast, count: 1613300
CPU [0] UID 1002 comm: gen_fast, count: 1613400
CPU [0] UID 1002 comm: gen_fast, count: 1613525
CPU [0] UID 1002 comm: gen_fast, count: 1613600
CPU [0] UID 1002 comm: gen_fast, count: 1613700
CPU [0] UID 1002 comm: gen_fast, count: 1613809
CPU [0] UID 1002 comm: gen_fast, count: 1613928
CPU [0] UID 1002 comm: gen_fast, count: 1614079
CPU [0] UID 1002 comm: gen_fast, count: 1614100
CPU [0] UID 1002 comm: gen_fast, count: 1614211
CPU [0] UID 1002 comm: gen_fast, count: 1614317
CPU [0] UID 1002 comm: gen_fast, count: 1614447
CPU [0] UID 1002 comm: gen_fast, count: 1614569
CPU [0] UID 1002 comm: gen_fast, count: 1614600
CPU [0] UID 1002 comm: gen_fast, count: 1614706
CPU [0] UID 1002 comm: gen_fast, count: 1614840
CPU [0] UID 1002 comm: gen_fast, count: 1614961
CPU [0] UID 1002 comm: gen_fast, count: 1615092
CPU [0] UID 1002 comm: gen_fast, count: 1615100
CPU [0] UID 1002 comm: gen_fast, count: 1615208
CPU [0] UID 1002 comm: gen_fast, count: 1615349
CPU [0] UID 1002 comm: gen_fast, count: 1615400
CPU [0] UID 1002 comm: gen_fast, count: 1615500
CPU [0] UID 1002 comm: gen_fast, count: 1615614
CPU [0] UID 1002 comm: gen_fast, count: 1615721
CPU [0] UID 1002 comm: gen_fast, count: 1615846
CPU [0] UID 1002 comm: gen_fast, count: 1615986
CPU [0] UID 1002 comm: gen_fast, count: 1616000
CPU [0] UID 1002 comm: gen_fast, count: 1616249
CPU [0] UID 1002 comm: gen_fast, count: 1616249
CPU [0] UID 1002 comm: gen_fast, count: 1616369
CPU [0] UID 1002 comm: gen_fast, count: 1616400
CPU [0] UID 1002 comm: gen_fast, count: 1616515
CPU [0] UID 1002 comm: gen_fast, count: 1616600
CPU [0] UID 1002 comm: gen_fast, count: 1616700
CPU [0] UID 1002 comm: gen_fast, count: 1616813
CPU [0] UID 1002 comm: gen_fast, count: 1616927
CPU [0] UID 1002 comm: gen_fast, count: 1617076
CPU [0] UID 1002 comm: gen_fast, count: 1617100
CPU [0] UID 1002 comm: gen_fast, count: 1617231
CPU [0] UID 1002 comm: gen_fast, count: 1617300
CPU [0] UID 1002 comm: gen_fast, count: 1617433
CPU [0] UID 1002 comm: gen_fast, count: 1617565
CPU [0] UID 1002 comm: gen_fast, count: 1617600
CPU [0] UID 1002 comm: gen_fast, count: 1617700
CPU [0] UID 1002 comm: gen_fast, count: 1617817
CPU [0] UID 1002 comm: gen_fast, count: 1617919
CPU [0] UID 1002 comm: gen_fast, count: 1618040
CPU [0] UID 1002 comm: gen_fast, count: 1618192
CPU [0] UID 1002 comm: gen_fast, count: 1618200
CPU [0] UID 1002 comm: gen_fast, count: 1618314
CPU [0] UID 1002 comm: gen_fast, count: 1618453
CPU [0] UID 1002 comm: gen_fast, count: 1618500
CPU [0] UID 1002 comm: gen_fast, count: 1618600
CPU [0] UID 1002 comm: gen_fast, count: 1618700
CPU [0] UID 1002 comm: gen_fast, count: 1618810
CPU [0] UID 1002 comm: gen_fast, count: 1618953
CPU [0] UID 1002 comm: gen_fast, count: 1619000
CPU [0] UID 1002 comm: gen_fast, count: 1619100
CPU [0] UID 1002 comm: gen_fast, count: 1619200
CPU [0] UID 1002 comm: gen_fast, count: 1619312
CPU [0] UID 1002 comm: gen_fast, count: 1619438
CPU [0] UID 1002 comm: gen_fast, count: 1619566
CPU [0] UID 1002 comm: gen_fast, count: 1619600
CPU [0] UID 1002 comm: gen_fast, count: 1619700
CPU [0] UID 1002 comm: gen_fast, count: 1619806
CPU [0] UID 1002 comm: gen_fast, count: 1619934
CPU [0] UID 1002 comm: gen_fast, count: 1620075
CPU [0] UID 1002 comm: gen_fast, count: 1620149
CPU [0] UID 1002 comm: gen_fast, count: 1620300
CPU [0] UID 1002 comm: gen_fast, count: 1620300
CPU [0] UID 1002 comm: gen_fast, count: 1620400
CPU [0] UID 1002 comm: gen_fast, count: 1620512
CPU [0] UID 1002 comm: gen_fast, count: 1620600
CPU [0] UID 1002 comm: gen_fast, count: 1620700
CPU [0] UID 1002 comm: gen_fast, count: 1620822
CPU [0] UID 1002 comm: gen_fast, count: 1620948
CPU [0] UID 1002 comm: gen_fast, count: 1621000
CPU [0] UID 1002 comm: gen_fast, count: 1621143
CPU [0] UID 1002 comm: gen_fast, count: 1621200
CPU [0] UID 1002 comm: gen_fast, count: 1621342
CPU [0] UID 1002 comm: gen_fast, count: 1621429
CPU [0] UID 1002 comm: gen_fast, count: 1621514
CPU [0] UID 1002 comm: gen_fast, count: 1621711
CPU [0] UID 1002 comm: gen_fast, count: 1621711
CPU [0] UID 1002 comm: gen_fast, count: 1621824
CPU [0] UID 1002 comm: gen_fast, count: 1621900
CPU [0] UID 1002 comm: gen_fast, count: 1622104
CPU [0] UID 1002 comm: gen_fast, count: 1622104
CPU [0] UID 1002 comm: gen_fast, count: 1622200
CPU [0] UID 1002 comm: gen_fast, count: 1622337
CPU [0] UID 1002 comm: gen_fast, count: 1622466
CPU [0] UID 1002 comm: gen_fast, count: 1622500
CPU [0] UID 1002 comm: gen_fast, count: 1622647
CPU [0] UID 1002 comm: gen_fast, count: 1622700
CPU [0] UID 1002 comm: gen_fast, count: 1622800
CPU [0] UID 1002 comm: gen_fast, count: 1622981
CPU [0] UID 1002 comm: gen_fast, count: 1623000
CPU [0] UID 1002 comm: gen_fast, count: 1623168
CPU [0] UID 1002 comm: gen_fast, count: 1623200
CPU [0] UID 1002 comm: gen_fast, count: 1623308
CPU [0] UID 1002 comm: gen_fast, count: 1623400
CPU [0] UID 1002 comm: gen_fast, count: 1623500
CPU [0] UID 1002 comm: gen_fast, count: 1623655
CPU [0] UID 1002 comm: gen_fast, count: 1623790
CPU [0] UID 1002 comm: gen_fast, count: 1623800
CPU [0] UID 1002 comm: gen_fast, count: 1623900
CPU [0] UID 1002 comm: gen_fast, count: 1624017
CPU [0] UID 1002 comm: gen_fast, count: 1624151
CPU [0] UID 1002 comm: gen_fast, count: 1624255
CPU [0] UID 1002 comm: gen_fast, count: 1624301
CPU [0] UID 1002 comm: gen_fast, count: 1624400
CPU [0] UID 1002 comm: gen_fast, count: 1624500
CPU [0] UID 1002 comm: gen_fast, count: 1624625
CPU [0] UID 1002 comm: gen_fast, count: 1624727
CPU [0] UID 1002 comm: gen_fast, count: 1624852
CPU [0] UID 1002 comm: gen_fast, count: 1624996
CPU [0] UID 1002 comm: gen_fast, count: 1625000
CPU [0] UID 1002 comm: gen_fast, count: 1625214
CPU [0] UID 1002 comm: gen_fast, count: 1625214
CPU [0] UID 1002 comm: gen_fast, count: 1625300
CPU [0] UID 1002 comm: gen_fast, count: 1625400
CPU [0] UID 1002 comm: gen_fast, count: 1625528
CPU [0] UID 1002 comm: gen_fast, count: 1625612
CPU [0] UID 1002 comm: gen_fast, count: 1625700
CPU [0] UID 1002 comm: gen_fast, count: 1625810
CPU [0] UID 1002 comm: gen_fast, count: 1625934
CPU [0] UID 1002 comm: gen_fast, count: 1626052
CPU [0] UID 1002 comm: gen_fast, count: 1626200
CPU [0] UID 1002 comm: gen_fast, count: 1626200
CPU [0] UID 1002 comm: gen_fast, count: 1626300
CPU [0] UID 1002 comm: gen_fast, count: 1626400
CPU [0] UID 1002 comm: gen_fast, count: 1626500
CPU [0] UID 1002 comm: gen_fast, count: 1626607
CPU [0] UID 1002 comm: gen_fast, count: 1626741
CPU [0] UID 1002 comm: gen_fast, count: 1626857
CPU [0] UID 1002 comm: gen_fast, count: 1626996
CPU [0] UID 1002 comm: gen_fast, count: 1627000
CPU [0] UID 1002 comm: gen_fast, count: 1627103
CPU [0] UID 1002 comm: gen_fast, count: 1627252
CPU [0] UID 1002 comm: gen_fast, count: 1627309
CPU [0] UID 1002 comm: gen_fast, count: 1627433
CPU [0] UID 1002 comm: gen_fast, count: 1627562
CPU [0] UID 1002 comm: gen_fast, count: 1627600
CPU [0] UID 1002 comm: gen_fast, count: 1627814
CPU [0] UID 1002 comm: gen_fast, count: 1627814
CPU [0] UID 1002 comm: gen_fast, count: 1627902
CPU [0] UID 1002 comm: gen_fast, count: 1628000
CPU [0] UID 1002 comm: gen_fast, count: 1628114
CPU [0] UID 1002 comm: gen_fast, count: 1628283
CPU [0] UID 1002 comm: gen_fast, count: 1628407
CPU [0] UID 1002 comm: gen_fast, count: 1628407
CPU [0] UID 1002 comm: gen_fast, count: 1628540
CPU [0] UID 1002 comm: gen_fast, count: 1628739
CPU [0] UID 1002 comm: gen_fast, count: 1628739
CPU [0] UID 1002 comm: gen_fast, count: 1628800
CPU [0] UID 1002 comm: gen_fast, count: 1628912
CPU [0] UID 1002 comm: gen_fast, count: 1629021
CPU [0] UID 1002 comm: gen_fast, count: 1629195
CPU [0] UID 1002 comm: gen_fast, count: 1629200
CPU [0] UID 1002 comm: gen_fast, count: 1629428
CPU [0] UID 1002 comm: gen_fast, count: 1629428
CPU [0] UID 1002 comm: gen_fast, count: 1629561
CPU [0] UID 1002 comm: gen_fast, count: 1629600
CPU [0] UID 1002 comm: gen_fast, count: 1629723
CPU [0] UID 1002 comm: gen_fast, count: 1629800
CPU [0] UID 1002 comm: gen_fast, count: 1629900
CPU [0] UID 1002 comm: gen_fast, count: 1630037
CPU [0] UID 1002 comm: gen_fast, count: 1630124
CPU [0] UID 1002 comm: gen_fast, count: 1630212
CPU [0] UID 1002 comm: gen_fast, count: 1630300
CPU [0] UID 1002 comm: gen_fast, count: 1630412
CPU [0] UID 1002 comm: gen_fast, count: 1630500
CPU [0] UID 1002 comm: gen_fast, count: 1630636
CPU [0] UID 1002 comm: gen_fast, count: 1630746
CPU [0] UID 1002 comm: gen_fast, count: 1630878
CPU [0] UID 1002 comm: gen_fast, count: 1630900
CPU [0] UID 1002 comm: gen_fast, count: 1631000
CPU [0] UID 1002 comm: gen_fast, count: 1631111
CPU [0] UID 1002 comm: gen_fast, count: 1631237
CPU [0] UID 1002 comm: gen_fast, count: 1631325
CPU [0] UID 1002 comm: gen_fast, count: 1631452
CPU [0] UID 1002 comm: gen_fast, count: 1631500
CPU [0] UID 1002 comm: gen_fast, count: 1631636
CPU [0] UID 1002 comm: gen_fast, count: 1631776
CPU [0] UID 1002 comm: gen_fast, count: 1631800
CPU [0] UID 1002 comm: gen_fast, count: 1631900
CPU [0] UID 1002 comm: gen_fast, count: 1632013
CPU [0] UID 1002 comm: gen_fast, count: 1632136
CPU [0] UID 1002 comm: gen_fast, count: 1632272
CPU [0] UID 1002 comm: gen_fast, count: 1632300
CPU [0] UID 1002 comm: gen_fast, count: 1632416
CPU [0] UID 1002 comm: gen_fast, count: 1632542
CPU [0] UID 1002 comm: gen_fast, count: 1632600
CPU [0] UID 1002 comm: gen_fast, count: 1632707
CPU [0] UID 1002 comm: gen_fast, count: 1632856
CPU [0] UID 1002 comm: gen_fast, count: 1633004
CPU [0] UID 1002 comm: gen_fast, count: 1633004
CPU [0] UID 1002 comm: gen_fast, count: 1633118
CPU [0] UID 1002 comm: gen_fast, count: 1633241
CPU [0] UID 1002 comm: gen_fast, count: 1633378
CPU [0] UID 1002 comm: gen_fast, count: 1633400
CPU [0] UID 1002 comm: gen_fast, count: 1633500
CPU [0] UID 1002 comm: gen_fast, count: 1633654
CPU [0] UID 1002 comm: gen_fast, count: 1633785
CPU [0] UID 1002 comm: gen_fast, count: 1633800
CPU [0] UID 1002 comm: gen_fast, count: 1633923
CPU [0] UID 1002 comm: gen_fast, count: 1634063
CPU [0] UID 1002 comm: gen_fast, count: 1634246
CPU [0] UID 1002 comm: gen_fast, count: 1634246
CPU [0] UID 1002 comm: gen_fast, count: 1634337
CPU [0] UID 1002 comm: gen_fast, count: 1634472
CPU [0] UID 1002 comm: gen_fast, count: 1634500
CPU [0] UID 1002 comm: gen_fast, count: 1634618
CPU [0] UID 1002 comm: gen_fast, count: 1634720
CPU [0] UID 1002 comm: gen_fast, count: 1634862
CPU [0] UID 1002 comm: gen_fast, count: 1634901
CPU [0] UID 1002 comm: gen_fast, count: 1635006
CPU [0] UID 1002 comm: gen_fast, count: 1635100
CPU [0] UID 1002 comm: gen_fast, count: 1635210
CPU [0] UID 1002 comm: gen_fast, count: 1635300
CPU [0] UID 1002 comm: gen_fast, count: 1635402
CPU [0] UID 1002 comm: gen_fast, count: 1635516
CPU [0] UID 1002 comm: gen_fast, count: 1635600
CPU [0] UID 1002 comm: gen_fast, count: 1635751
CPU [0] UID 1002 comm: gen_fast, count: 1635800
CPU [0] UID 1002 comm: gen_fast, count: 1635914
CPU [0] UID 1002 comm: gen_fast, count: 1636015
CPU [0] UID 1002 comm: gen_fast, count: 1636213
CPU [0] UID 1002 comm: gen_fast, count: 1636213
CPU [0] UID 1002 comm: gen_fast, count: 1636300
CPU [0] UID 1002 comm: gen_fast, count: 1636411
CPU [0] UID 1002 comm: gen_fast, count: 1636561
CPU [0] UID 1002 comm: gen_fast, count: 1636616
CPU [0] UID 1002 comm: gen_fast, count: 1636702
CPU [0] UID 1002 comm: gen_fast, count: 1636800
CPU [0] UID 1002 comm: gen_fast, count: 1636940
CPU [0] UID 1002 comm: gen_fast, count: 1637024
CPU [0] UID 1002 comm: gen_fast, count: 1637104
CPU [0] UID 1002 comm: gen_fast, count: 1637200
CPU [0] UID 1002 comm: gen_fast, count: 1637300
CPU [0] UID 1002 comm: gen_fast, count: 1637409
CPU [0] UID 1002 comm: gen_fast, count: 1637571
CPU [0] UID 1002 comm: gen_fast, count: 1637600
CPU [0] UID 1002 comm: gen_fast, count: 1637747
CPU [0] UID 1002 comm: gen_fast, count: 1637800
CPU [0] UID 1002 comm: gen_fast, count: 1637900
CPU [0] UID 1002 comm: gen_fast, count: 1638000
CPU [0] UID 1002 comm: gen_fast, count: 1638140
CPU [0] UID 1002 comm: gen_fast, count: 1638236
CPU [0] UID 1002 comm: gen_fast, count: 1638300
CPU [0] UID 1002 comm: gen_fast, count: 1638418
CPU [0] UID 1002 comm: gen_fast, count: 1638544
CPU [0] UID 1002 comm: gen_fast, count: 1638685
CPU [0] UID 1002 comm: gen_fast, count: 1638751
CPU [0] UID 1002 comm: gen_fast, count: 1638885
CPU [0] UID 1002 comm: gen_fast, count: 1638900
CPU [0] UID 1002 comm: gen_fast, count: 1639000
CPU [0] UID 1002 comm: gen_fast, count: 1639100
CPU [0] UID 1002 comm: gen_fast, count: 1639204
CPU [0] UID 1002 comm: gen_fast, count: 1639336
CPU [0] UID 1002 comm: gen_fast, count: 1639435
CPU [0] UID 1002 comm: gen_fast, count: 1639545
CPU [0] UID 1002 comm: gen_fast, count: 1639676
CPU [0] UID 1002 comm: gen_fast, count: 1639700
CPU [0] UID 1002 comm: gen_fast, count: 1639800
CPU [0] UID 1002 comm: gen_fast, count: 1639912
CPU [0] UID 1002 comm: gen_fast, count: 1640000
CPU [0] UID 1002 comm: gen_fast, count: 1640107
CPU [0] UID 1002 comm: gen_fast, count: 1640224
CPU [0] UID 1002 comm: gen_fast, count: 1640343
CPU [0] UID 1002 comm: gen_fast, count: 1640400
CPU [0] UID 1002 comm: gen_fast, count: 1640500
CPU [0] UID 1002 comm: gen_fast, count: 1640673
CPU [0] UID 1002 comm: gen_fast, count: 1640752
CPU [0] UID 1002 comm: gen_fast, count: 1640879
CPU [0] UID 1002 comm: gen_fast, count: 1640915
CPU [0] UID 1002 comm: gen_fast, count: 1641000
CPU [0] UID 1002 comm: gen_fast, count: 1641104
CPU [0] UID 1002 comm: gen_fast, count: 1641225
CPU [0] UID 1002 comm: gen_fast, count: 1641330
CPU [0] UID 1002 comm: gen_fast, count: 1641450
CPU [0] UID 1002 comm: gen_fast, count: 1641500
CPU [0] UID 1002 comm: gen_fast, count: 1641600
CPU [0] UID 1002 comm: gen_fast, count: 1641727
CPU [0] UID 1002 comm: gen_fast, count: 1641894
CPU [0] UID 1002 comm: gen_fast, count: 1641900
CPU [0] UID 1002 comm: gen_fast, count: 1642025
CPU [0] UID 1002 comm: gen_fast, count: 1642116
CPU [0] UID 1002 comm: gen_fast, count: 1642200
CPU [0] UID 1002 comm: gen_fast, count: 1642347
CPU [0] UID 1002 comm: gen_fast, count: 1642423
CPU [0] UID 1002 comm: gen_fast, count: 1642500
CPU [0] UID 1002 comm: gen_fast, count: 1642600
CPU [0] UID 1002 comm: gen_fast, count: 1642700
CPU [0] UID 1002 comm: gen_fast, count: 1642840
CPU [0] UID 1002 comm: gen_fast, count: 1642900
CPU [0] UID 1002 comm: gen_fast, count: 1643012
CPU [0] UID 1002 comm: gen_fast, count: 1643154
CPU [0] UID 1002 comm: gen_fast, count: 1643237
CPU [0] UID 1002 comm: gen_fast, count: 1643324
CPU [0] UID 1002 comm: gen_fast, count: 1643411
CPU [0] UID 1002 comm: gen_fast, count: 1643500
CPU [0] UID 1002 comm: gen_fast, count: 1643600
CPU [0] UID 1002 comm: gen_fast, count: 1643732
CPU [0] UID 1002 comm: gen_fast, count: 1643811
CPU [0] UID 1002 comm: gen_fast, count: 1643964
CPU [0] UID 1002 comm: gen_fast, count: 1644000
CPU [0] UID 1002 comm: gen_fast, count: 1644145
CPU [0] UID 1002 comm: gen_fast, count: 1644200
CPU [0] UID 1002 comm: gen_fast, count: 1644300
CPU [0] UID 1002 comm: gen_fast, count: 1644463
CPU [0] UID 1002 comm: gen_fast, count: 1644500
CPU [0] UID 1002 comm: gen_fast, count: 1644602
CPU [0] UID 1002 comm: gen_fast, count: 1644746
CPU [0] UID 1002 comm: gen_fast, count: 1644952
CPU [0] UID 1002 comm: gen_fast, count: 1644952
CPU [0] UID 1002 comm: gen_fast, count: 1645000
CPU [0] UID 1002 comm: gen_fast, count: 1645152
CPU [0] UID 1002 comm: gen_fast, count: 1645215
CPU [0] UID 1002 comm: gen_fast, count: 1645338
CPU [0] UID 1002 comm: gen_fast, count: 1645400
CPU [0] UID 1002 comm: gen_fast, count: 1645505
CPU [0] UID 1002 comm: gen_fast, count: 1645609
CPU [0] UID 1002 comm: gen_fast, count: 1645716
CPU [0] UID 1002 comm: gen_fast, count: 1645826
CPU [0] UID 1002 comm: gen_fast, count: 1645937
CPU [0] UID 1002 comm: gen_fast, count: 1646052
CPU [0] UID 1002 comm: gen_fast, count: 1646173
CPU [0] UID 1002 comm: gen_fast, count: 1646200
CPU [0] UID 1002 comm: gen_fast, count: 1646300
CPU [0] UID 1002 comm: gen_fast, count: 1646412
CPU [0] UID 1002 comm: gen_fast, count: 1646544
CPU [0] UID 1002 comm: gen_fast, count: 1646600
CPU [0] UID 1002 comm: gen_fast, count: 1646700
CPU [0] UID 1002 comm: gen_fast, count: 1646820
CPU [0] UID 1002 comm: gen_fast, count: 1646911
CPU [0] UID 1002 comm: gen_fast, count: 1647000
CPU [0] UID 1002 comm: gen_fast, count: 1647118
CPU [0] UID 1002 comm: gen_fast, count: 1647245
CPU [0] UID 1002 comm: gen_fast, count: 1647338
CPU [0] UID 1002 comm: gen_fast, count: 1647400
CPU [0] UID 1002 comm: gen_fast, count: 1647507
CPU [0] UID 1002 comm: gen_fast, count: 1647627
CPU [0] UID 1002 comm: gen_fast, count: 1647778
CPU [0] UID 1002 comm: gen_fast, count: 1647800
CPU [0] UID 1002 comm: gen_fast, count: 1647900
CPU [0] UID 1002 comm: gen_fast, count: 1648006
CPU [0] UID 1002 comm: gen_fast, count: 1648132
CPU [0] UID 1002 comm: gen_fast, count: 1648200
CPU [0] UID 1002 comm: gen_fast, count: 1648343
CPU [0] UID 1002 comm: gen_fast, count: 1648465
CPU [0] UID 1002 comm: gen_fast, count: 1648618
CPU [0] UID 1002 comm: gen_fast, count: 1648618
CPU [0] UID 1002 comm: gen_fast, count: 1648700
CPU [0] UID 1002 comm: gen_fast, count: 1648817
CPU [0] UID 1002 comm: gen_fast, count: 1648952
CPU [0] UID 1002 comm: gen_fast, count: 1649065
CPU [0] UID 1002 comm: gen_fast, count: 1649100
CPU [0] UID 1002 comm: gen_fast, count: 1649205
CPU [0] UID 1002 comm: gen_fast, count: 1649329
CPU [0] UID 1002 comm: gen_fast, count: 1649400
CPU [0] UID 1002 comm: gen_fast, count: 1649541
CPU [0] UID 1002 comm: gen_fast, count: 1649600
CPU [0] UID 1002 comm: gen_fast, count: 1649700
CPU [0] UID 1002 comm: gen_fast, count: 1649817
CPU [0] UID 1002 comm: gen_fast, count: 1649946
CPU [0] UID 1002 comm: gen_fast, count: 1650089
CPU [0] UID 1002 comm: gen_fast, count: 1650100
CPU [0] UID 1002 comm: gen_fast, count: 1650204
CPU [0] UID 1002 comm: gen_fast, count: 1650360
CPU [0] UID 1002 comm: gen_fast, count: 1650400
CPU [0] UID 1002 comm: gen_fast, count: 1650524
CPU [0] UID 1002 comm: gen_fast, count: 1650600
CPU [0] UID 1002 comm: gen_fast, count: 1650703
CPU [0] UID 1002 comm: gen_fast, count: 1650800
CPU [0] UID 1002 comm: gen_fast, count: 1650917
CPU [0] UID 1002 comm: gen_fast, count: 1651058
CPU [0] UID 1002 comm: gen_fast, count: 1651100
CPU [0] UID 1002 comm: gen_fast, count: 1651200
CPU [0] UID 1002 comm: gen_fast, count: 1651300
CPU [0] UID 1002 comm: gen_fast, count: 1651417
CPU [0] UID 1002 comm: gen_fast, count: 1651500
CPU [0] UID 1002 comm: gen_fast, count: 1651600
CPU [0] UID 1002 comm: gen_fast, count: 1651859
CPU [0] UID 1002 comm: gen_fast, count: 1651859
CPU [0] UID 1002 comm: gen_fast, count: 1652046
CPU [0] UID 1002 comm: gen_fast, count: 1652046
CPU [0] UID 1002 comm: gen_fast, count: 1652100
CPU [0] UID 1002 comm: gen_fast, count: 1652229
CPU [0] UID 1002 comm: gen_fast, count: 1652356
CPU [0] UID 1002 comm: gen_fast, count: 1652497
CPU [0] UID 1002 comm: gen_fast, count: 1652576
CPU [0] UID 1002 comm: gen_fast, count: 1652600
CPU [0] UID 1002 comm: gen_fast, count: 1652706
CPU [0] UID 1002 comm: gen_fast, count: 1652802
CPU [0] UID 1002 comm: gen_fast, count: 1652937
CPU [0] UID 1002 comm: gen_fast, count: 1653000
CPU [0] UID 1002 comm: gen_fast, count: 1653107
CPU [0] UID 1002 comm: gen_fast, count: 1653200
CPU [0] UID 1002 comm: gen_fast, count: 1653342
CPU [0] UID 1002 comm: gen_fast, count: 1653426
CPU [0] UID 1002 comm: gen_fast, count: 1653570
CPU [0] UID 1002 comm: gen_fast, count: 1653600
CPU [0] UID 1002 comm: gen_fast, count: 1653778
CPU [0] UID 1002 comm: gen_fast, count: 1653800
CPU [0] UID 1002 comm: gen_fast, count: 1653942
CPU [0] UID 1002 comm: gen_fast, count: 1654061
CPU [0] UID 1002 comm: gen_fast, count: 1654100
CPU [0] UID 1002 comm: gen_fast, count: 1654263
CPU [0] UID 1002 comm: gen_fast, count: 1654300
CPU [0] UID 1002 comm: gen_fast, count: 1654441
CPU [0] UID 1002 comm: gen_fast, count: 1654500
CPU [0] UID 1002 comm: gen_fast, count: 1654654
CPU [0] UID 1002 comm: gen_fast, count: 1654710
CPU [0] UID 1002 comm: gen_fast, count: 1654815
CPU [0] UID 1002 comm: gen_fast, count: 1654962
CPU [0] UID 1002 comm: gen_fast, count: 1655000
CPU [0] UID 1002 comm: gen_fast, count: 1655159
CPU [0] UID 1002 comm: gen_fast, count: 1655200
CPU [0] UID 1002 comm: gen_fast, count: 1655357
CPU [0] UID 1002 comm: gen_fast, count: 1655400
CPU [0] UID 1002 comm: gen_fast, count: 1655500
CPU [0] UID 1002 comm: gen_fast, count: 1655600
CPU [0] UID 1002 comm: gen_fast, count: 1655794
CPU [0] UID 1002 comm: gen_fast, count: 1655800
CPU [0] UID 1002 comm: gen_fast, count: 1655993
CPU [0] UID 1002 comm: gen_fast, count: 1656000
CPU [0] UID 1002 comm: gen_fast, count: 1656254
CPU [0] UID 1002 comm: gen_fast, count: 1656254
CPU [0] UID 1002 comm: gen_fast, count: 1656455
CPU [0] UID 1002 comm: gen_fast, count: 1656455
CPU [0] UID 1002 comm: gen_fast, count: 1656500
CPU [0] UID 1002 comm: gen_fast, count: 1656665
CPU [0] UID 1002 comm: gen_fast, count: 1656700
CPU [0] UID 1002 comm: gen_fast, count: 1656867
CPU [0] UID 1002 comm: gen_fast, count: 1656900
CPU [0] UID 1002 comm: gen_fast, count: 1657110
CPU [0] UID 1002 comm: gen_fast, count: 1657110
CPU [0] UID 1002 comm: gen_fast, count: 1657200
CPU [0] UID 1002 comm: gen_fast, count: 1657300
CPU [0] UID 1002 comm: gen_fast, count: 1657420
CPU [0] UID 1002 comm: gen_fast, count: 1657500
CPU [0] UID 1002 comm: gen_fast, count: 1657600
CPU [0] UID 1002 comm: gen_fast, count: 1657805
CPU [0] UID 1002 comm: gen_fast, count: 1657805
CPU [0] UID 1002 comm: gen_fast, count: 1657900
CPU [0] UID 1002 comm: gen_fast, count: 1658059
CPU [0] UID 1002 comm: gen_fast, count: 1658122
CPU [0] UID 1002 comm: gen_fast, count: 1658252
CPU [0] UID 1002 comm: gen_fast, count: 1658387
CPU [0] UID 1002 comm: gen_fast, count: 1658400
CPU [0] UID 1002 comm: gen_fast, count: 1658501
CPU [0] UID 1002 comm: gen_fast, count: 1658633
CPU [0] UID 1002 comm: gen_fast, count: 1658748
CPU [0] UID 1002 comm: gen_fast, count: 1658815
CPU [0] UID 1002 comm: gen_fast, count: 1658900
CPU [0] UID 1002 comm: gen_fast, count: 1659038
CPU [0] UID 1002 comm: gen_fast, count: 1659158
CPU [0] UID 1002 comm: gen_fast, count: 1659278
CPU [0] UID 1002 comm: gen_fast, count: 1659300
CPU [0] UID 1002 comm: gen_fast, count: 1659416
CPU [0] UID 1002 comm: gen_fast, count: 1659598
CPU [0] UID 1002 comm: gen_fast, count: 1659600
CPU [0] UID 1002 comm: gen_fast, count: 1659717
CPU [0] UID 1002 comm: gen_fast, count: 1659855
CPU [0] UID 1002 comm: gen_fast, count: 1659900
CPU [0] UID 1002 comm: gen_fast, count: 1660009
CPU [0] UID 1002 comm: gen_fast, count: 1660100
CPU [0] UID 1002 comm: gen_fast, count: 1660216
CPU [0] UID 1002 comm: gen_fast, count: 1660352
CPU [0] UID 1002 comm: gen_fast, count: 1660400
CPU [0] UID 1002 comm: gen_fast, count: 1660500
CPU [0] UID 1002 comm: gen_fast, count: 1660631
CPU [0] UID 1002 comm: gen_fast, count: 1660718
CPU [0] UID 1002 comm: gen_fast, count: 1660826
CPU [0] UID 1002 comm: gen_fast, count: 1660976
CPU [0] UID 1002 comm: gen_fast, count: 1661000
CPU [0] UID 1002 comm: gen_fast, count: 1661138
CPU [0] UID 1002 comm: gen_fast, count: 1661200
CPU [0] UID 1002 comm: gen_fast, count: 1661303
CPU [0] UID 1002 comm: gen_fast, count: 1661400
CPU [0] UID 1002 comm: gen_fast, count: 1661503
CPU [0] UID 1002 comm: gen_fast, count: 1661626
CPU [0] UID 1002 comm: gen_fast, count: 1661759
CPU [0] UID 1002 comm: gen_fast, count: 1661912
CPU [0] UID 1002 comm: gen_fast, count: 1661912
CPU [0] UID 1002 comm: gen_fast, count: 1662000
CPU [0] UID 1002 comm: gen_fast, count: 1662100
CPU [0] UID 1002 comm: gen_fast, count: 1662209
CPU [0] UID 1002 comm: gen_fast, count: 1662300
CPU [0] UID 1002 comm: gen_fast, count: 1662415
CPU [0] UID 1002 comm: gen_fast, count: 1662513
CPU [0] UID 1002 comm: gen_fast, count: 1662600
CPU [0] UID 1002 comm: gen_fast, count: 1662710
CPU [0] UID 1002 comm: gen_fast, count: 1662846
CPU [0] UID 1002 comm: gen_fast, count: 1662910
CPU [0] UID 1002 comm: gen_fast, count: 1663000
CPU [0] UID 1002 comm: gen_fast, count: 1663129
CPU [0] UID 1002 comm: gen_fast, count: 1663248
CPU [0] UID 1002 comm: gen_fast, count: 1663320
CPU [0] UID 1002 comm: gen_fast, count: 1663491
CPU [0] UID 1002 comm: gen_fast, count: 1663500
CPU [0] UID 1002 comm: gen_fast, count: 1663620
CPU [0] UID 1002 comm: gen_fast, count: 1663700
CPU [0] UID 1002 comm: gen_fast, count: 1663842
CPU [0] UID 1002 comm: gen_fast, count: 1663900
CPU [0] UID 1002 comm: gen_fast, count: 1664015
CPU [0] UID 1002 comm: gen_fast, count: 1664122
CPU [0] UID 1002 comm: gen_fast, count: 1664325
CPU [0] UID 1002 comm: gen_fast, count: 1664325
CPU [0] UID 1002 comm: gen_fast, count: 1664531
CPU [0] UID 1002 comm: gen_fast, count: 1664531
CPU [0] UID 1002 comm: gen_fast, count: 1664600
CPU [0] UID 1002 comm: gen_fast, count: 1664789
CPU [0] UID 1002 comm: gen_fast, count: 1664800
CPU [0] UID 1002 comm: gen_fast, count: 1664900
CPU [0] UID 1002 comm: gen_fast, count: 1665005
CPU [0] UID 1002 comm: gen_fast, count: 1665103
CPU [0] UID 1002 comm: gen_fast, count: 1665200
CPU [0] UID 1002 comm: gen_fast, count: 1665316
CPU [0] UID 1002 comm: gen_fast, count: 1665457
CPU [0] UID 1002 comm: gen_fast, count: 1665500
CPU [0] UID 1002 comm: gen_fast, count: 1665600
CPU [0] UID 1002 comm: gen_fast, count: 1665700
CPU [0] UID 1002 comm: gen_fast, count: 1665829
CPU [0] UID 1002 comm: gen_fast, count: 1665955
CPU [0] UID 1002 comm: gen_fast, count: 1666090
CPU [0] UID 1002 comm: gen_fast, count: 1666100
CPU [0] UID 1002 comm: gen_fast, count: 1666200
CPU [0] UID 1002 comm: gen_fast, count: 1666325
CPU [0] UID 1002 comm: gen_fast, count: 1666459
CPU [0] UID 1002 comm: gen_fast, count: 1666500
CPU [0] UID 1002 comm: gen_fast, count: 1666600
CPU [0] UID 1002 comm: gen_fast, count: 1666700
CPU [0] UID 1002 comm: gen_fast, count: 1666804
CPU [0] UID 1002 comm: gen_fast, count: 1666928
CPU [0] UID 1002 comm: gen_fast, count: 1667069
CPU [0] UID 1002 comm: gen_fast, count: 1667104
CPU [0] UID 1002 comm: gen_fast, count: 1667200
CPU [0] UID 1002 comm: gen_fast, count: 1667316
CPU [0] UID 1002 comm: gen_fast, count: 1667454
CPU [0] UID 1002 comm: gen_fast, count: 1667500
CPU [0] UID 1002 comm: gen_fast, count: 1667624
CPU [0] UID 1002 comm: gen_fast, count: 1667741
CPU [0] UID 1002 comm: gen_fast, count: 1667800
CPU [0] UID 1002 comm: gen_fast, count: 1667900
CPU [0] UID 1002 comm: gen_fast, count: 1668028
CPU [0] UID 1002 comm: gen_fast, count: 1668109
CPU [0] UID 1002 comm: gen_fast, count: 1668225
CPU [0] UID 1002 comm: gen_fast, count: 1668362
CPU [0] UID 1002 comm: gen_fast, count: 1668400
CPU [0] UID 1002 comm: gen_fast, count: 1668500
CPU [0] UID 1002 comm: gen_fast, count: 1668611
CPU [0] UID 1002 comm: gen_fast, count: 1668734
CPU [0] UID 1002 comm: gen_fast, count: 1668800
CPU [0] UID 1002 comm: gen_fast, count: 1668917
CPU [0] UID 1002 comm: gen_fast, count: 1669046
CPU [0] UID 1002 comm: gen_fast, count: 1669167
CPU [0] UID 1002 comm: gen_fast, count: 1669200
CPU [0] UID 1002 comm: gen_fast, count: 1669300
CPU [0] UID 1002 comm: gen_fast, count: 1669409
CPU [0] UID 1002 comm: gen_fast, count: 1669563
CPU [0] UID 1002 comm: gen_fast, count: 1669600
CPU [0] UID 1002 comm: gen_fast, count: 1669735
CPU [0] UID 1002 comm: gen_fast, count: 1669800
CPU [0] UID 1002 comm: gen_fast, count: 1669900
CPU [0] UID 1002 comm: gen_fast, count: 1670042
CPU [0] UID 1002 comm: gen_fast, count: 1670148
CPU [0] UID 1002 comm: gen_fast, count: 1670357
CPU [0] UID 1002 comm: gen_fast, count: 1670357
CPU [0] UID 1002 comm: gen_fast, count: 1670400
CPU [0] UID 1002 comm: gen_fast, count: 1670588
CPU [0] UID 1002 comm: gen_fast, count: 1670600
CPU [0] UID 1002 comm: gen_fast, count: 1670733
CPU [0] UID 1002 comm: gen_fast, count: 1670941
CPU [0] UID 1002 comm: gen_fast, count: 1670941
CPU [0] UID 1002 comm: gen_fast, count: 1671028
CPU [0] UID 1002 comm: gen_fast, count: 1671206
CPU [0] UID 1002 comm: gen_fast, count: 1671206
CPU [0] UID 1002 comm: gen_fast, count: 1671338
CPU [0] UID 1002 comm: gen_fast, count: 1671423
CPU [0] UID 1002 comm: gen_fast, count: 1671510
CPU [0] UID 1002 comm: gen_fast, count: 1671600
CPU [0] UID 1002 comm: gen_fast, count: 1671786
CPU [0] UID 1002 comm: gen_fast, count: 1671800
CPU [0] UID 1002 comm: gen_fast, count: 1671905
CPU [0] UID 1002 comm: gen_fast, count: 1672015
CPU [0] UID 1002 comm: gen_fast, count: 1672100
CPU [0] UID 1002 comm: gen_fast, count: 1672200
CPU [0] UID 1002 comm: gen_fast, count: 1672356
CPU [0] UID 1002 comm: gen_fast, count: 1672400
CPU [0] UID 1002 comm: gen_fast, count: 1672506
CPU [0] UID 1002 comm: gen_fast, count: 1672671
CPU [0] UID 1002 comm: gen_fast, count: 1672700
CPU [0] UID 1002 comm: gen_fast, count: 1672860
CPU [0] UID 1002 comm: gen_fast, count: 1672900
CPU [0] UID 1002 comm: gen_fast, count: 1673047
CPU [0] UID 1002 comm: gen_fast, count: 1673100
CPU [0] UID 1002 comm: gen_fast, count: 1673200
CPU [0] UID 1002 comm: gen_fast, count: 1673343
CPU [0] UID 1002 comm: gen_fast, count: 1673424
CPU [0] UID 1002 comm: gen_fast, count: 1673574
CPU [0] UID 1002 comm: gen_fast, count: 1673600
CPU [0] UID 1002 comm: gen_fast, count: 1673768
CPU [0] UID 1002 comm: gen_fast, count: 1673800
CPU [0] UID 1002 comm: gen_fast, count: 1673954
CPU [0] UID 1002 comm: gen_fast, count: 1674000
CPU [0] UID 1002 comm: gen_fast, count: 1674150
CPU [0] UID 1002 comm: gen_fast, count: 1674306
CPU [0] UID 1002 comm: gen_fast, count: 1674306
CPU [0] UID 1002 comm: gen_fast, count: 1674404
CPU [0] UID 1002 comm: gen_fast, count: 1674500
CPU [0] UID 1002 comm: gen_fast, count: 1674681
CPU [0] UID 1002 comm: gen_fast, count: 1674700
CPU [0] UID 1002 comm: gen_fast, count: 1674801
CPU [0] UID 1002 comm: gen_fast, count: 1674966
CPU [0] UID 1002 comm: gen_fast, count: 1675000
CPU [0] UID 1002 comm: gen_fast, count: 1675139
CPU [0] UID 1002 comm: gen_fast, count: 1675200
CPU [0] UID 1002 comm: gen_fast, count: 1675300
CPU [0] UID 1002 comm: gen_fast, count: 1675424
CPU [0] UID 1002 comm: gen_fast, count: 1675506
CPU [0] UID 1002 comm: gen_fast, count: 1675600
CPU [0] UID 1002 comm: gen_fast, count: 1675700
CPU [0] UID 1002 comm: gen_fast, count: 1675800
CPU [0] UID 1002 comm: gen_fast, count: 1675939
CPU [0] UID 1002 comm: gen_fast, count: 1676094
CPU [0] UID 1002 comm: gen_fast, count: 1676100
CPU [0] UID 1002 comm: gen_fast, count: 1676277
CPU [0] UID 1002 comm: gen_fast, count: 1676300
CPU [0] UID 1002 comm: gen_fast, count: 1676441
CPU [0] UID 1002 comm: gen_fast, count: 1676615
CPU [0] UID 1002 comm: gen_fast, count: 1676615
CPU [0] UID 1002 comm: gen_fast, count: 1676757
CPU [0] UID 1002 comm: gen_fast, count: 1676800
CPU [0] UID 1002 comm: gen_fast, count: 1676958
CPU [0] UID 1002 comm: gen_fast, count: 1677000
CPU [0] UID 1002 comm: gen_fast, count: 1677158
CPU [0] UID 1002 comm: gen_fast, count: 1677200
CPU [0] UID 1002 comm: gen_fast, count: 1677300
CPU [0] UID 1002 comm: gen_fast, count: 1677441
CPU [0] UID 1002 comm: gen_fast, count: 1677526
CPU [0] UID 1002 comm: gen_fast, count: 1677600
CPU [0] UID 1002 comm: gen_fast, count: 1677703
CPU [0] UID 1002 comm: gen_fast, count: 1677839
CPU [0] UID 1002 comm: gen_fast, count: 1677913
CPU [0] UID 1002 comm: gen_fast, count: 1678000
CPU [0] UID 1002 comm: gen_fast, count: 1678169
CPU [0] UID 1002 comm: gen_fast, count: 1678200
CPU [0] UID 1002 comm: gen_fast, count: 1678356
CPU [0] UID 1002 comm: gen_fast, count: 1678400
CPU [0] UID 1002 comm: gen_fast, count: 1678500
CPU [0] UID 1002 comm: gen_fast, count: 1678600
CPU [0] UID 1002 comm: gen_fast, count: 1678794
CPU [0] UID 1002 comm: gen_fast, count: 1678800
CPU [0] UID 1002 comm: gen_fast, count: 1679050
CPU [0] UID 1002 comm: gen_fast, count: 1679050
CPU [0] UID 1002 comm: gen_fast, count: 1679113
CPU [0] UID 1002 comm: gen_fast, count: 1679212
CPU [0] UID 1002 comm: gen_fast, count: 1679426
CPU [0] UID 1002 comm: gen_fast, count: 1679426
CPU [0] UID 1002 comm: gen_fast, count: 1679500
CPU [0] UID 1002 comm: gen_fast, count: 1679755
CPU [0] UID 1002 comm: gen_fast, count: 1679755
CPU [0] UID 1002 comm: gen_fast, count: 1679800
CPU [0] UID 1002 comm: gen_fast, count: 1679900
CPU [0] UID 1002 comm: gen_fast, count: 1680046
CPU [0] UID 1002 comm: gen_fast, count: 1680121
CPU [0] UID 1002 comm: gen_fast, count: 1680215
CPU [0] UID 1002 comm: gen_fast, count: 1680420
CPU [0] UID 1002 comm: gen_fast, count: 1680420
CPU [0] UID 1002 comm: gen_fast, count: 1680625
CPU [0] UID 1002 comm: gen_fast, count: 1680625
CPU [0] UID 1002 comm: gen_fast, count: 1680700
CPU [0] UID 1002 comm: gen_fast, count: 1680878
CPU [0] UID 1002 comm: gen_fast, count: 1680900
CPU [0] UID 1002 comm: gen_fast, count: 1681144
CPU [0] UID 1002 comm: gen_fast, count: 1681144
CPU [0] UID 1002 comm: gen_fast, count: 1681200
CPU [0] UID 1002 comm: gen_fast, count: 1681341
CPU [0] UID 1002 comm: gen_fast, count: 1681400
CPU [0] UID 1002 comm: gen_fast, count: 1681533
CPU [0] UID 1002 comm: gen_fast, count: 1681600
CPU [0] UID 1002 comm: gen_fast, count: 1681714
CPU [0] UID 1002 comm: gen_fast, count: 1681800
CPU [0] UID 1002 comm: gen_fast, count: 1681925
CPU [0] UID 1002 comm: gen_fast, count: 1682008
CPU [0] UID 1002 comm: gen_fast, count: 1682226
CPU [0] UID 1002 comm: gen_fast, count: 1682226
CPU [0] UID 1002 comm: gen_fast, count: 1682417
CPU [0] UID 1002 comm: gen_fast, count: 1682417
CPU [0] UID 1002 comm: gen_fast, count: 1682500
CPU [0] UID 1002 comm: gen_fast, count: 1682713
CPU [0] UID 1002 comm: gen_fast, count: 1682713
CPU [0] UID 1002 comm: gen_fast, count: 1682899
CPU [0] UID 1002 comm: gen_fast, count: 1682900
CPU [0] UID 1002 comm: gen_fast, count: 1683000
CPU [0] UID 1002 comm: gen_fast, count: 1683169
CPU [0] UID 1002 comm: gen_fast, count: 1683200
CPU [0] UID 1002 comm: gen_fast, count: 1683300
CPU [0] UID 1002 comm: gen_fast, count: 1683400
CPU [0] UID 1002 comm: gen_fast, count: 1683548
CPU [0] UID 1002 comm: gen_fast, count: 1683636
CPU [0] UID 1002 comm: gen_fast, count: 1683700
CPU [0] UID 1002 comm: gen_fast, count: 1683829
CPU [0] UID 1002 comm: gen_fast, count: 1683900
CPU [0] UID 1002 comm: gen_fast, count: 1684000
CPU [0] UID 1002 comm: gen_fast, count: 1684209
CPU [0] UID 1002 comm: gen_fast, count: 1684209
CPU [0] UID 1002 comm: gen_fast, count: 1684307
CPU [0] UID 1002 comm: gen_fast, count: 1684435
CPU [0] UID 1002 comm: gen_fast, count: 1684502
CPU [0] UID 1002 comm: gen_fast, count: 1684627
CPU [0] UID 1002 comm: gen_fast, count: 1684700
CPU [0] UID 1002 comm: gen_fast, count: 1684800
CPU [0] UID 1002 comm: gen_fast, count: 1684987
CPU [0] UID 1002 comm: gen_fast, count: 1685000
CPU [0] UID 1002 comm: gen_fast, count: 1685161
CPU [0] UID 1002 comm: gen_fast, count: 1685200
CPU [0] UID 1002 comm: gen_fast, count: 1685300
CPU [0] UID 1002 comm: gen_fast, count: 1685400
CPU [0] UID 1002 comm: gen_fast, count: 1685528
CPU [0] UID 1002 comm: gen_fast, count: 1685601
CPU [0] UID 1002 comm: gen_fast, count: 1685700
CPU [0] UID 1002 comm: gen_fast, count: 1685800
CPU [0] UID 1002 comm: gen_fast, count: 1685935
CPU [0] UID 1002 comm: gen_fast, count: 1686000
CPU [0] UID 1002 comm: gen_fast, count: 1686100
CPU [0] UID 1002 comm: gen_fast, count: 1686284
CPU [0] UID 1002 comm: gen_fast, count: 1686300
CPU [0] UID 1002 comm: gen_fast, count: 1686400
CPU [0] UID 1002 comm: gen_fast, count: 1686500
CPU [0] UID 1002 comm: gen_fast, count: 1686600
CPU [0] UID 1002 comm: gen_fast, count: 1686759
CPU [0] UID 1002 comm: gen_fast, count: 1686800
CPU [0] UID 1002 comm: gen_fast, count: 1687017
CPU [0] UID 1002 comm: gen_fast, count: 1687017
CPU [0] UID 1002 comm: gen_fast, count: 1687100
CPU [0] UID 1002 comm: gen_fast, count: 1687296
CPU [0] UID 1002 comm: gen_fast, count: 1687300
CPU [0] UID 1002 comm: gen_fast, count: 1687400
CPU [0] UID 1002 comm: gen_fast, count: 1687505
CPU [0] UID 1002 comm: gen_fast, count: 1687695
CPU [0] UID 1002 comm: gen_fast, count: 1687700
CPU [0] UID 1002 comm: gen_fast, count: 1687953
CPU [0] UID 1002 comm: gen_fast, count: 1687953
CPU [0] UID 1002 comm: gen_fast, count: 1688039
CPU [0] UID 1002 comm: gen_fast, count: 1688108
CPU [0] UID 1002 comm: gen_fast, count: 1688200
CPU [0] UID 1002 comm: gen_fast, count: 1688300
CPU [0] UID 1002 comm: gen_fast, count: 1688410
CPU [0] UID 1002 comm: gen_fast, count: 1688626
CPU [0] UID 1002 comm: gen_fast, count: 1688626
CPU [0] UID 1002 comm: gen_fast, count: 1688700
CPU [0] UID 1002 comm: gen_fast, count: 1688818
CPU [0] UID 1002 comm: gen_fast, count: 1688930
CPU [0] UID 1002 comm: gen_fast, count: 1689062
CPU [0] UID 1002 comm: gen_fast, count: 1689100
CPU [0] UID 1002 comm: gen_fast, count: 1689200
CPU [0] UID 1002 comm: gen_fast, count: 1689300
CPU [0] UID 1002 comm: gen_fast, count: 1689405
CPU [0] UID 1002 comm: gen_fast, count: 1689540
CPU [0] UID 1002 comm: gen_fast, count: 1689642
CPU [0] UID 1002 comm: gen_fast, count: 1689769
CPU [0] UID 1002 comm: gen_fast, count: 1689800
CPU [0] UID 1002 comm: gen_fast, count: 1689902
CPU [0] UID 1002 comm: gen_fast, count: 1690011
CPU [0] UID 1002 comm: gen_fast, count: 1690144
CPU [0] UID 1002 comm: gen_fast, count: 1690258
CPU [0] UID 1002 comm: gen_fast, count: 1690391
CPU [0] UID 1002 comm: gen_fast, count: 1690400
CPU [0] UID 1002 comm: gen_fast, count: 1690500
CPU [0] UID 1002 comm: gen_fast, count: 1690611
CPU [0] UID 1002 comm: gen_fast, count: 1690736
CPU [0] UID 1002 comm: gen_fast, count: 1690800
CPU [0] UID 1002 comm: gen_fast, count: 1690922
CPU [0] UID 1002 comm: gen_fast, count: 1691072
CPU [0] UID 1002 comm: gen_fast, count: 1691136
CPU [0] UID 1002 comm: gen_fast, count: 1691200
CPU [0] UID 1002 comm: gen_fast, count: 1691306
CPU [0] UID 1002 comm: gen_fast, count: 1691400
CPU [0] UID 1002 comm: gen_fast, count: 1691536
CPU [0] UID 1002 comm: gen_fast, count: 1691637
CPU [0] UID 1002 comm: gen_fast, count: 1691772
CPU [0] UID 1002 comm: gen_fast, count: 1691800
CPU [0] UID 1002 comm: gen_fast, count: 1691900
CPU [0] UID 1002 comm: gen_fast, count: 1692021
CPU [0] UID 1002 comm: gen_fast, count: 1692144
CPU [0] UID 1002 comm: gen_fast, count: 1692270
CPU [0] UID 1002 comm: gen_fast, count: 1692300
CPU [0] UID 1002 comm: gen_fast, count: 1692400
CPU [0] UID 1002 comm: gen_fast, count: 1692535
CPU [0] UID 1002 comm: gen_fast, count: 1692705
CPU [0] UID 1002 comm: gen_fast, count: 1692705
CPU [0] UID 1002 comm: gen_fast, count: 1692800
CPU [0] UID 1002 comm: gen_fast, count: 1692949
CPU [0] UID 1002 comm: gen_fast, count: 1693000
CPU [0] UID 1002 comm: gen_fast, count: 1693194
CPU [0] UID 1002 comm: gen_fast, count: 1693200
CPU [0] UID 1002 comm: gen_fast, count: 1693398
CPU [0] UID 1002 comm: gen_fast, count: 1693400
CPU [0] UID 1002 comm: gen_fast, count: 1693587
CPU [0] UID 1002 comm: gen_fast, count: 1693600
CPU [0] UID 1002 comm: gen_fast, count: 1693733
CPU [0] UID 1002 comm: gen_fast, count: 1693939
CPU [0] UID 1002 comm: gen_fast, count: 1693939
CPU [0] UID 1002 comm: gen_fast, count: 1694060
CPU [0] UID 1002 comm: gen_fast, count: 1694100
CPU [0] UID 1002 comm: gen_fast, count: 1694211
CPU [0] UID 1002 comm: gen_fast, count: 1694397
CPU [0] UID 1002 comm: gen_fast, count: 1694400
CPU [0] UID 1002 comm: gen_fast, count: 1694556
CPU [0] UID 1002 comm: gen_fast, count: 1694600
CPU [0] UID 1002 comm: gen_fast, count: 1694830
CPU [0] UID 1002 comm: gen_fast, count: 1694830
CPU [0] UID 1002 comm: gen_fast, count: 1694900
CPU [0] UID 1002 comm: gen_fast, count: 1695048
CPU [0] UID 1002 comm: gen_fast, count: 1695134
CPU [0] UID 1002 comm: gen_fast, count: 1695222
CPU [0] UID 1002 comm: gen_fast, count: 1695435
CPU [0] UID 1002 comm: gen_fast, count: 1695435
CPU [0] UID 1002 comm: gen_fast, count: 1695500
CPU [0] UID 1002 comm: gen_fast, count: 1695600
CPU [0] UID 1002 comm: gen_fast, count: 1695859
CPU [0] UID 1002 comm: gen_fast, count: 1695859
CPU [0] UID 1002 comm: gen_fast, count: 1695900
CPU [0] UID 1002 comm: gen_fast, count: 1696001
CPU [0] UID 1002 comm: gen_fast, count: 1696119
CPU [0] UID 1002 comm: gen_fast, count: 1696249
CPU [0] UID 1002 comm: gen_fast, count: 1696300
CPU [0] UID 1002 comm: gen_fast, count: 1696450
CPU [0] UID 1002 comm: gen_fast, count: 1696500
CPU [0] UID 1002 comm: gen_fast, count: 1696600
CPU [0] UID 1002 comm: gen_fast, count: 1696716
CPU [0] UID 1002 comm: gen_fast, count: 1696814
CPU [0] UID 1002 comm: gen_fast, count: 1696938
CPU [0] UID 1002 comm: gen_fast, count: 1697073
CPU [0] UID 1002 comm: gen_fast, count: 1697100
CPU [0] UID 1002 comm: gen_fast, count: 1697204
CPU [0] UID 1002 comm: gen_fast, count: 1697308
CPU [0] UID 1002 comm: gen_fast, count: 1697440
CPU [0] UID 1002 comm: gen_fast, count: 1697574
CPU [0] UID 1002 comm: gen_fast, count: 1697600
CPU [0] UID 1002 comm: gen_fast, count: 1697700
CPU [0] UID 1002 comm: gen_fast, count: 1697831
CPU [0] UID 1002 comm: gen_fast, count: 1697964
CPU [0] UID 1002 comm: gen_fast, count: 1698000
CPU [0] UID 1002 comm: gen_fast, count: 1698123
CPU [0] UID 1002 comm: gen_fast, count: 1698200
CPU [0] UID 1002 comm: gen_fast, count: 1698336
CPU [0] UID 1002 comm: gen_fast, count: 1698446
CPU [0] UID 1002 comm: gen_fast, count: 1698575
CPU [0] UID 1002 comm: gen_fast, count: 1698600
CPU [0] UID 1002 comm: gen_fast, count: 1698700
CPU [0] UID 1002 comm: gen_fast, count: 1698822
CPU [0] UID 1002 comm: gen_fast, count: 1698925
CPU [0] UID 1002 comm: gen_fast, count: 1699053
CPU [0] UID 1002 comm: gen_fast, count: 1699100
CPU [0] UID 1002 comm: gen_fast, count: 1699209
CPU [0] UID 1002 comm: gen_fast, count: 1699300
CPU [0] UID 1002 comm: gen_fast, count: 1699453
CPU [0] UID 1002 comm: gen_fast, count: 1699501
CPU [0] UID 1002 comm: gen_fast, count: 1699624
CPU [0] UID 1002 comm: gen_fast, count: 1699700
CPU [0] UID 1002 comm: gen_fast, count: 1699832
CPU [0] UID 1002 comm: gen_fast, count: 1699900
CPU [0] UID 1002 comm: gen_fast, count: 1700000
CPU [0] UID 1002 comm: gen_fast, count: 1700172
CPU [0] UID 1002 comm: gen_fast, count: 1700200
CPU [0] UID 1002 comm: gen_fast, count: 1700424
CPU [0] UID 1002 comm: gen_fast, count: 1700424
CPU [0] UID 1002 comm: gen_fast, count: 1700574
CPU [0] UID 1002 comm: gen_fast, count: 1700600
CPU [0] UID 1002 comm: gen_fast, count: 1700742
CPU [0] UID 1002 comm: gen_fast, count: 1700800
CPU [0] UID 1002 comm: gen_fast, count: 1700900
CPU [0] UID 1002 comm: gen_fast, count: 1701000
CPU [0] UID 1002 comm: gen_fast, count: 1701140
CPU [0] UID 1002 comm: gen_fast, count: 1701200
CPU [0] UID 1002 comm: gen_fast, count: 1701317
CPU [0] UID 1002 comm: gen_fast, count: 1701400
CPU [0] UID 1002 comm: gen_fast, count: 1701500
CPU [0] UID 1002 comm: gen_fast, count: 1701625
CPU [0] UID 1002 comm: gen_fast, count: 1701794
CPU [0] UID 1002 comm: gen_fast, count: 1701800
CPU [0] UID 1002 comm: gen_fast, count: 1701900
CPU [0] UID 1002 comm: gen_fast, count: 1702009
CPU [0] UID 1002 comm: gen_fast, count: 1702138
CPU [0] UID 1002 comm: gen_fast, count: 1702200
CPU [0] UID 1002 comm: gen_fast, count: 1702308
CPU [0] UID 1002 comm: gen_fast, count: 1702463
CPU [0] UID 1002 comm: gen_fast, count: 1702500
CPU [0] UID 1002 comm: gen_fast, count: 1702745
CPU [0] UID 1002 comm: gen_fast, count: 1702745
CPU [0] UID 1002 comm: gen_fast, count: 1702800
CPU [0] UID 1002 comm: gen_fast, count: 1702900
CPU [0] UID 1002 comm: gen_fast, count: 1703018
CPU [0] UID 1002 comm: gen_fast, count: 1703207
CPU [0] UID 1002 comm: gen_fast, count: 1703207
CPU [0] UID 1002 comm: gen_fast, count: 1703331
CPU [0] UID 1002 comm: gen_fast, count: 1703400
CPU [0] UID 1002 comm: gen_fast, count: 1703500
CPU [0] UID 1002 comm: gen_fast, count: 1703676
CPU [0] UID 1002 comm: gen_fast, count: 1703700
CPU [0] UID 1002 comm: gen_fast, count: 1703800
CPU [0] UID 1002 comm: gen_fast, count: 1703919
CPU [0] UID 1002 comm: gen_fast, count: 1704000
CPU [0] UID 1002 comm: gen_fast, count: 1704122
CPU [0] UID 1002 comm: gen_fast, count: 1704248
CPU [0] UID 1002 comm: gen_fast, count: 1704300
CPU [0] UID 1002 comm: gen_fast, count: 1704400
CPU [0] UID 1002 comm: gen_fast, count: 1704500
CPU [0] UID 1002 comm: gen_fast, count: 1704602
CPU [0] UID 1002 comm: gen_fast, count: 1704739
CPU [0] UID 1002 comm: gen_fast, count: 1704882
CPU [0] UID 1002 comm: gen_fast, count: 1704900
CPU [0] UID 1002 comm: gen_fast, count: 1705023
CPU [0] UID 1002 comm: gen_fast, count: 1705100
CPU [0] UID 1002 comm: gen_fast, count: 1705215
CPU [0] UID 1002 comm: gen_fast, count: 1705318
CPU [0] UID 1002 comm: gen_fast, count: 1705459
CPU [0] UID 1002 comm: gen_fast, count: 1705604
CPU [0] UID 1002 comm: gen_fast, count: 1705604
CPU [0] UID 1002 comm: gen_fast, count: 1705732
CPU [0] UID 1002 comm: gen_fast, count: 1705887
CPU [0] UID 1002 comm: gen_fast, count: 1705900
CPU [0] UID 1002 comm: gen_fast, count: 1706000
CPU [0] UID 1002 comm: gen_fast, count: 1706100
CPU [0] UID 1002 comm: gen_fast, count: 1706219
CPU [0] UID 1002 comm: gen_fast, count: 1706354
CPU [0] UID 1002 comm: gen_fast, count: 1706400
CPU [0] UID 1002 comm: gen_fast, count: 1706523
CPU [0] UID 1002 comm: gen_fast, count: 1706659
CPU [0] UID 1002 comm: gen_fast, count: 1706700
CPU [0] UID 1002 comm: gen_fast, count: 1706858
CPU [0] UID 1002 comm: gen_fast, count: 1706902
CPU [0] UID 1002 comm: gen_fast, count: 1707042
CPU [0] UID 1002 comm: gen_fast, count: 1707252
CPU [0] UID 1002 comm: gen_fast, count: 1707252
CPU [0] UID 1002 comm: gen_fast, count: 1707300
CPU [0] UID 1002 comm: gen_fast, count: 1707509
CPU [0] UID 1002 comm: gen_fast, count: 1707509
CPU [0] UID 1002 comm: gen_fast, count: 1707611
CPU [0] UID 1002 comm: gen_fast, count: 1707700
CPU [0] UID 1002 comm: gen_fast, count: 1707800
CPU [0] UID 1002 comm: gen_fast, count: 1708001
CPU [0] UID 1002 comm: gen_fast, count: 1708001
CPU [0] UID 1002 comm: gen_fast, count: 1708181
CPU [0] UID 1002 comm: gen_fast, count: 1708200
CPU [0] UID 1002 comm: gen_fast, count: 1708328
CPU [0] UID 1002 comm: gen_fast, count: 1708414
CPU [0] UID 1002 comm: gen_fast, count: 1708504
CPU [0] UID 1002 comm: gen_fast, count: 1708722
CPU [0] UID 1002 comm: gen_fast, count: 1708722
CPU [0] UID 1002 comm: gen_fast, count: 1708934
CPU [0] UID 1002 comm: gen_fast, count: 1708934
CPU [0] UID 1002 comm: gen_fast, count: 1709000
CPU [0] UID 1002 comm: gen_fast, count: 1709100
CPU [0] UID 1002 comm: gen_fast, count: 1709243
CPU [0] UID 1002 comm: gen_fast, count: 1709305
CPU [0] UID 1002 comm: gen_fast, count: 1709437
CPU [0] UID 1002 comm: gen_fast, count: 1709500
CPU [0] UID 1002 comm: gen_fast, count: 1709603
CPU [0] UID 1002 comm: gen_fast, count: 1709775
CPU [0] UID 1002 comm: gen_fast, count: 1709800
CPU [0] UID 1002 comm: gen_fast, count: 1709936
CPU [0] UID 1002 comm: gen_fast, count: 1710000
CPU [0] UID 1002 comm: gen_fast, count: 1710100
CPU [0] UID 1002 comm: gen_fast, count: 1710264
CPU [0] UID 1002 comm: gen_fast, count: 1710300
CPU [0] UID 1002 comm: gen_fast, count: 1710400
CPU [0] UID 1002 comm: gen_fast, count: 1710500
CPU [0] UID 1002 comm: gen_fast, count: 1710672
CPU [0] UID 1002 comm: gen_fast, count: 1710700
CPU [0] UID 1002 comm: gen_fast, count: 1710856
CPU [0] UID 1002 comm: gen_fast, count: 1710900
CPU [0] UID 1002 comm: gen_fast, count: 1711009
CPU [0] UID 1002 comm: gen_fast, count: 1711192
CPU [0] UID 1002 comm: gen_fast, count: 1711200
CPU [0] UID 1002 comm: gen_fast, count: 1711314
CPU [0] UID 1002 comm: gen_fast, count: 1711400
CPU [0] UID 1002 comm: gen_fast, count: 1711500
CPU [0] UID 1002 comm: gen_fast, count: 1711668
CPU [0] UID 1002 comm: gen_fast, count: 1711700
CPU [0] UID 1002 comm: gen_fast, count: 1711878
CPU [0] UID 1002 comm: gen_fast, count: 1711900
CPU [0] UID 1002 comm: gen_fast, count: 1712054
CPU [0] UID 1002 comm: gen_fast, count: 1712212
CPU [0] UID 1002 comm: gen_fast, count: 1712212
CPU [0] UID 1002 comm: gen_fast, count: 1712354
CPU [0] UID 1002 comm: gen_fast, count: 1712400
CPU [0] UID 1002 comm: gen_fast, count: 1712500
CPU [0] UID 1002 comm: gen_fast, count: 1712627
CPU [0] UID 1002 comm: gen_fast, count: 1712774
CPU [0] UID 1002 comm: gen_fast, count: 1712800
CPU [0] UID 1002 comm: gen_fast, count: 1712900
CPU [0] UID 1002 comm: gen_fast, count: 1713059
CPU [0] UID 1002 comm: gen_fast, count: 1713100
CPU [0] UID 1002 comm: gen_fast, count: 1713200
CPU [0] UID 1002 comm: gen_fast, count: 1713320
CPU [0] UID 1002 comm: gen_fast, count: 1713453
CPU [0] UID 1002 comm: gen_fast, count: 1713592
CPU [0] UID 1002 comm: gen_fast, count: 1713600
CPU [0] UID 1002 comm: gen_fast, count: 1713732
CPU [0] UID 1002 comm: gen_fast, count: 1713800
CPU [0] UID 1002 comm: gen_fast, count: 1713900
CPU [0] UID 1002 comm: gen_fast, count: 1714112
CPU [0] UID 1002 comm: gen_fast, count: 1714112
CPU [0] UID 1002 comm: gen_fast, count: 1714226
CPU [0] UID 1002 comm: gen_fast, count: 1714333
CPU [0] UID 1002 comm: gen_fast, count: 1714543
CPU [0] UID 1002 comm: gen_fast, count: 1714543
CPU [0] UID 1002 comm: gen_fast, count: 1714600
CPU [0] UID 1002 comm: gen_fast, count: 1714700
CPU [0] UID 1002 comm: gen_fast, count: 1714800
CPU [0] UID 1002 comm: gen_fast, count: 1714940
CPU [0] UID 1002 comm: gen_fast, count: 1715000
CPU [0] UID 1002 comm: gen_fast, count: 1715132
CPU [0] UID 1002 comm: gen_fast, count: 1715200
CPU [0] UID 1002 comm: gen_fast, count: 1715300
CPU [0] UID 1002 comm: gen_fast, count: 1715400
CPU [0] UID 1002 comm: gen_fast, count: 1715556
CPU [0] UID 1002 comm: gen_fast, count: 1715600
CPU [0] UID 1002 comm: gen_fast, count: 1715721
CPU [0] UID 1002 comm: gen_fast, count: 1715809
CPU [0] UID 1002 comm: gen_fast, count: 1715901
CPU [0] UID 1002 comm: gen_fast, count: 1716000
CPU [0] UID 1002 comm: gen_fast, count: 1716209
CPU [0] UID 1002 comm: gen_fast, count: 1716209
CPU [0] UID 1002 comm: gen_fast, count: 1716300
CPU [0] UID 1002 comm: gen_fast, count: 1716440
CPU [0] UID 1002 comm: gen_fast, count: 1716653
CPU [0] UID 1002 comm: gen_fast, count: 1716653
CPU [0] UID 1002 comm: gen_fast, count: 1716700
CPU [0] UID 1002 comm: gen_fast, count: 1716800
CPU [0] UID 1002 comm: gen_fast, count: 1716940
CPU [0] UID 1002 comm: gen_fast, count: 1717019
CPU [0] UID 1002 comm: gen_fast, count: 1717100
CPU [0] UID 1002 comm: gen_fast, count: 1717200
CPU [0] UID 1002 comm: gen_fast, count: 1717309
CPU [0] UID 1002 comm: gen_fast, count: 1717444
CPU [0] UID 1002 comm: gen_fast, count: 1717500
CPU [0] UID 1002 comm: gen_fast, count: 1717708
CPU [0] UID 1002 comm: gen_fast, count: 1717708
CPU [0] UID 1002 comm: gen_fast, count: 1717846
CPU [0] UID 1002 comm: gen_fast, count: 1717914
CPU [0] UID 1002 comm: gen_fast, count: 1718016
CPU [0] UID 1002 comm: gen_fast, count: 1718194
CPU [0] UID 1002 comm: gen_fast, count: 1718200
CPU [0] UID 1002 comm: gen_fast, count: 1718332
CPU [0] UID 1002 comm: gen_fast, count: 1718400
CPU [0] UID 1002 comm: gen_fast, count: 1718500
CPU [0] UID 1002 comm: gen_fast, count: 1718684
CPU [0] UID 1002 comm: gen_fast, count: 1718700
CPU [0] UID 1002 comm: gen_fast, count: 1718800
CPU [0] UID 1002 comm: gen_fast, count: 1718908
CPU [0] UID 1002 comm: gen_fast, count: 1719000
CPU [0] UID 1002 comm: gen_fast, count: 1719130
CPU [0] UID 1002 comm: gen_fast, count: 1719200
CPU [0] UID 1002 comm: gen_fast, count: 1719354
CPU [0] UID 1002 comm: gen_fast, count: 1719440
CPU [0] UID 1002 comm: gen_fast, count: 1719596
CPU [0] UID 1002 comm: gen_fast, count: 1719600
CPU [0] UID 1002 comm: gen_fast, count: 1719746
CPU [0] UID 1002 comm: gen_fast, count: 1719806
CPU [0] UID 1002 comm: gen_fast, count: 1719920
CPU [0] UID 1002 comm: gen_fast, count: 1720040
CPU [0] UID 1002 comm: gen_fast, count: 1720157
CPU [0] UID 1002 comm: gen_fast, count: 1720202
CPU [0] UID 1002 comm: gen_fast, count: 1720300
CPU [0] UID 1002 comm: gen_fast, count: 1720467
CPU [0] UID 1002 comm: gen_fast, count: 1720500
CPU [0] UID 1002 comm: gen_fast, count: 1720601
CPU [0] UID 1002 comm: gen_fast, count: 1720782
CPU [0] UID 1002 comm: gen_fast, count: 1720800
CPU [0] UID 1002 comm: gen_fast, count: 1720900
CPU [0] UID 1002 comm: gen_fast, count: 1721021
CPU [0] UID 1002 comm: gen_fast, count: 1721148
CPU [0] UID 1002 comm: gen_fast, count: 1721200
CPU [0] UID 1002 comm: gen_fast, count: 1721337
CPU [0] UID 1002 comm: gen_fast, count: 1721400
CPU [0] UID 1002 comm: gen_fast, count: 1721500
CPU [0] UID 1002 comm: gen_fast, count: 1721635
CPU [0] UID 1002 comm: gen_fast, count: 1721722
CPU [0] UID 1002 comm: gen_fast, count: 1721921
CPU [0] UID 1002 comm: gen_fast, count: 1721921
CPU [0] UID 1002 comm: gen_fast, count: 1722000
CPU [0] UID 1002 comm: gen_fast, count: 1722123
CPU [0] UID 1002 comm: gen_fast, count: 1722291
CPU [0] UID 1002 comm: gen_fast, count: 1722300
CPU [0] UID 1002 comm: gen_fast, count: 1722454
CPU [0] UID 1002 comm: gen_fast, count: 1722500
CPU [0] UID 1002 comm: gen_fast, count: 1722600
CPU [0] UID 1002 comm: gen_fast, count: 1722725
CPU [0] UID 1002 comm: gen_fast, count: 1722800
CPU [0] UID 1002 comm: gen_fast, count: 1722900
CPU [0] UID 1002 comm: gen_fast, count: 1723065
CPU [0] UID 1002 comm: gen_fast, count: 1723100
CPU [0] UID 1002 comm: gen_fast, count: 1723252
CPU [0] UID 1002 comm: gen_fast, count: 1723300
CPU [0] UID 1002 comm: gen_fast, count: 1723400
CPU [0] UID 1002 comm: gen_fast, count: 1723500
CPU [0] UID 1002 comm: gen_fast, count: 1723634
CPU [0] UID 1002 comm: gen_fast, count: 1723700
CPU [0] UID 1002 comm: gen_fast, count: 1723800
CPU [0] UID 1002 comm: gen_fast, count: 1723958
CPU [0] UID 1002 comm: gen_fast, count: 1724000
CPU [0] UID 1002 comm: gen_fast, count: 1724231
CPU [0] UID 1002 comm: gen_fast, count: 1724231
CPU [0] UID 1002 comm: gen_fast, count: 1724349
CPU [0] UID 1002 comm: gen_fast, count: 1724400
CPU [0] UID 1002 comm: gen_fast, count: 1724525
CPU [0] UID 1002 comm: gen_fast, count: 1724707
CPU [0] UID 1002 comm: gen_fast, count: 1724707
CPU [0] UID 1002 comm: gen_fast, count: 1724864
CPU [0] UID 1002 comm: gen_fast, count: 1724900
CPU [0] UID 1002 comm: gen_fast, count: 1725075
CPU [0] UID 1002 comm: gen_fast, count: 1725100
CPU [0] UID 1002 comm: gen_fast, count: 1725200
CPU [0] UID 1002 comm: gen_fast, count: 1725300
CPU [0] UID 1002 comm: gen_fast, count: 1725439
CPU [0] UID 1002 comm: gen_fast, count: 1725517
CPU [0] UID 1002 comm: gen_fast, count: 1725605
CPU [0] UID 1002 comm: gen_fast, count: 1725700
CPU [0] UID 1002 comm: gen_fast, count: 1725800
CPU [0] UID 1002 comm: gen_fast, count: 1725973
CPU [0] UID 1002 comm: gen_fast, count: 1726000
CPU [0] UID 1002 comm: gen_fast, count: 1726100
CPU [0] UID 1002 comm: gen_fast, count: 1726224
CPU [0] UID 1002 comm: gen_fast, count: 1726307
CPU [0] UID 1002 comm: gen_fast, count: 1726400
CPU [0] UID 1002 comm: gen_fast, count: 1726515
CPU [0] UID 1002 comm: gen_fast, count: 1726619
CPU [0] UID 1002 comm: gen_fast, count: 1726748
CPU [0] UID 1002 comm: gen_fast, count: 1726853
CPU [0] UID 1002 comm: gen_fast, count: 1726992
CPU [0] UID 1002 comm: gen_fast, count: 1727000
CPU [0] UID 1002 comm: gen_fast, count: 1727100
CPU [0] UID 1002 comm: gen_fast, count: 1727241
CPU [0] UID 1002 comm: gen_fast, count: 1727389
CPU [0] UID 1002 comm: gen_fast, count: 1727400
CPU [0] UID 1002 comm: gen_fast, count: 1727538
CPU [0] UID 1002 comm: gen_fast, count: 1727672
CPU [0] UID 1002 comm: gen_fast, count: 1727700
CPU [0] UID 1002 comm: gen_fast, count: 1727800
CPU [0] UID 1002 comm: gen_fast, count: 1727907
CPU [0] UID 1002 comm: gen_fast, count: 1728040
CPU [0] UID 1002 comm: gen_fast, count: 1728159
CPU [0] UID 1002 comm: gen_fast, count: 1728293
CPU [0] UID 1002 comm: gen_fast, count: 1728300
CPU [0] UID 1002 comm: gen_fast, count: 1728400
CPU [0] UID 1002 comm: gen_fast, count: 1728538
CPU [0] UID 1002 comm: gen_fast, count: 1728643
CPU [0] UID 1002 comm: gen_fast, count: 1728777
CPU [0] UID 1002 comm: gen_fast, count: 1728800
CPU [0] UID 1002 comm: gen_fast, count: 1728900
CPU [0] UID 1002 comm: gen_fast, count: 1729021
CPU [0] UID 1002 comm: gen_fast, count: 1729149
CPU [0] UID 1002 comm: gen_fast, count: 1729278
CPU [0] UID 1002 comm: gen_fast, count: 1729300
CPU [0] UID 1002 comm: gen_fast, count: 1729400
CPU [0] UID 1002 comm: gen_fast, count: 1729510
CPU [0] UID 1002 comm: gen_fast, count: 1729631
CPU [0] UID 1002 comm: gen_fast, count: 1729767
CPU [0] UID 1002 comm: gen_fast, count: 1729800
CPU [0] UID 1002 comm: gen_fast, count: 1729900
CPU [0] UID 1002 comm: gen_fast, count: 1730011
CPU [0] UID 1002 comm: gen_fast, count: 1730138
CPU [0] UID 1002 comm: gen_fast, count: 1730322
CPU [0] UID 1002 comm: gen_fast, count: 1730322
CPU [0] UID 1002 comm: gen_fast, count: 1730400
CPU [0] UID 1002 comm: gen_fast, count: 1730500
CPU [0] UID 1002 comm: gen_fast, count: 1730602
CPU [0] UID 1002 comm: gen_fast, count: 1730798
CPU [0] UID 1002 comm: gen_fast, count: 1730800
CPU [0] UID 1002 comm: gen_fast, count: 1730940
CPU [0] UID 1002 comm: gen_fast, count: 1731132
CPU [0] UID 1002 comm: gen_fast, count: 1731132
CPU [0] UID 1002 comm: gen_fast, count: 1731233
CPU [0] UID 1002 comm: gen_fast, count: 1731300
CPU [0] UID 1002 comm: gen_fast, count: 1731400
CPU [0] UID 1002 comm: gen_fast, count: 1731518
CPU [0] UID 1002 comm: gen_fast, count: 1731669
CPU [0] UID 1002 comm: gen_fast, count: 1731820
CPU [0] UID 1002 comm: gen_fast, count: 1731820
CPU [0] UID 1002 comm: gen_fast, count: 1731966
CPU [0] UID 1002 comm: gen_fast, count: 1732000
CPU [0] UID 1002 comm: gen_fast, count: 1732152
CPU [0] UID 1002 comm: gen_fast, count: 1732200
CPU [0] UID 1002 comm: gen_fast, count: 1732300
CPU [0] UID 1002 comm: gen_fast, count: 1732453
CPU [0] UID 1002 comm: gen_fast, count: 1732500
CPU [0] UID 1002 comm: gen_fast, count: 1732600
CPU [0] UID 1002 comm: gen_fast, count: 1732781
CPU [0] UID 1002 comm: gen_fast, count: 1732800
CPU [0] UID 1002 comm: gen_fast, count: 1732900
CPU [0] UID 1002 comm: gen_fast, count: 1733000
CPU [0] UID 1002 comm: gen_fast, count: 1733208
CPU [0] UID 1002 comm: gen_fast, count: 1733208
CPU [0] UID 1002 comm: gen_fast, count: 1733300
CPU [0] UID 1002 comm: gen_fast, count: 1733492
CPU [0] UID 1002 comm: gen_fast, count: 1733500
CPU [0] UID 1002 comm: gen_fast, count: 1733600
CPU [0] UID 1002 comm: gen_fast, count: 1733700
CPU [0] UID 1002 comm: gen_fast, count: 1733800
CPU [0] UID 1002 comm: gen_fast, count: 1733933
CPU [0] UID 1002 comm: gen_fast, count: 1734077
CPU [0] UID 1002 comm: gen_fast, count: 1734100
CPU [0] UID 1002 comm: gen_fast, count: 1734200
CPU [0] UID 1002 comm: gen_fast, count: 1734333
CPU [0] UID 1002 comm: gen_fast, count: 1734437
CPU [0] UID 1002 comm: gen_fast, count: 1734500
CPU [0] UID 1002 comm: gen_fast, count: 1734611
CPU [0] UID 1002 comm: gen_fast, count: 1734766
CPU [0] UID 1002 comm: gen_fast, count: 1734923
CPU [0] UID 1002 comm: gen_fast, count: 1734923
CPU [0] UID 1002 comm: gen_fast, count: 1735000
CPU [0] UID 1002 comm: gen_fast, count: 1735103
CPU [0] UID 1002 comm: gen_fast, count: 1735243
CPU [0] UID 1002 comm: gen_fast, count: 1735384
CPU [0] UID 1002 comm: gen_fast, count: 1735400
CPU [0] UID 1002 comm: gen_fast, count: 1735506
CPU [0] UID 1002 comm: gen_fast, count: 1735703
CPU [0] UID 1002 comm: gen_fast, count: 1735703
CPU [0] UID 1002 comm: gen_fast, count: 1735845
CPU [0] UID 1002 comm: gen_fast, count: 1735910
CPU [0] UID 1002 comm: gen_fast, count: 1736000
CPU [0] UID 1002 comm: gen_fast, count: 1736140
CPU [0] UID 1002 comm: gen_fast, count: 1736200
CPU [0] UID 1002 comm: gen_fast, count: 1736311
CPU [0] UID 1002 comm: gen_fast, count: 1736400
CPU [0] UID 1002 comm: gen_fast, count: 1736559
CPU [0] UID 1002 comm: gen_fast, count: 1736600
CPU [0] UID 1002 comm: gen_fast, count: 1736700
CPU [0] UID 1002 comm: gen_fast, count: 1736879
CPU [0] UID 1002 comm: gen_fast, count: 1736959
CPU [0] UID 1002 comm: gen_fast, count: 1737034
CPU [0] UID 1002 comm: gen_fast, count: 1737107
CPU [0] UID 1002 comm: gen_fast, count: 1737246
CPU [0] UID 1002 comm: gen_fast, count: 1737361
CPU [0] UID 1002 comm: gen_fast, count: 1737525
CPU [0] UID 1002 comm: gen_fast, count: 1737525
CPU [0] UID 1002 comm: gen_fast, count: 1737731
CPU [0] UID 1002 comm: gen_fast, count: 1737731
CPU [0] UID 1002 comm: gen_fast, count: 1737800
CPU [0] UID 1002 comm: gen_fast, count: 1737900
CPU [0] UID 1002 comm: gen_fast, count: 1738091
CPU [0] UID 1002 comm: gen_fast, count: 1738100
CPU [0] UID 1002 comm: gen_fast, count: 1738326
CPU [0] UID 1002 comm: gen_fast, count: 1738326
CPU [0] UID 1002 comm: gen_fast, count: 1738451
CPU [0] UID 1002 comm: gen_fast, count: 1738517
CPU [0] UID 1002 comm: gen_fast, count: 1738615
CPU [0] UID 1002 comm: gen_fast, count: 1738796
CPU [0] UID 1002 comm: gen_fast, count: 1738800
CPU [0] UID 1002 comm: gen_fast, count: 1738934
CPU [0] UID 1002 comm: gen_fast, count: 1739110
CPU [0] UID 1002 comm: gen_fast, count: 1739110
CPU [0] UID 1002 comm: gen_fast, count: 1739226
CPU [0] UID 1002 comm: gen_fast, count: 1739356
CPU [0] UID 1002 comm: gen_fast, count: 1739481
CPU [0] UID 1002 comm: gen_fast, count: 1739500
CPU [0] UID 1002 comm: gen_fast, count: 1739600
CPU [0] UID 1002 comm: gen_fast, count: 1739736
CPU [0] UID 1002 comm: gen_fast, count: 1739800
CPU [0] UID 1002 comm: gen_fast, count: 1739915
CPU [0] UID 1002 comm: gen_fast, count: 1740022
CPU [0] UID 1002 comm: gen_fast, count: 1740100
CPU [0] UID 1002 comm: gen_fast, count: 1740249
CPU [0] UID 1002 comm: gen_fast, count: 1740300
CPU [0] UID 1002 comm: gen_fast, count: 1740400
CPU [0] UID 1002 comm: gen_fast, count: 1740517
CPU [0] UID 1002 comm: gen_fast, count: 1740600
CPU [0] UID 1002 comm: gen_fast, count: 1740814
CPU [0] UID 1002 comm: gen_fast, count: 1740814
CPU [0] UID 1002 comm: gen_fast, count: 1740915
CPU [0] UID 1002 comm: gen_fast, count: 1741059
CPU [0] UID 1002 comm: gen_fast, count: 1741174
CPU [0] UID 1002 comm: gen_fast, count: 1741200
CPU [0] UID 1002 comm: gen_fast, count: 1741319
CPU [0] UID 1002 comm: gen_fast, count: 1741424
CPU [0] UID 1002 comm: gen_fast, count: 1741559
CPU [0] UID 1002 comm: gen_fast, count: 1741600
CPU [0] UID 1002 comm: gen_fast, count: 1741700
CPU [0] UID 1002 comm: gen_fast, count: 1741822
CPU [0] UID 1002 comm: gen_fast, count: 1741952
CPU [0] UID 1002 comm: gen_fast, count: 1742090
CPU [0] UID 1002 comm: gen_fast, count: 1742100
CPU [0] UID 1002 comm: gen_fast, count: 1742279
CPU [0] UID 1002 comm: gen_fast, count: 1742300
CPU [0] UID 1002 comm: gen_fast, count: 1742400
CPU [0] UID 1002 comm: gen_fast, count: 1742500
CPU [0] UID 1002 comm: gen_fast, count: 1742683
CPU [0] UID 1002 comm: gen_fast, count: 1742700
CPU [0] UID 1002 comm: gen_fast, count: 1742844
CPU [0] UID 1002 comm: gen_fast, count: 1742900
CPU [0] UID 1002 comm: gen_fast, count: 1743000
CPU [0] UID 1002 comm: gen_fast, count: 1743133
CPU [0] UID 1002 comm: gen_fast, count: 1743254
CPU [0] UID 1002 comm: gen_fast, count: 1743315
CPU [0] UID 1002 comm: gen_fast, count: 1743414
CPU [0] UID 1002 comm: gen_fast, count: 1743571
CPU [0] UID 1002 comm: gen_fast, count: 1743600
CPU [0] UID 1002 comm: gen_fast, count: 1743700
CPU [0] UID 1002 comm: gen_fast, count: 1743800
CPU [0] UID 1002 comm: gen_fast, count: 1743935
CPU [0] UID 1002 comm: gen_fast, count: 1744118
CPU [0] UID 1002 comm: gen_fast, count: 1744118
CPU [0] UID 1002 comm: gen_fast, count: 1744200
CPU [0] UID 1002 comm: gen_fast, count: 1744354
CPU [0] UID 1002 comm: gen_fast, count: 1744532
CPU [0] UID 1002 comm: gen_fast, count: 1744532
CPU [0] UID 1002 comm: gen_fast, count: 1744626
CPU [0] UID 1002 comm: gen_fast, count: 1744717
CPU [0] UID 1002 comm: gen_fast, count: 1744800
CPU [0] UID 1002 comm: gen_fast, count: 1744944
CPU [0] UID 1002 comm: gen_fast, count: 1745096
CPU [0] UID 1002 comm: gen_fast, count: 1745100
CPU [0] UID 1002 comm: gen_fast, count: 1745243
CPU [0] UID 1002 comm: gen_fast, count: 1745418
CPU [0] UID 1002 comm: gen_fast, count: 1745418
CPU [0] UID 1002 comm: gen_fast, count: 1745569
CPU [0] UID 1002 comm: gen_fast, count: 1745600
CPU [0] UID 1002 comm: gen_fast, count: 1745747
CPU [0] UID 1002 comm: gen_fast, count: 1745800
CPU [0] UID 1002 comm: gen_fast, count: 1745900
CPU [0] UID 1002 comm: gen_fast, count: 1746000
CPU [0] UID 1002 comm: gen_fast, count: 1746123
CPU [0] UID 1002 comm: gen_fast, count: 1746200
CPU [0] UID 1002 comm: gen_fast, count: 1746306
CPU [0] UID 1002 comm: gen_fast, count: 1746476
CPU [0] UID 1002 comm: gen_fast, count: 1746500
CPU [0] UID 1002 comm: gen_fast, count: 1746608
CPU [0] UID 1002 comm: gen_fast, count: 1746700
CPU [0] UID 1002 comm: gen_fast, count: 1746800
CPU [0] UID 1002 comm: gen_fast, count: 1746948
CPU [0] UID 1002 comm: gen_fast, count: 1747000
CPU [0] UID 1002 comm: gen_fast, count: 1747100
CPU [0] UID 1002 comm: gen_fast, count: 1747200
CPU [0] UID 1002 comm: gen_fast, count: 1747300
CPU [0] UID 1002 comm: gen_fast, count: 1747411
CPU [0] UID 1002 comm: gen_fast, count: 1747543
CPU [0] UID 1002 comm: gen_fast, count: 1747675
CPU [0] UID 1002 comm: gen_fast, count: 1747700
CPU [0] UID 1002 comm: gen_fast, count: 1747800
CPU [0] UID 1002 comm: gen_fast, count: 1747920
CPU [0] UID 1002 comm: gen_fast, count: 1748028
CPU [0] UID 1002 comm: gen_fast, count: 1748138
CPU [0] UID 1002 comm: gen_fast, count: 1748252
CPU [0] UID 1002 comm: gen_fast, count: 1748378
CPU [0] UID 1002 comm: gen_fast, count: 1748400
CPU [0] UID 1002 comm: gen_fast, count: 1748500
CPU [0] UID 1002 comm: gen_fast, count: 1748616
CPU [0] UID 1002 comm: gen_fast, count: 1748700
CPU [0] UID 1002 comm: gen_fast, count: 1748806
CPU [0] UID 1002 comm: gen_fast, count: 1748939
CPU [0] UID 1002 comm: gen_fast, count: 1749053
CPU [0] UID 1002 comm: gen_fast, count: 1749187
CPU [0] UID 1002 comm: gen_fast, count: 1749200
CPU [0] UID 1002 comm: gen_fast, count: 1749318
CPU [0] UID 1002 comm: gen_fast, count: 1749457
CPU [0] UID 1002 comm: gen_fast, count: 1749500
CPU [0] UID 1002 comm: gen_fast, count: 1749600
CPU [0] UID 1002 comm: gen_fast, count: 1749700
CPU [0] UID 1002 comm: gen_fast, count: 1749809
CPU [0] UID 1002 comm: gen_fast, count: 1749927
CPU [0] UID 1002 comm: gen_fast, count: 1750068
CPU [0] UID 1002 comm: gen_fast, count: 1750161
CPU [0] UID 1002 comm: gen_fast, count: 1750200
CPU [0] UID 1002 comm: gen_fast, count: 1750300
CPU [0] UID 1002 comm: gen_fast, count: 1750412
CPU [0] UID 1002 comm: gen_fast, count: 1750500
CPU [0] UID 1002 comm: gen_fast, count: 1750600
CPU [0] UID 1002 comm: gen_fast, count: 1750732
CPU [0] UID 1002 comm: gen_fast, count: 1750800
CPU [0] UID 1002 comm: gen_fast, count: 1750952
CPU [0] UID 1002 comm: gen_fast, count: 1751005
CPU [0] UID 1002 comm: gen_fast, count: 1751141
CPU [0] UID 1002 comm: gen_fast, count: 1751200
CPU [0] UID 1002 comm: gen_fast, count: 1751300
CPU [0] UID 1002 comm: gen_fast, count: 1751462
CPU [0] UID 1002 comm: gen_fast, count: 1751500
CPU [0] UID 1002 comm: gen_fast, count: 1751602
CPU [0] UID 1002 comm: gen_fast, count: 1751700
CPU [0] UID 1002 comm: gen_fast, count: 1751813
CPU [0] UID 1002 comm: gen_fast, count: 1751984
CPU [0] UID 1002 comm: gen_fast, count: 1752000
CPU [0] UID 1002 comm: gen_fast, count: 1752150
CPU [0] UID 1002 comm: gen_fast, count: 1752200
CPU [0] UID 1002 comm: gen_fast, count: 1752320
CPU [0] UID 1002 comm: gen_fast, count: 1752449
CPU [0] UID 1002 comm: gen_fast, count: 1752535
CPU [0] UID 1002 comm: gen_fast, count: 1752601
CPU [0] UID 1002 comm: gen_fast, count: 1752700
CPU [0] UID 1002 comm: gen_fast, count: 1752800
CPU [0] UID 1002 comm: gen_fast, count: 1752943
CPU [0] UID 1002 comm: gen_fast, count: 1753028
CPU [0] UID 1002 comm: gen_fast, count: 1753112
CPU [0] UID 1002 comm: gen_fast, count: 1753200
CPU [0] UID 1002 comm: gen_fast, count: 1753300
CPU [0] UID 1002 comm: gen_fast, count: 1753443
CPU [0] UID 1002 comm: gen_fast, count: 1753526
CPU [0] UID 1002 comm: gen_fast, count: 1753614
CPU [0] UID 1002 comm: gen_fast, count: 1753700
CPU [0] UID 1002 comm: gen_fast, count: 1753800
CPU [0] UID 1002 comm: gen_fast, count: 1753949
CPU [0] UID 1002 comm: gen_fast, count: 1754022
CPU [0] UID 1002 comm: gen_fast, count: 1754206
CPU [0] UID 1002 comm: gen_fast, count: 1754206
CPU [0] UID 1002 comm: gen_fast, count: 1754300
CPU [0] UID 1002 comm: gen_fast, count: 1754455
CPU [0] UID 1002 comm: gen_fast, count: 1754500
CPU [0] UID 1002 comm: gen_fast, count: 1754653
CPU [0] UID 1002 comm: gen_fast, count: 1754852
CPU [0] UID 1002 comm: gen_fast, count: 1754852
CPU [0] UID 1002 comm: gen_fast, count: 1754900
CPU [0] UID 1002 comm: gen_fast, count: 1755000
CPU [0] UID 1002 comm: gen_fast, count: 1755100
CPU [0] UID 1002 comm: gen_fast, count: 1755225
CPU [0] UID 1002 comm: gen_fast, count: 1755300
CPU [0] UID 1002 comm: gen_fast, count: 1755410
CPU [0] UID 1002 comm: gen_fast, count: 1755539
CPU [0] UID 1002 comm: gen_fast, count: 1755692
CPU [0] UID 1002 comm: gen_fast, count: 1755700
CPU [0] UID 1002 comm: gen_fast, count: 1755800
CPU [0] UID 1002 comm: gen_fast, count: 1755911
CPU [0] UID 1002 comm: gen_fast, count: 1756000
CPU [0] UID 1002 comm: gen_fast, count: 1756104
CPU [0] UID 1002 comm: gen_fast, count: 1756241
CPU [0] UID 1002 comm: gen_fast, count: 1756300
CPU [0] UID 1002 comm: gen_fast, count: 1756515
CPU [0] UID 1002 comm: gen_fast, count: 1756515
CPU [0] UID 1002 comm: gen_fast, count: 1756600
CPU [0] UID 1002 comm: gen_fast, count: 1756700
CPU [0] UID 1002 comm: gen_fast, count: 1756820
CPU [0] UID 1002 comm: gen_fast, count: 1756900
CPU [0] UID 1002 comm: gen_fast, count: 1757000
CPU [0] UID 1002 comm: gen_fast, count: 1757112
CPU [0] UID 1002 comm: gen_fast, count: 1757240
CPU [0] UID 1002 comm: gen_fast, count: 1757364
CPU [0] UID 1002 comm: gen_fast, count: 1757515
CPU [0] UID 1002 comm: gen_fast, count: 1757515
CPU [0] UID 1002 comm: gen_fast, count: 1757610
CPU [0] UID 1002 comm: gen_fast, count: 1757700
CPU [0] UID 1002 comm: gen_fast, count: 1757802
CPU [0] UID 1002 comm: gen_fast, count: 1757921
CPU [0] UID 1002 comm: gen_fast, count: 1758051
CPU [0] UID 1002 comm: gen_fast, count: 1758190
CPU [0] UID 1002 comm: gen_fast, count: 1758200
CPU [0] UID 1002 comm: gen_fast, count: 1758340
CPU [0] UID 1002 comm: gen_fast, count: 1758464
CPU [0] UID 1002 comm: gen_fast, count: 1758500
CPU [0] UID 1002 comm: gen_fast, count: 1758600
CPU [0] UID 1002 comm: gen_fast, count: 1758715
CPU [0] UID 1002 comm: gen_fast, count: 1758813
CPU [0] UID 1002 comm: gen_fast, count: 1758991
CPU [0] UID 1002 comm: gen_fast, count: 1759000
CPU [0] UID 1002 comm: gen_fast, count: 1759167
CPU [0] UID 1002 comm: gen_fast, count: 1759200
CPU [0] UID 1002 comm: gen_fast, count: 1759300
CPU [0] UID 1002 comm: gen_fast, count: 1759468
CPU [0] UID 1002 comm: gen_fast, count: 1759500
CPU [0] UID 1002 comm: gen_fast, count: 1759600
CPU [0] UID 1002 comm: gen_fast, count: 1759768
CPU [0] UID 1002 comm: gen_fast, count: 1759800
CPU [0] UID 1002 comm: gen_fast, count: 1759918
CPU [0] UID 1002 comm: gen_fast, count: 1760049
CPU [0] UID 1002 comm: gen_fast, count: 1760100
CPU [0] UID 1002 comm: gen_fast, count: 1760218
CPU [0] UID 1002 comm: gen_fast, count: 1760360
CPU [0] UID 1002 comm: gen_fast, count: 1760412
CPU [0] UID 1002 comm: gen_fast, count: 1760532
CPU [0] UID 1002 comm: gen_fast, count: 1760660
CPU [0] UID 1002 comm: gen_fast, count: 1760857
CPU [0] UID 1002 comm: gen_fast, count: 1760857
CPU [0] UID 1002 comm: gen_fast, count: 1760946
CPU [0] UID 1002 comm: gen_fast, count: 1761002
CPU [0] UID 1002 comm: gen_fast, count: 1761100
CPU [0] UID 1002 comm: gen_fast, count: 1761293
CPU [0] UID 1002 comm: gen_fast, count: 1761300
CPU [0] UID 1002 comm: gen_fast, count: 1761463
CPU [0] UID 1002 comm: gen_fast, count: 1761500
CPU [0] UID 1002 comm: gen_fast, count: 1761635
CPU [0] UID 1002 comm: gen_fast, count: 1761786
CPU [0] UID 1002 comm: gen_fast, count: 1761800
CPU [0] UID 1002 comm: gen_fast, count: 1761986
CPU [0] UID 1002 comm: gen_fast, count: 1762000
CPU [0] UID 1002 comm: gen_fast, count: 1762100
CPU [0] UID 1002 comm: gen_fast, count: 1762263
CPU [0] UID 1002 comm: gen_fast, count: 1762334
CPU [0] UID 1002 comm: gen_fast, count: 1762431
CPU [0] UID 1002 comm: gen_fast, count: 1762616
CPU [0] UID 1002 comm: gen_fast, count: 1762616
CPU [0] UID 1002 comm: gen_fast, count: 1762700
CPU [0] UID 1002 comm: gen_fast, count: 1762844
CPU [0] UID 1002 comm: gen_fast, count: 1762900
CPU [0] UID 1002 comm: gen_fast, count: 1763052
CPU [0] UID 1002 comm: gen_fast, count: 1763103
CPU [0] UID 1002 comm: gen_fast, count: 1763207
CPU [0] UID 1002 comm: gen_fast, count: 1763370
CPU [0] UID 1002 comm: gen_fast, count: 1763400
CPU [0] UID 1002 comm: gen_fast, count: 1763500
CPU [0] UID 1002 comm: gen_fast, count: 1763600
CPU [0] UID 1002 comm: gen_fast, count: 1763747
CPU [0] UID 1002 comm: gen_fast, count: 1763800
CPU [0] UID 1002 comm: gen_fast, count: 1763900
CPU [0] UID 1002 comm: gen_fast, count: 1764051
CPU [0] UID 1002 comm: gen_fast, count: 1764222
CPU [0] UID 1002 comm: gen_fast, count: 1764222
CPU [0] UID 1002 comm: gen_fast, count: 1764300
CPU [0] UID 1002 comm: gen_fast, count: 1764400
CPU [0] UID 1002 comm: gen_fast, count: 1764531
CPU [0] UID 1002 comm: gen_fast, count: 1764619
CPU [0] UID 1002 comm: gen_fast, count: 1764795
CPU [0] UID 1002 comm: gen_fast, count: 1764800
CPU [0] UID 1002 comm: gen_fast, count: 1764932
CPU [0] UID 1002 comm: gen_fast, count: 1765000
CPU [0] UID 1002 comm: gen_fast, count: 1765106
CPU [0] UID 1002 comm: gen_fast, count: 1765292
CPU [0] UID 1002 comm: gen_fast, count: 1765300
CPU [0] UID 1002 comm: gen_fast, count: 1765401
CPU [0] UID 1002 comm: gen_fast, count: 1765500
CPU [0] UID 1002 comm: gen_fast, count: 1765644
CPU [0] UID 1002 comm: gen_fast, count: 1765700
CPU [0] UID 1002 comm: gen_fast, count: 1765824
CPU [0] UID 1002 comm: gen_fast, count: 1765989
CPU [0] UID 1002 comm: gen_fast, count: 1766000
CPU [0] UID 1002 comm: gen_fast, count: 1766171
CPU [0] UID 1002 comm: gen_fast, count: 1766200
CPU [0] UID 1002 comm: gen_fast, count: 1766300
CPU [0] UID 1002 comm: gen_fast, count: 1766400
CPU [0] UID 1002 comm: gen_fast, count: 1766539
CPU [0] UID 1002 comm: gen_fast, count: 1766600
CPU [0] UID 1002 comm: gen_fast, count: 1766700
CPU [0] UID 1002 comm: gen_fast, count: 1766819
CPU [0] UID 1002 comm: gen_fast, count: 1766900
CPU [0] UID 1002 comm: gen_fast, count: 1767000
CPU [0] UID 1002 comm: gen_fast, count: 1767137
CPU [0] UID 1002 comm: gen_fast, count: 1767200
CPU [0] UID 1002 comm: gen_fast, count: 1767314
CPU [0] UID 1002 comm: gen_fast, count: 1767400
CPU [0] UID 1002 comm: gen_fast, count: 1767522
CPU [0] UID 1002 comm: gen_fast, count: 1767614
CPU [0] UID 1002 comm: gen_fast, count: 1767798
CPU [0] UID 1002 comm: gen_fast, count: 1767800
CPU [0] UID 1002 comm: gen_fast, count: 1767954
CPU [0] UID 1002 comm: gen_fast, count: 1768000
CPU [0] UID 1002 comm: gen_fast, count: 1768100
CPU [0] UID 1002 comm: gen_fast, count: 1768265
CPU [0] UID 1002 comm: gen_fast, count: 1768300
CPU [0] UID 1002 comm: gen_fast, count: 1768450
CPU [0] UID 1002 comm: gen_fast, count: 1768500
CPU [0] UID 1002 comm: gen_fast, count: 1768600
CPU [0] UID 1002 comm: gen_fast, count: 1768747
CPU [0] UID 1002 comm: gen_fast, count: 1768946
CPU [0] UID 1002 comm: gen_fast, count: 1768946
CPU [0] UID 1002 comm: gen_fast, count: 1769032
CPU [0] UID 1002 comm: gen_fast, count: 1769225
CPU [0] UID 1002 comm: gen_fast, count: 1769225
CPU [0] UID 1002 comm: gen_fast, count: 1769417
CPU [0] UID 1002 comm: gen_fast, count: 1769417
CPU [0] UID 1002 comm: gen_fast, count: 1769523
CPU [0] UID 1002 comm: gen_fast, count: 1769607
CPU [0] UID 1002 comm: gen_fast, count: 1769700
CPU [0] UID 1002 comm: gen_fast, count: 1769844
CPU [0] UID 1002 comm: gen_fast, count: 1770041
CPU [0] UID 1002 comm: gen_fast, count: 1770041
CPU [0] UID 1002 comm: gen_fast, count: 1770100
CPU [0] UID 1002 comm: gen_fast, count: 1770225
CPU [0] UID 1002 comm: gen_fast, count: 1770300
CPU [0] UID 1002 comm: gen_fast, count: 1770466
CPU [0] UID 1002 comm: gen_fast, count: 1770513
CPU [0] UID 1002 comm: gen_fast, count: 1770618
CPU [0] UID 1002 comm: gen_fast, count: 1770759
CPU [0] UID 1002 comm: gen_fast, count: 1770800
CPU [0] UID 1002 comm: gen_fast, count: 1770926
CPU [0] UID 1002 comm: gen_fast, count: 1771061
CPU [0] UID 1002 comm: gen_fast, count: 1771244
CPU [0] UID 1002 comm: gen_fast, count: 1771244
CPU [0] UID 1002 comm: gen_fast, count: 1771416
CPU [0] UID 1002 comm: gen_fast, count: 1771416
CPU [0] UID 1002 comm: gen_fast, count: 1771525
CPU [0] UID 1002 comm: gen_fast, count: 1771600
CPU [0] UID 1002 comm: gen_fast, count: 1771746
CPU [0] UID 1002 comm: gen_fast, count: 1771890
CPU [0] UID 1002 comm: gen_fast, count: 1771900
CPU [0] UID 1002 comm: gen_fast, count: 1772007
CPU [0] UID 1002 comm: gen_fast, count: 1772126
CPU [0] UID 1002 comm: gen_fast, count: 1772206
CPU [0] UID 1002 comm: gen_fast, count: 1772346
CPU [0] UID 1002 comm: gen_fast, count: 1772400
CPU [0] UID 1002 comm: gen_fast, count: 1772501
CPU [0] UID 1002 comm: gen_fast, count: 1772600
CPU [0] UID 1002 comm: gen_fast, count: 1772718
CPU [0] UID 1002 comm: gen_fast, count: 1772810
CPU [0] UID 1002 comm: gen_fast, count: 1772900
CPU [0] UID 1002 comm: gen_fast, count: 1773008
CPU [0] UID 1002 comm: gen_fast, count: 1773142
CPU [0] UID 1002 comm: gen_fast, count: 1773242
CPU [0] UID 1002 comm: gen_fast, count: 1773366
CPU [0] UID 1002 comm: gen_fast, count: 1773400
CPU [0] UID 1002 comm: gen_fast, count: 1773500
CPU [0] UID 1002 comm: gen_fast, count: 1773641
CPU [0] UID 1002 comm: gen_fast, count: 1773746
CPU [0] UID 1002 comm: gen_fast, count: 1773872
CPU [0] UID 1002 comm: gen_fast, count: 1773900
CPU [0] UID 1002 comm: gen_fast, count: 1774008
CPU [0] UID 1002 comm: gen_fast, count: 1774100
CPU [0] UID 1002 comm: gen_fast, count: 1774200
CPU [0] UID 1002 comm: gen_fast, count: 1774300
CPU [0] UID 1002 comm: gen_fast, count: 1774412
CPU [0] UID 1002 comm: gen_fast, count: 1774503
CPU [0] UID 1002 comm: gen_fast, count: 1774605
CPU [0] UID 1002 comm: gen_fast, count: 1774700
CPU [0] UID 1002 comm: gen_fast, count: 1774803
CPU [0] UID 1002 comm: gen_fast, count: 1774972
CPU [0] UID 1002 comm: gen_fast, count: 1775025
CPU [0] UID 1002 comm: gen_fast, count: 1775144
CPU [0] UID 1002 comm: gen_fast, count: 1775266
CPU [0] UID 1002 comm: gen_fast, count: 1775401
CPU [0] UID 1002 comm: gen_fast, count: 1775401
CPU [0] UID 1002 comm: gen_fast, count: 1775522
CPU [0] UID 1002 comm: gen_fast, count: 1775631
CPU [0] UID 1002 comm: gen_fast, count: 1775762
CPU [0] UID 1002 comm: gen_fast, count: 1775800
CPU [0] UID 1002 comm: gen_fast, count: 1775900
CPU [0] UID 1002 comm: gen_fast, count: 1776000
CPU [0] UID 1002 comm: gen_fast, count: 1776107
CPU [0] UID 1002 comm: gen_fast, count: 1776200
CPU [0] UID 1002 comm: gen_fast, count: 1776317
CPU [0] UID 1002 comm: gen_fast, count: 1776411
CPU [0] UID 1002 comm: gen_fast, count: 1776500
CPU [0] UID 1002 comm: gen_fast, count: 1776603
CPU [0] UID 1002 comm: gen_fast, count: 1776715
CPU [0] UID 1002 comm: gen_fast, count: 1776861
CPU [0] UID 1002 comm: gen_fast, count: 1777006
CPU [0] UID 1002 comm: gen_fast, count: 1777006
CPU [0] UID 1002 comm: gen_fast, count: 1777117
CPU [0] UID 1002 comm: gen_fast, count: 1777241
CPU [0] UID 1002 comm: gen_fast, count: 1777336
CPU [0] UID 1002 comm: gen_fast, count: 1777455
CPU [0] UID 1002 comm: gen_fast, count: 1777596
CPU [0] UID 1002 comm: gen_fast, count: 1777600
CPU [0] UID 1002 comm: gen_fast, count: 1777700
CPU [0] UID 1002 comm: gen_fast, count: 1777800
CPU [0] UID 1002 comm: gen_fast, count: 1777904
CPU [0] UID 1002 comm: gen_fast, count: 1778009
CPU [0] UID 1002 comm: gen_fast, count: 1778100
CPU [0] UID 1002 comm: gen_fast, count: 1778227
CPU [0] UID 1002 comm: gen_fast, count: 1778315
CPU [0] UID 1002 comm: gen_fast, count: 1778430
CPU [0] UID 1002 comm: gen_fast, count: 1778500
CPU [0] UID 1002 comm: gen_fast, count: 1778600
CPU [0] UID 1002 comm: gen_fast, count: 1778700
CPU [0] UID 1002 comm: gen_fast, count: 1778800
CPU [0] UID 1002 comm: gen_fast, count: 1778900
CPU [0] UID 1002 comm: gen_fast, count: 1779012
CPU [0] UID 1002 comm: gen_fast, count: 1779131
CPU [0] UID 1002 comm: gen_fast, count: 1779272
CPU [0] UID 1002 comm: gen_fast, count: 1779332
CPU [0] UID 1002 comm: gen_fast, count: 1779400
CPU [0] UID 1002 comm: gen_fast, count: 1779507
CPU [0] UID 1002 comm: gen_fast, count: 1779635
CPU [0] UID 1002 comm: gen_fast, count: 1779749
CPU [0] UID 1002 comm: gen_fast, count: 1779856
CPU [0] UID 1002 comm: gen_fast, count: 1779984
CPU [0] UID 1002 comm: gen_fast, count: 1780000
CPU [0] UID 1002 comm: gen_fast, count: 1780100
CPU [0] UID 1002 comm: gen_fast, count: 1780225
CPU [0] UID 1002 comm: gen_fast, count: 1780384
CPU [0] UID 1002 comm: gen_fast, count: 1780400
CPU [0] UID 1002 comm: gen_fast, count: 1780535
CPU [0] UID 1002 comm: gen_fast, count: 1780682
CPU [0] UID 1002 comm: gen_fast, count: 1780700
CPU [0] UID 1002 comm: gen_fast, count: 1780835
CPU [0] UID 1002 comm: gen_fast, count: 1780900
CPU [0] UID 1002 comm: gen_fast, count: 1781004
CPU [0] UID 1002 comm: gen_fast, count: 1781115
CPU [0] UID 1002 comm: gen_fast, count: 1781230
CPU [0] UID 1002 comm: gen_fast, count: 1781300
CPU [0] UID 1002 comm: gen_fast, count: 1781424
CPU [0] UID 1002 comm: gen_fast, count: 1781500
CPU [0] UID 1002 comm: gen_fast, count: 1781615
CPU [0] UID 1002 comm: gen_fast, count: 1781708
CPU [0] UID 1002 comm: gen_fast, count: 1781833
CPU [0] UID 1002 comm: gen_fast, count: 1781976
CPU [0] UID 1002 comm: gen_fast, count: 1782000
CPU [0] UID 1002 comm: gen_fast, count: 1782115
CPU [0] UID 1002 comm: gen_fast, count: 1782205
CPU [0] UID 1002 comm: gen_fast, count: 1782333
CPU [0] UID 1002 comm: gen_fast, count: 1782455
CPU [0] UID 1002 comm: gen_fast, count: 1782585
CPU [0] UID 1002 comm: gen_fast, count: 1782600
CPU [0] UID 1002 comm: gen_fast, count: 1782700
CPU [0] UID 1002 comm: gen_fast, count: 1782814
CPU [0] UID 1002 comm: gen_fast, count: 1782922
CPU [0] UID 1002 comm: gen_fast, count: 1783045
CPU [0] UID 1002 comm: gen_fast, count: 1783153
CPU [0] UID 1002 comm: gen_fast, count: 1783279
CPU [0] UID 1002 comm: gen_fast, count: 1783300
CPU [0] UID 1002 comm: gen_fast, count: 1783417
CPU [0] UID 1002 comm: gen_fast, count: 1783537
CPU [0] UID 1002 comm: gen_fast, count: 1783663
CPU [0] UID 1002 comm: gen_fast, count: 1783790
CPU [0] UID 1002 comm: gen_fast, count: 1783800
CPU [0] UID 1002 comm: gen_fast, count: 1783900
CPU [0] UID 1002 comm: gen_fast, count: 1784015
CPU [0] UID 1002 comm: gen_fast, count: 1784117
CPU [0] UID 1002 comm: gen_fast, count: 1784241
CPU [0] UID 1002 comm: gen_fast, count: 1784377
CPU [0] UID 1002 comm: gen_fast, count: 1784400
CPU [0] UID 1002 comm: gen_fast, count: 1784500
CPU [0] UID 1002 comm: gen_fast, count: 1784618
CPU [0] UID 1002 comm: gen_fast, count: 1784750
CPU [0] UID 1002 comm: gen_fast, count: 1784871
CPU [0] UID 1002 comm: gen_fast, count: 1784900
CPU [0] UID 1002 comm: gen_fast, count: 1785000
CPU [0] UID 1002 comm: gen_fast, count: 1785114
CPU [0] UID 1002 comm: gen_fast, count: 1785232
CPU [0] UID 1002 comm: gen_fast, count: 1785356
CPU [0] UID 1002 comm: gen_fast, count: 1785471
CPU [0] UID 1002 comm: gen_fast, count: 1785500
CPU [0] UID 1002 comm: gen_fast, count: 1785600
CPU [0] UID 1002 comm: gen_fast, count: 1785700
CPU [0] UID 1002 comm: gen_fast, count: 1785800
CPU [0] UID 1002 comm: gen_fast, count: 1785907
CPU [0] UID 1002 comm: gen_fast, count: 1786013
CPU [0] UID 1002 comm: gen_fast, count: 1786147
CPU [0] UID 1002 comm: gen_fast, count: 1786200
CPU [0] UID 1002 comm: gen_fast, count: 1786311
CPU [0] UID 1002 comm: gen_fast, count: 1786432
CPU [0] UID 1002 comm: gen_fast, count: 1786572
CPU [0] UID 1002 comm: gen_fast, count: 1786600
CPU [0] UID 1002 comm: gen_fast, count: 1786705
CPU [0] UID 1002 comm: gen_fast, count: 1786800
CPU [0] UID 1002 comm: gen_fast, count: 1786914
CPU [0] UID 1002 comm: gen_fast, count: 1787035
CPU [0] UID 1002 comm: gen_fast, count: 1787130
CPU [0] UID 1002 comm: gen_fast, count: 1787244
CPU [0] UID 1002 comm: gen_fast, count: 1787373
CPU [0] UID 1002 comm: gen_fast, count: 1787411
CPU [0] UID 1002 comm: gen_fast, count: 1787500
CPU [0] UID 1002 comm: gen_fast, count: 1787606
CPU [0] UID 1002 comm: gen_fast, count: 1787709
CPU [0] UID 1002 comm: gen_fast, count: 1787846
CPU [0] UID 1002 comm: gen_fast, count: 1787949
CPU [0] UID 1002 comm: gen_fast, count: 1788076
CPU [0] UID 1002 comm: gen_fast, count: 1788100
CPU [0] UID 1002 comm: gen_fast, count: 1788200
CPU [0] UID 1002 comm: gen_fast, count: 1788300
CPU [0] UID 1002 comm: gen_fast, count: 1788400
CPU [0] UID 1002 comm: gen_fast, count: 1788509
CPU [0] UID 1002 comm: gen_fast, count: 1788614
CPU [0] UID 1002 comm: gen_fast, count: 1788749
CPU [0] UID 1002 comm: gen_fast, count: 1788835
CPU [0] UID 1002 comm: gen_fast, count: 1788961
CPU [0] UID 1002 comm: gen_fast, count: 1789089
CPU [0] UID 1002 comm: gen_fast, count: 1789100
CPU [0] UID 1002 comm: gen_fast, count: 1789200
CPU [0] UID 1002 comm: gen_fast, count: 1789334
CPU [0] UID 1002 comm: gen_fast, count: 1789401
CPU [0] UID 1002 comm: gen_fast, count: 1789531
CPU [0] UID 1002 comm: gen_fast, count: 1789619
CPU [0] UID 1002 comm: gen_fast, count: 1789700
CPU [0] UID 1002 comm: gen_fast, count: 1789803
CPU [0] UID 1002 comm: gen_fast, count: 1789936
CPU [0] UID 1002 comm: gen_fast, count: 1790034
CPU [0] UID 1002 comm: gen_fast, count: 1790160
CPU [0] UID 1002 comm: gen_fast, count: 1790200
CPU [0] UID 1002 comm: gen_fast, count: 1790403
CPU [0] UID 1002 comm: gen_fast, count: 1790403
CPU [0] UID 1002 comm: gen_fast, count: 1790559
CPU [0] UID 1002 comm: gen_fast, count: 1790686
CPU [0] UID 1002 comm: gen_fast, count: 1790700
CPU [0] UID 1002 comm: gen_fast, count: 1790800
CPU [0] UID 1002 comm: gen_fast, count: 1790915
CPU [0] UID 1002 comm: gen_fast, count: 1791030
CPU [0] UID 1002 comm: gen_fast, count: 1791154
CPU [0] UID 1002 comm: gen_fast, count: 1791225
CPU [0] UID 1002 comm: gen_fast, count: 1791375
CPU [0] UID 1002 comm: gen_fast, count: 1791508
CPU [0] UID 1002 comm: gen_fast, count: 1791508
CPU [0] UID 1002 comm: gen_fast, count: 1791600
CPU [0] UID 1002 comm: gen_fast, count: 1791700
CPU [0] UID 1002 comm: gen_fast, count: 1791897
CPU [0] UID 1002 comm: gen_fast, count: 1791900
CPU [0] UID 1002 comm: gen_fast, count: 1792000
CPU [0] UID 1002 comm: gen_fast, count: 1792117
CPU [0] UID 1002 comm: gen_fast, count: 1792234
CPU [0] UID 1002 comm: gen_fast, count: 1792300
CPU [0] UID 1002 comm: gen_fast, count: 1792421
CPU [0] UID 1002 comm: gen_fast, count: 1792569
CPU [0] UID 1002 comm: gen_fast, count: 1792600
CPU [0] UID 1002 comm: gen_fast, count: 1792705
CPU [0] UID 1002 comm: gen_fast, count: 1792830
CPU [0] UID 1002 comm: gen_fast, count: 1792973
CPU [0] UID 1002 comm: gen_fast, count: 1793055
CPU [0] UID 1002 comm: gen_fast, count: 1793211
CPU [0] UID 1002 comm: gen_fast, count: 1793211
CPU [0] UID 1002 comm: gen_fast, count: 1793311
CPU [0] UID 1002 comm: gen_fast, count: 1793400
CPU [0] UID 1002 comm: gen_fast, count: 1793514
CPU [0] UID 1002 comm: gen_fast, count: 1793671
CPU [0] UID 1002 comm: gen_fast, count: 1793700
CPU [0] UID 1002 comm: gen_fast, count: 1793821
CPU [0] UID 1002 comm: gen_fast, count: 1793911
CPU [0] UID 1002 comm: gen_fast, count: 1794000
CPU [0] UID 1002 comm: gen_fast, count: 1794130
CPU [0] UID 1002 comm: gen_fast, count: 1794261
CPU [0] UID 1002 comm: gen_fast, count: 1794417
CPU [0] UID 1002 comm: gen_fast, count: 1794417
CPU [0] UID 1002 comm: gen_fast, count: 1794573
CPU [0] UID 1002 comm: gen_fast, count: 1794600
CPU [0] UID 1002 comm: gen_fast, count: 1794747
CPU [0] UID 1002 comm: gen_fast, count: 1794887
CPU [0] UID 1002 comm: gen_fast, count: 1794900
CPU [0] UID 1002 comm: gen_fast, count: 1795008
CPU [0] UID 1002 comm: gen_fast, count: 1795162
CPU [0] UID 1002 comm: gen_fast, count: 1795224
CPU [0] UID 1002 comm: gen_fast, count: 1795300
CPU [0] UID 1002 comm: gen_fast, count: 1795412
CPU [0] UID 1002 comm: gen_fast, count: 1795500
CPU [0] UID 1002 comm: gen_fast, count: 1795643
CPU [0] UID 1002 comm: gen_fast, count: 1795700
CPU [0] UID 1002 comm: gen_fast, count: 1795817
CPU [0] UID 1002 comm: gen_fast, count: 1795989
CPU [0] UID 1002 comm: gen_fast, count: 1796000
CPU [0] UID 1002 comm: gen_fast, count: 1796100
CPU [0] UID 1002 comm: gen_fast, count: 1796200
CPU [0] UID 1002 comm: gen_fast, count: 1796343
CPU [0] UID 1002 comm: gen_fast, count: 1796400
CPU [0] UID 1002 comm: gen_fast, count: 1796542
CPU [0] UID 1002 comm: gen_fast, count: 1796702
CPU [0] UID 1002 comm: gen_fast, count: 1796702
CPU [0] UID 1002 comm: gen_fast, count: 1796847
CPU [0] UID 1002 comm: gen_fast, count: 1797056
CPU [0] UID 1002 comm: gen_fast, count: 1797056
CPU [0] UID 1002 comm: gen_fast, count: 1797127
CPU [0] UID 1002 comm: gen_fast, count: 1797218
CPU [0] UID 1002 comm: gen_fast, count: 1797300
CPU [0] UID 1002 comm: gen_fast, count: 1797400
CPU [0] UID 1002 comm: gen_fast, count: 1797556
CPU [0] UID 1002 comm: gen_fast, count: 1797600
CPU [0] UID 1002 comm: gen_fast, count: 1797711
CPU [0] UID 1002 comm: gen_fast, count: 1797858
CPU [0] UID 1002 comm: gen_fast, count: 1798047
CPU [0] UID 1002 comm: gen_fast, count: 1798047
CPU [0] UID 1002 comm: gen_fast, count: 1798100
CPU [0] UID 1002 comm: gen_fast, count: 1798244
CPU [0] UID 1002 comm: gen_fast, count: 1798329
CPU [0] UID 1002 comm: gen_fast, count: 1798499
CPU [0] UID 1002 comm: gen_fast, count: 1798500
CPU [0] UID 1002 comm: gen_fast, count: 1798644
CPU [0] UID 1002 comm: gen_fast, count: 1798824
CPU [0] UID 1002 comm: gen_fast, count: 1798824
CPU [0] UID 1002 comm: gen_fast, count: 1799004
CPU [0] UID 1002 comm: gen_fast, count: 1799004
CPU [0] UID 1002 comm: gen_fast, count: 1799116
CPU [0] UID 1002 comm: gen_fast, count: 1799204
CPU [0] UID 1002 comm: gen_fast, count: 1799353
CPU [0] UID 1002 comm: gen_fast, count: 1799414
CPU [0] UID 1002 comm: gen_fast, count: 1799506
CPU [0] UID 1002 comm: gen_fast, count: 1799672
CPU [0] UID 1002 comm: gen_fast, count: 1799700
CPU [0] UID 1002 comm: gen_fast, count: 1799811
CPU [0] UID 1002 comm: gen_fast, count: 1800025
CPU [0] UID 1002 comm: gen_fast, count: 1800025
CPU [0] UID 1002 comm: gen_fast, count: 1800100
CPU [0] UID 1002 comm: gen_fast, count: 1800219
CPU [0] UID 1002 comm: gen_fast, count: 1800309
CPU [0] UID 1002 comm: gen_fast, count: 1800481
CPU [0] UID 1002 comm: gen_fast, count: 1800500
CPU [0] UID 1002 comm: gen_fast, count: 1800684
CPU [0] UID 1002 comm: gen_fast, count: 1800700
CPU [0] UID 1002 comm: gen_fast, count: 1800830
CPU [0] UID 1002 comm: gen_fast, count: 1801000
CPU [0] UID 1002 comm: gen_fast, count: 1801000
CPU [0] UID 1002 comm: gen_fast, count: 1801120
CPU [0] UID 1002 comm: gen_fast, count: 1801200
CPU [0] UID 1002 comm: gen_fast, count: 1801300
CPU [0] UID 1002 comm: gen_fast, count: 1801465
CPU [0] UID 1002 comm: gen_fast, count: 1801500
CPU [0] UID 1002 comm: gen_fast, count: 1801615
CPU [0] UID 1002 comm: gen_fast, count: 1801828
CPU [0] UID 1002 comm: gen_fast, count: 1801828
CPU [0] UID 1002 comm: gen_fast, count: 1801900
CPU [0] UID 1002 comm: gen_fast, count: 1802000
CPU [0] UID 1002 comm: gen_fast, count: 1802159
CPU [0] UID 1002 comm: gen_fast, count: 1802200
CPU [0] UID 1002 comm: gen_fast, count: 1802300
CPU [0] UID 1002 comm: gen_fast, count: 1802413
CPU [0] UID 1002 comm: gen_fast, count: 1802541
CPU [0] UID 1002 comm: gen_fast, count: 1802600
CPU [0] UID 1002 comm: gen_fast, count: 1802700
CPU [0] UID 1002 comm: gen_fast, count: 1802884
CPU [0] UID 1002 comm: gen_fast, count: 1802900
CPU [0] UID 1002 comm: gen_fast, count: 1803000
CPU [0] UID 1002 comm: gen_fast, count: 1803100
CPU [0] UID 1002 comm: gen_fast, count: 1803233
CPU [0] UID 1002 comm: gen_fast, count: 1803409
CPU [0] UID 1002 comm: gen_fast, count: 1803409
CPU [0] UID 1002 comm: gen_fast, count: 1803563
CPU [0] UID 1002 comm: gen_fast, count: 1803600
CPU [0] UID 1002 comm: gen_fast, count: 1803700
CPU [0] UID 1002 comm: gen_fast, count: 1803866
CPU [0] UID 1002 comm: gen_fast, count: 1803900
CPU [0] UID 1002 comm: gen_fast, count: 1804000
CPU [0] UID 1002 comm: gen_fast, count: 1804166
CPU [0] UID 1002 comm: gen_fast, count: 1804200
CPU [0] UID 1002 comm: gen_fast, count: 1804314
CPU [0] UID 1002 comm: gen_fast, count: 1804430
CPU [0] UID 1002 comm: gen_fast, count: 1804537
CPU [0] UID 1002 comm: gen_fast, count: 1804695
CPU [0] UID 1002 comm: gen_fast, count: 1804700
CPU [0] UID 1002 comm: gen_fast, count: 1804800
CPU [0] UID 1002 comm: gen_fast, count: 1804904
CPU [0] UID 1002 comm: gen_fast, count: 1805020
CPU [0] UID 1002 comm: gen_fast, count: 1805139
CPU [0] UID 1002 comm: gen_fast, count: 1805269
CPU [0] UID 1002 comm: gen_fast, count: 1805300
CPU [0] UID 1002 comm: gen_fast, count: 1805400
CPU [0] UID 1002 comm: gen_fast, count: 1805514
CPU [0] UID 1002 comm: gen_fast, count: 1805600
CPU [0] UID 1002 comm: gen_fast, count: 1805756
CPU [0] UID 1002 comm: gen_fast, count: 1805800
CPU [0] UID 1002 comm: gen_fast, count: 1805900
CPU [0] UID 1002 comm: gen_fast, count: 1806019
CPU [0] UID 1002 comm: gen_fast, count: 1806147
CPU [0] UID 1002 comm: gen_fast, count: 1806297
CPU [0] UID 1002 comm: gen_fast, count: 1806300
CPU [0] UID 1002 comm: gen_fast, count: 1806400
CPU [0] UID 1002 comm: gen_fast, count: 1806500
CPU [0] UID 1002 comm: gen_fast, count: 1806618
CPU [0] UID 1002 comm: gen_fast, count: 1806749
CPU [0] UID 1002 comm: gen_fast, count: 1806800
CPU [0] UID 1002 comm: gen_fast, count: 1806958
CPU [0] UID 1002 comm: gen_fast, count: 1807000
CPU [0] UID 1002 comm: gen_fast, count: 1807125
CPU [0] UID 1002 comm: gen_fast, count: 1807227
CPU [0] UID 1002 comm: gen_fast, count: 1807358
CPU [0] UID 1002 comm: gen_fast, count: 1807507
CPU [0] UID 1002 comm: gen_fast, count: 1807507
CPU [0] UID 1002 comm: gen_fast, count: 1807610
CPU [0] UID 1002 comm: gen_fast, count: 1807704
CPU [0] UID 1002 comm: gen_fast, count: 1807826
CPU [0] UID 1002 comm: gen_fast, count: 1807971
CPU [0] UID 1002 comm: gen_fast, count: 1808000
CPU [0] UID 1002 comm: gen_fast, count: 1808100
CPU [0] UID 1002 comm: gen_fast, count: 1808277
CPU [0] UID 1002 comm: gen_fast, count: 1808300
CPU [0] UID 1002 comm: gen_fast, count: 1808416
CPU [0] UID 1002 comm: gen_fast, count: 1808581
CPU [0] UID 1002 comm: gen_fast, count: 1808600
CPU [0] UID 1002 comm: gen_fast, count: 1808729
CPU [0] UID 1002 comm: gen_fast, count: 1808882
CPU [0] UID 1002 comm: gen_fast, count: 1808963
CPU [0] UID 1002 comm: gen_fast, count: 1809000
CPU [0] UID 1002 comm: gen_fast, count: 1809117
CPU [0] UID 1002 comm: gen_fast, count: 1809224
CPU [0] UID 1002 comm: gen_fast, count: 1809396
CPU [0] UID 1002 comm: gen_fast, count: 1809400
CPU [0] UID 1002 comm: gen_fast, count: 1809518
CPU [0] UID 1002 comm: gen_fast, count: 1809695
CPU [0] UID 1002 comm: gen_fast, count: 1809700
CPU [0] UID 1002 comm: gen_fast, count: 1809856
CPU [0] UID 1002 comm: gen_fast, count: 1809900
CPU [0] UID 1002 comm: gen_fast, count: 1810024
CPU [0] UID 1002 comm: gen_fast, count: 1810159
CPU [0] UID 1002 comm: gen_fast, count: 1810206
CPU [0] UID 1002 comm: gen_fast, count: 1810303
CPU [0] UID 1002 comm: gen_fast, count: 1810410
CPU [0] UID 1002 comm: gen_fast, count: 1810539
CPU [0] UID 1002 comm: gen_fast, count: 1810671
CPU [0] UID 1002 comm: gen_fast, count: 1810700
CPU [0] UID 1002 comm: gen_fast, count: 1810849
CPU [0] UID 1002 comm: gen_fast, count: 1810918
CPU [0] UID 1002 comm: gen_fast, count: 1811000
CPU [0] UID 1002 comm: gen_fast, count: 1811125
CPU [0] UID 1002 comm: gen_fast, count: 1811226
CPU [0] UID 1002 comm: gen_fast, count: 1811400
CPU [0] UID 1002 comm: gen_fast, count: 1811400
CPU [0] UID 1002 comm: gen_fast, count: 1811513
CPU [0] UID 1002 comm: gen_fast, count: 1811611
CPU [0] UID 1002 comm: gen_fast, count: 1811787
CPU [0] UID 1002 comm: gen_fast, count: 1811800
CPU [0] UID 1002 comm: gen_fast, count: 1811906
CPU [0] UID 1002 comm: gen_fast, count: 1812000
CPU [0] UID 1002 comm: gen_fast, count: 1812151
CPU [0] UID 1002 comm: gen_fast, count: 1812324
CPU [0] UID 1002 comm: gen_fast, count: 1812324
CPU [0] UID 1002 comm: gen_fast, count: 1812400
CPU [0] UID 1002 comm: gen_fast, count: 1812527
CPU [0] UID 1002 comm: gen_fast, count: 1812612
CPU [0] UID 1002 comm: gen_fast, count: 1812732
CPU [0] UID 1002 comm: gen_fast, count: 1812822
CPU [0] UID 1002 comm: gen_fast, count: 1812900
CPU [0] UID 1002 comm: gen_fast, count: 1813028
CPU [0] UID 1002 comm: gen_fast, count: 1813174
CPU [0] UID 1002 comm: gen_fast, count: 1813200
CPU [0] UID 1002 comm: gen_fast, count: 1813364
CPU [0] UID 1002 comm: gen_fast, count: 1813400
CPU [0] UID 1002 comm: gen_fast, count: 1813536
CPU [0] UID 1002 comm: gen_fast, count: 1813600
CPU [0] UID 1002 comm: gen_fast, count: 1813741
CPU [0] UID 1002 comm: gen_fast, count: 1813800
CPU [0] UID 1002 comm: gen_fast, count: 1813900
CPU [0] UID 1002 comm: gen_fast, count: 1814067
CPU [0] UID 1002 comm: gen_fast, count: 1814100
CPU [0] UID 1002 comm: gen_fast, count: 1814200
CPU [0] UID 1002 comm: gen_fast, count: 1814344
CPU [0] UID 1002 comm: gen_fast, count: 1814410
CPU [0] UID 1002 comm: gen_fast, count: 1814512
CPU [0] UID 1002 comm: gen_fast, count: 1814691
CPU [0] UID 1002 comm: gen_fast, count: 1814700
CPU [0] UID 1002 comm: gen_fast, count: 1814871
CPU [0] UID 1002 comm: gen_fast, count: 1814900
CPU [0] UID 1002 comm: gen_fast, count: 1815000
CPU [0] UID 1002 comm: gen_fast, count: 1815153
CPU [0] UID 1002 comm: gen_fast, count: 1815299
CPU [0] UID 1002 comm: gen_fast, count: 1815300
CPU [0] UID 1002 comm: gen_fast, count: 1815521
CPU [0] UID 1002 comm: gen_fast, count: 1815521
CPU [0] UID 1002 comm: gen_fast, count: 1815662
CPU [0] UID 1002 comm: gen_fast, count: 1815807
CPU [0] UID 1002 comm: gen_fast, count: 1815807
CPU [0] UID 1002 comm: gen_fast, count: 1815900
CPU [0] UID 1002 comm: gen_fast, count: 1816015
CPU [0] UID 1002 comm: gen_fast, count: 1816156
CPU [0] UID 1002 comm: gen_fast, count: 1816207
CPU [0] UID 1002 comm: gen_fast, count: 1816346
CPU [0] UID 1002 comm: gen_fast, count: 1816400
CPU [0] UID 1002 comm: gen_fast, count: 1816572
CPU [0] UID 1002 comm: gen_fast, count: 1816600
CPU [0] UID 1002 comm: gen_fast, count: 1816751
CPU [0] UID 1002 comm: gen_fast, count: 1816942
CPU [0] UID 1002 comm: gen_fast, count: 1816942
CPU [0] UID 1002 comm: gen_fast, count: 1817082
CPU [0] UID 1002 comm: gen_fast, count: 1817100
CPU [0] UID 1002 comm: gen_fast, count: 1817213
CPU [0] UID 1002 comm: gen_fast, count: 1817364
CPU [0] UID 1002 comm: gen_fast, count: 1817400
CPU [0] UID 1002 comm: gen_fast, count: 1817510
CPU [0] UID 1002 comm: gen_fast, count: 1817607
CPU [0] UID 1002 comm: gen_fast, count: 1817730
CPU [0] UID 1002 comm: gen_fast, count: 1817861
CPU [0] UID 1002 comm: gen_fast, count: 1817900
CPU [0] UID 1002 comm: gen_fast, count: 1818002
CPU [0] UID 1002 comm: gen_fast, count: 1818115
CPU [0] UID 1002 comm: gen_fast, count: 1818200
CPU [0] UID 1002 comm: gen_fast, count: 1818329
CPU [0] UID 1002 comm: gen_fast, count: 1818442
CPU [0] UID 1002 comm: gen_fast, count: 1818500
CPU [0] UID 1002 comm: gen_fast, count: 1818606
CPU [0] UID 1002 comm: gen_fast, count: 1818704
CPU [0] UID 1002 comm: gen_fast, count: 1818802
CPU [0] UID 1002 comm: gen_fast, count: 1818935
CPU [0] UID 1002 comm: gen_fast, count: 1819018
CPU [0] UID 1002 comm: gen_fast, count: 1819130
CPU [0] UID 1002 comm: gen_fast, count: 1819237
CPU [0] UID 1002 comm: gen_fast, count: 1819378
CPU [0] UID 1002 comm: gen_fast, count: 1819400
CPU [0] UID 1002 comm: gen_fast, count: 1819509
CPU [0] UID 1002 comm: gen_fast, count: 1819600
CPU [0] UID 1002 comm: gen_fast, count: 1819704
CPU [0] UID 1002 comm: gen_fast, count: 1819822
CPU [0] UID 1002 comm: gen_fast, count: 1819934
CPU [0] UID 1002 comm: gen_fast, count: 1820049
CPU [0] UID 1002 comm: gen_fast, count: 1820100
CPU [0] UID 1002 comm: gen_fast, count: 1820288
CPU [0] UID 1002 comm: gen_fast, count: 1820300
CPU [0] UID 1002 comm: gen_fast, count: 1820435
CPU [0] UID 1002 comm: gen_fast, count: 1820500
CPU [0] UID 1002 comm: gen_fast, count: 1820608
CPU [0] UID 1002 comm: gen_fast, count: 1820756
CPU [0] UID 1002 comm: gen_fast, count: 1820840
CPU [0] UID 1002 comm: gen_fast, count: 1820928
CPU [0] UID 1002 comm: gen_fast, count: 1821011
CPU [0] UID 1002 comm: gen_fast, count: 1821100
CPU [0] UID 1002 comm: gen_fast, count: 1821200
CPU [0] UID 1002 comm: gen_fast, count: 1821300
CPU [0] UID 1002 comm: gen_fast, count: 1821437
CPU [0] UID 1002 comm: gen_fast, count: 1821628
CPU [0] UID 1002 comm: gen_fast, count: 1821628
CPU [0] UID 1002 comm: gen_fast, count: 1821700
CPU [0] UID 1002 comm: gen_fast, count: 1821800
CPU [0] UID 1002 comm: gen_fast, count: 1821901
CPU [0] UID 1002 comm: gen_fast, count: 1822070
CPU [0] UID 1002 comm: gen_fast, count: 1822100
CPU [0] UID 1002 comm: gen_fast, count: 1822250
CPU [0] UID 1002 comm: gen_fast, count: 1822300
CPU [0] UID 1002 comm: gen_fast, count: 1822400
CPU [0] UID 1002 comm: gen_fast, count: 1822521
CPU [0] UID 1002 comm: gen_fast, count: 1822600
CPU [0] UID 1002 comm: gen_fast, count: 1822710
CPU [0] UID 1002 comm: gen_fast, count: 1822829
CPU [0] UID 1002 comm: gen_fast, count: 1823005
CPU [0] UID 1002 comm: gen_fast, count: 1823005
CPU [0] UID 1002 comm: gen_fast, count: 1823173
CPU [0] UID 1002 comm: gen_fast, count: 1823200
CPU [0] UID 1002 comm: gen_fast, count: 1823323
CPU [0] UID 1002 comm: gen_fast, count: 1823486
CPU [0] UID 1002 comm: gen_fast, count: 1823500
CPU [0] UID 1002 comm: gen_fast, count: 1823689
CPU [0] UID 1002 comm: gen_fast, count: 1823700
CPU [0] UID 1002 comm: gen_fast, count: 1823800
CPU [0] UID 1002 comm: gen_fast, count: 1823920
CPU [0] UID 1002 comm: gen_fast, count: 1824000
CPU [0] UID 1002 comm: gen_fast, count: 1824130
CPU [0] UID 1002 comm: gen_fast, count: 1824208
CPU [0] UID 1002 comm: gen_fast, count: 1824300
CPU [0] UID 1002 comm: gen_fast, count: 1824400
CPU [0] UID 1002 comm: gen_fast, count: 1824519
CPU [0] UID 1002 comm: gen_fast, count: 1824609
CPU [0] UID 1002 comm: gen_fast, count: 1824722
CPU [0] UID 1002 comm: gen_fast, count: 1824831
CPU [0] UID 1002 comm: gen_fast, count: 1824900
CPU [0] UID 1002 comm: gen_fast, count: 1825018
CPU [0] UID 1002 comm: gen_fast, count: 1825149
CPU [0] UID 1002 comm: gen_fast, count: 1825269
CPU [0] UID 1002 comm: gen_fast, count: 1825300
CPU [0] UID 1002 comm: gen_fast, count: 1825400
CPU [0] UID 1002 comm: gen_fast, count: 1825610
CPU [0] UID 1002 comm: gen_fast, count: 1825610
CPU [0] UID 1002 comm: gen_fast, count: 1825726
CPU [0] UID 1002 comm: gen_fast, count: 1825844
CPU [0] UID 1002 comm: gen_fast, count: 1825961
CPU [0] UID 1002 comm: gen_fast, count: 1826080
CPU [0] UID 1002 comm: gen_fast, count: 1826100
CPU [0] UID 1002 comm: gen_fast, count: 1826202
CPU [0] UID 1002 comm: gen_fast, count: 1826332
CPU [0] UID 1002 comm: gen_fast, count: 1826451
CPU [0] UID 1002 comm: gen_fast, count: 1826572
CPU [0] UID 1002 comm: gen_fast, count: 1826714
CPU [0] UID 1002 comm: gen_fast, count: 1826714
CPU [0] UID 1002 comm: gen_fast, count: 1826800
CPU [0] UID 1002 comm: gen_fast, count: 1826931
CPU [0] UID 1002 comm: gen_fast, count: 1827050
CPU [0] UID 1002 comm: gen_fast, count: 1827207
CPU [0] UID 1002 comm: gen_fast, count: 1827207
CPU [0] UID 1002 comm: gen_fast, count: 1827300
CPU [0] UID 1002 comm: gen_fast, count: 1827408
CPU [0] UID 1002 comm: gen_fast, count: 1827500
CPU [0] UID 1002 comm: gen_fast, count: 1827637
CPU [0] UID 1002 comm: gen_fast, count: 1827746
CPU [0] UID 1002 comm: gen_fast, count: 1827876
CPU [0] UID 1002 comm: gen_fast, count: 1827900
CPU [0] UID 1002 comm: gen_fast, count: 1828016
CPU [0] UID 1002 comm: gen_fast, count: 1828107
CPU [0] UID 1002 comm: gen_fast, count: 1828231
CPU [0] UID 1002 comm: gen_fast, count: 1828307
CPU [0] UID 1002 comm: gen_fast, count: 1828400
CPU [0] UID 1002 comm: gen_fast, count: 1828521
CPU [0] UID 1002 comm: gen_fast, count: 1828660
CPU [0] UID 1002 comm: gen_fast, count: 1828719
CPU [0] UID 1002 comm: gen_fast, count: 1828843
CPU [0] UID 1002 comm: gen_fast, count: 1828981
CPU [0] UID 1002 comm: gen_fast, count: 1829000
CPU [0] UID 1002 comm: gen_fast, count: 1829102
CPU [0] UID 1002 comm: gen_fast, count: 1829254
CPU [0] UID 1002 comm: gen_fast, count: 1829300
CPU [0] UID 1002 comm: gen_fast, count: 1829400
CPU [0] UID 1002 comm: gen_fast, count: 1829520
CPU [0] UID 1002 comm: gen_fast, count: 1829600
CPU [0] UID 1002 comm: gen_fast, count: 1829715
CPU [0] UID 1002 comm: gen_fast, count: 1829820
CPU [0] UID 1002 comm: gen_fast, count: 1829947
CPU [0] UID 1002 comm: gen_fast, count: 1830000
CPU [0] UID 1002 comm: gen_fast, count: 1830114
CPU [0] UID 1002 comm: gen_fast, count: 1830270
CPU [0] UID 1002 comm: gen_fast, count: 1830300
CPU [0] UID 1002 comm: gen_fast, count: 1830469
CPU [0] UID 1002 comm: gen_fast, count: 1830500
CPU [0] UID 1002 comm: gen_fast, count: 1830600
CPU [0] UID 1002 comm: gen_fast, count: 1830725
CPU [0] UID 1002 comm: gen_fast, count: 1830803
CPU [0] UID 1002 comm: gen_fast, count: 1830913
CPU [0] UID 1002 comm: gen_fast, count: 1831009
CPU [0] UID 1002 comm: gen_fast, count: 1831142
CPU [0] UID 1002 comm: gen_fast, count: 1831254
CPU [0] UID 1002 comm: gen_fast, count: 1831300
CPU [0] UID 1002 comm: gen_fast, count: 1831400
CPU [0] UID 1002 comm: gen_fast, count: 1831514
CPU [0] UID 1002 comm: gen_fast, count: 1831639
CPU [0] UID 1002 comm: gen_fast, count: 1831785
CPU [0] UID 1002 comm: gen_fast, count: 1831848
CPU [0] UID 1002 comm: gen_fast, count: 1831912
CPU [0] UID 1002 comm: gen_fast, count: 1832000
CPU [0] UID 1002 comm: gen_fast, count: 1832100
CPU [0] UID 1002 comm: gen_fast, count: 1832200
CPU [0] UID 1002 comm: gen_fast, count: 1832350
CPU [0] UID 1002 comm: gen_fast, count: 1832400
CPU [0] UID 1002 comm: gen_fast, count: 1832500
CPU [0] UID 1002 comm: gen_fast, count: 1832632
CPU [0] UID 1002 comm: gen_fast, count: 1832700
CPU [0] UID 1002 comm: gen_fast, count: 1832800
CPU [0] UID 1002 comm: gen_fast, count: 1832941
CPU [0] UID 1002 comm: gen_fast, count: 1833108
CPU [0] UID 1002 comm: gen_fast, count: 1833108
CPU [0] UID 1002 comm: gen_fast, count: 1833200
CPU [0] UID 1002 comm: gen_fast, count: 1833300
CPU [0] UID 1002 comm: gen_fast, count: 1833444
CPU [0] UID 1002 comm: gen_fast, count: 1833535
CPU [0] UID 1002 comm: gen_fast, count: 1833735
CPU [0] UID 1002 comm: gen_fast, count: 1833735
CPU [0] UID 1002 comm: gen_fast, count: 1833800
CPU [0] UID 1002 comm: gen_fast, count: 1833900
CPU [0] UID 1002 comm: gen_fast, count: 1834041
CPU [0] UID 1002 comm: gen_fast, count: 1834100
CPU [0] UID 1002 comm: gen_fast, count: 1834215
CPU [0] UID 1002 comm: gen_fast, count: 1834370
CPU [0] UID 1002 comm: gen_fast, count: 1834400
CPU [0] UID 1002 comm: gen_fast, count: 1834531
CPU [0] UID 1002 comm: gen_fast, count: 1834663
CPU [0] UID 1002 comm: gen_fast, count: 1834700
CPU [0] UID 1002 comm: gen_fast, count: 1834809
CPU [0] UID 1002 comm: gen_fast, count: 1835006
CPU [0] UID 1002 comm: gen_fast, count: 1835006
CPU [0] UID 1002 comm: gen_fast, count: 1835102
CPU [0] UID 1002 comm: gen_fast, count: 1835260
CPU [0] UID 1002 comm: gen_fast, count: 1835300
CPU [0] UID 1002 comm: gen_fast, count: 1835422
CPU [0] UID 1002 comm: gen_fast, count: 1835500
CPU [0] UID 1002 comm: gen_fast, count: 1835630
CPU [0] UID 1002 comm: gen_fast, count: 1835784
CPU [0] UID 1002 comm: gen_fast, count: 1835800
CPU [0] UID 1002 comm: gen_fast, count: 1835933
CPU [0] UID 1002 comm: gen_fast, count: 1836126
CPU [0] UID 1002 comm: gen_fast, count: 1836126
CPU [0] UID 1002 comm: gen_fast, count: 1836214
CPU [0] UID 1002 comm: gen_fast, count: 1836300
CPU [0] UID 1002 comm: gen_fast, count: 1836415
CPU [0] UID 1002 comm: gen_fast, count: 1836502
CPU [0] UID 1002 comm: gen_fast, count: 1836688
CPU [0] UID 1002 comm: gen_fast, count: 1836700
CPU [0] UID 1002 comm: gen_fast, count: 1836812
CPU [0] UID 1002 comm: gen_fast, count: 1836965
CPU [0] UID 1002 comm: gen_fast, count: 1837000
CPU [0] UID 1002 comm: gen_fast, count: 1837184
CPU [0] UID 1002 comm: gen_fast, count: 1837200
CPU [0] UID 1002 comm: gen_fast, count: 1837311
CPU [0] UID 1002 comm: gen_fast, count: 1837413
CPU [0] UID 1002 comm: gen_fast, count: 1837500
CPU [0] UID 1002 comm: gen_fast, count: 1837609
CPU [0] UID 1002 comm: gen_fast, count: 1837731
CPU [0] UID 1002 comm: gen_fast, count: 1837800
CPU [0] UID 1002 comm: gen_fast, count: 1837922
CPU [0] UID 1002 comm: gen_fast, count: 1838000
CPU [0] UID 1002 comm: gen_fast, count: 1838124
CPU [0] UID 1002 comm: gen_fast, count: 1838281
CPU [0] UID 1002 comm: gen_fast, count: 1838300
CPU [0] UID 1002 comm: gen_fast, count: 1838459
CPU [0] UID 1002 comm: gen_fast, count: 1838500
CPU [0] UID 1002 comm: gen_fast, count: 1838656
CPU [0] UID 1002 comm: gen_fast, count: 1838837
CPU [0] UID 1002 comm: gen_fast, count: 1838837
CPU [0] UID 1002 comm: gen_fast, count: 1838900
CPU [0] UID 1002 comm: gen_fast, count: 1839031
CPU [0] UID 1002 comm: gen_fast, count: 1839126
CPU [0] UID 1002 comm: gen_fast, count: 1839304
CPU [0] UID 1002 comm: gen_fast, count: 1839304
CPU [0] UID 1002 comm: gen_fast, count: 1839447
CPU [0] UID 1002 comm: gen_fast, count: 1839646
CPU [0] UID 1002 comm: gen_fast, count: 1839646
CPU [0] UID 1002 comm: gen_fast, count: 1839700
CPU [0] UID 1002 comm: gen_fast, count: 1839849
CPU [0] UID 1002 comm: gen_fast, count: 1839912
CPU [0] UID 1002 comm: gen_fast, count: 1840011
CPU [0] UID 1002 comm: gen_fast, count: 1840213
CPU [0] UID 1002 comm: gen_fast, count: 1840213
CPU [0] UID 1002 comm: gen_fast, count: 1840326
CPU [0] UID 1002 comm: gen_fast, count: 1840416
CPU [0] UID 1002 comm: gen_fast, count: 1840500
CPU [0] UID 1002 comm: gen_fast, count: 1840600
CPU [0] UID 1002 comm: gen_fast, count: 1840740
CPU [0] UID 1002 comm: gen_fast, count: 1840800
CPU [0] UID 1002 comm: gen_fast, count: 1840901
CPU [0] UID 1002 comm: gen_fast, count: 1841000
CPU [0] UID 1002 comm: gen_fast, count: 1841126
CPU [0] UID 1002 comm: gen_fast, count: 1841200
CPU [0] UID 1002 comm: gen_fast, count: 1841300
CPU [0] UID 1002 comm: gen_fast, count: 1841482
CPU [0] UID 1002 comm: gen_fast, count: 1841500
CPU [0] UID 1002 comm: gen_fast, count: 1841627
CPU [0] UID 1002 comm: gen_fast, count: 1841700
CPU [0] UID 1002 comm: gen_fast, count: 1841800
CPU [0] UID 1002 comm: gen_fast, count: 1841982
CPU [0] UID 1002 comm: gen_fast, count: 1842000
CPU [0] UID 1002 comm: gen_fast, count: 1842140
CPU [0] UID 1002 comm: gen_fast, count: 1842212
CPU [0] UID 1002 comm: gen_fast, count: 1842300
CPU [0] UID 1002 comm: gen_fast, count: 1842438
CPU [0] UID 1002 comm: gen_fast, count: 1842595
CPU [0] UID 1002 comm: gen_fast, count: 1842600
CPU [0] UID 1002 comm: gen_fast, count: 1842739
CPU [0] UID 1002 comm: gen_fast, count: 1842800
CPU [0] UID 1002 comm: gen_fast, count: 1842913
CPU [0] UID 1002 comm: gen_fast, count: 1843065
CPU [0] UID 1002 comm: gen_fast, count: 1843100
CPU [0] UID 1002 comm: gen_fast, count: 1843235
CPU [0] UID 1002 comm: gen_fast, count: 1843453
CPU [0] UID 1002 comm: gen_fast, count: 1843453
CPU [0] UID 1002 comm: gen_fast, count: 1843655
CPU [0] UID 1002 comm: gen_fast, count: 1843655
CPU [0] UID 1002 comm: gen_fast, count: 1843700
CPU [0] UID 1002 comm: gen_fast, count: 1843895
CPU [0] UID 1002 comm: gen_fast, count: 1843900
CPU [0] UID 1002 comm: gen_fast, count: 1844085
CPU [0] UID 1002 comm: gen_fast, count: 1844100
CPU [0] UID 1002 comm: gen_fast, count: 1844200
CPU [0] UID 1002 comm: gen_fast, count: 1844315
CPU [0] UID 1002 comm: gen_fast, count: 1844504
CPU [0] UID 1002 comm: gen_fast, count: 1844504
CPU [0] UID 1002 comm: gen_fast, count: 1844600
CPU [0] UID 1002 comm: gen_fast, count: 1844761
CPU [0] UID 1002 comm: gen_fast, count: 1844800
CPU [0] UID 1002 comm: gen_fast, count: 1844930
CPU [0] UID 1002 comm: gen_fast, count: 1845000
CPU [0] UID 1002 comm: gen_fast, count: 1845119
CPU [0] UID 1002 comm: gen_fast, count: 1845254
CPU [0] UID 1002 comm: gen_fast, count: 1845300
CPU [0] UID 1002 comm: gen_fast, count: 1845400
CPU [0] UID 1002 comm: gen_fast, count: 1845500
CPU [0] UID 1002 comm: gen_fast, count: 1845606
CPU [0] UID 1002 comm: gen_fast, count: 1845726
CPU [0] UID 1002 comm: gen_fast, count: 1845862
CPU [0] UID 1002 comm: gen_fast, count: 1845900
CPU [0] UID 1002 comm: gen_fast, count: 1846000
CPU [0] UID 1002 comm: gen_fast, count: 1846101
CPU [0] UID 1002 comm: gen_fast, count: 1846221
CPU [0] UID 1002 comm: gen_fast, count: 1846358
CPU [0] UID 1002 comm: gen_fast, count: 1846400
CPU [0] UID 1002 comm: gen_fast, count: 1846500
CPU [0] UID 1002 comm: gen_fast, count: 1846603
CPU [0] UID 1002 comm: gen_fast, count: 1846700
CPU [0] UID 1002 comm: gen_fast, count: 1846804
CPU [0] UID 1002 comm: gen_fast, count: 1846939
CPU [0] UID 1002 comm: gen_fast, count: 1847064
CPU [0] UID 1002 comm: gen_fast, count: 1847100
CPU [0] UID 1002 comm: gen_fast, count: 1847200
CPU [0] UID 1002 comm: gen_fast, count: 1847317
CPU [0] UID 1002 comm: gen_fast, count: 1847429
CPU [0] UID 1002 comm: gen_fast, count: 1847578
CPU [0] UID 1002 comm: gen_fast, count: 1847600
CPU [0] UID 1002 comm: gen_fast, count: 1847732
CPU [0] UID 1002 comm: gen_fast, count: 1847800
CPU [0] UID 1002 comm: gen_fast, count: 1847900
CPU [0] UID 1002 comm: gen_fast, count: 1848000
CPU [0] UID 1002 comm: gen_fast, count: 1848121
CPU [0] UID 1002 comm: gen_fast, count: 1848227
CPU [0] UID 1002 comm: gen_fast, count: 1848361
CPU [0] UID 1002 comm: gen_fast, count: 1848496
CPU [0] UID 1002 comm: gen_fast, count: 1848500
CPU [0] UID 1002 comm: gen_fast, count: 1848635
CPU [0] UID 1002 comm: gen_fast, count: 1848773
CPU [0] UID 1002 comm: gen_fast, count: 1848800
CPU [0] UID 1002 comm: gen_fast, count: 1848900
CPU [0] UID 1002 comm: gen_fast, count: 1849006
CPU [0] UID 1002 comm: gen_fast, count: 1849123
CPU [0] UID 1002 comm: gen_fast, count: 1849266
CPU [0] UID 1002 comm: gen_fast, count: 1849300
CPU [0] UID 1002 comm: gen_fast, count: 1849487
CPU [0] UID 1002 comm: gen_fast, count: 1849500
CPU [0] UID 1002 comm: gen_fast, count: 1849640
CPU [0] UID 1002 comm: gen_fast, count: 1849700
CPU [0] UID 1002 comm: gen_fast, count: 1849817
CPU [0] UID 1002 comm: gen_fast, count: 1849932
CPU [0] UID 1002 comm: gen_fast, count: 1850111
CPU [0] UID 1002 comm: gen_fast, count: 1850111
CPU [0] UID 1002 comm: gen_fast, count: 1850233
CPU [0] UID 1002 comm: gen_fast, count: 1850374
CPU [0] UID 1002 comm: gen_fast, count: 1850400
CPU [0] UID 1002 comm: gen_fast, count: 1850544
CPU [0] UID 1002 comm: gen_fast, count: 1850739
CPU [0] UID 1002 comm: gen_fast, count: 1850739
CPU [0] UID 1002 comm: gen_fast, count: 1850800
CPU [0] UID 1002 comm: gen_fast, count: 1850950
CPU [0] UID 1002 comm: gen_fast, count: 1851011
CPU [0] UID 1002 comm: gen_fast, count: 1851140
CPU [0] UID 1002 comm: gen_fast, count: 1851200
CPU [0] UID 1002 comm: gen_fast, count: 1851308
CPU [0] UID 1002 comm: gen_fast, count: 1851450
CPU [0] UID 1002 comm: gen_fast, count: 1851500
CPU [0] UID 1002 comm: gen_fast, count: 1851600
CPU [0] UID 1002 comm: gen_fast, count: 1851735
CPU [0] UID 1002 comm: gen_fast, count: 1851800
CPU [0] UID 1002 comm: gen_fast, count: 1851909
CPU [0] UID 1002 comm: gen_fast, count: 1852030
CPU [0] UID 1002 comm: gen_fast, count: 1852173
CPU [0] UID 1002 comm: gen_fast, count: 1852200
CPU [0] UID 1002 comm: gen_fast, count: 1852300
CPU [0] UID 1002 comm: gen_fast, count: 1852430
CPU [0] UID 1002 comm: gen_fast, count: 1852549
CPU [0] UID 1002 comm: gen_fast, count: 1852689
CPU [0] UID 1002 comm: gen_fast, count: 1852700
CPU [0] UID 1002 comm: gen_fast, count: 1852814
CPU [0] UID 1002 comm: gen_fast, count: 1852966
CPU [0] UID 1002 comm: gen_fast, count: 1853000
CPU [0] UID 1002 comm: gen_fast, count: 1853118
CPU [0] UID 1002 comm: gen_fast, count: 1853200
CPU [0] UID 1002 comm: gen_fast, count: 1853303
CPU [0] UID 1002 comm: gen_fast, count: 1853425
CPU [0] UID 1002 comm: gen_fast, count: 1853500
CPU [0] UID 1002 comm: gen_fast, count: 1853620
CPU [0] UID 1002 comm: gen_fast, count: 1853758
CPU [0] UID 1002 comm: gen_fast, count: 1853800
CPU [0] UID 1002 comm: gen_fast, count: 1853900
CPU [0] UID 1002 comm: gen_fast, count: 1854011
CPU [0] UID 1002 comm: gen_fast, count: 1854138
CPU [0] UID 1002 comm: gen_fast, count: 1854282
CPU [0] UID 1002 comm: gen_fast, count: 1854300
CPU [0] UID 1002 comm: gen_fast, count: 1854437
CPU [0] UID 1002 comm: gen_fast, count: 1854569
CPU [0] UID 1002 comm: gen_fast, count: 1854600
CPU [0] UID 1002 comm: gen_fast, count: 1854700
CPU [0] UID 1002 comm: gen_fast, count: 1854821
CPU [0] UID 1002 comm: gen_fast, count: 1854952
CPU [0] UID 1002 comm: gen_fast, count: 1855073
CPU [0] UID 1002 comm: gen_fast, count: 1855100
CPU [0] UID 1002 comm: gen_fast, count: 1855208
CPU [0] UID 1002 comm: gen_fast, count: 1855336
CPU [0] UID 1002 comm: gen_fast, count: 1855460
CPU [0] UID 1002 comm: gen_fast, count: 1855500
CPU [0] UID 1002 comm: gen_fast, count: 1855600
CPU [0] UID 1002 comm: gen_fast, count: 1855706
CPU [0] UID 1002 comm: gen_fast, count: 1855820
CPU [0] UID 1002 comm: gen_fast, count: 1855961
CPU [0] UID 1002 comm: gen_fast, count: 1856055
CPU [0] UID 1002 comm: gen_fast, count: 1856100
CPU [0] UID 1002 comm: gen_fast, count: 1856200
CPU [0] UID 1002 comm: gen_fast, count: 1856315
CPU [0] UID 1002 comm: gen_fast, count: 1856410
CPU [0] UID 1002 comm: gen_fast, count: 1856500
CPU [0] UID 1002 comm: gen_fast, count: 1856610
CPU [0] UID 1002 comm: gen_fast, count: 1856730
CPU [0] UID 1002 comm: gen_fast, count: 1856921
CPU [0] UID 1002 comm: gen_fast, count: 1856921
CPU [0] UID 1002 comm: gen_fast, count: 1857000
CPU [0] UID 1002 comm: gen_fast, count: 1857100
CPU [0] UID 1002 comm: gen_fast, count: 1857223
CPU [0] UID 1002 comm: gen_fast, count: 1857413
CPU [0] UID 1002 comm: gen_fast, count: 1857413
CPU [0] UID 1002 comm: gen_fast, count: 1857500
CPU [0] UID 1002 comm: gen_fast, count: 1857667
CPU [0] UID 1002 comm: gen_fast, count: 1857700
CPU [0] UID 1002 comm: gen_fast, count: 1857839
CPU [0] UID 1002 comm: gen_fast, count: 1858024
CPU [0] UID 1002 comm: gen_fast, count: 1858024
CPU [0] UID 1002 comm: gen_fast, count: 1858100
CPU [0] UID 1002 comm: gen_fast, count: 1858236
CPU [0] UID 1002 comm: gen_fast, count: 1858300
CPU [0] UID 1002 comm: gen_fast, count: 1858400
CPU [0] UID 1002 comm: gen_fast, count: 1858574
CPU [0] UID 1002 comm: gen_fast, count: 1858600
CPU [0] UID 1002 comm: gen_fast, count: 1858734
CPU [0] UID 1002 comm: gen_fast, count: 1858878
CPU [0] UID 1002 comm: gen_fast, count: 1858900
CPU [0] UID 1002 comm: gen_fast, count: 1859000
CPU [0] UID 1002 comm: gen_fast, count: 1859119
CPU [0] UID 1002 comm: gen_fast, count: 1859225
CPU [0] UID 1002 comm: gen_fast, count: 1859354
CPU [0] UID 1002 comm: gen_fast, count: 1859459
CPU [0] UID 1002 comm: gen_fast, count: 1859575
CPU [0] UID 1002 comm: gen_fast, count: 1859600
CPU [0] UID 1002 comm: gen_fast, count: 1859700
CPU [0] UID 1002 comm: gen_fast, count: 1859812
CPU [0] UID 1002 comm: gen_fast, count: 1859940
CPU [0] UID 1002 comm: gen_fast, count: 1860067
CPU [0] UID 1002 comm: gen_fast, count: 1860100
CPU [0] UID 1002 comm: gen_fast, count: 1860200
CPU [0] UID 1002 comm: gen_fast, count: 1860323
CPU [0] UID 1002 comm: gen_fast, count: 1860467
CPU [0] UID 1002 comm: gen_fast, count: 1860500
CPU [0] UID 1002 comm: gen_fast, count: 1860626
CPU [0] UID 1002 comm: gen_fast, count: 1860772
CPU [0] UID 1002 comm: gen_fast, count: 1860806
CPU [0] UID 1002 comm: gen_fast, count: 1860902
CPU [0] UID 1002 comm: gen_fast, count: 1861074
CPU [0] UID 1002 comm: gen_fast, count: 1861100
CPU [0] UID 1002 comm: gen_fast, count: 1861201
CPU [0] UID 1002 comm: gen_fast, count: 1861314
CPU [0] UID 1002 comm: gen_fast, count: 1861454
CPU [0] UID 1002 comm: gen_fast, count: 1861600
CPU [0] UID 1002 comm: gen_fast, count: 1861600
CPU [0] UID 1002 comm: gen_fast, count: 1861743
CPU [0] UID 1002 comm: gen_fast, count: 1861882
CPU [0] UID 1002 comm: gen_fast, count: 1861900
CPU [0] UID 1002 comm: gen_fast, count: 1862037
CPU [0] UID 1002 comm: gen_fast, count: 1862170
CPU [0] UID 1002 comm: gen_fast, count: 1862200
CPU [0] UID 1002 comm: gen_fast, count: 1862303
CPU [0] UID 1002 comm: gen_fast, count: 1862414
CPU [0] UID 1002 comm: gen_fast, count: 1862560
CPU [0] UID 1002 comm: gen_fast, count: 1862600
CPU [0] UID 1002 comm: gen_fast, count: 1862700
CPU [0] UID 1002 comm: gen_fast, count: 1862800
CPU [0] UID 1002 comm: gen_fast, count: 1862909
CPU [0] UID 1002 comm: gen_fast, count: 1863078
CPU [0] UID 1002 comm: gen_fast, count: 1863100
CPU [0] UID 1002 comm: gen_fast, count: 1863223
CPU [0] UID 1002 comm: gen_fast, count: 1863414
CPU [0] UID 1002 comm: gen_fast, count: 1863414
CPU [0] UID 1002 comm: gen_fast, count: 1863534
CPU [0] UID 1002 comm: gen_fast, count: 1863705
CPU [0] UID 1002 comm: gen_fast, count: 1863705
CPU [0] UID 1002 comm: gen_fast, count: 1863865
CPU [0] UID 1002 comm: gen_fast, count: 1863900
CPU [0] UID 1002 comm: gen_fast, count: 1864063
CPU [0] UID 1002 comm: gen_fast, count: 1864142
CPU [0] UID 1002 comm: gen_fast, count: 1864231
CPU [0] UID 1002 comm: gen_fast, count: 1864314
CPU [0] UID 1002 comm: gen_fast, count: 1864400
CPU [0] UID 1002 comm: gen_fast, count: 1864500
CPU [0] UID 1002 comm: gen_fast, count: 1864649
CPU [0] UID 1002 comm: gen_fast, count: 1864701
CPU [0] UID 1002 comm: gen_fast, count: 1864804
CPU [0] UID 1002 comm: gen_fast, count: 1864986
CPU [0] UID 1002 comm: gen_fast, count: 1865000
CPU [0] UID 1002 comm: gen_fast, count: 1865199
CPU [0] UID 1002 comm: gen_fast, count: 1865200
CPU [0] UID 1002 comm: gen_fast, count: 1865339
CPU [0] UID 1002 comm: gen_fast, count: 1865470
CPU [0] UID 1002 comm: gen_fast, count: 1865500
CPU [0] UID 1002 comm: gen_fast, count: 1865600
CPU [0] UID 1002 comm: gen_fast, count: 1865708
CPU [0] UID 1002 comm: gen_fast, count: 1865861
CPU [0] UID 1002 comm: gen_fast, count: 1866002
CPU [0] UID 1002 comm: gen_fast, count: 1866002
CPU [0] UID 1002 comm: gen_fast, count: 1866119
CPU [0] UID 1002 comm: gen_fast, count: 1866250
CPU [0] UID 1002 comm: gen_fast, count: 1866365
CPU [0] UID 1002 comm: gen_fast, count: 1866511
CPU [0] UID 1002 comm: gen_fast, count: 1866511
CPU [0] UID 1002 comm: gen_fast, count: 1866600
CPU [0] UID 1002 comm: gen_fast, count: 1866700
CPU [0] UID 1002 comm: gen_fast, count: 1866800
CPU [0] UID 1002 comm: gen_fast, count: 1866905
CPU [0] UID 1002 comm: gen_fast, count: 1867037
CPU [0] UID 1002 comm: gen_fast, count: 1867157
CPU [0] UID 1002 comm: gen_fast, count: 1867284
CPU [0] UID 1002 comm: gen_fast, count: 1867300
CPU [0] UID 1002 comm: gen_fast, count: 1867400
CPU [0] UID 1002 comm: gen_fast, count: 1867526
CPU [0] UID 1002 comm: gen_fast, count: 1867670
CPU [0] UID 1002 comm: gen_fast, count: 1867708
CPU [0] UID 1002 comm: gen_fast, count: 1867800
CPU [0] UID 1002 comm: gen_fast, count: 1867909
CPU [0] UID 1002 comm: gen_fast, count: 1868053
CPU [0] UID 1002 comm: gen_fast, count: 1868100
CPU [0] UID 1002 comm: gen_fast, count: 1868207
CPU [0] UID 1002 comm: gen_fast, count: 1868321
CPU [0] UID 1002 comm: gen_fast, count: 1868400
CPU [0] UID 1002 comm: gen_fast, count: 1868538
CPU [0] UID 1002 comm: gen_fast, count: 1868625
CPU [0] UID 1002 comm: gen_fast, count: 1868700
CPU [0] UID 1002 comm: gen_fast, count: 1868826
CPU [0] UID 1002 comm: gen_fast, count: 1868957
CPU [0] UID 1002 comm: gen_fast, count: 1869000
CPU [0] UID 1002 comm: gen_fast, count: 1869100
CPU [0] UID 1002 comm: gen_fast, count: 1869214
CPU [0] UID 1002 comm: gen_fast, count: 1869354
CPU [0] UID 1002 comm: gen_fast, count: 1869400
CPU [0] UID 1002 comm: gen_fast, count: 1869505
CPU [0] UID 1002 comm: gen_fast, count: 1869685
CPU [0] UID 1002 comm: gen_fast, count: 1869700
CPU [0] UID 1002 comm: gen_fast, count: 1869800
CPU [0] UID 1002 comm: gen_fast, count: 1869900
CPU [0] UID 1002 comm: gen_fast, count: 1870038
CPU [0] UID 1002 comm: gen_fast, count: 1870135
CPU [0] UID 1002 comm: gen_fast, count: 1870200
CPU [0] UID 1002 comm: gen_fast, count: 1870323
CPU [0] UID 1002 comm: gen_fast, count: 1870464
CPU [0] UID 1002 comm: gen_fast, count: 1870610
CPU [0] UID 1002 comm: gen_fast, count: 1870610
CPU [0] UID 1002 comm: gen_fast, count: 1870715
CPU [0] UID 1002 comm: gen_fast, count: 1870800
CPU [0] UID 1002 comm: gen_fast, count: 1870997
CPU [0] UID 1002 comm: gen_fast, count: 1871000
CPU [0] UID 1002 comm: gen_fast, count: 1871182
CPU [0] UID 1002 comm: gen_fast, count: 1871200
CPU [0] UID 1002 comm: gen_fast, count: 1871428
CPU [0] UID 1002 comm: gen_fast, count: 1871428
CPU [0] UID 1002 comm: gen_fast, count: 1871500
CPU [0] UID 1002 comm: gen_fast, count: 1871685
CPU [0] UID 1002 comm: gen_fast, count: 1871700
CPU [0] UID 1002 comm: gen_fast, count: 1871885
CPU [0] UID 1002 comm: gen_fast, count: 1871900
CPU [0] UID 1002 comm: gen_fast, count: 1872078
CPU [0] UID 1002 comm: gen_fast, count: 1872100
CPU [0] UID 1002 comm: gen_fast, count: 1872200
CPU [0] UID 1002 comm: gen_fast, count: 1872354
CPU [0] UID 1002 comm: gen_fast, count: 1872521
CPU [0] UID 1002 comm: gen_fast, count: 1872521
CPU [0] UID 1002 comm: gen_fast, count: 1872617
CPU [0] UID 1002 comm: gen_fast, count: 1872717
CPU [0] UID 1002 comm: gen_fast, count: 1872904
CPU [0] UID 1002 comm: gen_fast, count: 1872904
CPU [0] UID 1002 comm: gen_fast, count: 1873072
CPU [0] UID 1002 comm: gen_fast, count: 1873100
CPU [0] UID 1002 comm: gen_fast, count: 1873208
CPU [0] UID 1002 comm: gen_fast, count: 1873366
CPU [0] UID 1002 comm: gen_fast, count: 1873400
CPU [0] UID 1002 comm: gen_fast, count: 1873561
CPU [0] UID 1002 comm: gen_fast, count: 1873600
CPU [0] UID 1002 comm: gen_fast, count: 1873755
CPU [0] UID 1002 comm: gen_fast, count: 1873800
CPU [0] UID 1002 comm: gen_fast, count: 1873900
CPU [0] UID 1002 comm: gen_fast, count: 1874029
CPU [0] UID 1002 comm: gen_fast, count: 1874108
CPU [0] UID 1002 comm: gen_fast, count: 1874200
CPU [0] UID 1002 comm: gen_fast, count: 1874346
CPU [0] UID 1002 comm: gen_fast, count: 1874400
CPU [0] UID 1002 comm: gen_fast, count: 1874526
CPU [0] UID 1002 comm: gen_fast, count: 1874716
CPU [0] UID 1002 comm: gen_fast, count: 1874716
CPU [0] UID 1002 comm: gen_fast, count: 1874831
CPU [0] UID 1002 comm: gen_fast, count: 1874900
CPU [0] UID 1002 comm: gen_fast, count: 1875000
CPU [0] UID 1002 comm: gen_fast, count: 1875204
CPU [0] UID 1002 comm: gen_fast, count: 1875204
CPU [0] UID 1002 comm: gen_fast, count: 1875397
CPU [0] UID 1002 comm: gen_fast, count: 1875400
CPU [0] UID 1002 comm: gen_fast, count: 1875526
CPU [0] UID 1002 comm: gen_fast, count: 1875609
CPU [0] UID 1002 comm: gen_fast, count: 1875700
CPU [0] UID 1002 comm: gen_fast, count: 1875800
CPU [0] UID 1002 comm: gen_fast, count: 1875900
CPU [0] UID 1002 comm: gen_fast, count: 1876068
CPU [0] UID 1002 comm: gen_fast, count: 1876100
CPU [0] UID 1002 comm: gen_fast, count: 1876243
CPU [0] UID 1002 comm: gen_fast, count: 1876300
CPU [0] UID 1002 comm: gen_fast, count: 1876411
CPU [0] UID 1002 comm: gen_fast, count: 1876574
CPU [0] UID 1002 comm: gen_fast, count: 1876600
CPU [0] UID 1002 comm: gen_fast, count: 1876709
CPU [0] UID 1002 comm: gen_fast, count: 1876859
CPU [0] UID 1002 comm: gen_fast, count: 1876919
CPU [0] UID 1002 comm: gen_fast, count: 1877042
CPU [0] UID 1002 comm: gen_fast, count: 1877100
CPU [0] UID 1002 comm: gen_fast, count: 1877200
CPU [0] UID 1002 comm: gen_fast, count: 1877300
CPU [0] UID 1002 comm: gen_fast, count: 1877400
CPU [0] UID 1002 comm: gen_fast, count: 1877522
CPU [0] UID 1002 comm: gen_fast, count: 1877605
CPU [0] UID 1002 comm: gen_fast, count: 1877781
CPU [0] UID 1002 comm: gen_fast, count: 1877800
CPU [0] UID 1002 comm: gen_fast, count: 1877900
CPU [0] UID 1002 comm: gen_fast, count: 1878033
CPU [0] UID 1002 comm: gen_fast, count: 1878125
CPU [0] UID 1002 comm: gen_fast, count: 1878216
CPU [0] UID 1002 comm: gen_fast, count: 1878300
CPU [0] UID 1002 comm: gen_fast, count: 1878424
CPU [0] UID 1002 comm: gen_fast, count: 1878500
CPU [0] UID 1002 comm: gen_fast, count: 1878609
CPU [0] UID 1002 comm: gen_fast, count: 1878765
CPU [0] UID 1002 comm: gen_fast, count: 1878800
CPU [0] UID 1002 comm: gen_fast, count: 1878922
CPU [0] UID 1002 comm: gen_fast, count: 1879135
CPU [0] UID 1002 comm: gen_fast, count: 1879135
CPU [0] UID 1002 comm: gen_fast, count: 1879337
CPU [0] UID 1002 comm: gen_fast, count: 1879337
CPU [0] UID 1002 comm: gen_fast, count: 1879400
CPU [0] UID 1002 comm: gen_fast, count: 1879500
CPU [0] UID 1002 comm: gen_fast, count: 1879653
CPU [0] UID 1002 comm: gen_fast, count: 1879776
CPU [0] UID 1002 comm: gen_fast, count: 1879800
CPU [0] UID 1002 comm: gen_fast, count: 1879900
CPU [0] UID 1002 comm: gen_fast, count: 1880000
CPU [0] UID 1002 comm: gen_fast, count: 1880119
CPU [0] UID 1002 comm: gen_fast, count: 1880248
CPU [0] UID 1002 comm: gen_fast, count: 1880326
CPU [0] UID 1002 comm: gen_fast, count: 1880478
CPU [0] UID 1002 comm: gen_fast, count: 1880500
CPU [0] UID 1002 comm: gen_fast, count: 1880656
CPU [0] UID 1002 comm: gen_fast, count: 1880700
CPU [0] UID 1002 comm: gen_fast, count: 1880845
CPU [0] UID 1002 comm: gen_fast, count: 1880900
CPU [0] UID 1002 comm: gen_fast, count: 1881002
CPU [0] UID 1002 comm: gen_fast, count: 1881160
CPU [0] UID 1002 comm: gen_fast, count: 1881200
CPU [0] UID 1002 comm: gen_fast, count: 1881300
CPU [0] UID 1002 comm: gen_fast, count: 1881450
CPU [0] UID 1002 comm: gen_fast, count: 1881500
CPU [0] UID 1002 comm: gen_fast, count: 1881605
CPU [0] UID 1002 comm: gen_fast, count: 1881774
CPU [0] UID 1002 comm: gen_fast, count: 1881800
CPU [0] UID 1002 comm: gen_fast, count: 1881917
CPU [0] UID 1002 comm: gen_fast, count: 1882054
CPU [0] UID 1002 comm: gen_fast, count: 1882100
CPU [0] UID 1002 comm: gen_fast, count: 1882209
CPU [0] UID 1002 comm: gen_fast, count: 1882355
CPU [0] UID 1002 comm: gen_fast, count: 1882427
CPU [0] UID 1002 comm: gen_fast, count: 1882513
CPU [0] UID 1002 comm: gen_fast, count: 1882651
CPU [0] UID 1002 comm: gen_fast, count: 1882807
CPU [0] UID 1002 comm: gen_fast, count: 1882807
CPU [0] UID 1002 comm: gen_fast, count: 1882906
CPU [0] UID 1002 comm: gen_fast, count: 1883067
CPU [0] UID 1002 comm: gen_fast, count: 1883100
CPU [0] UID 1002 comm: gen_fast, count: 1883244
CPU [0] UID 1002 comm: gen_fast, count: 1883356
CPU [0] UID 1002 comm: gen_fast, count: 1883492
CPU [0] UID 1002 comm: gen_fast, count: 1883500
CPU [0] UID 1002 comm: gen_fast, count: 1883637
CPU [0] UID 1002 comm: gen_fast, count: 1883820
CPU [0] UID 1002 comm: gen_fast, count: 1883820
CPU [0] UID 1002 comm: gen_fast, count: 1883947
CPU [0] UID 1002 comm: gen_fast, count: 1884016
CPU [0] UID 1002 comm: gen_fast, count: 1884100
CPU [0] UID 1002 comm: gen_fast, count: 1884200
CPU [0] UID 1002 comm: gen_fast, count: 1884346
CPU [0] UID 1002 comm: gen_fast, count: 1884407
CPU [0] UID 1002 comm: gen_fast, count: 1884500
CPU [0] UID 1002 comm: gen_fast, count: 1884616
CPU [0] UID 1002 comm: gen_fast, count: 1884700
CPU [0] UID 1002 comm: gen_fast, count: 1884800
CPU [0] UID 1002 comm: gen_fast, count: 1884903
CPU [0] UID 1002 comm: gen_fast, count: 1885009
CPU [0] UID 1002 comm: gen_fast, count: 1885102
CPU [0] UID 1002 comm: gen_fast, count: 1885257
CPU [0] UID 1002 comm: gen_fast, count: 1885397
CPU [0] UID 1002 comm: gen_fast, count: 1885400
CPU [0] UID 1002 comm: gen_fast, count: 1885510
CPU [0] UID 1002 comm: gen_fast, count: 1885600
CPU [0] UID 1002 comm: gen_fast, count: 1885748
CPU [0] UID 1002 comm: gen_fast, count: 1885879
CPU [0] UID 1002 comm: gen_fast, count: 1885900
CPU [0] UID 1002 comm: gen_fast, count: 1886031
CPU [0] UID 1002 comm: gen_fast, count: 1886167
CPU [0] UID 1002 comm: gen_fast, count: 1886200
CPU [0] UID 1002 comm: gen_fast, count: 1886326
CPU [0] UID 1002 comm: gen_fast, count: 1886499
CPU [0] UID 1002 comm: gen_fast, count: 1886500
CPU [0] UID 1002 comm: gen_fast, count: 1886625
CPU [0] UID 1002 comm: gen_fast, count: 1886788
CPU [0] UID 1002 comm: gen_fast, count: 1886800
CPU [0] UID 1002 comm: gen_fast, count: 1886971
CPU [0] UID 1002 comm: gen_fast, count: 1887000
CPU [0] UID 1002 comm: gen_fast, count: 1887178
CPU [0] UID 1002 comm: gen_fast, count: 1887200
CPU [0] UID 1002 comm: gen_fast, count: 1887324
CPU [0] UID 1002 comm: gen_fast, count: 1887463
CPU [0] UID 1002 comm: gen_fast, count: 1887500
CPU [0] UID 1002 comm: gen_fast, count: 1887619
CPU [0] UID 1002 comm: gen_fast, count: 1887700
CPU [0] UID 1002 comm: gen_fast, count: 1887849
CPU [0] UID 1002 comm: gen_fast, count: 1887900
CPU [0] UID 1002 comm: gen_fast, count: 1888030
CPU [0] UID 1002 comm: gen_fast, count: 1888100
CPU [0] UID 1002 comm: gen_fast, count: 1888229
CPU [0] UID 1002 comm: gen_fast, count: 1888314
CPU [0] UID 1002 comm: gen_fast, count: 1888502
CPU [0] UID 1002 comm: gen_fast, count: 1888502
CPU [0] UID 1002 comm: gen_fast, count: 1888600
CPU [0] UID 1002 comm: gen_fast, count: 1888730
CPU [0] UID 1002 comm: gen_fast, count: 1888893
CPU [0] UID 1002 comm: gen_fast, count: 1888900
CPU [0] UID 1002 comm: gen_fast, count: 1889000
CPU [0] UID 1002 comm: gen_fast, count: 1889132
CPU [0] UID 1002 comm: gen_fast, count: 1889201
CPU [0] UID 1002 comm: gen_fast, count: 1889305
CPU [0] UID 1002 comm: gen_fast, count: 1889491
CPU [0] UID 1002 comm: gen_fast, count: 1889500
CPU [0] UID 1002 comm: gen_fast, count: 1889685
CPU [0] UID 1002 comm: gen_fast, count: 1889700
CPU [0] UID 1002 comm: gen_fast, count: 1889811
CPU [0] UID 1002 comm: gen_fast, count: 1890010
CPU [0] UID 1002 comm: gen_fast, count: 1890010
CPU [0] UID 1002 comm: gen_fast, count: 1890222
CPU [0] UID 1002 comm: gen_fast, count: 1890222
CPU [0] UID 1002 comm: gen_fast, count: 1890337
CPU [0] UID 1002 comm: gen_fast, count: 1890453
CPU [0] UID 1002 comm: gen_fast, count: 1890608
CPU [0] UID 1002 comm: gen_fast, count: 1890608
CPU [0] UID 1002 comm: gen_fast, count: 1890731
CPU [0] UID 1002 comm: gen_fast, count: 1890913
CPU [0] UID 1002 comm: gen_fast, count: 1890913
CPU [0] UID 1002 comm: gen_fast, count: 1891061
CPU [0] UID 1002 comm: gen_fast, count: 1891100
CPU [0] UID 1002 comm: gen_fast, count: 1891207
CPU [0] UID 1002 comm: gen_fast, count: 1891377
CPU [0] UID 1002 comm: gen_fast, count: 1891400
CPU [0] UID 1002 comm: gen_fast, count: 1891528
CPU [0] UID 1002 comm: gen_fast, count: 1891714
CPU [0] UID 1002 comm: gen_fast, count: 1891714
CPU [0] UID 1002 comm: gen_fast, count: 1891845
CPU [0] UID 1002 comm: gen_fast, count: 1891932
CPU [0] UID 1002 comm: gen_fast, count: 1892018
CPU [0] UID 1002 comm: gen_fast, count: 1892100
CPU [0] UID 1002 comm: gen_fast, count: 1892200
CPU [0] UID 1002 comm: gen_fast, count: 1892368
CPU [0] UID 1002 comm: gen_fast, count: 1892400
CPU [0] UID 1002 comm: gen_fast, count: 1892524
CPU [0] UID 1002 comm: gen_fast, count: 1892709
CPU [0] UID 1002 comm: gen_fast, count: 1892709
CPU [0] UID 1002 comm: gen_fast, count: 1892836
CPU [0] UID 1002 comm: gen_fast, count: 1892924
CPU [0] UID 1002 comm: gen_fast, count: 1893101
CPU [0] UID 1002 comm: gen_fast, count: 1893101
CPU [0] UID 1002 comm: gen_fast, count: 1893258
CPU [0] UID 1002 comm: gen_fast, count: 1893300
CPU [0] UID 1002 comm: gen_fast, count: 1893412
CPU [0] UID 1002 comm: gen_fast, count: 1893594
CPU [0] UID 1002 comm: gen_fast, count: 1893600
CPU [0] UID 1002 comm: gen_fast, count: 1893741
CPU [0] UID 1002 comm: gen_fast, count: 1893915
CPU [0] UID 1002 comm: gen_fast, count: 1893915
CPU [0] UID 1002 comm: gen_fast, count: 1894000
CPU [0] UID 1002 comm: gen_fast, count: 1894114
CPU [0] UID 1002 comm: gen_fast, count: 1894200
CPU [0] UID 1002 comm: gen_fast, count: 1894300
CPU [0] UID 1002 comm: gen_fast, count: 1894400
CPU [0] UID 1002 comm: gen_fast, count: 1894583
CPU [0] UID 1002 comm: gen_fast, count: 1894600
CPU [0] UID 1002 comm: gen_fast, count: 1894781
CPU [0] UID 1002 comm: gen_fast, count: 1894800
CPU [0] UID 1002 comm: gen_fast, count: 1894900
CPU [0] UID 1002 comm: gen_fast, count: 1895006
CPU [0] UID 1002 comm: gen_fast, count: 1895172
CPU [0] UID 1002 comm: gen_fast, count: 1895200
CPU [0] UID 1002 comm: gen_fast, count: 1895309
CPU [0] UID 1002 comm: gen_fast, count: 1895505
CPU [0] UID 1002 comm: gen_fast, count: 1895505
CPU [0] UID 1002 comm: gen_fast, count: 1895673
CPU [0] UID 1002 comm: gen_fast, count: 1895700
CPU [0] UID 1002 comm: gen_fast, count: 1895800
CPU [0] UID 1002 comm: gen_fast, count: 1895941
CPU [0] UID 1002 comm: gen_fast, count: 1896123
CPU [0] UID 1002 comm: gen_fast, count: 1896123
CPU [0] UID 1002 comm: gen_fast, count: 1896221
CPU [0] UID 1002 comm: gen_fast, count: 1896316
CPU [0] UID 1002 comm: gen_fast, count: 1896488
CPU [0] UID 1002 comm: gen_fast, count: 1896500
CPU [0] UID 1002 comm: gen_fast, count: 1896600
CPU [0] UID 1002 comm: gen_fast, count: 1896746
CPU [0] UID 1002 comm: gen_fast, count: 1896808
CPU [0] UID 1002 comm: gen_fast, count: 1896900
CPU [0] UID 1002 comm: gen_fast, count: 1897016
CPU [0] UID 1002 comm: gen_fast, count: 1897137
CPU [0] UID 1002 comm: gen_fast, count: 1897202
CPU [0] UID 1002 comm: gen_fast, count: 1897334
CPU [0] UID 1002 comm: gen_fast, count: 1897481
CPU [0] UID 1002 comm: gen_fast, count: 1897500
CPU [0] UID 1002 comm: gen_fast, count: 1897613
CPU [0] UID 1002 comm: gen_fast, count: 1897732
CPU [0] UID 1002 comm: gen_fast, count: 1897853
CPU [0] UID 1002 comm: gen_fast, count: 1897900
CPU [0] UID 1002 comm: gen_fast, count: 1898000
CPU [0] UID 1002 comm: gen_fast, count: 1898135
CPU [0] UID 1002 comm: gen_fast, count: 1898200
CPU [0] UID 1002 comm: gen_fast, count: 1898300
CPU [0] UID 1002 comm: gen_fast, count: 1898482
CPU [0] UID 1002 comm: gen_fast, count: 1898500
CPU [0] UID 1002 comm: gen_fast, count: 1898624
CPU [0] UID 1002 comm: gen_fast, count: 1898700
CPU [0] UID 1002 comm: gen_fast, count: 1898837
CPU [0] UID 1002 comm: gen_fast, count: 1898900
CPU [0] UID 1002 comm: gen_fast, count: 1899000
CPU [0] UID 1002 comm: gen_fast, count: 1899129
CPU [0] UID 1002 comm: gen_fast, count: 1899280
CPU [0] UID 1002 comm: gen_fast, count: 1899300
CPU [0] UID 1002 comm: gen_fast, count: 1899473
CPU [0] UID 1002 comm: gen_fast, count: 1899500
CPU [0] UID 1002 comm: gen_fast, count: 1899658
CPU [0] UID 1002 comm: gen_fast, count: 1899731
CPU [0] UID 1002 comm: gen_fast, count: 1899800
CPU [0] UID 1002 comm: gen_fast, count: 1899907
CPU [0] UID 1002 comm: gen_fast, count: 1900000
CPU [0] UID 1002 comm: gen_fast, count: 1900149
CPU [0] UID 1002 comm: gen_fast, count: 1900205
CPU [0] UID 1002 comm: gen_fast, count: 1900324
CPU [0] UID 1002 comm: gen_fast, count: 1900514
CPU [0] UID 1002 comm: gen_fast, count: 1900514
CPU [0] UID 1002 comm: gen_fast, count: 1900628
CPU [0] UID 1002 comm: gen_fast, count: 1900781
CPU [0] UID 1002 comm: gen_fast, count: 1900800
CPU [0] UID 1002 comm: gen_fast, count: 1900968
CPU [0] UID 1002 comm: gen_fast, count: 1901000
CPU [0] UID 1002 comm: gen_fast, count: 1901159
CPU [0] UID 1002 comm: gen_fast, count: 1901200
CPU [0] UID 1002 comm: gen_fast, count: 1901300
CPU [0] UID 1002 comm: gen_fast, count: 1901400
CPU [0] UID 1002 comm: gen_fast, count: 1901581
CPU [0] UID 1002 comm: gen_fast, count: 1901600
CPU [0] UID 1002 comm: gen_fast, count: 1901700
CPU [0] UID 1002 comm: gen_fast, count: 1901800
CPU [0] UID 1002 comm: gen_fast, count: 1901924
CPU [0] UID 1002 comm: gen_fast, count: 1902085
CPU [0] UID 1002 comm: gen_fast, count: 1902100
CPU [0] UID 1002 comm: gen_fast, count: 1902251
CPU [0] UID 1002 comm: gen_fast, count: 1902301
CPU [0] UID 1002 comm: gen_fast, count: 1902401
CPU [0] UID 1002 comm: gen_fast, count: 1902546
CPU [0] UID 1002 comm: gen_fast, count: 1902600
CPU [0] UID 1002 comm: gen_fast, count: 1902829
CPU [0] UID 1002 comm: gen_fast, count: 1902829
CPU [0] UID 1002 comm: gen_fast, count: 1902937
CPU [0] UID 1002 comm: gen_fast, count: 1903020
CPU [0] UID 1002 comm: gen_fast, count: 1903101
CPU [0] UID 1002 comm: gen_fast, count: 1903247
CPU [0] UID 1002 comm: gen_fast, count: 1903335
CPU [0] UID 1002 comm: gen_fast, count: 1903487
CPU [0] UID 1002 comm: gen_fast, count: 1903500
CPU [0] UID 1002 comm: gen_fast, count: 1903641
CPU [0] UID 1002 comm: gen_fast, count: 1903771
CPU [0] UID 1002 comm: gen_fast, count: 1903800
CPU [0] UID 1002 comm: gen_fast, count: 1903900
CPU [0] UID 1002 comm: gen_fast, count: 1904000
CPU [0] UID 1002 comm: gen_fast, count: 1904106
CPU [0] UID 1002 comm: gen_fast, count: 1904203
CPU [0] UID 1002 comm: gen_fast, count: 1904378
CPU [0] UID 1002 comm: gen_fast, count: 1904400
CPU [0] UID 1002 comm: gen_fast, count: 1904505
CPU [0] UID 1002 comm: gen_fast, count: 1904600
CPU [0] UID 1002 comm: gen_fast, count: 1904742
CPU [0] UID 1002 comm: gen_fast, count: 1904906
CPU [0] UID 1002 comm: gen_fast, count: 1904906
CPU [0] UID 1002 comm: gen_fast, count: 1905030
CPU [0] UID 1002 comm: gen_fast, count: 1905100
CPU [0] UID 1002 comm: gen_fast, count: 1905205
CPU [0] UID 1002 comm: gen_fast, count: 1905300
CPU [0] UID 1002 comm: gen_fast, count: 1905443
CPU [0] UID 1002 comm: gen_fast, count: 1905554
CPU [0] UID 1002 comm: gen_fast, count: 1905609
CPU [0] UID 1002 comm: gen_fast, count: 1905700
CPU [0] UID 1002 comm: gen_fast, count: 1905860
CPU [0] UID 1002 comm: gen_fast, count: 1905932
CPU [0] UID 1002 comm: gen_fast, count: 1906067
CPU [0] UID 1002 comm: gen_fast, count: 1906100
CPU [0] UID 1002 comm: gen_fast, count: 1906200
CPU [0] UID 1002 comm: gen_fast, count: 1906333
CPU [0] UID 1002 comm: gen_fast, count: 1906453
CPU [0] UID 1002 comm: gen_fast, count: 1906603
CPU [0] UID 1002 comm: gen_fast, count: 1906603
CPU [0] UID 1002 comm: gen_fast, count: 1906736
CPU [0] UID 1002 comm: gen_fast, count: 1906801
CPU [0] UID 1002 comm: gen_fast, count: 1906937
CPU [0] UID 1002 comm: gen_fast, count: 1907000
CPU [0] UID 1002 comm: gen_fast, count: 1907100
CPU [0] UID 1002 comm: gen_fast, count: 1907236
CPU [0] UID 1002 comm: gen_fast, count: 1907319
CPU [0] UID 1002 comm: gen_fast, count: 1907501
CPU [0] UID 1002 comm: gen_fast, count: 1907501
CPU [0] UID 1002 comm: gen_fast, count: 1907686
CPU [0] UID 1002 comm: gen_fast, count: 1907700
CPU [0] UID 1002 comm: gen_fast, count: 1907820
CPU [0] UID 1002 comm: gen_fast, count: 1907900
CPU [0] UID 1002 comm: gen_fast, count: 1908000
CPU [0] UID 1002 comm: gen_fast, count: 1908129
CPU [0] UID 1002 comm: gen_fast, count: 1908200
CPU [0] UID 1002 comm: gen_fast, count: 1908327
CPU [0] UID 1002 comm: gen_fast, count: 1908400
CPU [0] UID 1002 comm: gen_fast, count: 1908524
CPU [0] UID 1002 comm: gen_fast, count: 1908663
CPU [0] UID 1002 comm: gen_fast, count: 1908814
CPU [0] UID 1002 comm: gen_fast, count: 1908814
CPU [0] UID 1002 comm: gen_fast, count: 1908900
CPU [0] UID 1002 comm: gen_fast, count: 1909000
CPU [0] UID 1002 comm: gen_fast, count: 1909149
CPU [0] UID 1002 comm: gen_fast, count: 1909293
CPU [0] UID 1002 comm: gen_fast, count: 1909300
CPU [0] UID 1002 comm: gen_fast, count: 1909414
CPU [0] UID 1002 comm: gen_fast, count: 1909526
CPU [0] UID 1002 comm: gen_fast, count: 1909631
CPU [0] UID 1002 comm: gen_fast, count: 1909755
CPU [0] UID 1002 comm: gen_fast, count: 1909800
CPU [0] UID 1002 comm: gen_fast, count: 1909900
CPU [0] UID 1002 comm: gen_fast, count: 1910091
CPU [0] UID 1002 comm: gen_fast, count: 1910100
CPU [0] UID 1002 comm: gen_fast, count: 1910200
CPU [0] UID 1002 comm: gen_fast, count: 1910300
CPU [0] UID 1002 comm: gen_fast, count: 1910418
CPU [0] UID 1002 comm: gen_fast, count: 1910511
CPU [0] UID 1002 comm: gen_fast, count: 1910635
CPU [0] UID 1002 comm: gen_fast, count: 1910749
CPU [0] UID 1002 comm: gen_fast, count: 1910874
CPU [0] UID 1002 comm: gen_fast, count: 1910900
CPU [0] UID 1002 comm: gen_fast, count: 1911000
CPU [0] UID 1002 comm: gen_fast, count: 1911102
CPU [0] UID 1002 comm: gen_fast, count: 1911232
CPU [0] UID 1002 comm: gen_fast, count: 1911319
CPU [0] UID 1002 comm: gen_fast, count: 1911428
CPU [0] UID 1002 comm: gen_fast, count: 1911500
CPU [0] UID 1002 comm: gen_fast, count: 1911600
CPU [0] UID 1002 comm: gen_fast, count: 1911722
CPU [0] UID 1002 comm: gen_fast, count: 1911822
CPU [0] UID 1002 comm: gen_fast, count: 1911945
CPU [0] UID 1002 comm: gen_fast, count: 1912052
CPU [0] UID 1002 comm: gen_fast, count: 1912100
CPU [0] UID 1002 comm: gen_fast, count: 1912203
CPU [0] UID 1002 comm: gen_fast, count: 1912325
CPU [0] UID 1002 comm: gen_fast, count: 1912419
CPU [0] UID 1002 comm: gen_fast, count: 1912538
CPU [0] UID 1002 comm: gen_fast, count: 1912660
CPU [0] UID 1002 comm: gen_fast, count: 1912781
CPU [0] UID 1002 comm: gen_fast, count: 1912800
CPU [0] UID 1002 comm: gen_fast, count: 1912900
CPU [0] UID 1002 comm: gen_fast, count: 1913010
CPU [0] UID 1002 comm: gen_fast, count: 1913106
CPU [0] UID 1002 comm: gen_fast, count: 1913227
CPU [0] UID 1002 comm: gen_fast, count: 1913321
CPU [0] UID 1002 comm: gen_fast, count: 1913437
CPU [0] UID 1002 comm: gen_fast, count: 1913500
CPU [0] UID 1002 comm: gen_fast, count: 1913600
CPU [0] UID 1002 comm: gen_fast, count: 1913709
CPU [0] UID 1002 comm: gen_fast, count: 1913823
CPU [0] UID 1002 comm: gen_fast, count: 1913942
CPU [0] UID 1002 comm: gen_fast, count: 1914057
CPU [0] UID 1002 comm: gen_fast, count: 1914174
CPU [0] UID 1002 comm: gen_fast, count: 1914200
CPU [0] UID 1002 comm: gen_fast, count: 1914300
CPU [0] UID 1002 comm: gen_fast, count: 1914452
CPU [0] UID 1002 comm: gen_fast, count: 1914618
CPU [0] UID 1002 comm: gen_fast, count: 1914618
CPU [0] UID 1002 comm: gen_fast, count: 1914724
CPU [0] UID 1002 comm: gen_fast, count: 1914800
CPU [0] UID 1002 comm: gen_fast, count: 1914916
CPU [0] UID 1002 comm: gen_fast, count: 1915017
CPU [0] UID 1002 comm: gen_fast, count: 1915162
CPU [0] UID 1002 comm: gen_fast, count: 1915200
CPU [0] UID 1002 comm: gen_fast, count: 1915300
CPU [0] UID 1002 comm: gen_fast, count: 1915459
CPU [0] UID 1002 comm: gen_fast, count: 1915500
CPU [0] UID 1002 comm: gen_fast, count: 1915650
CPU [0] UID 1002 comm: gen_fast, count: 1915700
CPU [0] UID 1002 comm: gen_fast, count: 1915800
CPU [0] UID 1002 comm: gen_fast, count: 1915966
CPU [0] UID 1002 comm: gen_fast, count: 1916000
CPU [0] UID 1002 comm: gen_fast, count: 1916170
CPU [0] UID 1002 comm: gen_fast, count: 1916200
CPU [0] UID 1002 comm: gen_fast, count: 1916300
CPU [0] UID 1002 comm: gen_fast, count: 1916400
CPU [0] UID 1002 comm: gen_fast, count: 1916514
CPU [0] UID 1002 comm: gen_fast, count: 1916600
CPU [0] UID 1002 comm: gen_fast, count: 1916700
CPU [0] UID 1002 comm: gen_fast, count: 1916839
CPU [0] UID 1002 comm: gen_fast, count: 1916916
CPU [0] UID 1002 comm: gen_fast, count: 1917000
CPU [0] UID 1002 comm: gen_fast, count: 1917100
CPU [0] UID 1002 comm: gen_fast, count: 1917281
CPU [0] UID 1002 comm: gen_fast, count: 1917300
CPU [0] UID 1002 comm: gen_fast, count: 1917531
CPU [0] UID 1002 comm: gen_fast, count: 1917531
CPU [0] UID 1002 comm: gen_fast, count: 1917629
CPU [0] UID 1002 comm: gen_fast, count: 1917700
CPU [0] UID 1002 comm: gen_fast, count: 1917800
CPU [0] UID 1002 comm: gen_fast, count: 1917909
CPU [0] UID 1002 comm: gen_fast, count: 1918000
CPU [0] UID 1002 comm: gen_fast, count: 1918142
CPU [0] UID 1002 comm: gen_fast, count: 1918222
CPU [0] UID 1002 comm: gen_fast, count: 1918361
CPU [0] UID 1002 comm: gen_fast, count: 1918400
CPU [0] UID 1002 comm: gen_fast, count: 1918549
CPU [0] UID 1002 comm: gen_fast, count: 1918600
CPU [0] UID 1002 comm: gen_fast, count: 1918714
CPU [0] UID 1002 comm: gen_fast, count: 1918800
CPU [0] UID 1002 comm: gen_fast, count: 1918900
CPU [0] UID 1002 comm: gen_fast, count: 1919032
CPU [0] UID 1002 comm: gen_fast, count: 1919190
CPU [0] UID 1002 comm: gen_fast, count: 1919200
CPU [0] UID 1002 comm: gen_fast, count: 1919443
CPU [0] UID 1002 comm: gen_fast, count: 1919443
CPU [0] UID 1002 comm: gen_fast, count: 1919500
CPU [0] UID 1002 comm: gen_fast, count: 1919648
CPU [0] UID 1002 comm: gen_fast, count: 1919844
CPU [0] UID 1002 comm: gen_fast, count: 1919844
CPU [0] UID 1002 comm: gen_fast, count: 1919918
CPU [0] UID 1002 comm: gen_fast, count: 1920000
CPU [0] UID 1002 comm: gen_fast, count: 1920148
CPU [0] UID 1002 comm: gen_fast, count: 1920200
CPU [0] UID 1002 comm: gen_fast, count: 1920334
CPU [0] UID 1002 comm: gen_fast, count: 1920400
CPU [0] UID 1002 comm: gen_fast, count: 1920505
CPU [0] UID 1002 comm: gen_fast, count: 1920600
CPU [0] UID 1002 comm: gen_fast, count: 1920733
CPU [0] UID 1002 comm: gen_fast, count: 1920935
CPU [0] UID 1002 comm: gen_fast, count: 1920935
CPU [0] UID 1002 comm: gen_fast, count: 1921019
CPU [0] UID 1002 comm: gen_fast, count: 1921207
CPU [0] UID 1002 comm: gen_fast, count: 1921207
CPU [0] UID 1002 comm: gen_fast, count: 1921359
CPU [0] UID 1002 comm: gen_fast, count: 1921529
CPU [0] UID 1002 comm: gen_fast, count: 1921529
CPU [0] UID 1002 comm: gen_fast, count: 1921639
CPU [0] UID 1002 comm: gen_fast, count: 1921721
CPU [0] UID 1002 comm: gen_fast, count: 1921800
CPU [0] UID 1002 comm: gen_fast, count: 1921900
CPU [0] UID 1002 comm: gen_fast, count: 1922022
CPU [0] UID 1002 comm: gen_fast, count: 1922126
CPU [0] UID 1002 comm: gen_fast, count: 1922200
CPU [0] UID 1002 comm: gen_fast, count: 1922314
CPU [0] UID 1002 comm: gen_fast, count: 1922400
CPU [0] UID 1002 comm: gen_fast, count: 1922521
CPU [0] UID 1002 comm: gen_fast, count: 1922600
CPU [0] UID 1002 comm: gen_fast, count: 1922703
CPU [0] UID 1002 comm: gen_fast, count: 1922800
CPU [0] UID 1002 comm: gen_fast, count: 1923013
CPU [0] UID 1002 comm: gen_fast, count: 1923013
CPU [0] UID 1002 comm: gen_fast, count: 1923130
CPU [0] UID 1002 comm: gen_fast, count: 1923214
CPU [0] UID 1002 comm: gen_fast, count: 1923300
CPU [0] UID 1002 comm: gen_fast, count: 1923402
CPU [0] UID 1002 comm: gen_fast, count: 1923522
CPU [0] UID 1002 comm: gen_fast, count: 1923611
CPU [0] UID 1002 comm: gen_fast, count: 1923801
CPU [0] UID 1002 comm: gen_fast, count: 1923801
CPU [0] UID 1002 comm: gen_fast, count: 1923900
CPU [0] UID 1002 comm: gen_fast, count: 1924045
CPU [0] UID 1002 comm: gen_fast, count: 1924156
CPU [0] UID 1002 comm: gen_fast, count: 1924200
CPU [0] UID 1002 comm: gen_fast, count: 1924300
CPU [0] UID 1002 comm: gen_fast, count: 1924539
CPU [0] UID 1002 comm: gen_fast, count: 1924539
CPU [0] UID 1002 comm: gen_fast, count: 1924638
CPU [0] UID 1002 comm: gen_fast, count: 1924816
CPU [0] UID 1002 comm: gen_fast, count: 1924816
CPU [0] UID 1002 comm: gen_fast, count: 1924980
CPU [0] UID 1002 comm: gen_fast, count: 1925000
CPU [0] UID 1002 comm: gen_fast, count: 1925155
CPU [0] UID 1002 comm: gen_fast, count: 1925200
CPU [0] UID 1002 comm: gen_fast, count: 1925358
CPU [0] UID 1002 comm: gen_fast, count: 1925400
CPU [0] UID 1002 comm: gen_fast, count: 1925500
CPU [0] UID 1002 comm: gen_fast, count: 1925639
CPU [0] UID 1002 comm: gen_fast, count: 1925700
CPU [0] UID 1002 comm: gen_fast, count: 1925802
CPU [0] UID 1002 comm: gen_fast, count: 1925970
CPU [0] UID 1002 comm: gen_fast, count: 1926000
CPU [0] UID 1002 comm: gen_fast, count: 1926111
CPU [0] UID 1002 comm: gen_fast, count: 1926278
CPU [0] UID 1002 comm: gen_fast, count: 1926300
CPU [0] UID 1002 comm: gen_fast, count: 1926424
CPU [0] UID 1002 comm: gen_fast, count: 1926613
CPU [0] UID 1002 comm: gen_fast, count: 1926613
CPU [0] UID 1002 comm: gen_fast, count: 1926753
CPU [0] UID 1002 comm: gen_fast, count: 1926898
CPU [0] UID 1002 comm: gen_fast, count: 1926900
CPU [0] UID 1002 comm: gen_fast, count: 1927014
CPU [0] UID 1002 comm: gen_fast, count: 1927168
CPU [0] UID 1002 comm: gen_fast, count: 1927200
CPU [0] UID 1002 comm: gen_fast, count: 1927307
CPU [0] UID 1002 comm: gen_fast, count: 1927452
CPU [0] UID 1002 comm: gen_fast, count: 1927619
CPU [0] UID 1002 comm: gen_fast, count: 1927619
CPU [0] UID 1002 comm: gen_fast, count: 1927824
CPU [0] UID 1002 comm: gen_fast, count: 1927824
CPU [0] UID 1002 comm: gen_fast, count: 1928030
CPU [0] UID 1002 comm: gen_fast, count: 1928030
CPU [0] UID 1002 comm: gen_fast, count: 1928100
CPU [0] UID 1002 comm: gen_fast, count: 1928248
CPU [0] UID 1002 comm: gen_fast, count: 1928300
CPU [0] UID 1002 comm: gen_fast, count: 1928417
CPU [0] UID 1002 comm: gen_fast, count: 1928549
CPU [0] UID 1002 comm: gen_fast, count: 1928617
CPU [0] UID 1002 comm: gen_fast, count: 1928700
CPU [0] UID 1002 comm: gen_fast, count: 1928868
CPU [0] UID 1002 comm: gen_fast, count: 1928900
CPU [0] UID 1002 comm: gen_fast, count: 1929016
CPU [0] UID 1002 comm: gen_fast, count: 1929224
CPU [0] UID 1002 comm: gen_fast, count: 1929224
CPU [0] UID 1002 comm: gen_fast, count: 1929300
CPU [0] UID 1002 comm: gen_fast, count: 1929431
CPU [0] UID 1002 comm: gen_fast, count: 1929500
CPU [0] UID 1002 comm: gen_fast, count: 1929600
CPU [0] UID 1002 comm: gen_fast, count: 1929742
CPU [0] UID 1002 comm: gen_fast, count: 1929800
CPU [0] UID 1002 comm: gen_fast, count: 1929900
CPU [0] UID 1002 comm: gen_fast, count: 1930020
CPU [0] UID 1002 comm: gen_fast, count: 1930109
CPU [0] UID 1002 comm: gen_fast, count: 1930200
CPU [0] UID 1002 comm: gen_fast, count: 1930300
CPU [0] UID 1002 comm: gen_fast, count: 1930497
CPU [0] UID 1002 comm: gen_fast, count: 1930500
CPU [0] UID 1002 comm: gen_fast, count: 1930660
CPU [0] UID 1002 comm: gen_fast, count: 1930700
CPU [0] UID 1002 comm: gen_fast, count: 1930800
CPU [0] UID 1002 comm: gen_fast, count: 1930933
CPU [0] UID 1002 comm: gen_fast, count: 1931000
CPU [0] UID 1002 comm: gen_fast, count: 1931112
CPU [0] UID 1002 comm: gen_fast, count: 1931200
CPU [0] UID 1002 comm: gen_fast, count: 1931308
CPU [0] UID 1002 comm: gen_fast, count: 1931440
CPU [0] UID 1002 comm: gen_fast, count: 1931542
CPU [0] UID 1002 comm: gen_fast, count: 1931600
CPU [0] UID 1002 comm: gen_fast, count: 1931700
CPU [0] UID 1002 comm: gen_fast, count: 1931822
CPU [0] UID 1002 comm: gen_fast, count: 1931956
CPU [0] UID 1002 comm: gen_fast, count: 1932000
CPU [0] UID 1002 comm: gen_fast, count: 1932100
CPU [0] UID 1002 comm: gen_fast, count: 1932200
CPU [0] UID 1002 comm: gen_fast, count: 1932326
CPU [0] UID 1002 comm: gen_fast, count: 1932415
CPU [0] UID 1002 comm: gen_fast, count: 1932500
CPU [0] UID 1002 comm: gen_fast, count: 1932635
CPU [0] UID 1002 comm: gen_fast, count: 1932721
CPU [0] UID 1002 comm: gen_fast, count: 1932800
CPU [0] UID 1002 comm: gen_fast, count: 1932932
CPU [0] UID 1002 comm: gen_fast, count: 1933051
CPU [0] UID 1002 comm: gen_fast, count: 1933176
CPU [0] UID 1002 comm: gen_fast, count: 1933200
CPU [0] UID 1002 comm: gen_fast, count: 1933300
CPU [0] UID 1002 comm: gen_fast, count: 1933400
CPU [0] UID 1002 comm: gen_fast, count: 1933523
CPU [0] UID 1002 comm: gen_fast, count: 1933657
CPU [0] UID 1002 comm: gen_fast, count: 1933700
CPU [0] UID 1002 comm: gen_fast, count: 1933810
CPU [0] UID 1002 comm: gen_fast, count: 1933921
CPU [0] UID 1002 comm: gen_fast, count: 1934000
CPU [0] UID 1002 comm: gen_fast, count: 1934110
CPU [0] UID 1002 comm: gen_fast, count: 1934238
CPU [0] UID 1002 comm: gen_fast, count: 1934375
CPU [0] UID 1002 comm: gen_fast, count: 1934400
CPU [0] UID 1002 comm: gen_fast, count: 1934500
CPU [0] UID 1002 comm: gen_fast, count: 1934628
CPU [0] UID 1002 comm: gen_fast, count: 1934715
CPU [0] UID 1002 comm: gen_fast, count: 1934800
CPU [0] UID 1002 comm: gen_fast, count: 1934900
CPU [0] UID 1002 comm: gen_fast, count: 1935045
CPU [0] UID 1002 comm: gen_fast, count: 1935182
CPU [0] UID 1002 comm: gen_fast, count: 1935200
CPU [0] UID 1002 comm: gen_fast, count: 1935370
CPU [0] UID 1002 comm: gen_fast, count: 1935400
CPU [0] UID 1002 comm: gen_fast, count: 1935572
CPU [0] UID 1002 comm: gen_fast, count: 1935600
CPU [0] UID 1002 comm: gen_fast, count: 1935700
CPU [0] UID 1002 comm: gen_fast, count: 1935800
CPU [0] UID 1002 comm: gen_fast, count: 1935987
CPU [0] UID 1002 comm: gen_fast, count: 1936000
CPU [0] UID 1002 comm: gen_fast, count: 1936100
CPU [0] UID 1002 comm: gen_fast, count: 1936200
CPU [0] UID 1002 comm: gen_fast, count: 1936338
CPU [0] UID 1002 comm: gen_fast, count: 1936400
CPU [0] UID 1002 comm: gen_fast, count: 1936522
CPU [0] UID 1002 comm: gen_fast, count: 1936678
CPU [0] UID 1002 comm: gen_fast, count: 1936700
CPU [0] UID 1002 comm: gen_fast, count: 1936835
CPU [0] UID 1002 comm: gen_fast, count: 1937004
CPU [0] UID 1002 comm: gen_fast, count: 1937004
CPU [0] UID 1002 comm: gen_fast, count: 1937164
CPU [0] UID 1002 comm: gen_fast, count: 1937200
CPU [0] UID 1002 comm: gen_fast, count: 1937316
CPU [0] UID 1002 comm: gen_fast, count: 1937507
CPU [0] UID 1002 comm: gen_fast, count: 1937507
CPU [0] UID 1002 comm: gen_fast, count: 1937684
CPU [0] UID 1002 comm: gen_fast, count: 1937700
CPU [0] UID 1002 comm: gen_fast, count: 1937810
CPU [0] UID 1002 comm: gen_fast, count: 1937900
CPU [0] UID 1002 comm: gen_fast, count: 1938000
CPU [0] UID 1002 comm: gen_fast, count: 1938172
CPU [0] UID 1002 comm: gen_fast, count: 1938200
CPU [0] UID 1002 comm: gen_fast, count: 1938342
CPU [0] UID 1002 comm: gen_fast, count: 1938400
CPU [0] UID 1002 comm: gen_fast, count: 1938500
CPU [0] UID 1002 comm: gen_fast, count: 1938643
CPU [0] UID 1002 comm: gen_fast, count: 1938700
CPU [0] UID 1002 comm: gen_fast, count: 1938828
CPU [0] UID 1002 comm: gen_fast, count: 1938972
CPU [0] UID 1002 comm: gen_fast, count: 1939000
CPU [0] UID 1002 comm: gen_fast, count: 1939106
CPU [0] UID 1002 comm: gen_fast, count: 1939252
CPU [0] UID 1002 comm: gen_fast, count: 1939300
CPU [0] UID 1002 comm: gen_fast, count: 1939400
CPU [0] UID 1002 comm: gen_fast, count: 1939587
CPU [0] UID 1002 comm: gen_fast, count: 1939600
CPU [0] UID 1002 comm: gen_fast, count: 1939811
CPU [0] UID 1002 comm: gen_fast, count: 1939811
CPU [0] UID 1002 comm: gen_fast, count: 1939941
CPU [0] UID 1002 comm: gen_fast, count: 1940000
CPU [0] UID 1002 comm: gen_fast, count: 1940100
CPU [0] UID 1002 comm: gen_fast, count: 1940336
CPU [0] UID 1002 comm: gen_fast, count: 1940336
CPU [0] UID 1002 comm: gen_fast, count: 1940409
CPU [0] UID 1002 comm: gen_fast, count: 1940535
CPU [0] UID 1002 comm: gen_fast, count: 1940617
CPU [0] UID 1002 comm: gen_fast, count: 1940797
CPU [0] UID 1002 comm: gen_fast, count: 1940800
CPU [0] UID 1002 comm: gen_fast, count: 1940948
CPU [0] UID 1002 comm: gen_fast, count: 1941000
CPU [0] UID 1002 comm: gen_fast, count: 1941122
CPU [0] UID 1002 comm: gen_fast, count: 1941271
CPU [0] UID 1002 comm: gen_fast, count: 1941300
CPU [0] UID 1002 comm: gen_fast, count: 1941446
CPU [0] UID 1002 comm: gen_fast, count: 1941500
CPU [0] UID 1002 comm: gen_fast, count: 1941617
CPU [0] UID 1002 comm: gen_fast, count: 1941700
CPU [0] UID 1002 comm: gen_fast, count: 1941812
CPU [0] UID 1002 comm: gen_fast, count: 1941933
CPU [0] UID 1002 comm: gen_fast, count: 1942064
CPU [0] UID 1002 comm: gen_fast, count: 1942100
CPU [0] UID 1002 comm: gen_fast, count: 1942233
CPU [0] UID 1002 comm: gen_fast, count: 1942300
CPU [0] UID 1002 comm: gen_fast, count: 1942419
CPU [0] UID 1002 comm: gen_fast, count: 1942575
CPU [0] UID 1002 comm: gen_fast, count: 1942600
CPU [0] UID 1002 comm: gen_fast, count: 1942744
CPU [0] UID 1002 comm: gen_fast, count: 1942805
CPU [0] UID 1002 comm: gen_fast, count: 1942934
CPU [0] UID 1002 comm: gen_fast, count: 1943000
CPU [0] UID 1002 comm: gen_fast, count: 1943100
CPU [0] UID 1002 comm: gen_fast, count: 1943200
CPU [0] UID 1002 comm: gen_fast, count: 1943331
CPU [0] UID 1002 comm: gen_fast, count: 1943400
CPU [0] UID 1002 comm: gen_fast, count: 1943500
CPU [0] UID 1002 comm: gen_fast, count: 1943648
CPU [0] UID 1002 comm: gen_fast, count: 1943804
CPU [0] UID 1002 comm: gen_fast, count: 1943804
CPU [0] UID 1002 comm: gen_fast, count: 1943923
CPU [0] UID 1002 comm: gen_fast, count: 1944061
CPU [0] UID 1002 comm: gen_fast, count: 1944100
CPU [0] UID 1002 comm: gen_fast, count: 1944200
CPU [0] UID 1002 comm: gen_fast, count: 1944321
CPU [0] UID 1002 comm: gen_fast, count: 1944451
CPU [0] UID 1002 comm: gen_fast, count: 1944618
CPU [0] UID 1002 comm: gen_fast, count: 1944618
CPU [0] UID 1002 comm: gen_fast, count: 1944773
CPU [0] UID 1002 comm: gen_fast, count: 1944800
CPU [0] UID 1002 comm: gen_fast, count: 1944900
CPU [0] UID 1002 comm: gen_fast, count: 1945013
CPU [0] UID 1002 comm: gen_fast, count: 1945100
CPU [0] UID 1002 comm: gen_fast, count: 1945259
CPU [0] UID 1002 comm: gen_fast, count: 1945300
CPU [0] UID 1002 comm: gen_fast, count: 1945466
CPU [0] UID 1002 comm: gen_fast, count: 1945500
CPU [0] UID 1002 comm: gen_fast, count: 1945610
CPU [0] UID 1002 comm: gen_fast, count: 1945729
CPU [0] UID 1002 comm: gen_fast, count: 1945890
CPU [0] UID 1002 comm: gen_fast, count: 1945900
CPU [0] UID 1002 comm: gen_fast, count: 1946050
CPU [0] UID 1002 comm: gen_fast, count: 1946111
CPU [0] UID 1002 comm: gen_fast, count: 1946200
CPU [0] UID 1002 comm: gen_fast, count: 1946374
CPU [0] UID 1002 comm: gen_fast, count: 1946470
CPU [0] UID 1002 comm: gen_fast, count: 1946500
CPU [0] UID 1002 comm: gen_fast, count: 1946649
CPU [0] UID 1002 comm: gen_fast, count: 1946855
CPU [0] UID 1002 comm: gen_fast, count: 1946855
CPU [0] UID 1002 comm: gen_fast, count: 1946900
CPU [0] UID 1002 comm: gen_fast, count: 1947050
CPU [0] UID 1002 comm: gen_fast, count: 1947100
CPU [0] UID 1002 comm: gen_fast, count: 1947242
CPU [0] UID 1002 comm: gen_fast, count: 1947308
CPU [0] UID 1002 comm: gen_fast, count: 1947413
CPU [0] UID 1002 comm: gen_fast, count: 1947564
CPU [0] UID 1002 comm: gen_fast, count: 1947600
CPU [0] UID 1002 comm: gen_fast, count: 1947724
CPU [0] UID 1002 comm: gen_fast, count: 1947800
CPU [0] UID 1002 comm: gen_fast, count: 1947946
CPU [0] UID 1002 comm: gen_fast, count: 1948005
CPU [0] UID 1002 comm: gen_fast, count: 1948110
CPU [0] UID 1002 comm: gen_fast, count: 1948200
CPU [0] UID 1002 comm: gen_fast, count: 1948357
CPU [0] UID 1002 comm: gen_fast, count: 1948400
CPU [0] UID 1002 comm: gen_fast, count: 1948503
CPU [0] UID 1002 comm: gen_fast, count: 1948601
CPU [0] UID 1002 comm: gen_fast, count: 1948732
CPU [0] UID 1002 comm: gen_fast, count: 1948800
CPU [0] UID 1002 comm: gen_fast, count: 1948900
CPU [0] UID 1002 comm: gen_fast, count: 1949022
CPU [0] UID 1002 comm: gen_fast, count: 1949100
CPU [0] UID 1002 comm: gen_fast, count: 1949224
CPU [0] UID 1002 comm: gen_fast, count: 1949366
CPU [0] UID 1002 comm: gen_fast, count: 1949400
CPU [0] UID 1002 comm: gen_fast, count: 1949523
CPU [0] UID 1002 comm: gen_fast, count: 1949602
CPU [0] UID 1002 comm: gen_fast, count: 1949742
CPU [0] UID 1002 comm: gen_fast, count: 1949839
CPU [0] UID 1002 comm: gen_fast, count: 1949900
CPU [0] UID 1002 comm: gen_fast, count: 1950000
CPU [0] UID 1002 comm: gen_fast, count: 1950130
CPU [0] UID 1002 comm: gen_fast, count: 1950200
CPU [0] UID 1002 comm: gen_fast, count: 1950374
CPU [0] UID 1002 comm: gen_fast, count: 1950400
CPU [0] UID 1002 comm: gen_fast, count: 1950510
CPU [0] UID 1002 comm: gen_fast, count: 1950694
CPU [0] UID 1002 comm: gen_fast, count: 1950700
CPU [0] UID 1002 comm: gen_fast, count: 1950813
CPU [0] UID 1002 comm: gen_fast, count: 1950900
CPU [0] UID 1002 comm: gen_fast, count: 1951061
CPU [0] UID 1002 comm: gen_fast, count: 1951100
CPU [0] UID 1002 comm: gen_fast, count: 1951251
CPU [0] UID 1002 comm: gen_fast, count: 1951300
CPU [0] UID 1002 comm: gen_fast, count: 1951428
CPU [0] UID 1002 comm: gen_fast, count: 1951577
CPU [0] UID 1002 comm: gen_fast, count: 1951600
CPU [0] UID 1002 comm: gen_fast, count: 1951743
CPU [0] UID 1002 comm: gen_fast, count: 1951800
CPU [0] UID 1002 comm: gen_fast, count: 1951900
CPU [0] UID 1002 comm: gen_fast, count: 1952071
CPU [0] UID 1002 comm: gen_fast, count: 1952100
CPU [0] UID 1002 comm: gen_fast, count: 1952200
CPU [0] UID 1002 comm: gen_fast, count: 1952358
CPU [0] UID 1002 comm: gen_fast, count: 1952400
CPU [0] UID 1002 comm: gen_fast, count: 1952597
CPU [0] UID 1002 comm: gen_fast, count: 1952600
CPU [0] UID 1002 comm: gen_fast, count: 1952700
CPU [0] UID 1002 comm: gen_fast, count: 1952811
CPU [0] UID 1002 comm: gen_fast, count: 1952956
CPU [0] UID 1002 comm: gen_fast, count: 1953000
CPU [0] UID 1002 comm: gen_fast, count: 1953109
CPU [0] UID 1002 comm: gen_fast, count: 1953252
CPU [0] UID 1002 comm: gen_fast, count: 1953300
CPU [0] UID 1002 comm: gen_fast, count: 1953400
CPU [0] UID 1002 comm: gen_fast, count: 1953533
CPU [0] UID 1002 comm: gen_fast, count: 1953600
CPU [0] UID 1002 comm: gen_fast, count: 1953713
CPU [0] UID 1002 comm: gen_fast, count: 1953800
CPU [0] UID 1002 comm: gen_fast, count: 1953969
CPU [0] UID 1002 comm: gen_fast, count: 1954000
CPU [0] UID 1002 comm: gen_fast, count: 1954100
CPU [0] UID 1002 comm: gen_fast, count: 1954200
CPU [0] UID 1002 comm: gen_fast, count: 1954351
CPU [0] UID 1002 comm: gen_fast, count: 1954400
CPU [0] UID 1002 comm: gen_fast, count: 1954500
CPU [0] UID 1002 comm: gen_fast, count: 1954610
CPU [0] UID 1002 comm: gen_fast, count: 1954733
CPU [0] UID 1002 comm: gen_fast, count: 1954870
CPU [0] UID 1002 comm: gen_fast, count: 1954900
CPU [0] UID 1002 comm: gen_fast, count: 1955011
CPU [0] UID 1002 comm: gen_fast, count: 1955100
CPU [0] UID 1002 comm: gen_fast, count: 1955212
CPU [0] UID 1002 comm: gen_fast, count: 1955367
CPU [0] UID 1002 comm: gen_fast, count: 1955400
CPU [0] UID 1002 comm: gen_fast, count: 1955500
CPU [0] UID 1002 comm: gen_fast, count: 1955600
CPU [0] UID 1002 comm: gen_fast, count: 1955702
CPU [0] UID 1002 comm: gen_fast, count: 1955814
CPU [0] UID 1002 comm: gen_fast, count: 1955948
CPU [0] UID 1002 comm: gen_fast, count: 1956089
CPU [0] UID 1002 comm: gen_fast, count: 1956100
CPU [0] UID 1002 comm: gen_fast, count: 1956241
CPU [0] UID 1002 comm: gen_fast, count: 1956364
CPU [0] UID 1002 comm: gen_fast, count: 1956400
CPU [0] UID 1002 comm: gen_fast, count: 1956500
CPU [0] UID 1002 comm: gen_fast, count: 1956600
CPU [0] UID 1002 comm: gen_fast, count: 1956700
CPU [0] UID 1002 comm: gen_fast, count: 1956820
CPU [0] UID 1002 comm: gen_fast, count: 1956948
CPU [0] UID 1002 comm: gen_fast, count: 1957054
CPU [0] UID 1002 comm: gen_fast, count: 1957183
CPU [0] UID 1002 comm: gen_fast, count: 1957200
CPU [0] UID 1002 comm: gen_fast, count: 1957300
CPU [0] UID 1002 comm: gen_fast, count: 1957472
CPU [0] UID 1002 comm: gen_fast, count: 1957510
CPU [0] UID 1002 comm: gen_fast, count: 1957600
CPU [0] UID 1002 comm: gen_fast, count: 1957716
CPU [0] UID 1002 comm: gen_fast, count: 1957841
CPU [0] UID 1002 comm: gen_fast, count: 1957978
CPU [0] UID 1002 comm: gen_fast, count: 1958000
CPU [0] UID 1002 comm: gen_fast, count: 1958100
CPU [0] UID 1002 comm: gen_fast, count: 1958225
CPU [0] UID 1002 comm: gen_fast, count: 1958324
CPU [0] UID 1002 comm: gen_fast, count: 1958457
CPU [0] UID 1002 comm: gen_fast, count: 1958500
CPU [0] UID 1002 comm: gen_fast, count: 1958692
CPU [0] UID 1002 comm: gen_fast, count: 1958700
CPU [0] UID 1002 comm: gen_fast, count: 1958803
CPU [0] UID 1002 comm: gen_fast, count: 1958942
CPU [0] UID 1002 comm: gen_fast, count: 1959038
CPU [0] UID 1002 comm: gen_fast, count: 1959100
CPU [0] UID 1002 comm: gen_fast, count: 1959285
CPU [0] UID 1002 comm: gen_fast, count: 1959363
CPU [0] UID 1002 comm: gen_fast, count: 1959400
CPU [0] UID 1002 comm: gen_fast, count: 1959500
CPU [0] UID 1002 comm: gen_fast, count: 1959603
CPU [0] UID 1002 comm: gen_fast, count: 1959729
CPU [0] UID 1002 comm: gen_fast, count: 1959835
CPU [0] UID 1002 comm: gen_fast, count: 1959974
CPU [0] UID 1002 comm: gen_fast, count: 1960000
CPU [0] UID 1002 comm: gen_fast, count: 1960106
CPU [0] UID 1002 comm: gen_fast, count: 1960220
CPU [0] UID 1002 comm: gen_fast, count: 1960300
CPU [0] UID 1002 comm: gen_fast, count: 1960408
CPU [0] UID 1002 comm: gen_fast, count: 1960541
CPU [0] UID 1002 comm: gen_fast, count: 1960602
CPU [0] UID 1002 comm: gen_fast, count: 1960725
CPU [0] UID 1002 comm: gen_fast, count: 1960853
CPU [0] UID 1002 comm: gen_fast, count: 1960900
CPU [0] UID 1002 comm: gen_fast, count: 1961003
CPU [0] UID 1002 comm: gen_fast, count: 1961111
CPU [0] UID 1002 comm: gen_fast, count: 1961200
CPU [0] UID 1002 comm: gen_fast, count: 1961317
CPU [0] UID 1002 comm: gen_fast, count: 1961431
CPU [0] UID 1002 comm: gen_fast, count: 1961573
CPU [0] UID 1002 comm: gen_fast, count: 1961612
CPU [0] UID 1002 comm: gen_fast, count: 1961700
CPU [0] UID 1002 comm: gen_fast, count: 1961813
CPU [0] UID 1002 comm: gen_fast, count: 1961923
CPU [0] UID 1002 comm: gen_fast, count: 1962065
CPU [0] UID 1002 comm: gen_fast, count: 1962100
CPU [0] UID 1002 comm: gen_fast, count: 1962208
CPU [0] UID 1002 comm: gen_fast, count: 1962300
CPU [0] UID 1002 comm: gen_fast, count: 1962404
CPU [0] UID 1002 comm: gen_fast, count: 1962505
CPU [0] UID 1002 comm: gen_fast, count: 1962629
CPU [0] UID 1002 comm: gen_fast, count: 1962760
CPU [0] UID 1002 comm: gen_fast, count: 1962800
CPU [0] UID 1002 comm: gen_fast, count: 1962903
CPU [0] UID 1002 comm: gen_fast, count: 1963022
CPU [0] UID 1002 comm: gen_fast, count: 1963100
CPU [0] UID 1002 comm: gen_fast, count: 1963202
CPU [0] UID 1002 comm: gen_fast, count: 1963330
CPU [0] UID 1002 comm: gen_fast, count: 1963464
CPU [0] UID 1002 comm: gen_fast, count: 1963601
CPU [0] UID 1002 comm: gen_fast, count: 1963601
CPU [0] UID 1002 comm: gen_fast, count: 1963700
CPU [0] UID 1002 comm: gen_fast, count: 1963800
CPU [0] UID 1002 comm: gen_fast, count: 1963900
CPU [0] UID 1002 comm: gen_fast, count: 1964000
CPU [0] UID 1002 comm: gen_fast, count: 1964138
CPU [0] UID 1002 comm: gen_fast, count: 1964255
CPU [0] UID 1002 comm: gen_fast, count: 1964397
CPU [0] UID 1002 comm: gen_fast, count: 1964400
CPU [0] UID 1002 comm: gen_fast, count: 1964542
CPU [0] UID 1002 comm: gen_fast, count: 1964600
CPU [0] UID 1002 comm: gen_fast, count: 1964713
CPU [0] UID 1002 comm: gen_fast, count: 1964830
CPU [0] UID 1002 comm: gen_fast, count: 1964959
CPU [0] UID 1002 comm: gen_fast, count: 1965000
CPU [0] UID 1002 comm: gen_fast, count: 1965100
CPU [0] UID 1002 comm: gen_fast, count: 1965200
CPU [0] UID 1002 comm: gen_fast, count: 1965304
CPU [0] UID 1002 comm: gen_fast, count: 1965417
CPU [0] UID 1002 comm: gen_fast, count: 1965534
CPU [0] UID 1002 comm: gen_fast, count: 1965659
CPU [0] UID 1002 comm: gen_fast, count: 1965786
CPU [0] UID 1002 comm: gen_fast, count: 1965800
CPU [0] UID 1002 comm: gen_fast, count: 1965900
CPU [0] UID 1002 comm: gen_fast, count: 1966016
CPU [0] UID 1002 comm: gen_fast, count: 1966139
CPU [0] UID 1002 comm: gen_fast, count: 1966245
CPU [0] UID 1002 comm: gen_fast, count: 1966385
CPU [0] UID 1002 comm: gen_fast, count: 1966400
CPU [0] UID 1002 comm: gen_fast, count: 1966503
CPU [0] UID 1002 comm: gen_fast, count: 1966614
CPU [0] UID 1002 comm: gen_fast, count: 1966740
CPU [0] UID 1002 comm: gen_fast, count: 1966838
CPU [0] UID 1002 comm: gen_fast, count: 1966900
CPU [0] UID 1002 comm: gen_fast, count: 1967000
CPU [0] UID 1002 comm: gen_fast, count: 1967131
CPU [0] UID 1002 comm: gen_fast, count: 1967270
CPU [0] UID 1002 comm: gen_fast, count: 1967300
CPU [0] UID 1002 comm: gen_fast, count: 1967425
CPU [0] UID 1002 comm: gen_fast, count: 1967500
CPU [0] UID 1002 comm: gen_fast, count: 1967635
CPU [0] UID 1002 comm: gen_fast, count: 1967703
CPU [0] UID 1002 comm: gen_fast, count: 1967834
CPU [0] UID 1002 comm: gen_fast, count: 1967966
CPU [0] UID 1002 comm: gen_fast, count: 1968000
CPU [0] UID 1002 comm: gen_fast, count: 1968100
CPU [0] UID 1002 comm: gen_fast, count: 1968228
CPU [0] UID 1002 comm: gen_fast, count: 1968358
CPU [0] UID 1002 comm: gen_fast, count: 1968495
CPU [0] UID 1002 comm: gen_fast, count: 1968500
CPU [0] UID 1002 comm: gen_fast, count: 1968600
CPU [0] UID 1002 comm: gen_fast, count: 1968724
CPU [0] UID 1002 comm: gen_fast, count: 1968868
CPU [0] UID 1002 comm: gen_fast, count: 1968900
CPU [0] UID 1002 comm: gen_fast, count: 1969000
CPU [0] UID 1002 comm: gen_fast, count: 1969128
CPU [0] UID 1002 comm: gen_fast, count: 1969271
CPU [0] UID 1002 comm: gen_fast, count: 1969300
CPU [0] UID 1002 comm: gen_fast, count: 1969400
CPU [0] UID 1002 comm: gen_fast, count: 1969518
CPU [0] UID 1002 comm: gen_fast, count: 1969607
CPU [0] UID 1002 comm: gen_fast, count: 1969700
CPU [0] UID 1002 comm: gen_fast, count: 1969813
CPU [0] UID 1002 comm: gen_fast, count: 1969900
CPU [0] UID 1002 comm: gen_fast, count: 1970001
CPU [0] UID 1002 comm: gen_fast, count: 1970130
CPU [0] UID 1002 comm: gen_fast, count: 1970233
CPU [0] UID 1002 comm: gen_fast, count: 1970367
CPU [0] UID 1002 comm: gen_fast, count: 1970400
CPU [0] UID 1002 comm: gen_fast, count: 1970500
CPU [0] UID 1002 comm: gen_fast, count: 1970600
CPU [0] UID 1002 comm: gen_fast, count: 1970732
CPU [0] UID 1002 comm: gen_fast, count: 1970884
CPU [0] UID 1002 comm: gen_fast, count: 1970900
CPU [0] UID 1002 comm: gen_fast, count: 1971046
CPU [0] UID 1002 comm: gen_fast, count: 1971181
CPU [0] UID 1002 comm: gen_fast, count: 1971200
CPU [0] UID 1002 comm: gen_fast, count: 1971318
CPU [0] UID 1002 comm: gen_fast, count: 1971515
CPU [0] UID 1002 comm: gen_fast, count: 1971515
CPU [0] UID 1002 comm: gen_fast, count: 1971631
CPU [0] UID 1002 comm: gen_fast, count: 1971711
CPU [0] UID 1002 comm: gen_fast, count: 1971800
CPU [0] UID 1002 comm: gen_fast, count: 1971974
CPU [0] UID 1002 comm: gen_fast, count: 1972000
CPU [0] UID 1002 comm: gen_fast, count: 1972131
CPU [0] UID 1002 comm: gen_fast, count: 1972334
CPU [0] UID 1002 comm: gen_fast, count: 1972334
CPU [0] UID 1002 comm: gen_fast, count: 1972494
CPU [0] UID 1002 comm: gen_fast, count: 1972500
CPU [0] UID 1002 comm: gen_fast, count: 1972635
CPU [0] UID 1002 comm: gen_fast, count: 1972743
CPU [0] UID 1002 comm: gen_fast, count: 1972882
CPU [0] UID 1002 comm: gen_fast, count: 1972900
CPU [0] UID 1002 comm: gen_fast, count: 1973005
CPU [0] UID 1002 comm: gen_fast, count: 1973111
CPU [0] UID 1002 comm: gen_fast, count: 1973252
CPU [0] UID 1002 comm: gen_fast, count: 1973300
CPU [0] UID 1002 comm: gen_fast, count: 1973400
CPU [0] UID 1002 comm: gen_fast, count: 1973500
CPU [0] UID 1002 comm: gen_fast, count: 1973610
CPU [0] UID 1002 comm: gen_fast, count: 1973700
CPU [0] UID 1002 comm: gen_fast, count: 1973800
CPU [0] UID 1002 comm: gen_fast, count: 1973914
CPU [0] UID 1002 comm: gen_fast, count: 1974040
CPU [0] UID 1002 comm: gen_fast, count: 1974154
CPU [0] UID 1002 comm: gen_fast, count: 1974200
CPU [0] UID 1002 comm: gen_fast, count: 1974371
CPU [0] UID 1002 comm: gen_fast, count: 1974422
CPU [0] UID 1002 comm: gen_fast, count: 1974500
CPU [0] UID 1002 comm: gen_fast, count: 1974625
CPU [0] UID 1002 comm: gen_fast, count: 1974748
CPU [0] UID 1002 comm: gen_fast, count: 1974800
CPU [0] UID 1002 comm: gen_fast, count: 1974900
CPU [0] UID 1002 comm: gen_fast, count: 1975010
CPU [0] UID 1002 comm: gen_fast, count: 1975185
CPU [0] UID 1002 comm: gen_fast, count: 1975200
CPU [0] UID 1002 comm: gen_fast, count: 1975370
CPU [0] UID 1002 comm: gen_fast, count: 1975435
CPU [0] UID 1002 comm: gen_fast, count: 1975602
CPU [0] UID 1002 comm: gen_fast, count: 1975602
CPU [0] UID 1002 comm: gen_fast, count: 1975724
CPU [0] UID 1002 comm: gen_fast, count: 1975800
CPU [0] UID 1002 comm: gen_fast, count: 1975900
CPU [0] UID 1002 comm: gen_fast, count: 1976026
CPU [0] UID 1002 comm: gen_fast, count: 1976114
CPU [0] UID 1002 comm: gen_fast, count: 1976286
CPU [0] UID 1002 comm: gen_fast, count: 1976300
CPU [0] UID 1002 comm: gen_fast, count: 1976412
CPU [0] UID 1002 comm: gen_fast, count: 1976595
CPU [0] UID 1002 comm: gen_fast, count: 1976600
CPU [0] UID 1002 comm: gen_fast, count: 1976732
CPU [0] UID 1002 comm: gen_fast, count: 1976815
CPU [0] UID 1002 comm: gen_fast, count: 1977004
CPU [0] UID 1002 comm: gen_fast, count: 1977004
CPU [0] UID 1002 comm: gen_fast, count: 1977137
CPU [0] UID 1002 comm: gen_fast, count: 1977228
CPU [0] UID 1002 comm: gen_fast, count: 1977368
CPU [0] UID 1002 comm: gen_fast, count: 1977400
CPU [0] UID 1002 comm: gen_fast, count: 1977557
CPU [0] UID 1002 comm: gen_fast, count: 1977613
CPU [0] UID 1002 comm: gen_fast, count: 1977709
CPU [0] UID 1002 comm: gen_fast, count: 1977908
CPU [0] UID 1002 comm: gen_fast, count: 1977908
CPU [0] UID 1002 comm: gen_fast, count: 1978017
CPU [0] UID 1002 comm: gen_fast, count: 1978100
CPU [0] UID 1002 comm: gen_fast, count: 1978247
CPU [0] UID 1002 comm: gen_fast, count: 1978300
CPU [0] UID 1002 comm: gen_fast, count: 1978410
CPU [0] UID 1002 comm: gen_fast, count: 1978542
CPU [0] UID 1002 comm: gen_fast, count: 1978680
CPU [0] UID 1002 comm: gen_fast, count: 1978700
CPU [0] UID 1002 comm: gen_fast, count: 1978800
CPU [0] UID 1002 comm: gen_fast, count: 1978914
CPU [0] UID 1002 comm: gen_fast, count: 1979035
CPU [0] UID 1002 comm: gen_fast, count: 1979173
CPU [0] UID 1002 comm: gen_fast, count: 1979200
CPU [0] UID 1002 comm: gen_fast, count: 1979348
CPU [0] UID 1002 comm: gen_fast, count: 1979404
CPU [0] UID 1002 comm: gen_fast, count: 1979500
CPU [0] UID 1002 comm: gen_fast, count: 1979644
CPU [0] UID 1002 comm: gen_fast, count: 1979753
CPU [0] UID 1002 comm: gen_fast, count: 1979907
CPU [0] UID 1002 comm: gen_fast, count: 1979907
CPU [0] UID 1002 comm: gen_fast, count: 1980000
CPU [0] UID 1002 comm: gen_fast, count: 1980132
CPU [0] UID 1002 comm: gen_fast, count: 1980262
CPU [0] UID 1002 comm: gen_fast, count: 1980415
CPU [0] UID 1002 comm: gen_fast, count: 1980415
CPU [0] UID 1002 comm: gen_fast, count: 1980519
CPU [0] UID 1002 comm: gen_fast, count: 1980608
CPU [0] UID 1002 comm: gen_fast, count: 1980743
CPU [0] UID 1002 comm: gen_fast, count: 1980866
CPU [0] UID 1002 comm: gen_fast, count: 1980900
CPU [0] UID 1002 comm: gen_fast, count: 1981001
CPU [0] UID 1002 comm: gen_fast, count: 1981100
CPU [0] UID 1002 comm: gen_fast, count: 1981209
CPU [0] UID 1002 comm: gen_fast, count: 1981338
CPU [0] UID 1002 comm: gen_fast, count: 1981505
CPU [0] UID 1002 comm: gen_fast, count: 1981505
CPU [0] UID 1002 comm: gen_fast, count: 1981709
CPU [0] UID 1002 comm: gen_fast, count: 1981709
CPU [0] UID 1002 comm: gen_fast, count: 1981832
CPU [0] UID 1002 comm: gen_fast, count: 1981900
CPU [0] UID 1002 comm: gen_fast, count: 1982108
CPU [0] UID 1002 comm: gen_fast, count: 1982108
CPU [0] UID 1002 comm: gen_fast, count: 1982200
CPU [0] UID 1002 comm: gen_fast, count: 1982309
CPU [0] UID 1002 comm: gen_fast, count: 1982402
CPU [0] UID 1002 comm: gen_fast, count: 1982524
CPU [0] UID 1002 comm: gen_fast, count: 1982648
CPU [0] UID 1002 comm: gen_fast, count: 1982791
CPU [0] UID 1002 comm: gen_fast, count: 1982800
CPU [0] UID 1002 comm: gen_fast, count: 1982917
CPU [0] UID 1002 comm: gen_fast, count: 1983000
CPU [0] UID 1002 comm: gen_fast, count: 1983100
CPU [0] UID 1002 comm: gen_fast, count: 1983258
CPU [0] UID 1002 comm: gen_fast, count: 1983300
CPU [0] UID 1002 comm: gen_fast, count: 1983419
CPU [0] UID 1002 comm: gen_fast, count: 1983590
CPU [0] UID 1002 comm: gen_fast, count: 1983600
CPU [0] UID 1002 comm: gen_fast, count: 1983700
CPU [0] UID 1002 comm: gen_fast, count: 1983842
CPU [0] UID 1002 comm: gen_fast, count: 1983903
CPU [0] UID 1002 comm: gen_fast, count: 1984018
CPU [0] UID 1002 comm: gen_fast, count: 1984223
CPU [0] UID 1002 comm: gen_fast, count: 1984223
CPU [0] UID 1002 comm: gen_fast, count: 1984300
CPU [0] UID 1002 comm: gen_fast, count: 1984400
CPU [0] UID 1002 comm: gen_fast, count: 1984563
CPU [0] UID 1002 comm: gen_fast, count: 1984600
CPU [0] UID 1002 comm: gen_fast, count: 1984755
CPU [0] UID 1002 comm: gen_fast, count: 1984800
CPU [0] UID 1002 comm: gen_fast, count: 1984900
CPU [0] UID 1002 comm: gen_fast, count: 1985000
CPU [0] UID 1002 comm: gen_fast, count: 1985197
CPU [0] UID 1002 comm: gen_fast, count: 1985200
CPU [0] UID 1002 comm: gen_fast, count: 1985300
CPU [0] UID 1002 comm: gen_fast, count: 1985459
CPU [0] UID 1002 comm: gen_fast, count: 1985500
CPU [0] UID 1002 comm: gen_fast, count: 1985631
CPU [0] UID 1002 comm: gen_fast, count: 1985700
CPU [0] UID 1002 comm: gen_fast, count: 1985845
CPU [0] UID 1002 comm: gen_fast, count: 1986017
CPU [0] UID 1002 comm: gen_fast, count: 1986017
CPU [0] UID 1002 comm: gen_fast, count: 1986147
CPU [0] UID 1002 comm: gen_fast, count: 1986313
CPU [0] UID 1002 comm: gen_fast, count: 1986313
CPU [0] UID 1002 comm: gen_fast, count: 1986420
CPU [0] UID 1002 comm: gen_fast, count: 1986500
CPU [0] UID 1002 comm: gen_fast, count: 1986600
CPU [0] UID 1002 comm: gen_fast, count: 1986731
CPU [0] UID 1002 comm: gen_fast, count: 1986800
CPU [0] UID 1002 comm: gen_fast, count: 1986900
CPU [0] UID 1002 comm: gen_fast, count: 1987009
CPU [0] UID 1002 comm: gen_fast, count: 1987141
CPU [0] UID 1002 comm: gen_fast, count: 1987267
CPU [0] UID 1002 comm: gen_fast, count: 1987300
CPU [0] UID 1002 comm: gen_fast, count: 1987403
CPU [0] UID 1002 comm: gen_fast, count: 1987500
CPU [0] UID 1002 comm: gen_fast, count: 1987654
CPU [0] UID 1002 comm: gen_fast, count: 1987700
CPU [0] UID 1002 comm: gen_fast, count: 1987822
CPU [0] UID 1002 comm: gen_fast, count: 1987902
CPU [0] UID 1002 comm: gen_fast, count: 1988000
CPU [0] UID 1002 comm: gen_fast, count: 1988100
CPU [0] UID 1002 comm: gen_fast, count: 1988261
CPU [0] UID 1002 comm: gen_fast, count: 1988449
CPU [0] UID 1002 comm: gen_fast, count: 1988449
CPU [0] UID 1002 comm: gen_fast, count: 1988631
CPU [0] UID 1002 comm: gen_fast, count: 1988631
CPU [0] UID 1002 comm: gen_fast, count: 1988700
CPU [0] UID 1002 comm: gen_fast, count: 1988839
CPU [0] UID 1002 comm: gen_fast, count: 1988918
CPU [0] UID 1002 comm: gen_fast, count: 1989000
CPU [0] UID 1002 comm: gen_fast, count: 1989116
CPU [0] UID 1002 comm: gen_fast, count: 1989200
CPU [0] UID 1002 comm: gen_fast, count: 1989330
CPU [0] UID 1002 comm: gen_fast, count: 1989400
CPU [0] UID 1002 comm: gen_fast, count: 1989500
CPU [0] UID 1002 comm: gen_fast, count: 1989640
CPU [0] UID 1002 comm: gen_fast, count: 1989715
CPU [0] UID 1002 comm: gen_fast, count: 1989845
CPU [0] UID 1002 comm: gen_fast, count: 1989921
CPU [0] UID 1002 comm: gen_fast, count: 1990050
CPU [0] UID 1002 comm: gen_fast, count: 1990241
CPU [0] UID 1002 comm: gen_fast, count: 1990241
CPU [0] UID 1002 comm: gen_fast, count: 1990388
CPU [0] UID 1002 comm: gen_fast, count: 1990400
CPU [0] UID 1002 comm: gen_fast, count: 1990567
CPU [0] UID 1002 comm: gen_fast, count: 1990684
CPU [0] UID 1002 comm: gen_fast, count: 1990700
CPU [0] UID 1002 comm: gen_fast, count: 1990824
CPU [0] UID 1002 comm: gen_fast, count: 1991023
CPU [0] UID 1002 comm: gen_fast, count: 1991023
CPU [0] UID 1002 comm: gen_fast, count: 1991100
CPU [0] UID 1002 comm: gen_fast, count: 1991239
CPU [0] UID 1002 comm: gen_fast, count: 1991420
CPU [0] UID 1002 comm: gen_fast, count: 1991420
CPU [0] UID 1002 comm: gen_fast, count: 1991500
CPU [0] UID 1002 comm: gen_fast, count: 1991639
CPU [0] UID 1002 comm: gen_fast, count: 1991842
CPU [0] UID 1002 comm: gen_fast, count: 1991842
CPU [0] UID 1002 comm: gen_fast, count: 1991900
CPU [0] UID 1002 comm: gen_fast, count: 1992062
CPU [0] UID 1002 comm: gen_fast, count: 1992100
CPU [0] UID 1002 comm: gen_fast, count: 1992253
CPU [0] UID 1002 comm: gen_fast, count: 1992309
CPU [0] UID 1002 comm: gen_fast, count: 1992431
CPU [0] UID 1002 comm: gen_fast, count: 1992500
CPU [0] UID 1002 comm: gen_fast, count: 1992600
CPU [0] UID 1002 comm: gen_fast, count: 1992746
CPU [0] UID 1002 comm: gen_fast, count: 1992800
CPU [0] UID 1002 comm: gen_fast, count: 1992900
CPU [0] UID 1002 comm: gen_fast, count: 1993063
CPU [0] UID 1002 comm: gen_fast, count: 1993100
CPU [0] UID 1002 comm: gen_fast, count: 1993244
CPU [0] UID 1002 comm: gen_fast, count: 1993300
CPU [0] UID 1002 comm: gen_fast, count: 1993441
CPU [0] UID 1002 comm: gen_fast, count: 1993500
CPU [0] UID 1002 comm: gen_fast, count: 1993600
CPU [0] UID 1002 comm: gen_fast, count: 1993714
CPU [0] UID 1002 comm: gen_fast, count: 1993800
CPU [0] UID 1002 comm: gen_fast, count: 1993913
CPU [0] UID 1002 comm: gen_fast, count: 1994004
CPU [0] UID 1002 comm: gen_fast, count: 1994119
CPU [0] UID 1002 comm: gen_fast, count: 1994200
CPU [0] UID 1002 comm: gen_fast, count: 1994300
CPU [0] UID 1002 comm: gen_fast, count: 1994422
CPU [0] UID 1002 comm: gen_fast, count: 1994567
CPU [0] UID 1002 comm: gen_fast, count: 1994600
CPU [0] UID 1002 comm: gen_fast, count: 1994718
CPU [0] UID 1002 comm: gen_fast, count: 1994800
CPU [0] UID 1002 comm: gen_fast, count: 1994937
CPU [0] UID 1002 comm: gen_fast, count: 1995081
CPU [0] UID 1002 comm: gen_fast, count: 1995100
CPU [0] UID 1002 comm: gen_fast, count: 1995200
CPU [0] UID 1002 comm: gen_fast, count: 1995312
CPU [0] UID 1002 comm: gen_fast, count: 1995452
CPU [0] UID 1002 comm: gen_fast, count: 1995500
CPU [0] UID 1002 comm: gen_fast, count: 1995600
CPU [0] UID 1002 comm: gen_fast, count: 1995700
CPU [0] UID 1002 comm: gen_fast, count: 1995814
CPU [0] UID 1002 comm: gen_fast, count: 1995913
CPU [0] UID 1002 comm: gen_fast, count: 1996037
CPU [0] UID 1002 comm: gen_fast, count: 1996100
CPU [0] UID 1002 comm: gen_fast, count: 1996204
CPU [0] UID 1002 comm: gen_fast, count: 1996300
CPU [0] UID 1002 comm: gen_fast, count: 1996426
CPU [0] UID 1002 comm: gen_fast, count: 1996565
CPU [0] UID 1002 comm: gen_fast, count: 1996600
CPU [0] UID 1002 comm: gen_fast, count: 1996816
CPU [0] UID 1002 comm: gen_fast, count: 1996816
CPU [0] UID 1002 comm: gen_fast, count: 1996952
CPU [0] UID 1002 comm: gen_fast, count: 1997000
CPU [0] UID 1002 comm: gen_fast, count: 1997102
CPU [0] UID 1002 comm: gen_fast, count: 1997200
CPU [0] UID 1002 comm: gen_fast, count: 1997324
CPU [0] UID 1002 comm: gen_fast, count: 1997425
CPU [0] UID 1002 comm: gen_fast, count: 1997500
CPU [0] UID 1002 comm: gen_fast, count: 1997612
CPU [0] UID 1002 comm: gen_fast, count: 1997760
CPU [0] UID 1002 comm: gen_fast, count: 1997898
CPU [0] UID 1002 comm: gen_fast, count: 1997900
CPU [0] UID 1002 comm: gen_fast, count: 1998023
CPU [0] UID 1002 comm: gen_fast, count: 1998104
CPU [0] UID 1002 comm: gen_fast, count: 1998282
CPU [0] UID 1002 comm: gen_fast, count: 1998300
CPU [0] UID 1002 comm: gen_fast, count: 1998485
CPU [0] UID 1002 comm: gen_fast, count: 1998500
CPU [0] UID 1002 comm: gen_fast, count: 1998665
CPU [0] UID 1002 comm: gen_fast, count: 1998700
CPU [0] UID 1002 comm: gen_fast, count: 1998887
CPU [0] UID 1002 comm: gen_fast, count: 1998900
CPU [0] UID 1002 comm: gen_fast, count: 1999038
CPU [0] UID 1002 comm: gen_fast, count: 1999227
CPU [0] UID 1002 comm: gen_fast, count: 1999227
CPU [0] UID 1002 comm: gen_fast, count: 1999336
CPU [0] UID 1002 comm: gen_fast, count: 1999402
CPU [0] UID 1002 comm: gen_fast, count: 1999541
CPU [0] UID 1002 comm: gen_fast, count: 1999616
CPU [0] UID 1002 comm: gen_fast, count: 1999755
CPU [0] UID 1002 comm: gen_fast, count: 1999800
CPU [0] UID 1002 comm: gen_fast, count: 1999910
CPU [0] UID 1002 comm: gen_fast, count: 2000000
[TIMING] Poll loop CPU: 10.593s  wall: 31.665s
[TIMING] Total CPU: 11.023s  wall: 32.097s
[SUMMARY] Events in map: 2000000
[SUMMARY] Callback invocations: 2000000
