[THREAD] Main poll: ident=140449601971648 native=1301018
[TIMING] BPF init CPU: 0.023s  wall: 0.047s
[TIMING] Setup CPU: 0.000s  wall: 0.000s
Starting to poll... (Ctrl+C to stop)
CPU [0] UID 1002 comm: gen_fast, count: 99
CPU [0] UID 1002 comm: gen_fast, count: 267
CPU [0] UID 1002 comm: gen_fast, count: 299
CPU [0] UID 1002 comm: gen_fast, count: 399
CPU [0] UID 1002 comm: gen_fast, count: 548
CPU [0] UID 1002 comm: gen_fast, count: 599
CPU [0] UID 1002 comm: gen_fast, count: 711
CPU [0] UID 1002 comm: gen_fast, count: 842
CPU [0] UID 1002 comm: gen_fast, count: 962
CPU [0] UID 1002 comm: gen_fast, count: 999
CPU [0] UID 1002 comm: gen_fast, count: 1104
CPU [0] UID 1002 comm: gen_fast, count: 1199
CPU [0] UID 1002 comm: gen_fast, count: 1355
CPU [0] UID 1002 comm: gen_fast, count: 1399
CPU [0] UID 1002 comm: gen_fast, count: 1603
CPU [0] UID 1002 comm: gen_fast, count: 1603
CPU [0] UID 1002 comm: gen_fast, count: 1699
CPU [0] UID 1002 comm: gen_fast, count: 1799
CPU [0] UID 1002 comm: gen_fast, count: 1899
CPU [0] UID 1002 comm: gen_fast, count: 2051
CPU [0] UID 1002 comm: gen_fast, count: 2099
CPU [0] UID 1002 comm: gen_fast, count: 2246
CPU [0] UID 1002 comm: gen_fast, count: 2299
CPU [0] UID 1002 comm: gen_fast, count: 2456
CPU [0] UID 1002 comm: gen_fast, count: 2499
CPU [0] UID 1002 comm: gen_fast, count: 2599
CPU [0] UID 1002 comm: gen_fast, count: 2728
CPU [0] UID 1002 comm: gen_fast, count: 2850
CPU [0] UID 1002 comm: gen_fast, count: 2899
CPU [0] UID 1002 comm: gen_fast, count: 3020
CPU [0] UID 1002 comm: gen_fast, count: 3166
CPU [0] UID 1002 comm: gen_fast, count: 3199
CPU [0] UID 1002 comm: gen_fast, count: 3299
CPU [0] UID 1002 comm: gen_fast, count: 3452
CPU [0] UID 1002 comm: gen_fast, count: 3499
CPU [0] UID 1002 comm: gen_fast, count: 3623
CPU [0] UID 1002 comm: gen_fast, count: 3699
CPU [0] UID 1002 comm: gen_fast, count: 3805
CPU [0] UID 1002 comm: gen_fast, count: 3902
CPU [0] UID 1002 comm: gen_fast, count: 4001
CPU [0] UID 1002 comm: gen_fast, count: 4099
CPU [0] UID 1002 comm: gen_fast, count: 4199
CPU [0] UID 1002 comm: gen_fast, count: 4384
CPU [0] UID 1002 comm: gen_fast, count: 4399
CPU [0] UID 1002 comm: gen_fast, count: 4584
CPU [0] UID 1002 comm: gen_fast, count: 4599
CPU [0] UID 1002 comm: gen_fast, count: 4765
CPU [0] UID 1002 comm: gen_fast, count: 4799
CPU [0] UID 1002 comm: gen_fast, count: 4899
CPU [0] UID 1002 comm: gen_fast, count: 5022
CPU [0] UID 1002 comm: gen_fast, count: 5099
CPU [0] UID 1002 comm: gen_fast, count: 5199
CPU [0] UID 1002 comm: gen_fast, count: 5304
CPU [0] UID 1002 comm: gen_fast, count: 5466
CPU [0] UID 1002 comm: gen_fast, count: 5609
CPU [0] UID 1002 comm: gen_fast, count: 5609
CPU [0] UID 1002 comm: gen_fast, count: 5799
CPU [0] UID 1002 comm: gen_fast, count: 5799
CPU [0] UID 1002 comm: gen_fast, count: 5899
CPU [0] UID 1002 comm: gen_fast, count: 6017
CPU [0] UID 1002 comm: gen_fast, count: 6099
CPU [0] UID 1002 comm: gen_fast, count: 6199
CPU [0] UID 1002 comm: gen_fast, count: 6299
CPU [0] UID 1002 comm: gen_fast, count: 6410
CPU [0] UID 1002 comm: gen_fast, count: 6546
CPU [0] UID 1002 comm: gen_fast, count: 6599
CPU [0] UID 1002 comm: gen_fast, count: 6699
CPU [0] UID 1002 comm: gen_fast, count: 6835
CPU [0] UID 1002 comm: gen_fast, count: 6935
CPU [0] UID 1002 comm: gen_fast, count: 7082
CPU [0] UID 1002 comm: gen_fast, count: 7099
CPU [0] UID 1002 comm: gen_fast, count: 7199
CPU [0] UID 1002 comm: gen_fast, count: 7368
CPU [0] UID 1002 comm: gen_fast, count: 7502
CPU [0] UID 1002 comm: gen_fast, count: 7502
CPU [0] UID 1002 comm: gen_fast, count: 7599
CPU [0] UID 1002 comm: gen_fast, count: 7762
CPU [0] UID 1002 comm: gen_fast, count: 7799
CPU [0] UID 1002 comm: gen_fast, count: 7931
CPU [0] UID 1002 comm: gen_fast, count: 8034
CPU [0] UID 1002 comm: gen_fast, count: 8170
CPU [0] UID 1002 comm: gen_fast, count: 8199
CPU [0] UID 1002 comm: gen_fast, count: 8315
CPU [0] UID 1002 comm: gen_fast, count: 8399
CPU [0] UID 1002 comm: gen_fast, count: 8504
CPU [0] UID 1002 comm: gen_fast, count: 8672
CPU [0] UID 1002 comm: gen_fast, count: 8804
CPU [0] UID 1002 comm: gen_fast, count: 8804
CPU [0] UID 1002 comm: gen_fast, count: 8899
CPU [0] UID 1002 comm: gen_fast, count: 9058
CPU [0] UID 1002 comm: gen_fast, count: 9138
CPU [0] UID 1002 comm: gen_fast, count: 9199
CPU [0] UID 1002 comm: gen_fast, count: 9330
CPU [0] UID 1002 comm: gen_fast, count: 9423
CPU [0] UID 1002 comm: gen_fast, count: 9568
CPU [0] UID 1002 comm: gen_fast, count: 9606
CPU [0] UID 1002 comm: gen_fast, count: 9720
CPU [0] UID 1002 comm: gen_fast, count: 9799
CPU [0] UID 1002 comm: gen_fast, count: 9927
CPU [0] UID 1002 comm: gen_fast, count: 10034
CPU [0] UID 1002 comm: gen_fast, count: 10099
CPU [0] UID 1002 comm: gen_fast, count: 10199
CPU [0] UID 1002 comm: gen_fast, count: 10299
CPU [0] UID 1002 comm: gen_fast, count: 10453
CPU [0] UID 1002 comm: gen_fast, count: 10589
CPU [0] UID 1002 comm: gen_fast, count: 10599
CPU [0] UID 1002 comm: gen_fast, count: 10766
CPU [0] UID 1002 comm: gen_fast, count: 10799
CPU [0] UID 1002 comm: gen_fast, count: 10899
CPU [0] UID 1002 comm: gen_fast, count: 11055
CPU [0] UID 1002 comm: gen_fast, count: 11099
CPU [0] UID 1002 comm: gen_fast, count: 11290
CPU [0] UID 1002 comm: gen_fast, count: 11299
CPU [0] UID 1002 comm: gen_fast, count: 11399
CPU [0] UID 1002 comm: gen_fast, count: 11499
CPU [0] UID 1002 comm: gen_fast, count: 11633
CPU [0] UID 1002 comm: gen_fast, count: 11722
CPU [0] UID 1002 comm: gen_fast, count: 11799
CPU [0] UID 1002 comm: gen_fast, count: 11974
CPU [0] UID 1002 comm: gen_fast, count: 12049
CPU [0] UID 1002 comm: gen_fast, count: 12166
CPU [0] UID 1002 comm: gen_fast, count: 12199
CPU [0] UID 1002 comm: gen_fast, count: 12299
CPU [0] UID 1002 comm: gen_fast, count: 12399
CPU [0] UID 1002 comm: gen_fast, count: 12522
CPU [0] UID 1002 comm: gen_fast, count: 12708
CPU [0] UID 1002 comm: gen_fast, count: 12708
CPU [0] UID 1002 comm: gen_fast, count: 12799
CPU [0] UID 1002 comm: gen_fast, count: 12899
CPU [0] UID 1002 comm: gen_fast, count: 12999
CPU [0] UID 1002 comm: gen_fast, count: 13099
CPU [0] UID 1002 comm: gen_fast, count: 13199
CPU [0] UID 1002 comm: gen_fast, count: 13325
CPU [0] UID 1002 comm: gen_fast, count: 13464
CPU [0] UID 1002 comm: gen_fast, count: 13499
CPU [0] UID 1002 comm: gen_fast, count: 13599
CPU [0] UID 1002 comm: gen_fast, count: 13699
CPU [0] UID 1002 comm: gen_fast, count: 13840
CPU [0] UID 1002 comm: gen_fast, count: 14000
CPU [0] UID 1002 comm: gen_fast, count: 14000
CPU [0] UID 1002 comm: gen_fast, count: 14099
CPU [0] UID 1002 comm: gen_fast, count: 14234
CPU [0] UID 1002 comm: gen_fast, count: 14299
CPU [0] UID 1002 comm: gen_fast, count: 14399
CPU [0] UID 1002 comm: gen_fast, count: 14499
CPU [0] UID 1002 comm: gen_fast, count: 14599
CPU [0] UID 1002 comm: gen_fast, count: 14699
CPU [0] UID 1002 comm: gen_fast, count: 14811
CPU [0] UID 1002 comm: gen_fast, count: 14993
CPU [0] UID 1002 comm: gen_fast, count: 14999
CPU [0] UID 1002 comm: gen_fast, count: 15103
CPU [0] UID 1002 comm: gen_fast, count: 15291
CPU [0] UID 1002 comm: gen_fast, count: 15299
CPU [0] UID 1002 comm: gen_fast, count: 15399
CPU [0] UID 1002 comm: gen_fast, count: 15499
CPU [0] UID 1002 comm: gen_fast, count: 15643
CPU [0] UID 1002 comm: gen_fast, count: 15839
CPU [0] UID 1002 comm: gen_fast, count: 15839
CPU [0] UID 1002 comm: gen_fast, count: 15899
CPU [0] UID 1002 comm: gen_fast, count: 16088
CPU [0] UID 1002 comm: gen_fast, count: 16099
CPU [0] UID 1002 comm: gen_fast, count: 16225
CPU [0] UID 1002 comm: gen_fast, count: 16299
CPU [0] UID 1002 comm: gen_fast, count: 16399
CPU [0] UID 1002 comm: gen_fast, count: 16499
CPU [0] UID 1002 comm: gen_fast, count: 16652
CPU [0] UID 1002 comm: gen_fast, count: 16699
CPU [0] UID 1002 comm: gen_fast, count: 16799
CPU [0] UID 1002 comm: gen_fast, count: 16927
CPU [0] UID 1002 comm: gen_fast, count: 16999
CPU [0] UID 1002 comm: gen_fast, count: 17120
CPU [0] UID 1002 comm: gen_fast, count: 17319
CPU [0] UID 1002 comm: gen_fast, count: 17319
CPU [0] UID 1002 comm: gen_fast, count: 17399
CPU [0] UID 1002 comm: gen_fast, count: 17578
CPU [0] UID 1002 comm: gen_fast, count: 17599
CPU [0] UID 1002 comm: gen_fast, count: 17824
CPU [0] UID 1002 comm: gen_fast, count: 17824
CPU [0] UID 1002 comm: gen_fast, count: 17899
CPU [0] UID 1002 comm: gen_fast, count: 18139
CPU [0] UID 1002 comm: gen_fast, count: 18139
CPU [0] UID 1002 comm: gen_fast, count: 18199
CPU [0] UID 1002 comm: gen_fast, count: 18313
CPU [0] UID 1002 comm: gen_fast, count: 18399
CPU [0] UID 1002 comm: gen_fast, count: 18499
CPU [0] UID 1002 comm: gen_fast, count: 18621
CPU [0] UID 1002 comm: gen_fast, count: 18699
CPU [0] UID 1002 comm: gen_fast, count: 18799
CPU [0] UID 1002 comm: gen_fast, count: 18920
CPU [0] UID 1002 comm: gen_fast, count: 19114
CPU [0] UID 1002 comm: gen_fast, count: 19114
CPU [0] UID 1002 comm: gen_fast, count: 19199
CPU [0] UID 1002 comm: gen_fast, count: 19307
CPU [0] UID 1002 comm: gen_fast, count: 19399
CPU [0] UID 1002 comm: gen_fast, count: 19499
CPU [0] UID 1002 comm: gen_fast, count: 19750
CPU [0] UID 1002 comm: gen_fast, count: 19750
CPU [0] UID 1002 comm: gen_fast, count: 19799
CPU [0] UID 1002 comm: gen_fast, count: 19946
CPU [0] UID 1002 comm: gen_fast, count: 19999
CPU [0] UID 1002 comm: gen_fast, count: 20191
CPU [0] UID 1002 comm: gen_fast, count: 20199
CPU [0] UID 1002 comm: gen_fast, count: 20323
CPU [0] UID 1002 comm: gen_fast, count: 20399
CPU [0] UID 1002 comm: gen_fast, count: 20499
CPU [0] UID 1002 comm: gen_fast, count: 20621
CPU [0] UID 1002 comm: gen_fast, count: 20699
CPU [0] UID 1002 comm: gen_fast, count: 20839
CPU [0] UID 1002 comm: gen_fast, count: 20899
CPU [0] UID 1002 comm: gen_fast, count: 20999
CPU [0] UID 1002 comm: gen_fast, count: 21143
CPU [0] UID 1002 comm: gen_fast, count: 21199
CPU [0] UID 1002 comm: gen_fast, count: 21299
CPU [0] UID 1002 comm: gen_fast, count: 21399
CPU [0] UID 1002 comm: gen_fast, count: 21499
CPU [0] UID 1002 comm: gen_fast, count: 21630
CPU [0] UID 1002 comm: gen_fast, count: 21781
CPU [0] UID 1002 comm: gen_fast, count: 21799
CPU [0] UID 1002 comm: gen_fast, count: 21899
CPU [0] UID 1002 comm: gen_fast, count: 22003
CPU [0] UID 1002 comm: gen_fast, count: 22198
CPU [0] UID 1002 comm: gen_fast, count: 22199
CPU [0] UID 1002 comm: gen_fast, count: 22367
CPU [0] UID 1002 comm: gen_fast, count: 22399
CPU [0] UID 1002 comm: gen_fast, count: 22499
CPU [0] UID 1002 comm: gen_fast, count: 22599
CPU [0] UID 1002 comm: gen_fast, count: 22762
CPU [0] UID 1002 comm: gen_fast, count: 22799
CPU [0] UID 1002 comm: gen_fast, count: 22997
CPU [0] UID 1002 comm: gen_fast, count: 22999
CPU [0] UID 1002 comm: gen_fast, count: 23166
CPU [0] UID 1002 comm: gen_fast, count: 23199
CPU [0] UID 1002 comm: gen_fast, count: 23328
CPU [0] UID 1002 comm: gen_fast, count: 23399
CPU [0] UID 1002 comm: gen_fast, count: 23499
CPU [0] UID 1002 comm: gen_fast, count: 23599
CPU [0] UID 1002 comm: gen_fast, count: 23798
CPU [0] UID 1002 comm: gen_fast, count: 23799
CPU [0] UID 1002 comm: gen_fast, count: 23935
CPU [0] UID 1002 comm: gen_fast, count: 23999
CPU [0] UID 1002 comm: gen_fast, count: 24099
CPU [0] UID 1002 comm: gen_fast, count: 24200
CPU [0] UID 1002 comm: gen_fast, count: 24310
CPU [0] UID 1002 comm: gen_fast, count: 24399
CPU [0] UID 1002 comm: gen_fast, count: 24499
CPU [0] UID 1002 comm: gen_fast, count: 24641
CPU [0] UID 1002 comm: gen_fast, count: 24699
CPU [0] UID 1002 comm: gen_fast, count: 24885
CPU [0] UID 1002 comm: gen_fast, count: 24899
CPU [0] UID 1002 comm: gen_fast, count: 25028
CPU [0] UID 1002 comm: gen_fast, count: 25184
CPU [0] UID 1002 comm: gen_fast, count: 25199
CPU [0] UID 1002 comm: gen_fast, count: 25317
CPU [0] UID 1002 comm: gen_fast, count: 25399
CPU [0] UID 1002 comm: gen_fast, count: 25596
CPU [0] UID 1002 comm: gen_fast, count: 25599
CPU [0] UID 1002 comm: gen_fast, count: 25699
CPU [0] UID 1002 comm: gen_fast, count: 25799
CPU [0] UID 1002 comm: gen_fast, count: 25899
CPU [0] UID 1002 comm: gen_fast, count: 25999
CPU [0] UID 1002 comm: gen_fast, count: 26099
CPU [0] UID 1002 comm: gen_fast, count: 26341
CPU [0] UID 1002 comm: gen_fast, count: 26341
CPU [0] UID 1002 comm: gen_fast, count: 26399
CPU [0] UID 1002 comm: gen_fast, count: 26529
CPU [0] UID 1002 comm: gen_fast, count: 26605
CPU [0] UID 1002 comm: gen_fast, count: 26699
CPU [0] UID 1002 comm: gen_fast, count: 26799
CPU [0] UID 1002 comm: gen_fast, count: 26899
CPU [0] UID 1002 comm: gen_fast, count: 26999
CPU [0] UID 1002 comm: gen_fast, count: 27181
CPU [0] UID 1002 comm: gen_fast, count: 27199
CPU [0] UID 1002 comm: gen_fast, count: 27418
CPU [0] UID 1002 comm: gen_fast, count: 27418
CPU [0] UID 1002 comm: gen_fast, count: 27499
CPU [0] UID 1002 comm: gen_fast, count: 27624
CPU [0] UID 1002 comm: gen_fast, count: 27699
CPU [0] UID 1002 comm: gen_fast, count: 27799
CPU [0] UID 1002 comm: gen_fast, count: 27922
CPU [0] UID 1002 comm: gen_fast, count: 27999
CPU [0] UID 1002 comm: gen_fast, count: 28135
CPU [0] UID 1002 comm: gen_fast, count: 28199
CPU [0] UID 1002 comm: gen_fast, count: 28321
CPU [0] UID 1002 comm: gen_fast, count: 28468
CPU [0] UID 1002 comm: gen_fast, count: 28499
CPU [0] UID 1002 comm: gen_fast, count: 28650
CPU [0] UID 1002 comm: gen_fast, count: 28699
CPU [0] UID 1002 comm: gen_fast, count: 28805
CPU [0] UID 1002 comm: gen_fast, count: 28899
CPU [0] UID 1002 comm: gen_fast, count: 29118
CPU [0] UID 1002 comm: gen_fast, count: 29118
CPU [0] UID 1002 comm: gen_fast, count: 29205
CPU [0] UID 1002 comm: gen_fast, count: 29299
CPU [0] UID 1002 comm: gen_fast, count: 29399
CPU [0] UID 1002 comm: gen_fast, count: 29499
CPU [0] UID 1002 comm: gen_fast, count: 29599
CPU [0] UID 1002 comm: gen_fast, count: 29754
CPU [0] UID 1002 comm: gen_fast, count: 29799
CPU [0] UID 1002 comm: gen_fast, count: 29905
CPU [0] UID 1002 comm: gen_fast, count: 30099
CPU [0] UID 1002 comm: gen_fast, count: 30099
CPU [0] UID 1002 comm: gen_fast, count: 30203
CPU [0] UID 1002 comm: gen_fast, count: 30299
CPU [0] UID 1002 comm: gen_fast, count: 30417
CPU [0] UID 1002 comm: gen_fast, count: 30499
CPU [0] UID 1002 comm: gen_fast, count: 30695
CPU [0] UID 1002 comm: gen_fast, count: 30791
CPU [0] UID 1002 comm: gen_fast, count: 30799
CPU [0] UID 1002 comm: gen_fast, count: 30923
CPU [0] UID 1002 comm: gen_fast, count: 31130
CPU [0] UID 1002 comm: gen_fast, count: 31130
CPU [0] UID 1002 comm: gen_fast, count: 31199
CPU [0] UID 1002 comm: gen_fast, count: 31317
CPU [0] UID 1002 comm: gen_fast, count: 31517
CPU [0] UID 1002 comm: gen_fast, count: 31517
CPU [0] UID 1002 comm: gen_fast, count: 31599
CPU [0] UID 1002 comm: gen_fast, count: 31699
CPU [0] UID 1002 comm: gen_fast, count: 31799
CPU [0] UID 1002 comm: gen_fast, count: 32016
CPU [0] UID 1002 comm: gen_fast, count: 32016
CPU [0] UID 1002 comm: gen_fast, count: 32099
CPU [0] UID 1002 comm: gen_fast, count: 32260
CPU [0] UID 1002 comm: gen_fast, count: 32299
CPU [0] UID 1002 comm: gen_fast, count: 32447
CPU [0] UID 1002 comm: gen_fast, count: 32499
CPU [0] UID 1002 comm: gen_fast, count: 32689
CPU [0] UID 1002 comm: gen_fast, count: 32699
CPU [0] UID 1002 comm: gen_fast, count: 32799
CPU [0] UID 1002 comm: gen_fast, count: 32944
CPU [0] UID 1002 comm: gen_fast, count: 32999
CPU [0] UID 1002 comm: gen_fast, count: 33099
CPU [0] UID 1002 comm: gen_fast, count: 33208
CPU [0] UID 1002 comm: gen_fast, count: 33299
CPU [0] UID 1002 comm: gen_fast, count: 33399
CPU [0] UID 1002 comm: gen_fast, count: 33499
CPU [0] UID 1002 comm: gen_fast, count: 33599
CPU [0] UID 1002 comm: gen_fast, count: 33758
CPU [0] UID 1002 comm: gen_fast, count: 33799
CPU [0] UID 1002 comm: gen_fast, count: 33899
CPU [0] UID 1002 comm: gen_fast, count: 33999
CPU [0] UID 1002 comm: gen_fast, count: 34134
CPU [0] UID 1002 comm: gen_fast, count: 34217
CPU [0] UID 1002 comm: gen_fast, count: 34304
CPU [0] UID 1002 comm: gen_fast, count: 34399
CPU [0] UID 1002 comm: gen_fast, count: 34499
CPU [0] UID 1002 comm: gen_fast, count: 34675
CPU [0] UID 1002 comm: gen_fast, count: 34741
CPU [0] UID 1002 comm: gen_fast, count: 34799
CPU [0] UID 1002 comm: gen_fast, count: 34899
CPU [0] UID 1002 comm: gen_fast, count: 35037
CPU [0] UID 1002 comm: gen_fast, count: 35099
CPU [0] UID 1002 comm: gen_fast, count: 35199
CPU [0] UID 1002 comm: gen_fast, count: 35329
CPU [0] UID 1002 comm: gen_fast, count: 35399
CPU [0] UID 1002 comm: gen_fast, count: 35499
CPU [0] UID 1002 comm: gen_fast, count: 35599
CPU [0] UID 1002 comm: gen_fast, count: 35783
CPU [0] UID 1002 comm: gen_fast, count: 35799
CPU [0] UID 1002 comm: gen_fast, count: 35899
CPU [0] UID 1002 comm: gen_fast, count: 36075
CPU [0] UID 1002 comm: gen_fast, count: 36141
CPU [0] UID 1002 comm: gen_fast, count: 36199
CPU [0] UID 1002 comm: gen_fast, count: 36303
CPU [0] UID 1002 comm: gen_fast, count: 36525
CPU [0] UID 1002 comm: gen_fast, count: 36525
CPU [0] UID 1002 comm: gen_fast, count: 36631
CPU [0] UID 1002 comm: gen_fast, count: 36804
CPU [0] UID 1002 comm: gen_fast, count: 36804
CPU [0] UID 1002 comm: gen_fast, count: 36899
CPU [0] UID 1002 comm: gen_fast, count: 37037
CPU [0] UID 1002 comm: gen_fast, count: 37099
CPU [0] UID 1002 comm: gen_fast, count: 37199
CPU [0] UID 1002 comm: gen_fast, count: 37329
CPU [0] UID 1002 comm: gen_fast, count: 37399
CPU [0] UID 1002 comm: gen_fast, count: 37593
CPU [0] UID 1002 comm: gen_fast, count: 37599
CPU [0] UID 1002 comm: gen_fast, count: 37784
CPU [0] UID 1002 comm: gen_fast, count: 37799
CPU [0] UID 1002 comm: gen_fast, count: 38050
CPU [0] UID 1002 comm: gen_fast, count: 38050
CPU [0] UID 1002 comm: gen_fast, count: 38238
CPU [0] UID 1002 comm: gen_fast, count: 38238
CPU [0] UID 1002 comm: gen_fast, count: 38299
CPU [0] UID 1002 comm: gen_fast, count: 38470
CPU [0] UID 1002 comm: gen_fast, count: 38499
CPU [0] UID 1002 comm: gen_fast, count: 38671
CPU [0] UID 1002 comm: gen_fast, count: 38699
CPU [0] UID 1002 comm: gen_fast, count: 38803
CPU [0] UID 1002 comm: gen_fast, count: 38899
CPU [0] UID 1002 comm: gen_fast, count: 38999
CPU [0] UID 1002 comm: gen_fast, count: 39128
CPU [0] UID 1002 comm: gen_fast, count: 39199
CPU [0] UID 1002 comm: gen_fast, count: 39306
CPU [0] UID 1002 comm: gen_fast, count: 39399
CPU [0] UID 1002 comm: gen_fast, count: 39520
CPU [0] UID 1002 comm: gen_fast, count: 39733
CPU [0] UID 1002 comm: gen_fast, count: 39733
CPU [0] UID 1002 comm: gen_fast, count: 39799
CPU [0] UID 1002 comm: gen_fast, count: 39901
CPU [0] UID 1002 comm: gen_fast, count: 40110
CPU [0] UID 1002 comm: gen_fast, count: 40110
CPU [0] UID 1002 comm: gen_fast, count: 40199
CPU [0] UID 1002 comm: gen_fast, count: 40299
CPU [0] UID 1002 comm: gen_fast, count: 40399
CPU [0] UID 1002 comm: gen_fast, count: 40572
CPU [0] UID 1002 comm: gen_fast, count: 40599
CPU [0] UID 1002 comm: gen_fast, count: 40816
CPU [0] UID 1002 comm: gen_fast, count: 40816
CPU [0] UID 1002 comm: gen_fast, count: 40899
CPU [0] UID 1002 comm: gen_fast, count: 41001
CPU [0] UID 1002 comm: gen_fast, count: 41215
CPU [0] UID 1002 comm: gen_fast, count: 41215
CPU [0] UID 1002 comm: gen_fast, count: 41299
CPU [0] UID 1002 comm: gen_fast, count: 41468
CPU [0] UID 1002 comm: gen_fast, count: 41499
CPU [0] UID 1002 comm: gen_fast, count: 41723
CPU [0] UID 1002 comm: gen_fast, count: 41723
CPU [0] UID 1002 comm: gen_fast, count: 41799
CPU [0] UID 1002 comm: gen_fast, count: 42032
CPU [0] UID 1002 comm: gen_fast, count: 42032
CPU [0] UID 1002 comm: gen_fast, count: 42099
CPU [0] UID 1002 comm: gen_fast, count: 42199
CPU [0] UID 1002 comm: gen_fast, count: 42299
CPU [0] UID 1002 comm: gen_fast, count: 42415
CPU [0] UID 1002 comm: gen_fast, count: 42581
CPU [0] UID 1002 comm: gen_fast, count: 42599
CPU [0] UID 1002 comm: gen_fast, count: 42753
CPU [0] UID 1002 comm: gen_fast, count: 42799
CPU [0] UID 1002 comm: gen_fast, count: 42907
CPU [0] UID 1002 comm: gen_fast, count: 43103
CPU [0] UID 1002 comm: gen_fast, count: 43103
CPU [0] UID 1002 comm: gen_fast, count: 43295
CPU [0] UID 1002 comm: gen_fast, count: 43299
CPU [0] UID 1002 comm: gen_fast, count: 43540
CPU [0] UID 1002 comm: gen_fast, count: 43540
CPU [0] UID 1002 comm: gen_fast, count: 43599
CPU [0] UID 1002 comm: gen_fast, count: 43802
CPU [0] UID 1002 comm: gen_fast, count: 43802
CPU [0] UID 1002 comm: gen_fast, count: 43899
CPU [0] UID 1002 comm: gen_fast, count: 44135
CPU [0] UID 1002 comm: gen_fast, count: 44135
CPU [0] UID 1002 comm: gen_fast, count: 44199
CPU [0] UID 1002 comm: gen_fast, count: 44336
CPU [0] UID 1002 comm: gen_fast, count: 44399
CPU [0] UID 1002 comm: gen_fast, count: 44592
CPU [0] UID 1002 comm: gen_fast, count: 44599
CPU [0] UID 1002 comm: gen_fast, count: 44787
CPU [0] UID 1002 comm: gen_fast, count: 44799
CPU [0] UID 1002 comm: gen_fast, count: 44979
CPU [0] UID 1002 comm: gen_fast, count: 44999
CPU [0] UID 1002 comm: gen_fast, count: 45099
CPU [0] UID 1002 comm: gen_fast, count: 45222
CPU [0] UID 1002 comm: gen_fast, count: 45327
CPU [0] UID 1002 comm: gen_fast, count: 45482
CPU [0] UID 1002 comm: gen_fast, count: 45499
CPU [0] UID 1002 comm: gen_fast, count: 45667
CPU [0] UID 1002 comm: gen_fast, count: 45810
CPU [0] UID 1002 comm: gen_fast, count: 45810
CPU [0] UID 1002 comm: gen_fast, count: 45994
CPU [0] UID 1002 comm: gen_fast, count: 45999
CPU [0] UID 1002 comm: gen_fast, count: 46099
CPU [0] UID 1002 comm: gen_fast, count: 46199
CPU [0] UID 1002 comm: gen_fast, count: 46380
CPU [0] UID 1002 comm: gen_fast, count: 46399
CPU [0] UID 1002 comm: gen_fast, count: 46649
CPU [0] UID 1002 comm: gen_fast, count: 46649
CPU [0] UID 1002 comm: gen_fast, count: 46699
CPU [0] UID 1002 comm: gen_fast, count: 46876
CPU [0] UID 1002 comm: gen_fast, count: 46899
CPU [0] UID 1002 comm: gen_fast, count: 47007
CPU [0] UID 1002 comm: gen_fast, count: 47099
CPU [0] UID 1002 comm: gen_fast, count: 47199
CPU [0] UID 1002 comm: gen_fast, count: 47324
CPU [0] UID 1002 comm: gen_fast, count: 47520
CPU [0] UID 1002 comm: gen_fast, count: 47520
CPU [0] UID 1002 comm: gen_fast, count: 47610
CPU [0] UID 1002 comm: gen_fast, count: 47699
CPU [0] UID 1002 comm: gen_fast, count: 47799
CPU [0] UID 1002 comm: gen_fast, count: 48047
CPU [0] UID 1002 comm: gen_fast, count: 48047
CPU [0] UID 1002 comm: gen_fast, count: 48099
CPU [0] UID 1002 comm: gen_fast, count: 48290
CPU [0] UID 1002 comm: gen_fast, count: 48299
CPU [0] UID 1002 comm: gen_fast, count: 48544
CPU [0] UID 1002 comm: gen_fast, count: 48544
CPU [0] UID 1002 comm: gen_fast, count: 48599
CPU [0] UID 1002 comm: gen_fast, count: 48799
CPU [0] UID 1002 comm: gen_fast, count: 48799
CPU [0] UID 1002 comm: gen_fast, count: 48899
CPU [0] UID 1002 comm: gen_fast, count: 49042
CPU [0] UID 1002 comm: gen_fast, count: 49099
CPU [0] UID 1002 comm: gen_fast, count: 49263
CPU [0] UID 1002 comm: gen_fast, count: 49299
CPU [0] UID 1002 comm: gen_fast, count: 49399
CPU [0] UID 1002 comm: gen_fast, count: 49499
CPU [0] UID 1002 comm: gen_fast, count: 49626
CPU [0] UID 1002 comm: gen_fast, count: 49705
CPU [0] UID 1002 comm: gen_fast, count: 49799
CPU [0] UID 1002 comm: gen_fast, count: 49899
CPU [0] UID 1002 comm: gen_fast, count: 50069
CPU [0] UID 1002 comm: gen_fast, count: 50099
CPU [0] UID 1002 comm: gen_fast, count: 50257
CPU [0] UID 1002 comm: gen_fast, count: 50299
CPU [0] UID 1002 comm: gen_fast, count: 50452
CPU [0] UID 1002 comm: gen_fast, count: 50499
CPU [0] UID 1002 comm: gen_fast, count: 50723
CPU [0] UID 1002 comm: gen_fast, count: 50723
CPU [0] UID 1002 comm: gen_fast, count: 50799
CPU [0] UID 1002 comm: gen_fast, count: 50899
CPU [0] UID 1002 comm: gen_fast, count: 51005
CPU [0] UID 1002 comm: gen_fast, count: 51099
CPU [0] UID 1002 comm: gen_fast, count: 51306
CPU [0] UID 1002 comm: gen_fast, count: 51306
CPU [0] UID 1002 comm: gen_fast, count: 51434
CPU [0] UID 1002 comm: gen_fast, count: 51519
CPU [0] UID 1002 comm: gen_fast, count: 51599
CPU [0] UID 1002 comm: gen_fast, count: 51699
CPU [0] UID 1002 comm: gen_fast, count: 51832
CPU [0] UID 1002 comm: gen_fast, count: 51899
CPU [0] UID 1002 comm: gen_fast, count: 52025
CPU [0] UID 1002 comm: gen_fast, count: 52099
CPU [0] UID 1002 comm: gen_fast, count: 52199
CPU [0] UID 1002 comm: gen_fast, count: 52299
CPU [0] UID 1002 comm: gen_fast, count: 52442
CPU [0] UID 1002 comm: gen_fast, count: 52499
CPU [0] UID 1002 comm: gen_fast, count: 52606
CPU [0] UID 1002 comm: gen_fast, count: 52699
CPU [0] UID 1002 comm: gen_fast, count: 52903
CPU [0] UID 1002 comm: gen_fast, count: 52903
CPU [0] UID 1002 comm: gen_fast, count: 53020
CPU [0] UID 1002 comm: gen_fast, count: 53099
CPU [0] UID 1002 comm: gen_fast, count: 53226
CPU [0] UID 1002 comm: gen_fast, count: 53384
CPU [0] UID 1002 comm: gen_fast, count: 53399
CPU [0] UID 1002 comm: gen_fast, count: 53502
CPU [0] UID 1002 comm: gen_fast, count: 53621
CPU [0] UID 1002 comm: gen_fast, count: 53759
CPU [0] UID 1002 comm: gen_fast, count: 53799
CPU [0] UID 1002 comm: gen_fast, count: 53899
CPU [0] UID 1002 comm: gen_fast, count: 54020
CPU [0] UID 1002 comm: gen_fast, count: 54183
CPU [0] UID 1002 comm: gen_fast, count: 54290
CPU [0] UID 1002 comm: gen_fast, count: 54299
CPU [0] UID 1002 comm: gen_fast, count: 54402
CPU [0] UID 1002 comm: gen_fast, count: 54499
CPU [0] UID 1002 comm: gen_fast, count: 54599
CPU [0] UID 1002 comm: gen_fast, count: 54699
CPU [0] UID 1002 comm: gen_fast, count: 54834
CPU [0] UID 1002 comm: gen_fast, count: 55034
CPU [0] UID 1002 comm: gen_fast, count: 55034
CPU [0] UID 1002 comm: gen_fast, count: 55099
CPU [0] UID 1002 comm: gen_fast, count: 55199
CPU [0] UID 1002 comm: gen_fast, count: 55312
CPU [0] UID 1002 comm: gen_fast, count: 55399
CPU [0] UID 1002 comm: gen_fast, count: 55499
CPU [0] UID 1002 comm: gen_fast, count: 55675
CPU [0] UID 1002 comm: gen_fast, count: 55699
CPU [0] UID 1002 comm: gen_fast, count: 55923
CPU [0] UID 1002 comm: gen_fast, count: 55923
CPU [0] UID 1002 comm: gen_fast, count: 55999
CPU [0] UID 1002 comm: gen_fast, count: 56127
CPU [0] UID 1002 comm: gen_fast, count: 56199
CPU [0] UID 1002 comm: gen_fast, count: 56355
CPU [0] UID 1002 comm: gen_fast, count: 56399
CPU [0] UID 1002 comm: gen_fast, count: 56499
CPU [0] UID 1002 comm: gen_fast, count: 56632
CPU [0] UID 1002 comm: gen_fast, count: 56699
CPU [0] UID 1002 comm: gen_fast, count: 56893
CPU [0] UID 1002 comm: gen_fast, count: 56899
CPU [0] UID 1002 comm: gen_fast, count: 57138
CPU [0] UID 1002 comm: gen_fast, count: 57138
CPU [0] UID 1002 comm: gen_fast, count: 57199
CPU [0] UID 1002 comm: gen_fast, count: 57299
CPU [0] UID 1002 comm: gen_fast, count: 57421
CPU [0] UID 1002 comm: gen_fast, count: 57499
CPU [0] UID 1002 comm: gen_fast, count: 57613
CPU [0] UID 1002 comm: gen_fast, count: 57757
CPU [0] UID 1002 comm: gen_fast, count: 57799
CPU [0] UID 1002 comm: gen_fast, count: 57938
CPU [0] UID 1002 comm: gen_fast, count: 58101
CPU [0] UID 1002 comm: gen_fast, count: 58101
CPU [0] UID 1002 comm: gen_fast, count: 58261
CPU [0] UID 1002 comm: gen_fast, count: 58412
CPU [0] UID 1002 comm: gen_fast, count: 58412
CPU [0] UID 1002 comm: gen_fast, count: 58499
CPU [0] UID 1002 comm: gen_fast, count: 58599
CPU [0] UID 1002 comm: gen_fast, count: 58699
CPU [0] UID 1002 comm: gen_fast, count: 58896
CPU [0] UID 1002 comm: gen_fast, count: 58899
CPU [0] UID 1002 comm: gen_fast, count: 58999
CPU [0] UID 1002 comm: gen_fast, count: 59099
CPU [0] UID 1002 comm: gen_fast, count: 59199
CPU [0] UID 1002 comm: gen_fast, count: 59325
CPU [0] UID 1002 comm: gen_fast, count: 59437
CPU [0] UID 1002 comm: gen_fast, count: 59499
CPU [0] UID 1002 comm: gen_fast, count: 59600
CPU [0] UID 1002 comm: gen_fast, count: 59723
CPU [0] UID 1002 comm: gen_fast, count: 59862
CPU [0] UID 1002 comm: gen_fast, count: 59899
CPU [0] UID 1002 comm: gen_fast, count: 60030
CPU [0] UID 1002 comm: gen_fast, count: 60099
CPU [0] UID 1002 comm: gen_fast, count: 60199
CPU [0] UID 1002 comm: gen_fast, count: 60338
CPU [0] UID 1002 comm: gen_fast, count: 60399
CPU [0] UID 1002 comm: gen_fast, count: 60500
CPU [0] UID 1002 comm: gen_fast, count: 60626
CPU [0] UID 1002 comm: gen_fast, count: 60699
CPU [0] UID 1002 comm: gen_fast, count: 60799
CPU [0] UID 1002 comm: gen_fast, count: 60907
CPU [0] UID 1002 comm: gen_fast, count: 61051
CPU [0] UID 1002 comm: gen_fast, count: 61099
CPU [0] UID 1002 comm: gen_fast, count: 61199
CPU [0] UID 1002 comm: gen_fast, count: 61411
CPU [0] UID 1002 comm: gen_fast, count: 61411
CPU [0] UID 1002 comm: gen_fast, count: 61608
CPU [0] UID 1002 comm: gen_fast, count: 61608
CPU [0] UID 1002 comm: gen_fast, count: 61699
CPU [0] UID 1002 comm: gen_fast, count: 61803
CPU [0] UID 1002 comm: gen_fast, count: 61956
CPU [0] UID 1002 comm: gen_fast, count: 61999
CPU [0] UID 1002 comm: gen_fast, count: 62184
CPU [0] UID 1002 comm: gen_fast, count: 62199
CPU [0] UID 1002 comm: gen_fast, count: 62300
CPU [0] UID 1002 comm: gen_fast, count: 62493
CPU [0] UID 1002 comm: gen_fast, count: 62499
CPU [0] UID 1002 comm: gen_fast, count: 62599
CPU [0] UID 1002 comm: gen_fast, count: 62699
CPU [0] UID 1002 comm: gen_fast, count: 62857
CPU [0] UID 1002 comm: gen_fast, count: 62899
CPU [0] UID 1002 comm: gen_fast, count: 63112
CPU [0] UID 1002 comm: gen_fast, count: 63112
CPU [0] UID 1002 comm: gen_fast, count: 63199
CPU [0] UID 1002 comm: gen_fast, count: 63385
CPU [0] UID 1002 comm: gen_fast, count: 63399
CPU [0] UID 1002 comm: gen_fast, count: 63607
CPU [0] UID 1002 comm: gen_fast, count: 63607
CPU [0] UID 1002 comm: gen_fast, count: 63702
CPU [0] UID 1002 comm: gen_fast, count: 63847
CPU [0] UID 1002 comm: gen_fast, count: 64019
CPU [0] UID 1002 comm: gen_fast, count: 64019
CPU [0] UID 1002 comm: gen_fast, count: 64099
CPU [0] UID 1002 comm: gen_fast, count: 64264
CPU [0] UID 1002 comm: gen_fast, count: 64299
CPU [0] UID 1002 comm: gen_fast, count: 64410
CPU [0] UID 1002 comm: gen_fast, count: 64607
CPU [0] UID 1002 comm: gen_fast, count: 64607
CPU [0] UID 1002 comm: gen_fast, count: 64699
CPU [0] UID 1002 comm: gen_fast, count: 64808
CPU [0] UID 1002 comm: gen_fast, count: 64899
CPU [0] UID 1002 comm: gen_fast, count: 65101
CPU [0] UID 1002 comm: gen_fast, count: 65101
CPU [0] UID 1002 comm: gen_fast, count: 65199
CPU [0] UID 1002 comm: gen_fast, count: 65361
CPU [0] UID 1002 comm: gen_fast, count: 65399
CPU [0] UID 1002 comm: gen_fast, count: 65621
CPU [0] UID 1002 comm: gen_fast, count: 65621
CPU [0] UID 1002 comm: gen_fast, count: 65699
CPU [0] UID 1002 comm: gen_fast, count: 65799
CPU [0] UID 1002 comm: gen_fast, count: 65959
CPU [0] UID 1002 comm: gen_fast, count: 65999
CPU [0] UID 1002 comm: gen_fast, count: 66195
CPU [0] UID 1002 comm: gen_fast, count: 66199
CPU [0] UID 1002 comm: gen_fast, count: 66299
CPU [0] UID 1002 comm: gen_fast, count: 66456
CPU [0] UID 1002 comm: gen_fast, count: 66643
CPU [0] UID 1002 comm: gen_fast, count: 66643
CPU [0] UID 1002 comm: gen_fast, count: 66699
CPU [0] UID 1002 comm: gen_fast, count: 66814
CPU [0] UID 1002 comm: gen_fast, count: 66899
CPU [0] UID 1002 comm: gen_fast, count: 66999
CPU [0] UID 1002 comm: gen_fast, count: 67245
CPU [0] UID 1002 comm: gen_fast, count: 67245
CPU [0] UID 1002 comm: gen_fast, count: 67299
CPU [0] UID 1002 comm: gen_fast, count: 67496
CPU [0] UID 1002 comm: gen_fast, count: 67499
CPU [0] UID 1002 comm: gen_fast, count: 67599
CPU [0] UID 1002 comm: gen_fast, count: 67737
CPU [0] UID 1002 comm: gen_fast, count: 67823
CPU [0] UID 1002 comm: gen_fast, count: 67957
CPU [0] UID 1002 comm: gen_fast, count: 68011
CPU [0] UID 1002 comm: gen_fast, count: 68129
CPU [0] UID 1002 comm: gen_fast, count: 68237
CPU [0] UID 1002 comm: gen_fast, count: 68299
CPU [0] UID 1002 comm: gen_fast, count: 68502
CPU [0] UID 1002 comm: gen_fast, count: 68502
CPU [0] UID 1002 comm: gen_fast, count: 68599
CPU [0] UID 1002 comm: gen_fast, count: 68699
CPU [0] UID 1002 comm: gen_fast, count: 68812
CPU [0] UID 1002 comm: gen_fast, count: 68921
CPU [0] UID 1002 comm: gen_fast, count: 68999
CPU [0] UID 1002 comm: gen_fast, count: 69099
CPU [0] UID 1002 comm: gen_fast, count: 69283
CPU [0] UID 1002 comm: gen_fast, count: 69299
CPU [0] UID 1002 comm: gen_fast, count: 69539
CPU [0] UID 1002 comm: gen_fast, count: 69539
CPU [0] UID 1002 comm: gen_fast, count: 69599
CPU [0] UID 1002 comm: gen_fast, count: 69699
CPU [0] UID 1002 comm: gen_fast, count: 69844
CPU [0] UID 1002 comm: gen_fast, count: 69926
CPU [0] UID 1002 comm: gen_fast, count: 69999
CPU [0] UID 1002 comm: gen_fast, count: 70106
CPU [0] UID 1002 comm: gen_fast, count: 70233
CPU [0] UID 1002 comm: gen_fast, count: 70299
CPU [0] UID 1002 comm: gen_fast, count: 70464
CPU [0] UID 1002 comm: gen_fast, count: 70550
CPU [0] UID 1002 comm: gen_fast, count: 70600
CPU [0] UID 1002 comm: gen_fast, count: 70720
CPU [0] UID 1002 comm: gen_fast, count: 70799
CPU [0] UID 1002 comm: gen_fast, count: 70899
CPU [0] UID 1002 comm: gen_fast, count: 70999
CPU [0] UID 1002 comm: gen_fast, count: 71163
CPU [0] UID 1002 comm: gen_fast, count: 71199
CPU [0] UID 1002 comm: gen_fast, count: 71405
CPU [0] UID 1002 comm: gen_fast, count: 71405
CPU [0] UID 1002 comm: gen_fast, count: 71499
CPU [0] UID 1002 comm: gen_fast, count: 71640
CPU [0] UID 1002 comm: gen_fast, count: 71699
CPU [0] UID 1002 comm: gen_fast, count: 71799
CPU [0] UID 1002 comm: gen_fast, count: 71911
CPU [0] UID 1002 comm: gen_fast, count: 72002
CPU [0] UID 1002 comm: gen_fast, count: 72160
CPU [0] UID 1002 comm: gen_fast, count: 72199
CPU [0] UID 1002 comm: gen_fast, count: 72398
CPU [0] UID 1002 comm: gen_fast, count: 72399
CPU [0] UID 1002 comm: gen_fast, count: 72499
CPU [0] UID 1002 comm: gen_fast, count: 72622
CPU [0] UID 1002 comm: gen_fast, count: 72749
CPU [0] UID 1002 comm: gen_fast, count: 72842
CPU [0] UID 1002 comm: gen_fast, count: 72919
CPU [0] UID 1002 comm: gen_fast, count: 72999
CPU [0] UID 1002 comm: gen_fast, count: 73110
CPU [0] UID 1002 comm: gen_fast, count: 73199
CPU [0] UID 1002 comm: gen_fast, count: 73299
CPU [0] UID 1002 comm: gen_fast, count: 73480
CPU [0] UID 1002 comm: gen_fast, count: 73499
CPU [0] UID 1002 comm: gen_fast, count: 73599
CPU [0] UID 1002 comm: gen_fast, count: 73726
CPU [0] UID 1002 comm: gen_fast, count: 73799
CPU [0] UID 1002 comm: gen_fast, count: 73958
CPU [0] UID 1002 comm: gen_fast, count: 73999
CPU [0] UID 1002 comm: gen_fast, count: 74099
CPU [0] UID 1002 comm: gen_fast, count: 74199
CPU [0] UID 1002 comm: gen_fast, count: 74299
CPU [0] UID 1002 comm: gen_fast, count: 74420
CPU [0] UID 1002 comm: gen_fast, count: 74503
CPU [0] UID 1002 comm: gen_fast, count: 74715
CPU [0] UID 1002 comm: gen_fast, count: 74715
CPU [0] UID 1002 comm: gen_fast, count: 74799
CPU [0] UID 1002 comm: gen_fast, count: 74924
CPU [0] UID 1002 comm: gen_fast, count: 75011
CPU [0] UID 1002 comm: gen_fast, count: 75099
CPU [0] UID 1002 comm: gen_fast, count: 75227
CPU [0] UID 1002 comm: gen_fast, count: 75426
CPU [0] UID 1002 comm: gen_fast, count: 75426
CPU [0] UID 1002 comm: gen_fast, count: 75500
CPU [0] UID 1002 comm: gen_fast, count: 75633
CPU [0] UID 1002 comm: gen_fast, count: 75699
CPU [0] UID 1002 comm: gen_fast, count: 75799
CPU [0] UID 1002 comm: gen_fast, count: 75903
CPU [0] UID 1002 comm: gen_fast, count: 76005
CPU [0] UID 1002 comm: gen_fast, count: 76099
CPU [0] UID 1002 comm: gen_fast, count: 76199
CPU [0] UID 1002 comm: gen_fast, count: 76299
CPU [0] UID 1002 comm: gen_fast, count: 76405
CPU [0] UID 1002 comm: gen_fast, count: 76554
CPU [0] UID 1002 comm: gen_fast, count: 76734
CPU [0] UID 1002 comm: gen_fast, count: 76734
CPU [0] UID 1002 comm: gen_fast, count: 76799
CPU [0] UID 1002 comm: gen_fast, count: 76939
CPU [0] UID 1002 comm: gen_fast, count: 77015
CPU [0] UID 1002 comm: gen_fast, count: 77099
CPU [0] UID 1002 comm: gen_fast, count: 77213
CPU [0] UID 1002 comm: gen_fast, count: 77299
CPU [0] UID 1002 comm: gen_fast, count: 77399
CPU [0] UID 1002 comm: gen_fast, count: 77595
CPU [0] UID 1002 comm: gen_fast, count: 77599
CPU [0] UID 1002 comm: gen_fast, count: 77699
CPU [0] UID 1002 comm: gen_fast, count: 77923
CPU [0] UID 1002 comm: gen_fast, count: 77923
CPU [0] UID 1002 comm: gen_fast, count: 78038
CPU [0] UID 1002 comm: gen_fast, count: 78099
CPU [0] UID 1002 comm: gen_fast, count: 78199
CPU [0] UID 1002 comm: gen_fast, count: 78299
CPU [0] UID 1002 comm: gen_fast, count: 78464
CPU [0] UID 1002 comm: gen_fast, count: 78499
CPU [0] UID 1002 comm: gen_fast, count: 78744
CPU [0] UID 1002 comm: gen_fast, count: 78744
CPU [0] UID 1002 comm: gen_fast, count: 78799
CPU [0] UID 1002 comm: gen_fast, count: 79020
CPU [0] UID 1002 comm: gen_fast, count: 79020
CPU [0] UID 1002 comm: gen_fast, count: 79099
CPU [0] UID 1002 comm: gen_fast, count: 79237
CPU [0] UID 1002 comm: gen_fast, count: 79299
CPU [0] UID 1002 comm: gen_fast, count: 79427
CPU [0] UID 1002 comm: gen_fast, count: 79499
CPU [0] UID 1002 comm: gen_fast, count: 79599
CPU [0] UID 1002 comm: gen_fast, count: 79699
CPU [0] UID 1002 comm: gen_fast, count: 79875
CPU [0] UID 1002 comm: gen_fast, count: 79899
CPU [0] UID 1002 comm: gen_fast, count: 80143
CPU [0] UID 1002 comm: gen_fast, count: 80143
CPU [0] UID 1002 comm: gen_fast, count: 80199
CPU [0] UID 1002 comm: gen_fast, count: 80424
CPU [0] UID 1002 comm: gen_fast, count: 80424
CPU [0] UID 1002 comm: gen_fast, count: 80499
CPU [0] UID 1002 comm: gen_fast, count: 80703
CPU [0] UID 1002 comm: gen_fast, count: 80703
CPU [0] UID 1002 comm: gen_fast, count: 80799
CPU [0] UID 1002 comm: gen_fast, count: 80922
CPU [0] UID 1002 comm: gen_fast, count: 81014
CPU [0] UID 1002 comm: gen_fast, count: 81100
CPU [0] UID 1002 comm: gen_fast, count: 81276
CPU [0] UID 1002 comm: gen_fast, count: 81299
CPU [0] UID 1002 comm: gen_fast, count: 81399
CPU [0] UID 1002 comm: gen_fast, count: 81499
CPU [0] UID 1002 comm: gen_fast, count: 81599
CPU [0] UID 1002 comm: gen_fast, count: 81780
CPU [0] UID 1002 comm: gen_fast, count: 81828
CPU [0] UID 1002 comm: gen_fast, count: 81963
CPU [0] UID 1002 comm: gen_fast, count: 81999
CPU [0] UID 1002 comm: gen_fast, count: 82130
CPU [0] UID 1002 comm: gen_fast, count: 82199
CPU [0] UID 1002 comm: gen_fast, count: 82299
CPU [0] UID 1002 comm: gen_fast, count: 82399
CPU [0] UID 1002 comm: gen_fast, count: 82499
CPU [0] UID 1002 comm: gen_fast, count: 82599
CPU [0] UID 1002 comm: gen_fast, count: 82699
CPU [0] UID 1002 comm: gen_fast, count: 82831
CPU [0] UID 1002 comm: gen_fast, count: 82921
CPU [0] UID 1002 comm: gen_fast, count: 83031
CPU [0] UID 1002 comm: gen_fast, count: 83099
CPU [0] UID 1002 comm: gen_fast, count: 83219
CPU [0] UID 1002 comm: gen_fast, count: 83346
CPU [0] UID 1002 comm: gen_fast, count: 83399
CPU [0] UID 1002 comm: gen_fast, count: 83499
CPU [0] UID 1002 comm: gen_fast, count: 83615
CPU [0] UID 1002 comm: gen_fast, count: 83703
CPU [0] UID 1002 comm: gen_fast, count: 83835
CPU [0] UID 1002 comm: gen_fast, count: 83899
CPU [0] UID 1002 comm: gen_fast, count: 83999
CPU [0] UID 1002 comm: gen_fast, count: 84116
CPU [0] UID 1002 comm: gen_fast, count: 84199
CPU [0] UID 1002 comm: gen_fast, count: 84335
CPU [0] UID 1002 comm: gen_fast, count: 84422
CPU [0] UID 1002 comm: gen_fast, count: 84507
CPU [0] UID 1002 comm: gen_fast, count: 84599
CPU [0] UID 1002 comm: gen_fast, count: 84699
CPU [0] UID 1002 comm: gen_fast, count: 84806
CPU [0] UID 1002 comm: gen_fast, count: 84899
CPU [0] UID 1002 comm: gen_fast, count: 84999
CPU [0] UID 1002 comm: gen_fast, count: 85099
CPU [0] UID 1002 comm: gen_fast, count: 85220
CPU [0] UID 1002 comm: gen_fast, count: 85414
CPU [0] UID 1002 comm: gen_fast, count: 85414
CPU [0] UID 1002 comm: gen_fast, count: 85499
CPU [0] UID 1002 comm: gen_fast, count: 85680
CPU [0] UID 1002 comm: gen_fast, count: 85699
CPU [0] UID 1002 comm: gen_fast, count: 85838
CPU [0] UID 1002 comm: gen_fast, count: 85899
CPU [0] UID 1002 comm: gen_fast, count: 86005
CPU [0] UID 1002 comm: gen_fast, count: 86222
CPU [0] UID 1002 comm: gen_fast, count: 86222
CPU [0] UID 1002 comm: gen_fast, count: 86299
CPU [0] UID 1002 comm: gen_fast, count: 86442
CPU [0] UID 1002 comm: gen_fast, count: 86499
CPU [0] UID 1002 comm: gen_fast, count: 86667
CPU [0] UID 1002 comm: gen_fast, count: 86699
CPU [0] UID 1002 comm: gen_fast, count: 86799
CPU [0] UID 1002 comm: gen_fast, count: 86899
CPU [0] UID 1002 comm: gen_fast, count: 87029
CPU [0] UID 1002 comm: gen_fast, count: 87250
CPU [0] UID 1002 comm: gen_fast, count: 87250
CPU [0] UID 1002 comm: gen_fast, count: 87299
CPU [0] UID 1002 comm: gen_fast, count: 87424
CPU [0] UID 1002 comm: gen_fast, count: 87499
CPU [0] UID 1002 comm: gen_fast, count: 87637
CPU [0] UID 1002 comm: gen_fast, count: 87699
CPU [0] UID 1002 comm: gen_fast, count: 87799
CPU [0] UID 1002 comm: gen_fast, count: 88039
CPU [0] UID 1002 comm: gen_fast, count: 88039
CPU [0] UID 1002 comm: gen_fast, count: 88103
CPU [0] UID 1002 comm: gen_fast, count: 88199
CPU [0] UID 1002 comm: gen_fast, count: 88299
CPU [0] UID 1002 comm: gen_fast, count: 88399
CPU [0] UID 1002 comm: gen_fast, count: 88511
CPU [0] UID 1002 comm: gen_fast, count: 88711
CPU [0] UID 1002 comm: gen_fast, count: 88711
CPU [0] UID 1002 comm: gen_fast, count: 88873
CPU [0] UID 1002 comm: gen_fast, count: 88899
CPU [0] UID 1002 comm: gen_fast, count: 89001
CPU [0] UID 1002 comm: gen_fast, count: 89161
CPU [0] UID 1002 comm: gen_fast, count: 89199
CPU [0] UID 1002 comm: gen_fast, count: 89333
CPU [0] UID 1002 comm: gen_fast, count: 89399
CPU [0] UID 1002 comm: gen_fast, count: 89595
CPU [0] UID 1002 comm: gen_fast, count: 89599
CPU [0] UID 1002 comm: gen_fast, count: 89699
CPU [0] UID 1002 comm: gen_fast, count: 89799
CPU [0] UID 1002 comm: gen_fast, count: 89932
CPU [0] UID 1002 comm: gen_fast, count: 90013
CPU [0] UID 1002 comm: gen_fast, count: 90099
CPU [0] UID 1002 comm: gen_fast, count: 90199
CPU [0] UID 1002 comm: gen_fast, count: 90374
CPU [0] UID 1002 comm: gen_fast, count: 90399
CPU [0] UID 1002 comm: gen_fast, count: 90499
CPU [0] UID 1002 comm: gen_fast, count: 90612
CPU [0] UID 1002 comm: gen_fast, count: 90699
CPU [0] UID 1002 comm: gen_fast, count: 90799
CPU [0] UID 1002 comm: gen_fast, count: 90936
CPU [0] UID 1002 comm: gen_fast, count: 90999
CPU [0] UID 1002 comm: gen_fast, count: 91099
CPU [0] UID 1002 comm: gen_fast, count: 91240
CPU [0] UID 1002 comm: gen_fast, count: 91299
CPU [0] UID 1002 comm: gen_fast, count: 91419
CPU [0] UID 1002 comm: gen_fast, count: 91499
CPU [0] UID 1002 comm: gen_fast, count: 91635
CPU [0] UID 1002 comm: gen_fast, count: 91701
CPU [0] UID 1002 comm: gen_fast, count: 91816
CPU [0] UID 1002 comm: gen_fast, count: 91899
CPU [0] UID 1002 comm: gen_fast, count: 91999
CPU [0] UID 1002 comm: gen_fast, count: 92119
CPU [0] UID 1002 comm: gen_fast, count: 92326
CPU [0] UID 1002 comm: gen_fast, count: 92326
CPU [0] UID 1002 comm: gen_fast, count: 92399
CPU [0] UID 1002 comm: gen_fast, count: 92526
CPU [0] UID 1002 comm: gen_fast, count: 92607
CPU [0] UID 1002 comm: gen_fast, count: 92815
CPU [0] UID 1002 comm: gen_fast, count: 92815
CPU [0] UID 1002 comm: gen_fast, count: 92899
CPU [0] UID 1002 comm: gen_fast, count: 92999
CPU [0] UID 1002 comm: gen_fast, count: 93132
CPU [0] UID 1002 comm: gen_fast, count: 93199
CPU [0] UID 1002 comm: gen_fast, count: 93321
CPU [0] UID 1002 comm: gen_fast, count: 93399
CPU [0] UID 1002 comm: gen_fast, count: 93512
CPU [0] UID 1002 comm: gen_fast, count: 93599
CPU [0] UID 1002 comm: gen_fast, count: 93699
CPU [0] UID 1002 comm: gen_fast, count: 93799
CPU [0] UID 1002 comm: gen_fast, count: 93899
CPU [0] UID 1002 comm: gen_fast, count: 93999
CPU [0] UID 1002 comm: gen_fast, count: 94127
CPU [0] UID 1002 comm: gen_fast, count: 94297
CPU [0] UID 1002 comm: gen_fast, count: 94299
CPU [0] UID 1002 comm: gen_fast, count: 94493
CPU [0] UID 1002 comm: gen_fast, count: 94499
CPU [0] UID 1002 comm: gen_fast, count: 94599
CPU [0] UID 1002 comm: gen_fast, count: 94734
CPU [0] UID 1002 comm: gen_fast, count: 94799
CPU [0] UID 1002 comm: gen_fast, count: 94899
CPU [0] UID 1002 comm: gen_fast, count: 95024
CPU [0] UID 1002 comm: gen_fast, count: 95099
CPU [0] UID 1002 comm: gen_fast, count: 95199
CPU [0] UID 1002 comm: gen_fast, count: 95344
CPU [0] UID 1002 comm: gen_fast, count: 95542
CPU [0] UID 1002 comm: gen_fast, count: 95542
CPU [0] UID 1002 comm: gen_fast, count: 95599
CPU [0] UID 1002 comm: gen_fast, count: 95751
CPU [0] UID 1002 comm: gen_fast, count: 95799
CPU [0] UID 1002 comm: gen_fast, count: 95916
CPU [0] UID 1002 comm: gen_fast, count: 95999
CPU [0] UID 1002 comm: gen_fast, count: 96112
CPU [0] UID 1002 comm: gen_fast, count: 96321
CPU [0] UID 1002 comm: gen_fast, count: 96321
CPU [0] UID 1002 comm: gen_fast, count: 96399
CPU [0] UID 1002 comm: gen_fast, count: 96510
CPU [0] UID 1002 comm: gen_fast, count: 96599
CPU [0] UID 1002 comm: gen_fast, count: 96716
CPU [0] UID 1002 comm: gen_fast, count: 96799
CPU [0] UID 1002 comm: gen_fast, count: 96943
CPU [0] UID 1002 comm: gen_fast, count: 97014
CPU [0] UID 1002 comm: gen_fast, count: 97099
CPU [0] UID 1002 comm: gen_fast, count: 97247
CPU [0] UID 1002 comm: gen_fast, count: 97299
CPU [0] UID 1002 comm: gen_fast, count: 97415
CPU [0] UID 1002 comm: gen_fast, count: 97513
CPU [0] UID 1002 comm: gen_fast, count: 97599
CPU [0] UID 1002 comm: gen_fast, count: 97744
CPU [0] UID 1002 comm: gen_fast, count: 97799
CPU [0] UID 1002 comm: gen_fast, count: 97911
CPU [0] UID 1002 comm: gen_fast, count: 98046
CPU [0] UID 1002 comm: gen_fast, count: 98184
CPU [0] UID 1002 comm: gen_fast, count: 98199
CPU [0] UID 1002 comm: gen_fast, count: 98299
CPU [0] UID 1002 comm: gen_fast, count: 98399
CPU [0] UID 1002 comm: gen_fast, count: 98561
CPU [0] UID 1002 comm: gen_fast, count: 98599
CPU [0] UID 1002 comm: gen_fast, count: 98738
CPU [0] UID 1002 comm: gen_fast, count: 98799
CPU [0] UID 1002 comm: gen_fast, count: 98928
CPU [0] UID 1002 comm: gen_fast, count: 98999
CPU [0] UID 1002 comm: gen_fast, count: 99110
CPU [0] UID 1002 comm: gen_fast, count: 99309
CPU [0] UID 1002 comm: gen_fast, count: 99309
CPU [0] UID 1002 comm: gen_fast, count: 99399
CPU [0] UID 1002 comm: gen_fast, count: 99520
CPU [0] UID 1002 comm: gen_fast, count: 99691
CPU [0] UID 1002 comm: gen_fast, count: 99699
CPU [0] UID 1002 comm: gen_fast, count: 99820
CPU [0] UID 1002 comm: gen_fast, count: 99911
CPU [0] UID 1002 comm: gen_fast, count: 100100
CPU [0] UID 1002 comm: gen_fast, count: 100100
CPU [0] UID 1002 comm: gen_fast, count: 100199
CPU [0] UID 1002 comm: gen_fast, count: 100352
CPU [0] UID 1002 comm: gen_fast, count: 100399
CPU [0] UID 1002 comm: gen_fast, count: 100593
CPU [0] UID 1002 comm: gen_fast, count: 100599
CPU [0] UID 1002 comm: gen_fast, count: 100835
CPU [0] UID 1002 comm: gen_fast, count: 100835
CPU [0] UID 1002 comm: gen_fast, count: 100899
CPU [0] UID 1002 comm: gen_fast, count: 101089
CPU [0] UID 1002 comm: gen_fast, count: 101099
CPU [0] UID 1002 comm: gen_fast, count: 101275
CPU [0] UID 1002 comm: gen_fast, count: 101299
CPU [0] UID 1002 comm: gen_fast, count: 101399
CPU [0] UID 1002 comm: gen_fast, count: 101499
CPU [0] UID 1002 comm: gen_fast, count: 101650
CPU [0] UID 1002 comm: gen_fast, count: 101741
CPU [0] UID 1002 comm: gen_fast, count: 101832
CPU [0] UID 1002 comm: gen_fast, count: 102028
CPU [0] UID 1002 comm: gen_fast, count: 102028
CPU [0] UID 1002 comm: gen_fast, count: 102099
CPU [0] UID 1002 comm: gen_fast, count: 102199
CPU [0] UID 1002 comm: gen_fast, count: 102317
CPU [0] UID 1002 comm: gen_fast, count: 102517
CPU [0] UID 1002 comm: gen_fast, count: 102517
CPU [0] UID 1002 comm: gen_fast, count: 102700
CPU [0] UID 1002 comm: gen_fast, count: 102700
CPU [0] UID 1002 comm: gen_fast, count: 102802
CPU [0] UID 1002 comm: gen_fast, count: 102901
CPU [0] UID 1002 comm: gen_fast, count: 103104
CPU [0] UID 1002 comm: gen_fast, count: 103104
CPU [0] UID 1002 comm: gen_fast, count: 103295
CPU [0] UID 1002 comm: gen_fast, count: 103299
CPU [0] UID 1002 comm: gen_fast, count: 103399
CPU [0] UID 1002 comm: gen_fast, count: 103499
CPU [0] UID 1002 comm: gen_fast, count: 103677
CPU [0] UID 1002 comm: gen_fast, count: 103699
CPU [0] UID 1002 comm: gen_fast, count: 103890
CPU [0] UID 1002 comm: gen_fast, count: 103899
CPU [0] UID 1002 comm: gen_fast, count: 104079
CPU [0] UID 1002 comm: gen_fast, count: 104099
CPU [0] UID 1002 comm: gen_fast, count: 104306
CPU [0] UID 1002 comm: gen_fast, count: 104306
CPU [0] UID 1002 comm: gen_fast, count: 104490
CPU [0] UID 1002 comm: gen_fast, count: 104499
CPU [0] UID 1002 comm: gen_fast, count: 104753
CPU [0] UID 1002 comm: gen_fast, count: 104753
CPU [0] UID 1002 comm: gen_fast, count: 104799
CPU [0] UID 1002 comm: gen_fast, count: 104971
CPU [0] UID 1002 comm: gen_fast, count: 104999
CPU [0] UID 1002 comm: gen_fast, count: 105134
CPU [0] UID 1002 comm: gen_fast, count: 105199
CPU [0] UID 1002 comm: gen_fast, count: 105300
CPU [0] UID 1002 comm: gen_fast, count: 105399
CPU [0] UID 1002 comm: gen_fast, count: 105636
CPU [0] UID 1002 comm: gen_fast, count: 105636
CPU [0] UID 1002 comm: gen_fast, count: 105699
CPU [0] UID 1002 comm: gen_fast, count: 105799
CPU [0] UID 1002 comm: gen_fast, count: 105930
CPU [0] UID 1002 comm: gen_fast, count: 106118
CPU [0] UID 1002 comm: gen_fast, count: 106118
CPU [0] UID 1002 comm: gen_fast, count: 106212
CPU [0] UID 1002 comm: gen_fast, count: 106299
CPU [0] UID 1002 comm: gen_fast, count: 106421
CPU [0] UID 1002 comm: gen_fast, count: 106621
CPU [0] UID 1002 comm: gen_fast, count: 106621
CPU [0] UID 1002 comm: gen_fast, count: 106699
CPU [0] UID 1002 comm: gen_fast, count: 106888
CPU [0] UID 1002 comm: gen_fast, count: 106899
CPU [0] UID 1002 comm: gen_fast, count: 106999
CPU [0] UID 1002 comm: gen_fast, count: 107099
CPU [0] UID 1002 comm: gen_fast, count: 107199
CPU [0] UID 1002 comm: gen_fast, count: 107335
CPU [0] UID 1002 comm: gen_fast, count: 107399
CPU [0] UID 1002 comm: gen_fast, count: 107533
CPU [0] UID 1002 comm: gen_fast, count: 107599
CPU [0] UID 1002 comm: gen_fast, count: 107699
CPU [0] UID 1002 comm: gen_fast, count: 107799
CPU [0] UID 1002 comm: gen_fast, count: 107899
CPU [0] UID 1002 comm: gen_fast, count: 107999
CPU [0] UID 1002 comm: gen_fast, count: 108185
CPU [0] UID 1002 comm: gen_fast, count: 108199
CPU [0] UID 1002 comm: gen_fast, count: 108387
CPU [0] UID 1002 comm: gen_fast, count: 108399
CPU [0] UID 1002 comm: gen_fast, count: 108589
CPU [0] UID 1002 comm: gen_fast, count: 108599
CPU [0] UID 1002 comm: gen_fast, count: 108793
CPU [0] UID 1002 comm: gen_fast, count: 108799
CPU [0] UID 1002 comm: gen_fast, count: 108899
CPU [0] UID 1002 comm: gen_fast, count: 108999
CPU [0] UID 1002 comm: gen_fast, count: 109110
CPU [0] UID 1002 comm: gen_fast, count: 109199
CPU [0] UID 1002 comm: gen_fast, count: 109309
CPU [0] UID 1002 comm: gen_fast, count: 109399
CPU [0] UID 1002 comm: gen_fast, count: 109512
CPU [0] UID 1002 comm: gen_fast, count: 109693
CPU [0] UID 1002 comm: gen_fast, count: 109699
CPU [0] UID 1002 comm: gen_fast, count: 109902
CPU [0] UID 1002 comm: gen_fast, count: 109902
CPU [0] UID 1002 comm: gen_fast, count: 109999
CPU [0] UID 1002 comm: gen_fast, count: 110117
CPU [0] UID 1002 comm: gen_fast, count: 110199
CPU [0] UID 1002 comm: gen_fast, count: 110299
CPU [0] UID 1002 comm: gen_fast, count: 110399
CPU [0] UID 1002 comm: gen_fast, count: 110499
CPU [0] UID 1002 comm: gen_fast, count: 110607
CPU [0] UID 1002 comm: gen_fast, count: 110790
CPU [0] UID 1002 comm: gen_fast, count: 110799
CPU [0] UID 1002 comm: gen_fast, count: 110976
CPU [0] UID 1002 comm: gen_fast, count: 110999
CPU [0] UID 1002 comm: gen_fast, count: 111113
CPU [0] UID 1002 comm: gen_fast, count: 111268
CPU [0] UID 1002 comm: gen_fast, count: 111299
CPU [0] UID 1002 comm: gen_fast, count: 111399
CPU [0] UID 1002 comm: gen_fast, count: 111513
CPU [0] UID 1002 comm: gen_fast, count: 111606
CPU [0] UID 1002 comm: gen_fast, count: 111725
CPU [0] UID 1002 comm: gen_fast, count: 111799
CPU [0] UID 1002 comm: gen_fast, count: 111899
CPU [0] UID 1002 comm: gen_fast, count: 111999
CPU [0] UID 1002 comm: gen_fast, count: 112171
CPU [0] UID 1002 comm: gen_fast, count: 112199
CPU [0] UID 1002 comm: gen_fast, count: 112335
CPU [0] UID 1002 comm: gen_fast, count: 112500
CPU [0] UID 1002 comm: gen_fast, count: 112500
CPU [0] UID 1002 comm: gen_fast, count: 112599
CPU [0] UID 1002 comm: gen_fast, count: 112699
CPU [0] UID 1002 comm: gen_fast, count: 112799
CPU [0] UID 1002 comm: gen_fast, count: 112899
CPU [0] UID 1002 comm: gen_fast, count: 113105
CPU [0] UID 1002 comm: gen_fast, count: 113105
CPU [0] UID 1002 comm: gen_fast, count: 113199
CPU [0] UID 1002 comm: gen_fast, count: 113357
CPU [0] UID 1002 comm: gen_fast, count: 113399
CPU [0] UID 1002 comm: gen_fast, count: 113499
CPU [0] UID 1002 comm: gen_fast, count: 113647
CPU [0] UID 1002 comm: gen_fast, count: 113699
CPU [0] UID 1002 comm: gen_fast, count: 113799
CPU [0] UID 1002 comm: gen_fast, count: 113995
CPU [0] UID 1002 comm: gen_fast, count: 113999
CPU [0] UID 1002 comm: gen_fast, count: 114099
CPU [0] UID 1002 comm: gen_fast, count: 114199
CPU [0] UID 1002 comm: gen_fast, count: 114344
CPU [0] UID 1002 comm: gen_fast, count: 114399
CPU [0] UID 1002 comm: gen_fast, count: 114537
CPU [0] UID 1002 comm: gen_fast, count: 114722
CPU [0] UID 1002 comm: gen_fast, count: 114722
CPU [0] UID 1002 comm: gen_fast, count: 114799
CPU [0] UID 1002 comm: gen_fast, count: 114899
CPU [0] UID 1002 comm: gen_fast, count: 114999
CPU [0] UID 1002 comm: gen_fast, count: 115125
CPU [0] UID 1002 comm: gen_fast, count: 115199
CPU [0] UID 1002 comm: gen_fast, count: 115407
CPU [0] UID 1002 comm: gen_fast, count: 115407
CPU [0] UID 1002 comm: gen_fast, count: 115643
CPU [0] UID 1002 comm: gen_fast, count: 115643
CPU [0] UID 1002 comm: gen_fast, count: 115699
CPU [0] UID 1002 comm: gen_fast, count: 115814
CPU [0] UID 1002 comm: gen_fast, count: 115899
CPU [0] UID 1002 comm: gen_fast, count: 115999
CPU [0] UID 1002 comm: gen_fast, count: 116129
CPU [0] UID 1002 comm: gen_fast, count: 116218
CPU [0] UID 1002 comm: gen_fast, count: 116342
CPU [0] UID 1002 comm: gen_fast, count: 116399
CPU [0] UID 1002 comm: gen_fast, count: 116551
CPU [0] UID 1002 comm: gen_fast, count: 116599
CPU [0] UID 1002 comm: gen_fast, count: 116827
CPU [0] UID 1002 comm: gen_fast, count: 116827
CPU [0] UID 1002 comm: gen_fast, count: 116899
CPU [0] UID 1002 comm: gen_fast, count: 117061
CPU [0] UID 1002 comm: gen_fast, count: 117099
CPU [0] UID 1002 comm: gen_fast, count: 117248
CPU [0] UID 1002 comm: gen_fast, count: 117299
CPU [0] UID 1002 comm: gen_fast, count: 117399
CPU [0] UID 1002 comm: gen_fast, count: 117520
CPU [0] UID 1002 comm: gen_fast, count: 117603
CPU [0] UID 1002 comm: gen_fast, count: 117790
CPU [0] UID 1002 comm: gen_fast, count: 117799
CPU [0] UID 1002 comm: gen_fast, count: 117972
CPU [0] UID 1002 comm: gen_fast, count: 117999
CPU [0] UID 1002 comm: gen_fast, count: 118099
CPU [0] UID 1002 comm: gen_fast, count: 118205
CPU [0] UID 1002 comm: gen_fast, count: 118299
CPU [0] UID 1002 comm: gen_fast, count: 118399
CPU [0] UID 1002 comm: gen_fast, count: 118595
CPU [0] UID 1002 comm: gen_fast, count: 118599
CPU [0] UID 1002 comm: gen_fast, count: 118699
CPU [0] UID 1002 comm: gen_fast, count: 118803
CPU [0] UID 1002 comm: gen_fast, count: 118957
CPU [0] UID 1002 comm: gen_fast, count: 119123
CPU [0] UID 1002 comm: gen_fast, count: 119123
CPU [0] UID 1002 comm: gen_fast, count: 119267
CPU [0] UID 1002 comm: gen_fast, count: 119299
CPU [0] UID 1002 comm: gen_fast, count: 119416
CPU [0] UID 1002 comm: gen_fast, count: 119499
CPU [0] UID 1002 comm: gen_fast, count: 119606
CPU [0] UID 1002 comm: gen_fast, count: 119703
CPU [0] UID 1002 comm: gen_fast, count: 119897
CPU [0] UID 1002 comm: gen_fast, count: 119899
CPU [0] UID 1002 comm: gen_fast, count: 119999
CPU [0] UID 1002 comm: gen_fast, count: 120099
CPU [0] UID 1002 comm: gen_fast, count: 120271
CPU [0] UID 1002 comm: gen_fast, count: 120299
CPU [0] UID 1002 comm: gen_fast, count: 120421
CPU [0] UID 1002 comm: gen_fast, count: 120499
CPU [0] UID 1002 comm: gen_fast, count: 120679
CPU [0] UID 1002 comm: gen_fast, count: 120699
CPU [0] UID 1002 comm: gen_fast, count: 120799
CPU [0] UID 1002 comm: gen_fast, count: 120908
CPU [0] UID 1002 comm: gen_fast, count: 121009
CPU [0] UID 1002 comm: gen_fast, count: 121104
CPU [0] UID 1002 comm: gen_fast, count: 121285
CPU [0] UID 1002 comm: gen_fast, count: 121299
CPU [0] UID 1002 comm: gen_fast, count: 121451
CPU [0] UID 1002 comm: gen_fast, count: 121499
CPU [0] UID 1002 comm: gen_fast, count: 121599
CPU [0] UID 1002 comm: gen_fast, count: 121699
CPU [0] UID 1002 comm: gen_fast, count: 121799
CPU [0] UID 1002 comm: gen_fast, count: 121943
CPU [0] UID 1002 comm: gen_fast, count: 122029
CPU [0] UID 1002 comm: gen_fast, count: 122228
CPU [0] UID 1002 comm: gen_fast, count: 122228
CPU [0] UID 1002 comm: gen_fast, count: 122299
CPU [0] UID 1002 comm: gen_fast, count: 122469
CPU [0] UID 1002 comm: gen_fast, count: 122499
CPU [0] UID 1002 comm: gen_fast, count: 122669
CPU [0] UID 1002 comm: gen_fast, count: 122699
CPU [0] UID 1002 comm: gen_fast, count: 122799
CPU [0] UID 1002 comm: gen_fast, count: 122914
CPU [0] UID 1002 comm: gen_fast, count: 122999
CPU [0] UID 1002 comm: gen_fast, count: 123099
CPU [0] UID 1002 comm: gen_fast, count: 123224
CPU [0] UID 1002 comm: gen_fast, count: 123311
CPU [0] UID 1002 comm: gen_fast, count: 123399
CPU [0] UID 1002 comm: gen_fast, count: 123499
CPU [0] UID 1002 comm: gen_fast, count: 123627
CPU [0] UID 1002 comm: gen_fast, count: 123699
CPU [0] UID 1002 comm: gen_fast, count: 123908
CPU [0] UID 1002 comm: gen_fast, count: 123908
CPU [0] UID 1002 comm: gen_fast, count: 123999
CPU [0] UID 1002 comm: gen_fast, count: 124099
CPU [0] UID 1002 comm: gen_fast, count: 124220
CPU [0] UID 1002 comm: gen_fast, count: 124299
CPU [0] UID 1002 comm: gen_fast, count: 124515
CPU [0] UID 1002 comm: gen_fast, count: 124515
CPU [0] UID 1002 comm: gen_fast, count: 124599
CPU [0] UID 1002 comm: gen_fast, count: 124700
CPU [0] UID 1002 comm: gen_fast, count: 124830
CPU [0] UID 1002 comm: gen_fast, count: 124899
CPU [0] UID 1002 comm: gen_fast, count: 125026
CPU [0] UID 1002 comm: gen_fast, count: 125099
CPU [0] UID 1002 comm: gen_fast, count: 125199
CPU [0] UID 1002 comm: gen_fast, count: 125338
CPU [0] UID 1002 comm: gen_fast, count: 125544
CPU [0] UID 1002 comm: gen_fast, count: 125544
CPU [0] UID 1002 comm: gen_fast, count: 125599
CPU [0] UID 1002 comm: gen_fast, count: 125775
CPU [0] UID 1002 comm: gen_fast, count: 125799
CPU [0] UID 1002 comm: gen_fast, count: 125935
CPU [0] UID 1002 comm: gen_fast, count: 125999
CPU [0] UID 1002 comm: gen_fast, count: 126200
CPU [0] UID 1002 comm: gen_fast, count: 126200
CPU [0] UID 1002 comm: gen_fast, count: 126384
CPU [0] UID 1002 comm: gen_fast, count: 126399
CPU [0] UID 1002 comm: gen_fast, count: 126499
CPU [0] UID 1002 comm: gen_fast, count: 126599
CPU [0] UID 1002 comm: gen_fast, count: 126760
CPU [0] UID 1002 comm: gen_fast, count: 126799
CPU [0] UID 1002 comm: gen_fast, count: 126920
CPU [0] UID 1002 comm: gen_fast, count: 127087
CPU [0] UID 1002 comm: gen_fast, count: 127099
CPU [0] UID 1002 comm: gen_fast, count: 127281
CPU [0] UID 1002 comm: gen_fast, count: 127299
CPU [0] UID 1002 comm: gen_fast, count: 127399
CPU [0] UID 1002 comm: gen_fast, count: 127499
CPU [0] UID 1002 comm: gen_fast, count: 127650
CPU [0] UID 1002 comm: gen_fast, count: 127699
CPU [0] UID 1002 comm: gen_fast, count: 127799
CPU [0] UID 1002 comm: gen_fast, count: 127952
CPU [0] UID 1002 comm: gen_fast, count: 128112
CPU [0] UID 1002 comm: gen_fast, count: 128112
CPU [0] UID 1002 comm: gen_fast, count: 128199
CPU [0] UID 1002 comm: gen_fast, count: 128299
CPU [0] UID 1002 comm: gen_fast, count: 128399
CPU [0] UID 1002 comm: gen_fast, count: 128499
CPU [0] UID 1002 comm: gen_fast, count: 128617
CPU [0] UID 1002 comm: gen_fast, count: 128775
CPU [0] UID 1002 comm: gen_fast, count: 128799
CPU [0] UID 1002 comm: gen_fast, count: 128899
CPU [0] UID 1002 comm: gen_fast, count: 129044
CPU [0] UID 1002 comm: gen_fast, count: 129099
CPU [0] UID 1002 comm: gen_fast, count: 129199
CPU [0] UID 1002 comm: gen_fast, count: 129299
CPU [0] UID 1002 comm: gen_fast, count: 129404
CPU [0] UID 1002 comm: gen_fast, count: 129581
CPU [0] UID 1002 comm: gen_fast, count: 129599
CPU [0] UID 1002 comm: gen_fast, count: 129699
CPU [0] UID 1002 comm: gen_fast, count: 129799
CPU [0] UID 1002 comm: gen_fast, count: 129899
CPU [0] UID 1002 comm: gen_fast, count: 130043
CPU [0] UID 1002 comm: gen_fast, count: 130099
CPU [0] UID 1002 comm: gen_fast, count: 130232
CPU [0] UID 1002 comm: gen_fast, count: 130424
CPU [0] UID 1002 comm: gen_fast, count: 130424
CPU [0] UID 1002 comm: gen_fast, count: 130499
CPU [0] UID 1002 comm: gen_fast, count: 130642
CPU [0] UID 1002 comm: gen_fast, count: 130703
CPU [0] UID 1002 comm: gen_fast, count: 130835
CPU [0] UID 1002 comm: gen_fast, count: 130899
CPU [0] UID 1002 comm: gen_fast, count: 131094
CPU [0] UID 1002 comm: gen_fast, count: 131099
CPU [0] UID 1002 comm: gen_fast, count: 131233
CPU [0] UID 1002 comm: gen_fast, count: 131299
CPU [0] UID 1002 comm: gen_fast, count: 131399
CPU [0] UID 1002 comm: gen_fast, count: 131515
CPU [0] UID 1002 comm: gen_fast, count: 131599
CPU [0] UID 1002 comm: gen_fast, count: 131699
CPU [0] UID 1002 comm: gen_fast, count: 131819
CPU [0] UID 1002 comm: gen_fast, count: 132021
CPU [0] UID 1002 comm: gen_fast, count: 132021
CPU [0] UID 1002 comm: gen_fast, count: 132210
CPU [0] UID 1002 comm: gen_fast, count: 132210
CPU [0] UID 1002 comm: gen_fast, count: 132392
CPU [0] UID 1002 comm: gen_fast, count: 132399
CPU [0] UID 1002 comm: gen_fast, count: 132499
CPU [0] UID 1002 comm: gen_fast, count: 132625
CPU [0] UID 1002 comm: gen_fast, count: 132722
CPU [0] UID 1002 comm: gen_fast, count: 132910
CPU [0] UID 1002 comm: gen_fast, count: 132910
CPU [0] UID 1002 comm: gen_fast, count: 132999
CPU [0] UID 1002 comm: gen_fast, count: 133133
CPU [0] UID 1002 comm: gen_fast, count: 133199
CPU [0] UID 1002 comm: gen_fast, count: 133299
CPU [0] UID 1002 comm: gen_fast, count: 133422
CPU [0] UID 1002 comm: gen_fast, count: 133499
CPU [0] UID 1002 comm: gen_fast, count: 133659
CPU [0] UID 1002 comm: gen_fast, count: 133724
CPU [0] UID 1002 comm: gen_fast, count: 133799
CPU [0] UID 1002 comm: gen_fast, count: 133911
CPU [0] UID 1002 comm: gen_fast, count: 133999
CPU [0] UID 1002 comm: gen_fast, count: 134099
CPU [0] UID 1002 comm: gen_fast, count: 134238
CPU [0] UID 1002 comm: gen_fast, count: 134369
CPU [0] UID 1002 comm: gen_fast, count: 134399
CPU [0] UID 1002 comm: gen_fast, count: 134499
CPU [0] UID 1002 comm: gen_fast, count: 134599
CPU [0] UID 1002 comm: gen_fast, count: 134699
CPU [0] UID 1002 comm: gen_fast, count: 134799
CPU [0] UID 1002 comm: gen_fast, count: 134899
CPU [0] UID 1002 comm: gen_fast, count: 135012
CPU [0] UID 1002 comm: gen_fast, count: 135102
CPU [0] UID 1002 comm: gen_fast, count: 135302
CPU [0] UID 1002 comm: gen_fast, count: 135302
CPU [0] UID 1002 comm: gen_fast, count: 135399
CPU [0] UID 1002 comm: gen_fast, count: 135504
CPU [0] UID 1002 comm: gen_fast, count: 135599
CPU [0] UID 1002 comm: gen_fast, count: 135742
CPU [0] UID 1002 comm: gen_fast, count: 135799
CPU [0] UID 1002 comm: gen_fast, count: 135970
CPU [0] UID 1002 comm: gen_fast, count: 135999
CPU [0] UID 1002 comm: gen_fast, count: 136103
CPU [0] UID 1002 comm: gen_fast, count: 136219
CPU [0] UID 1002 comm: gen_fast, count: 136299
CPU [0] UID 1002 comm: gen_fast, count: 136419
CPU [0] UID 1002 comm: gen_fast, count: 136499
CPU [0] UID 1002 comm: gen_fast, count: 136620
CPU [0] UID 1002 comm: gen_fast, count: 136742
CPU [0] UID 1002 comm: gen_fast, count: 136799
CPU [0] UID 1002 comm: gen_fast, count: 136899
CPU [0] UID 1002 comm: gen_fast, count: 137058
CPU [0] UID 1002 comm: gen_fast, count: 137099
CPU [0] UID 1002 comm: gen_fast, count: 137211
CPU [0] UID 1002 comm: gen_fast, count: 137306
CPU [0] UID 1002 comm: gen_fast, count: 137417
CPU [0] UID 1002 comm: gen_fast, count: 137599
CPU [0] UID 1002 comm: gen_fast, count: 137599
CPU [0] UID 1002 comm: gen_fast, count: 137779
CPU [0] UID 1002 comm: gen_fast, count: 137799
CPU [0] UID 1002 comm: gen_fast, count: 137945
CPU [0] UID 1002 comm: gen_fast, count: 137999
CPU [0] UID 1002 comm: gen_fast, count: 138148
CPU [0] UID 1002 comm: gen_fast, count: 138289
CPU [0] UID 1002 comm: gen_fast, count: 138299
CPU [0] UID 1002 comm: gen_fast, count: 138399
CPU [0] UID 1002 comm: gen_fast, count: 138499
CPU [0] UID 1002 comm: gen_fast, count: 138628
CPU [0] UID 1002 comm: gen_fast, count: 138699
CPU [0] UID 1002 comm: gen_fast, count: 138871
CPU [0] UID 1002 comm: gen_fast, count: 138899
CPU [0] UID 1002 comm: gen_fast, count: 139069
CPU [0] UID 1002 comm: gen_fast, count: 139099
CPU [0] UID 1002 comm: gen_fast, count: 139199
CPU [0] UID 1002 comm: gen_fast, count: 139299
CPU [0] UID 1002 comm: gen_fast, count: 139415
CPU [0] UID 1002 comm: gen_fast, count: 139499
CPU [0] UID 1002 comm: gen_fast, count: 139625
CPU [0] UID 1002 comm: gen_fast, count: 139699
CPU [0] UID 1002 comm: gen_fast, count: 139799
CPU [0] UID 1002 comm: gen_fast, count: 139899
CPU [0] UID 1002 comm: gen_fast, count: 140009
CPU [0] UID 1002 comm: gen_fast, count: 140099
CPU [0] UID 1002 comm: gen_fast, count: 140228
CPU [0] UID 1002 comm: gen_fast, count: 140307
CPU [0] UID 1002 comm: gen_fast, count: 140524
CPU [0] UID 1002 comm: gen_fast, count: 140524
CPU [0] UID 1002 comm: gen_fast, count: 140599
CPU [0] UID 1002 comm: gen_fast, count: 140709
CPU [0] UID 1002 comm: gen_fast, count: 140867
CPU [0] UID 1002 comm: gen_fast, count: 140899
CPU [0] UID 1002 comm: gen_fast, count: 141024
CPU [0] UID 1002 comm: gen_fast, count: 141099
CPU [0] UID 1002 comm: gen_fast, count: 141237
CPU [0] UID 1002 comm: gen_fast, count: 141420
CPU [0] UID 1002 comm: gen_fast, count: 141420
CPU [0] UID 1002 comm: gen_fast, count: 141510
CPU [0] UID 1002 comm: gen_fast, count: 141600
CPU [0] UID 1002 comm: gen_fast, count: 141745
CPU [0] UID 1002 comm: gen_fast, count: 141799
CPU [0] UID 1002 comm: gen_fast, count: 141899
CPU [0] UID 1002 comm: gen_fast, count: 142021
CPU [0] UID 1002 comm: gen_fast, count: 142154
CPU [0] UID 1002 comm: gen_fast, count: 142286
CPU [0] UID 1002 comm: gen_fast, count: 142299
CPU [0] UID 1002 comm: gen_fast, count: 142399
CPU [0] UID 1002 comm: gen_fast, count: 142525
CPU [0] UID 1002 comm: gen_fast, count: 142699
CPU [0] UID 1002 comm: gen_fast, count: 142699
CPU [0] UID 1002 comm: gen_fast, count: 142817
CPU [0] UID 1002 comm: gen_fast, count: 142906
CPU [0] UID 1002 comm: gen_fast, count: 143020
CPU [0] UID 1002 comm: gen_fast, count: 143099
CPU [0] UID 1002 comm: gen_fast, count: 143199
CPU [0] UID 1002 comm: gen_fast, count: 143299
CPU [0] UID 1002 comm: gen_fast, count: 143412
CPU [0] UID 1002 comm: gen_fast, count: 143534
CPU [0] UID 1002 comm: gen_fast, count: 143636
CPU [0] UID 1002 comm: gen_fast, count: 143785
CPU [0] UID 1002 comm: gen_fast, count: 143799
CPU [0] UID 1002 comm: gen_fast, count: 143980
CPU [0] UID 1002 comm: gen_fast, count: 143999
CPU [0] UID 1002 comm: gen_fast, count: 144099
CPU [0] UID 1002 comm: gen_fast, count: 144199
CPU [0] UID 1002 comm: gen_fast, count: 144300
CPU [0] UID 1002 comm: gen_fast, count: 144490
CPU [0] UID 1002 comm: gen_fast, count: 144499
CPU [0] UID 1002 comm: gen_fast, count: 144617
CPU [0] UID 1002 comm: gen_fast, count: 144699
CPU [0] UID 1002 comm: gen_fast, count: 144823
CPU [0] UID 1002 comm: gen_fast, count: 144922
CPU [0] UID 1002 comm: gen_fast, count: 145065
CPU [0] UID 1002 comm: gen_fast, count: 145099
CPU [0] UID 1002 comm: gen_fast, count: 145242
CPU [0] UID 1002 comm: gen_fast, count: 145374
CPU [0] UID 1002 comm: gen_fast, count: 145399
CPU [0] UID 1002 comm: gen_fast, count: 145499
CPU [0] UID 1002 comm: gen_fast, count: 145599
CPU [0] UID 1002 comm: gen_fast, count: 145819
CPU [0] UID 1002 comm: gen_fast, count: 145819
CPU [0] UID 1002 comm: gen_fast, count: 145899
CPU [0] UID 1002 comm: gen_fast, count: 146032
CPU [0] UID 1002 comm: gen_fast, count: 146099
CPU [0] UID 1002 comm: gen_fast, count: 146199
CPU [0] UID 1002 comm: gen_fast, count: 146312
CPU [0] UID 1002 comm: gen_fast, count: 146416
CPU [0] UID 1002 comm: gen_fast, count: 146521
CPU [0] UID 1002 comm: gen_fast, count: 146630
CPU [0] UID 1002 comm: gen_fast, count: 146699
CPU [0] UID 1002 comm: gen_fast, count: 146835
CPU [0] UID 1002 comm: gen_fast, count: 146919
CPU [0] UID 1002 comm: gen_fast, count: 146999
CPU [0] UID 1002 comm: gen_fast, count: 147114
CPU [0] UID 1002 comm: gen_fast, count: 147265
CPU [0] UID 1002 comm: gen_fast, count: 147404
CPU [0] UID 1002 comm: gen_fast, count: 147404
CPU [0] UID 1002 comm: gen_fast, count: 147609
CPU [0] UID 1002 comm: gen_fast, count: 147609
CPU [0] UID 1002 comm: gen_fast, count: 147714
CPU [0] UID 1002 comm: gen_fast, count: 147842
CPU [0] UID 1002 comm: gen_fast, count: 147904
CPU [0] UID 1002 comm: gen_fast, count: 148015
CPU [0] UID 1002 comm: gen_fast, count: 148152
CPU [0] UID 1002 comm: gen_fast, count: 148199
CPU [0] UID 1002 comm: gen_fast, count: 148299
CPU [0] UID 1002 comm: gen_fast, count: 148399
CPU [0] UID 1002 comm: gen_fast, count: 148519
CPU [0] UID 1002 comm: gen_fast, count: 148599
CPU [0] UID 1002 comm: gen_fast, count: 148699
CPU [0] UID 1002 comm: gen_fast, count: 148799
CPU [0] UID 1002 comm: gen_fast, count: 148899
CPU [0] UID 1002 comm: gen_fast, count: 149028
CPU [0] UID 1002 comm: gen_fast, count: 149119
CPU [0] UID 1002 comm: gen_fast, count: 149224
CPU [0] UID 1002 comm: gen_fast, count: 149361
CPU [0] UID 1002 comm: gen_fast, count: 149492
CPU [0] UID 1002 comm: gen_fast, count: 149499
CPU [0] UID 1002 comm: gen_fast, count: 149661
CPU [0] UID 1002 comm: gen_fast, count: 149699
CPU [0] UID 1002 comm: gen_fast, count: 149824
CPU [0] UID 1002 comm: gen_fast, count: 149904
CPU [0] UID 1002 comm: gen_fast, count: 150041
CPU [0] UID 1002 comm: gen_fast, count: 150099
CPU [0] UID 1002 comm: gen_fast, count: 150199
CPU [0] UID 1002 comm: gen_fast, count: 150303
CPU [0] UID 1002 comm: gen_fast, count: 150422
CPU [0] UID 1002 comm: gen_fast, count: 150499
CPU [0] UID 1002 comm: gen_fast, count: 150634
CPU [0] UID 1002 comm: gen_fast, count: 150780
CPU [0] UID 1002 comm: gen_fast, count: 150831
CPU [0] UID 1002 comm: gen_fast, count: 150899
CPU [0] UID 1002 comm: gen_fast, count: 151075
CPU [0] UID 1002 comm: gen_fast, count: 151099
CPU [0] UID 1002 comm: gen_fast, count: 151233
CPU [0] UID 1002 comm: gen_fast, count: 151328
CPU [0] UID 1002 comm: gen_fast, count: 151399
CPU [0] UID 1002 comm: gen_fast, count: 151507
CPU [0] UID 1002 comm: gen_fast, count: 151661
CPU [0] UID 1002 comm: gen_fast, count: 151699
CPU [0] UID 1002 comm: gen_fast, count: 151892
CPU [0] UID 1002 comm: gen_fast, count: 151899
CPU [0] UID 1002 comm: gen_fast, count: 152007
CPU [0] UID 1002 comm: gen_fast, count: 152129
CPU [0] UID 1002 comm: gen_fast, count: 152238
CPU [0] UID 1002 comm: gen_fast, count: 152380
CPU [0] UID 1002 comm: gen_fast, count: 152399
CPU [0] UID 1002 comm: gen_fast, count: 152518
CPU [0] UID 1002 comm: gen_fast, count: 152668
CPU [0] UID 1002 comm: gen_fast, count: 152699
CPU [0] UID 1002 comm: gen_fast, count: 152799
CPU [0] UID 1002 comm: gen_fast, count: 152969
CPU [0] UID 1002 comm: gen_fast, count: 152999
CPU [0] UID 1002 comm: gen_fast, count: 153147
CPU [0] UID 1002 comm: gen_fast, count: 153199
CPU [0] UID 1002 comm: gen_fast, count: 153360
CPU [0] UID 1002 comm: gen_fast, count: 153399
CPU [0] UID 1002 comm: gen_fast, count: 153552
CPU [0] UID 1002 comm: gen_fast, count: 153706
CPU [0] UID 1002 comm: gen_fast, count: 153706
CPU [0] UID 1002 comm: gen_fast, count: 153888
CPU [0] UID 1002 comm: gen_fast, count: 153899
CPU [0] UID 1002 comm: gen_fast, count: 154022
CPU [0] UID 1002 comm: gen_fast, count: 154188
CPU [0] UID 1002 comm: gen_fast, count: 154199
CPU [0] UID 1002 comm: gen_fast, count: 154326
CPU [0] UID 1002 comm: gen_fast, count: 154409
CPU [0] UID 1002 comm: gen_fast, count: 154499
CPU [0] UID 1002 comm: gen_fast, count: 154599
CPU [0] UID 1002 comm: gen_fast, count: 154699
CPU [0] UID 1002 comm: gen_fast, count: 154799
CPU [0] UID 1002 comm: gen_fast, count: 154899
CPU [0] UID 1002 comm: gen_fast, count: 155017
CPU [0] UID 1002 comm: gen_fast, count: 155214
CPU [0] UID 1002 comm: gen_fast, count: 155214
CPU [0] UID 1002 comm: gen_fast, count: 155320
CPU [0] UID 1002 comm: gen_fast, count: 155466
CPU [0] UID 1002 comm: gen_fast, count: 155516
CPU [0] UID 1002 comm: gen_fast, count: 155599
CPU [0] UID 1002 comm: gen_fast, count: 155761
CPU [0] UID 1002 comm: gen_fast, count: 155799
CPU [0] UID 1002 comm: gen_fast, count: 155933
CPU [0] UID 1002 comm: gen_fast, count: 155999
CPU [0] UID 1002 comm: gen_fast, count: 156129
CPU [0] UID 1002 comm: gen_fast, count: 156213
CPU [0] UID 1002 comm: gen_fast, count: 156334
CPU [0] UID 1002 comm: gen_fast, count: 156479
CPU [0] UID 1002 comm: gen_fast, count: 156499
CPU [0] UID 1002 comm: gen_fast, count: 156698
CPU [0] UID 1002 comm: gen_fast, count: 156699
CPU [0] UID 1002 comm: gen_fast, count: 156884
CPU [0] UID 1002 comm: gen_fast, count: 156899
CPU [0] UID 1002 comm: gen_fast, count: 156999
CPU [0] UID 1002 comm: gen_fast, count: 157133
CPU [0] UID 1002 comm: gen_fast, count: 157199
CPU [0] UID 1002 comm: gen_fast, count: 157299
CPU [0] UID 1002 comm: gen_fast, count: 157399
CPU [0] UID 1002 comm: gen_fast, count: 157511
CPU [0] UID 1002 comm: gen_fast, count: 157632
CPU [0] UID 1002 comm: gen_fast, count: 157771
CPU [0] UID 1002 comm: gen_fast, count: 157799
CPU [0] UID 1002 comm: gen_fast, count: 157962
CPU [0] UID 1002 comm: gen_fast, count: 157999
CPU [0] UID 1002 comm: gen_fast, count: 158100
CPU [0] UID 1002 comm: gen_fast, count: 158199
CPU [0] UID 1002 comm: gen_fast, count: 158299
CPU [0] UID 1002 comm: gen_fast, count: 158413
CPU [0] UID 1002 comm: gen_fast, count: 158605
CPU [0] UID 1002 comm: gen_fast, count: 158605
CPU [0] UID 1002 comm: gen_fast, count: 158747
CPU [0] UID 1002 comm: gen_fast, count: 158799
CPU [0] UID 1002 comm: gen_fast, count: 158931
CPU [0] UID 1002 comm: gen_fast, count: 159091
CPU [0] UID 1002 comm: gen_fast, count: 159099
CPU [0] UID 1002 comm: gen_fast, count: 159309
CPU [0] UID 1002 comm: gen_fast, count: 159309
CPU [0] UID 1002 comm: gen_fast, count: 159399
CPU [0] UID 1002 comm: gen_fast, count: 159515
CPU [0] UID 1002 comm: gen_fast, count: 159652
CPU [0] UID 1002 comm: gen_fast, count: 159699
CPU [0] UID 1002 comm: gen_fast, count: 159812
CPU [0] UID 1002 comm: gen_fast, count: 159976
CPU [0] UID 1002 comm: gen_fast, count: 159999
CPU [0] UID 1002 comm: gen_fast, count: 160169
CPU [0] UID 1002 comm: gen_fast, count: 160199
CPU [0] UID 1002 comm: gen_fast, count: 160299
CPU [0] UID 1002 comm: gen_fast, count: 160399
CPU [0] UID 1002 comm: gen_fast, count: 160568
CPU [0] UID 1002 comm: gen_fast, count: 160599
CPU [0] UID 1002 comm: gen_fast, count: 160757
CPU [0] UID 1002 comm: gen_fast, count: 160799
CPU [0] UID 1002 comm: gen_fast, count: 160901
CPU [0] UID 1002 comm: gen_fast, count: 161054
CPU [0] UID 1002 comm: gen_fast, count: 161099
CPU [0] UID 1002 comm: gen_fast, count: 161203
CPU [0] UID 1002 comm: gen_fast, count: 161299
CPU [0] UID 1002 comm: gen_fast, count: 161426
CPU [0] UID 1002 comm: gen_fast, count: 161565
CPU [0] UID 1002 comm: gen_fast, count: 161599
CPU [0] UID 1002 comm: gen_fast, count: 161720
CPU [0] UID 1002 comm: gen_fast, count: 161799
CPU [0] UID 1002 comm: gen_fast, count: 161899
CPU [0] UID 1002 comm: gen_fast, count: 162055
CPU [0] UID 1002 comm: gen_fast, count: 162099
CPU [0] UID 1002 comm: gen_fast, count: 162262
CPU [0] UID 1002 comm: gen_fast, count: 162299
CPU [0] UID 1002 comm: gen_fast, count: 162399
CPU [0] UID 1002 comm: gen_fast, count: 162525
CPU [0] UID 1002 comm: gen_fast, count: 162599
CPU [0] UID 1002 comm: gen_fast, count: 162699
CPU [0] UID 1002 comm: gen_fast, count: 162843
CPU [0] UID 1002 comm: gen_fast, count: 162899
CPU [0] UID 1002 comm: gen_fast, count: 162999
CPU [0] UID 1002 comm: gen_fast, count: 163109
CPU [0] UID 1002 comm: gen_fast, count: 163343
CPU [0] UID 1002 comm: gen_fast, count: 163343
CPU [0] UID 1002 comm: gen_fast, count: 163473
CPU [0] UID 1002 comm: gen_fast, count: 163499
CPU [0] UID 1002 comm: gen_fast, count: 163599
CPU [0] UID 1002 comm: gen_fast, count: 163699
CPU [0] UID 1002 comm: gen_fast, count: 163799
CPU [0] UID 1002 comm: gen_fast, count: 163991
CPU [0] UID 1002 comm: gen_fast, count: 163999
CPU [0] UID 1002 comm: gen_fast, count: 164114
CPU [0] UID 1002 comm: gen_fast, count: 164199
CPU [0] UID 1002 comm: gen_fast, count: 164308
CPU [0] UID 1002 comm: gen_fast, count: 164440
CPU [0] UID 1002 comm: gen_fast, count: 164587
CPU [0] UID 1002 comm: gen_fast, count: 164599
CPU [0] UID 1002 comm: gen_fast, count: 164732
CPU [0] UID 1002 comm: gen_fast, count: 164799
CPU [0] UID 1002 comm: gen_fast, count: 164919
CPU [0] UID 1002 comm: gen_fast, count: 165054
CPU [0] UID 1002 comm: gen_fast, count: 165099
CPU [0] UID 1002 comm: gen_fast, count: 165209
CPU [0] UID 1002 comm: gen_fast, count: 165299
CPU [0] UID 1002 comm: gen_fast, count: 165407
CPU [0] UID 1002 comm: gen_fast, count: 165499
CPU [0] UID 1002 comm: gen_fast, count: 165599
CPU [0] UID 1002 comm: gen_fast, count: 165699
CPU [0] UID 1002 comm: gen_fast, count: 165816
CPU [0] UID 1002 comm: gen_fast, count: 165977
CPU [0] UID 1002 comm: gen_fast, count: 165999
CPU [0] UID 1002 comm: gen_fast, count: 166120
CPU [0] UID 1002 comm: gen_fast, count: 166307
CPU [0] UID 1002 comm: gen_fast, count: 166307
CPU [0] UID 1002 comm: gen_fast, count: 166444
CPU [0] UID 1002 comm: gen_fast, count: 166602
CPU [0] UID 1002 comm: gen_fast, count: 166602
CPU [0] UID 1002 comm: gen_fast, count: 166699
CPU [0] UID 1002 comm: gen_fast, count: 166871
CPU [0] UID 1002 comm: gen_fast, count: 166899
CPU [0] UID 1002 comm: gen_fast, count: 166999
CPU [0] UID 1002 comm: gen_fast, count: 167099
CPU [0] UID 1002 comm: gen_fast, count: 167246
CPU [0] UID 1002 comm: gen_fast, count: 167412
CPU [0] UID 1002 comm: gen_fast, count: 167412
CPU [0] UID 1002 comm: gen_fast, count: 167499
CPU [0] UID 1002 comm: gen_fast, count: 167599
CPU [0] UID 1002 comm: gen_fast, count: 167703
CPU [0] UID 1002 comm: gen_fast, count: 167799
CPU [0] UID 1002 comm: gen_fast, count: 167966
CPU [0] UID 1002 comm: gen_fast, count: 167999
CPU [0] UID 1002 comm: gen_fast, count: 168099
CPU [0] UID 1002 comm: gen_fast, count: 168213
CPU [0] UID 1002 comm: gen_fast, count: 168349
CPU [0] UID 1002 comm: gen_fast, count: 168435
CPU [0] UID 1002 comm: gen_fast, count: 168520
CPU [0] UID 1002 comm: gen_fast, count: 168724
CPU [0] UID 1002 comm: gen_fast, count: 168724
CPU [0] UID 1002 comm: gen_fast, count: 168884
CPU [0] UID 1002 comm: gen_fast, count: 168899
CPU [0] UID 1002 comm: gen_fast, count: 169028
CPU [0] UID 1002 comm: gen_fast, count: 169099
CPU [0] UID 1002 comm: gen_fast, count: 169208
CPU [0] UID 1002 comm: gen_fast, count: 169299
CPU [0] UID 1002 comm: gen_fast, count: 169399
CPU [0] UID 1002 comm: gen_fast, count: 169499
CPU [0] UID 1002 comm: gen_fast, count: 169599
CPU [0] UID 1002 comm: gen_fast, count: 169763
CPU [0] UID 1002 comm: gen_fast, count: 169799
CPU [0] UID 1002 comm: gen_fast, count: 169899
CPU [0] UID 1002 comm: gen_fast, count: 170017
CPU [0] UID 1002 comm: gen_fast, count: 170099
CPU [0] UID 1002 comm: gen_fast, count: 170199
CPU [0] UID 1002 comm: gen_fast, count: 170326
CPU [0] UID 1002 comm: gen_fast, count: 170514
CPU [0] UID 1002 comm: gen_fast, count: 170514
CPU [0] UID 1002 comm: gen_fast, count: 170599
CPU [0] UID 1002 comm: gen_fast, count: 170699
CPU [0] UID 1002 comm: gen_fast, count: 170799
CPU [0] UID 1002 comm: gen_fast, count: 170916
CPU [0] UID 1002 comm: gen_fast, count: 170999
CPU [0] UID 1002 comm: gen_fast, count: 171099
CPU [0] UID 1002 comm: gen_fast, count: 171290
CPU [0] UID 1002 comm: gen_fast, count: 171299
CPU [0] UID 1002 comm: gen_fast, count: 171450
CPU [0] UID 1002 comm: gen_fast, count: 171607
CPU [0] UID 1002 comm: gen_fast, count: 171607
CPU [0] UID 1002 comm: gen_fast, count: 171730
CPU [0] UID 1002 comm: gen_fast, count: 171926
CPU [0] UID 1002 comm: gen_fast, count: 171926
CPU [0] UID 1002 comm: gen_fast, count: 172116
CPU [0] UID 1002 comm: gen_fast, count: 172116
CPU [0] UID 1002 comm: gen_fast, count: 172199
CPU [0] UID 1002 comm: gen_fast, count: 172299
CPU [0] UID 1002 comm: gen_fast, count: 172412
CPU [0] UID 1002 comm: gen_fast, count: 172580
CPU [0] UID 1002 comm: gen_fast, count: 172599
CPU [0] UID 1002 comm: gen_fast, count: 172784
CPU [0] UID 1002 comm: gen_fast, count: 172799
CPU [0] UID 1002 comm: gen_fast, count: 172899
CPU [0] UID 1002 comm: gen_fast, count: 173077
CPU [0] UID 1002 comm: gen_fast, count: 173099
CPU [0] UID 1002 comm: gen_fast, count: 173263
CPU [0] UID 1002 comm: gen_fast, count: 173299
CPU [0] UID 1002 comm: gen_fast, count: 173428
CPU [0] UID 1002 comm: gen_fast, count: 173499
CPU [0] UID 1002 comm: gen_fast, count: 173708
CPU [0] UID 1002 comm: gen_fast, count: 173708
CPU [0] UID 1002 comm: gen_fast, count: 173803
CPU [0] UID 1002 comm: gen_fast, count: 173920
CPU [0] UID 1002 comm: gen_fast, count: 173999
CPU [0] UID 1002 comm: gen_fast, count: 174185
CPU [0] UID 1002 comm: gen_fast, count: 174199
CPU [0] UID 1002 comm: gen_fast, count: 174299
CPU [0] UID 1002 comm: gen_fast, count: 174492
CPU [0] UID 1002 comm: gen_fast, count: 174570
CPU [0] UID 1002 comm: gen_fast, count: 174599
CPU [0] UID 1002 comm: gen_fast, count: 174727
CPU [0] UID 1002 comm: gen_fast, count: 174851
CPU [0] UID 1002 comm: gen_fast, count: 174899
CPU [0] UID 1002 comm: gen_fast, count: 174999
CPU [0] UID 1002 comm: gen_fast, count: 175116
CPU [0] UID 1002 comm: gen_fast, count: 175304
CPU [0] UID 1002 comm: gen_fast, count: 175304
CPU [0] UID 1002 comm: gen_fast, count: 175485
CPU [0] UID 1002 comm: gen_fast, count: 175499
CPU [0] UID 1002 comm: gen_fast, count: 175599
CPU [0] UID 1002 comm: gen_fast, count: 175793
CPU [0] UID 1002 comm: gen_fast, count: 175799
CPU [0] UID 1002 comm: gen_fast, count: 175901
CPU [0] UID 1002 comm: gen_fast, count: 176099
CPU [0] UID 1002 comm: gen_fast, count: 176099
CPU [0] UID 1002 comm: gen_fast, count: 176199
CPU [0] UID 1002 comm: gen_fast, count: 176333
CPU [0] UID 1002 comm: gen_fast, count: 176478
CPU [0] UID 1002 comm: gen_fast, count: 176499
CPU [0] UID 1002 comm: gen_fast, count: 176607
CPU [0] UID 1002 comm: gen_fast, count: 176699
CPU [0] UID 1002 comm: gen_fast, count: 176799
CPU [0] UID 1002 comm: gen_fast, count: 176922
CPU [0] UID 1002 comm: gen_fast, count: 176999
CPU [0] UID 1002 comm: gen_fast, count: 177099
CPU [0] UID 1002 comm: gen_fast, count: 177199
CPU [0] UID 1002 comm: gen_fast, count: 177299
CPU [0] UID 1002 comm: gen_fast, count: 177427
CPU [0] UID 1002 comm: gen_fast, count: 177505
CPU [0] UID 1002 comm: gen_fast, count: 177599
CPU [0] UID 1002 comm: gen_fast, count: 177699
CPU [0] UID 1002 comm: gen_fast, count: 177812
CPU [0] UID 1002 comm: gen_fast, count: 177913
CPU [0] UID 1002 comm: gen_fast, count: 178064
CPU [0] UID 1002 comm: gen_fast, count: 178099
CPU [0] UID 1002 comm: gen_fast, count: 178199
CPU [0] UID 1002 comm: gen_fast, count: 178356
CPU [0] UID 1002 comm: gen_fast, count: 178399
CPU [0] UID 1002 comm: gen_fast, count: 178499
CPU [0] UID 1002 comm: gen_fast, count: 178661
CPU [0] UID 1002 comm: gen_fast, count: 178699
CPU [0] UID 1002 comm: gen_fast, count: 178799
CPU [0] UID 1002 comm: gen_fast, count: 178899
CPU [0] UID 1002 comm: gen_fast, count: 179071
CPU [0] UID 1002 comm: gen_fast, count: 179099
CPU [0] UID 1002 comm: gen_fast, count: 179219
CPU [0] UID 1002 comm: gen_fast, count: 179435
CPU [0] UID 1002 comm: gen_fast, count: 179435
CPU [0] UID 1002 comm: gen_fast, count: 179499
CPU [0] UID 1002 comm: gen_fast, count: 179617
CPU [0] UID 1002 comm: gen_fast, count: 179699
CPU [0] UID 1002 comm: gen_fast, count: 179889
CPU [0] UID 1002 comm: gen_fast, count: 179899
CPU [0] UID 1002 comm: gen_fast, count: 179999
CPU [0] UID 1002 comm: gen_fast, count: 180110
CPU [0] UID 1002 comm: gen_fast, count: 180274
CPU [0] UID 1002 comm: gen_fast, count: 180299
CPU [0] UID 1002 comm: gen_fast, count: 180475
CPU [0] UID 1002 comm: gen_fast, count: 180499
CPU [0] UID 1002 comm: gen_fast, count: 180624
CPU [0] UID 1002 comm: gen_fast, count: 180699
CPU [0] UID 1002 comm: gen_fast, count: 180799
CPU [0] UID 1002 comm: gen_fast, count: 180912
CPU [0] UID 1002 comm: gen_fast, count: 181047
CPU [0] UID 1002 comm: gen_fast, count: 181099
CPU [0] UID 1002 comm: gen_fast, count: 181199
CPU [0] UID 1002 comm: gen_fast, count: 181299
CPU [0] UID 1002 comm: gen_fast, count: 181426
CPU [0] UID 1002 comm: gen_fast, count: 181499
CPU [0] UID 1002 comm: gen_fast, count: 181623
CPU [0] UID 1002 comm: gen_fast, count: 181738
CPU [0] UID 1002 comm: gen_fast, count: 181801
CPU [0] UID 1002 comm: gen_fast, count: 181926
CPU [0] UID 1002 comm: gen_fast, count: 181999
CPU [0] UID 1002 comm: gen_fast, count: 182182
CPU [0] UID 1002 comm: gen_fast, count: 182199
CPU [0] UID 1002 comm: gen_fast, count: 182333
CPU [0] UID 1002 comm: gen_fast, count: 182427
CPU [0] UID 1002 comm: gen_fast, count: 182542
CPU [0] UID 1002 comm: gen_fast, count: 182599
CPU [0] UID 1002 comm: gen_fast, count: 182729
CPU [0] UID 1002 comm: gen_fast, count: 182799
CPU [0] UID 1002 comm: gen_fast, count: 182899
CPU [0] UID 1002 comm: gen_fast, count: 183084
CPU [0] UID 1002 comm: gen_fast, count: 183099
CPU [0] UID 1002 comm: gen_fast, count: 183351
CPU [0] UID 1002 comm: gen_fast, count: 183351
CPU [0] UID 1002 comm: gen_fast, count: 183399
CPU [0] UID 1002 comm: gen_fast, count: 183534
CPU [0] UID 1002 comm: gen_fast, count: 183599
CPU [0] UID 1002 comm: gen_fast, count: 183769
CPU [0] UID 1002 comm: gen_fast, count: 183799
CPU [0] UID 1002 comm: gen_fast, count: 183978
CPU [0] UID 1002 comm: gen_fast, count: 183999
CPU [0] UID 1002 comm: gen_fast, count: 184183
CPU [0] UID 1002 comm: gen_fast, count: 184199
CPU [0] UID 1002 comm: gen_fast, count: 184299
CPU [0] UID 1002 comm: gen_fast, count: 184399
CPU [0] UID 1002 comm: gen_fast, count: 184499
CPU [0] UID 1002 comm: gen_fast, count: 184697
CPU [0] UID 1002 comm: gen_fast, count: 184699
CPU [0] UID 1002 comm: gen_fast, count: 184893
CPU [0] UID 1002 comm: gen_fast, count: 184899
CPU [0] UID 1002 comm: gen_fast, count: 185010
CPU [0] UID 1002 comm: gen_fast, count: 185108
CPU [0] UID 1002 comm: gen_fast, count: 185302
CPU [0] UID 1002 comm: gen_fast, count: 185302
CPU [0] UID 1002 comm: gen_fast, count: 185420
CPU [0] UID 1002 comm: gen_fast, count: 185620
CPU [0] UID 1002 comm: gen_fast, count: 185620
CPU [0] UID 1002 comm: gen_fast, count: 185699
CPU [0] UID 1002 comm: gen_fast, count: 185859
CPU [0] UID 1002 comm: gen_fast, count: 185899
CPU [0] UID 1002 comm: gen_fast, count: 186122
CPU [0] UID 1002 comm: gen_fast, count: 186122
CPU [0] UID 1002 comm: gen_fast, count: 186199
CPU [0] UID 1002 comm: gen_fast, count: 186391
CPU [0] UID 1002 comm: gen_fast, count: 186399
CPU [0] UID 1002 comm: gen_fast, count: 186549
CPU [0] UID 1002 comm: gen_fast, count: 186599
CPU [0] UID 1002 comm: gen_fast, count: 186699
CPU [0] UID 1002 comm: gen_fast, count: 186799
CPU [0] UID 1002 comm: gen_fast, count: 186931
CPU [0] UID 1002 comm: gen_fast, count: 187013
CPU [0] UID 1002 comm: gen_fast, count: 187099
CPU [0] UID 1002 comm: gen_fast, count: 187199
CPU [0] UID 1002 comm: gen_fast, count: 187324
CPU [0] UID 1002 comm: gen_fast, count: 187399
CPU [0] UID 1002 comm: gen_fast, count: 187499
CPU [0] UID 1002 comm: gen_fast, count: 187599
CPU [0] UID 1002 comm: gen_fast, count: 187731
CPU [0] UID 1002 comm: gen_fast, count: 187818
CPU [0] UID 1002 comm: gen_fast, count: 187905
CPU [0] UID 1002 comm: gen_fast, count: 188107
CPU [0] UID 1002 comm: gen_fast, count: 188107
CPU [0] UID 1002 comm: gen_fast, count: 188290
CPU [0] UID 1002 comm: gen_fast, count: 188299
CPU [0] UID 1002 comm: gen_fast, count: 188409
CPU [0] UID 1002 comm: gen_fast, count: 188587
CPU [0] UID 1002 comm: gen_fast, count: 188599
CPU [0] UID 1002 comm: gen_fast, count: 188731
CPU [0] UID 1002 comm: gen_fast, count: 188819
CPU [0] UID 1002 comm: gen_fast, count: 189016
CPU [0] UID 1002 comm: gen_fast, count: 189016
CPU [0] UID 1002 comm: gen_fast, count: 189205
CPU [0] UID 1002 comm: gen_fast, count: 189205
CPU [0] UID 1002 comm: gen_fast, count: 189299
CPU [0] UID 1002 comm: gen_fast, count: 189399
CPU [0] UID 1002 comm: gen_fast, count: 189499
CPU [0] UID 1002 comm: gen_fast, count: 189606
CPU [0] UID 1002 comm: gen_fast, count: 189731
CPU [0] UID 1002 comm: gen_fast, count: 189799
CPU [0] UID 1002 comm: gen_fast, count: 189899
CPU [0] UID 1002 comm: gen_fast, count: 190025
CPU [0] UID 1002 comm: gen_fast, count: 190099
CPU [0] UID 1002 comm: gen_fast, count: 190200
CPU [0] UID 1002 comm: gen_fast, count: 190362
CPU [0] UID 1002 comm: gen_fast, count: 190399
CPU [0] UID 1002 comm: gen_fast, count: 190514
CPU [0] UID 1002 comm: gen_fast, count: 190648
CPU [0] UID 1002 comm: gen_fast, count: 190699
CPU [0] UID 1002 comm: gen_fast, count: 190801
CPU [0] UID 1002 comm: gen_fast, count: 191005
CPU [0] UID 1002 comm: gen_fast, count: 191005
CPU [0] UID 1002 comm: gen_fast, count: 191099
CPU [0] UID 1002 comm: gen_fast, count: 191261
CPU [0] UID 1002 comm: gen_fast, count: 191299
CPU [0] UID 1002 comm: gen_fast, count: 191413
CPU [0] UID 1002 comm: gen_fast, count: 191567
CPU [0] UID 1002 comm: gen_fast, count: 191599
CPU [0] UID 1002 comm: gen_fast, count: 191756
CPU [0] UID 1002 comm: gen_fast, count: 191799
CPU [0] UID 1002 comm: gen_fast, count: 192005
CPU [0] UID 1002 comm: gen_fast, count: 192005
CPU [0] UID 1002 comm: gen_fast, count: 192099
CPU [0] UID 1002 comm: gen_fast, count: 192199
CPU [0] UID 1002 comm: gen_fast, count: 192299
CPU [0] UID 1002 comm: gen_fast, count: 192429
CPU [0] UID 1002 comm: gen_fast, count: 192499
CPU [0] UID 1002 comm: gen_fast, count: 192599
CPU [0] UID 1002 comm: gen_fast, count: 192731
CPU [0] UID 1002 comm: gen_fast, count: 192815
CPU [0] UID 1002 comm: gen_fast, count: 192899
CPU [0] UID 1002 comm: gen_fast, count: 193045
CPU [0] UID 1002 comm: gen_fast, count: 193099
CPU [0] UID 1002 comm: gen_fast, count: 193213
CPU [0] UID 1002 comm: gen_fast, count: 193379
CPU [0] UID 1002 comm: gen_fast, count: 193399
CPU [0] UID 1002 comm: gen_fast, count: 193577
CPU [0] UID 1002 comm: gen_fast, count: 193637
CPU [0] UID 1002 comm: gen_fast, count: 193715
CPU [0] UID 1002 comm: gen_fast, count: 193882
CPU [0] UID 1002 comm: gen_fast, count: 193899
CPU [0] UID 1002 comm: gen_fast, count: 194126
CPU [0] UID 1002 comm: gen_fast, count: 194126
CPU [0] UID 1002 comm: gen_fast, count: 194199
CPU [0] UID 1002 comm: gen_fast, count: 194299
CPU [0] UID 1002 comm: gen_fast, count: 194399
CPU [0] UID 1002 comm: gen_fast, count: 194576
CPU [0] UID 1002 comm: gen_fast, count: 194599
CPU [0] UID 1002 comm: gen_fast, count: 194737
CPU [0] UID 1002 comm: gen_fast, count: 194799
CPU [0] UID 1002 comm: gen_fast, count: 194899
CPU [0] UID 1002 comm: gen_fast, count: 195094
CPU [0] UID 1002 comm: gen_fast, count: 195099
CPU [0] UID 1002 comm: gen_fast, count: 195199
CPU [0] UID 1002 comm: gen_fast, count: 195364
CPU [0] UID 1002 comm: gen_fast, count: 195399
CPU [0] UID 1002 comm: gen_fast, count: 195499
CPU [0] UID 1002 comm: gen_fast, count: 195601
CPU [0] UID 1002 comm: gen_fast, count: 195699
CPU [0] UID 1002 comm: gen_fast, count: 195799
CPU [0] UID 1002 comm: gen_fast, count: 196047
CPU [0] UID 1002 comm: gen_fast, count: 196047
CPU [0] UID 1002 comm: gen_fast, count: 196253
CPU [0] UID 1002 comm: gen_fast, count: 196253
CPU [0] UID 1002 comm: gen_fast, count: 196299
CPU [0] UID 1002 comm: gen_fast, count: 196470
CPU [0] UID 1002 comm: gen_fast, count: 196499
CPU [0] UID 1002 comm: gen_fast, count: 196630
CPU [0] UID 1002 comm: gen_fast, count: 196832
CPU [0] UID 1002 comm: gen_fast, count: 196832
CPU [0] UID 1002 comm: gen_fast, count: 196899
CPU [0] UID 1002 comm: gen_fast, count: 197000
CPU [0] UID 1002 comm: gen_fast, count: 197207
CPU [0] UID 1002 comm: gen_fast, count: 197207
CPU [0] UID 1002 comm: gen_fast, count: 197299
CPU [0] UID 1002 comm: gen_fast, count: 197406
CPU [0] UID 1002 comm: gen_fast, count: 197499
CPU [0] UID 1002 comm: gen_fast, count: 197599
CPU [0] UID 1002 comm: gen_fast, count: 197724
CPU [0] UID 1002 comm: gen_fast, count: 197925
CPU [0] UID 1002 comm: gen_fast, count: 197925
CPU [0] UID 1002 comm: gen_fast, count: 197999
CPU [0] UID 1002 comm: gen_fast, count: 198136
CPU [0] UID 1002 comm: gen_fast, count: 198204
CPU [0] UID 1002 comm: gen_fast, count: 198339
CPU [0] UID 1002 comm: gen_fast, count: 198401
CPU [0] UID 1002 comm: gen_fast, count: 198499
CPU [0] UID 1002 comm: gen_fast, count: 198599
CPU [0] UID 1002 comm: gen_fast, count: 198728
CPU [0] UID 1002 comm: gen_fast, count: 198921
CPU [0] UID 1002 comm: gen_fast, count: 198921
CPU [0] UID 1002 comm: gen_fast, count: 198999
CPU [0] UID 1002 comm: gen_fast, count: 199149
CPU [0] UID 1002 comm: gen_fast, count: 199199
CPU [0] UID 1002 comm: gen_fast, count: 199339
CPU [0] UID 1002 comm: gen_fast, count: 199399
CPU [0] UID 1002 comm: gen_fast, count: 199499
CPU [0] UID 1002 comm: gen_fast, count: 199699
CPU [0] UID 1002 comm: gen_fast, count: 199699
CPU [0] UID 1002 comm: gen_fast, count: 199903
CPU [0] UID 1002 comm: gen_fast, count: 199903
CPU [0] UID 1002 comm: gen_fast, count: 199999
CPU [0] UID 1002 comm: gen_fast, count: 200236
CPU [0] UID 1002 comm: gen_fast, count: 200236
CPU [0] UID 1002 comm: gen_fast, count: 200299
CPU [0] UID 1002 comm: gen_fast, count: 200470
CPU [0] UID 1002 comm: gen_fast, count: 200499
CPU [0] UID 1002 comm: gen_fast, count: 200599
CPU [0] UID 1002 comm: gen_fast, count: 200699
CPU [0] UID 1002 comm: gen_fast, count: 200842
CPU [0] UID 1002 comm: gen_fast, count: 200899
CPU [0] UID 1002 comm: gen_fast, count: 200999
CPU [0] UID 1002 comm: gen_fast, count: 201099
CPU [0] UID 1002 comm: gen_fast, count: 201342
CPU [0] UID 1002 comm: gen_fast, count: 201342
CPU [0] UID 1002 comm: gen_fast, count: 201523
CPU [0] UID 1002 comm: gen_fast, count: 201523
CPU [0] UID 1002 comm: gen_fast, count: 201661
CPU [0] UID 1002 comm: gen_fast, count: 201699
CPU [0] UID 1002 comm: gen_fast, count: 201823
CPU [0] UID 1002 comm: gen_fast, count: 201899
CPU [0] UID 1002 comm: gen_fast, count: 201999
CPU [0] UID 1002 comm: gen_fast, count: 202099
CPU [0] UID 1002 comm: gen_fast, count: 202222
CPU [0] UID 1002 comm: gen_fast, count: 202360
CPU [0] UID 1002 comm: gen_fast, count: 202399
CPU [0] UID 1002 comm: gen_fast, count: 202521
CPU [0] UID 1002 comm: gen_fast, count: 202705
CPU [0] UID 1002 comm: gen_fast, count: 202705
CPU [0] UID 1002 comm: gen_fast, count: 202856
CPU [0] UID 1002 comm: gen_fast, count: 202899
CPU [0] UID 1002 comm: gen_fast, count: 202999
CPU [0] UID 1002 comm: gen_fast, count: 203110
CPU [0] UID 1002 comm: gen_fast, count: 203299
CPU [0] UID 1002 comm: gen_fast, count: 203299
CPU [0] UID 1002 comm: gen_fast, count: 203492
CPU [0] UID 1002 comm: gen_fast, count: 203499
CPU [0] UID 1002 comm: gen_fast, count: 203669
CPU [0] UID 1002 comm: gen_fast, count: 203699
CPU [0] UID 1002 comm: gen_fast, count: 203812
CPU [0] UID 1002 comm: gen_fast, count: 203899
CPU [0] UID 1002 comm: gen_fast, count: 203999
CPU [0] UID 1002 comm: gen_fast, count: 204099
CPU [0] UID 1002 comm: gen_fast, count: 204285
CPU [0] UID 1002 comm: gen_fast, count: 204299
CPU [0] UID 1002 comm: gen_fast, count: 204495
CPU [0] UID 1002 comm: gen_fast, count: 204499
CPU [0] UID 1002 comm: gen_fast, count: 204599
CPU [0] UID 1002 comm: gen_fast, count: 204709
CPU [0] UID 1002 comm: gen_fast, count: 204850
CPU [0] UID 1002 comm: gen_fast, count: 204899
CPU [0] UID 1002 comm: gen_fast, count: 204999
CPU [0] UID 1002 comm: gen_fast, count: 205099
CPU [0] UID 1002 comm: gen_fast, count: 205285
CPU [0] UID 1002 comm: gen_fast, count: 205299
CPU [0] UID 1002 comm: gen_fast, count: 205544
CPU [0] UID 1002 comm: gen_fast, count: 205544
CPU [0] UID 1002 comm: gen_fast, count: 205651
CPU [0] UID 1002 comm: gen_fast, count: 205699
CPU [0] UID 1002 comm: gen_fast, count: 205799
CPU [0] UID 1002 comm: gen_fast, count: 205923
CPU [0] UID 1002 comm: gen_fast, count: 206000
CPU [0] UID 1002 comm: gen_fast, count: 206099
CPU [0] UID 1002 comm: gen_fast, count: 206199
CPU [0] UID 1002 comm: gen_fast, count: 206312
CPU [0] UID 1002 comm: gen_fast, count: 206505
CPU [0] UID 1002 comm: gen_fast, count: 206505
CPU [0] UID 1002 comm: gen_fast, count: 206743
CPU [0] UID 1002 comm: gen_fast, count: 206743
CPU [0] UID 1002 comm: gen_fast, count: 206799
CPU [0] UID 1002 comm: gen_fast, count: 206982
CPU [0] UID 1002 comm: gen_fast, count: 206999
CPU [0] UID 1002 comm: gen_fast, count: 207194
CPU [0] UID 1002 comm: gen_fast, count: 207199
CPU [0] UID 1002 comm: gen_fast, count: 207299
CPU [0] UID 1002 comm: gen_fast, count: 207399
CPU [0] UID 1002 comm: gen_fast, count: 207551
CPU [0] UID 1002 comm: gen_fast, count: 207704
CPU [0] UID 1002 comm: gen_fast, count: 207704
CPU [0] UID 1002 comm: gen_fast, count: 207874
CPU [0] UID 1002 comm: gen_fast, count: 207899
CPU [0] UID 1002 comm: gen_fast, count: 207999
CPU [0] UID 1002 comm: gen_fast, count: 208190
CPU [0] UID 1002 comm: gen_fast, count: 208199
CPU [0] UID 1002 comm: gen_fast, count: 208299
CPU [0] UID 1002 comm: gen_fast, count: 208402
CPU [0] UID 1002 comm: gen_fast, count: 208562
CPU [0] UID 1002 comm: gen_fast, count: 208599
CPU [0] UID 1002 comm: gen_fast, count: 208699
CPU [0] UID 1002 comm: gen_fast, count: 208799
CPU [0] UID 1002 comm: gen_fast, count: 208951
CPU [0] UID 1002 comm: gen_fast, count: 208999
CPU [0] UID 1002 comm: gen_fast, count: 209175
CPU [0] UID 1002 comm: gen_fast, count: 209199
CPU [0] UID 1002 comm: gen_fast, count: 209380
CPU [0] UID 1002 comm: gen_fast, count: 209399
CPU [0] UID 1002 comm: gen_fast, count: 209636
CPU [0] UID 1002 comm: gen_fast, count: 209636
CPU [0] UID 1002 comm: gen_fast, count: 209794
CPU [0] UID 1002 comm: gen_fast, count: 209799
CPU [0] UID 1002 comm: gen_fast, count: 209937
CPU [0] UID 1002 comm: gen_fast, count: 209999
CPU [0] UID 1002 comm: gen_fast, count: 210099
CPU [0] UID 1002 comm: gen_fast, count: 210338
CPU [0] UID 1002 comm: gen_fast, count: 210338
CPU [0] UID 1002 comm: gen_fast, count: 210399
CPU [0] UID 1002 comm: gen_fast, count: 210531
CPU [0] UID 1002 comm: gen_fast, count: 210599
CPU [0] UID 1002 comm: gen_fast, count: 210752
CPU [0] UID 1002 comm: gen_fast, count: 210799
CPU [0] UID 1002 comm: gen_fast, count: 210906
CPU [0] UID 1002 comm: gen_fast, count: 210999
CPU [0] UID 1002 comm: gen_fast, count: 211099
CPU [0] UID 1002 comm: gen_fast, count: 211199
CPU [0] UID 1002 comm: gen_fast, count: 211321
CPU [0] UID 1002 comm: gen_fast, count: 211423
CPU [0] UID 1002 comm: gen_fast, count: 211568
CPU [0] UID 1002 comm: gen_fast, count: 211599
CPU [0] UID 1002 comm: gen_fast, count: 211703
CPU [0] UID 1002 comm: gen_fast, count: 211802
CPU [0] UID 1002 comm: gen_fast, count: 211899
CPU [0] UID 1002 comm: gen_fast, count: 211999
CPU [0] UID 1002 comm: gen_fast, count: 212099
CPU [0] UID 1002 comm: gen_fast, count: 212203
CPU [0] UID 1002 comm: gen_fast, count: 212313
CPU [0] UID 1002 comm: gen_fast, count: 212399
CPU [0] UID 1002 comm: gen_fast, count: 212499
CPU [0] UID 1002 comm: gen_fast, count: 212625
CPU [0] UID 1002 comm: gen_fast, count: 212744
CPU [0] UID 1002 comm: gen_fast, count: 212799
CPU [0] UID 1002 comm: gen_fast, count: 212985
CPU [0] UID 1002 comm: gen_fast, count: 213039
CPU [0] UID 1002 comm: gen_fast, count: 213099
CPU [0] UID 1002 comm: gen_fast, count: 213278
CPU [0] UID 1002 comm: gen_fast, count: 213299
CPU [0] UID 1002 comm: gen_fast, count: 213399
CPU [0] UID 1002 comm: gen_fast, count: 213514
CPU [0] UID 1002 comm: gen_fast, count: 213601
CPU [0] UID 1002 comm: gen_fast, count: 213745
CPU [0] UID 1002 comm: gen_fast, count: 213799
CPU [0] UID 1002 comm: gen_fast, count: 213913
CPU [0] UID 1002 comm: gen_fast, count: 213999
CPU [0] UID 1002 comm: gen_fast, count: 214153
CPU [0] UID 1002 comm: gen_fast, count: 214300
CPU [0] UID 1002 comm: gen_fast, count: 214300
CPU [0] UID 1002 comm: gen_fast, count: 214471
CPU [0] UID 1002 comm: gen_fast, count: 214499
CPU [0] UID 1002 comm: gen_fast, count: 214599
CPU [0] UID 1002 comm: gen_fast, count: 214711
CPU [0] UID 1002 comm: gen_fast, count: 214808
CPU [0] UID 1002 comm: gen_fast, count: 214958
CPU [0] UID 1002 comm: gen_fast, count: 214999
CPU [0] UID 1002 comm: gen_fast, count: 215136
CPU [0] UID 1002 comm: gen_fast, count: 215199
CPU [0] UID 1002 comm: gen_fast, count: 215299
CPU [0] UID 1002 comm: gen_fast, count: 215487
CPU [0] UID 1002 comm: gen_fast, count: 215499
CPU [0] UID 1002 comm: gen_fast, count: 215632
CPU [0] UID 1002 comm: gen_fast, count: 215699
CPU [0] UID 1002 comm: gen_fast, count: 215799
CPU [0] UID 1002 comm: gen_fast, count: 215991
CPU [0] UID 1002 comm: gen_fast, count: 215999
CPU [0] UID 1002 comm: gen_fast, count: 216229
CPU [0] UID 1002 comm: gen_fast, count: 216229
CPU [0] UID 1002 comm: gen_fast, count: 216315
CPU [0] UID 1002 comm: gen_fast, count: 216399
CPU [0] UID 1002 comm: gen_fast, count: 216499
CPU [0] UID 1002 comm: gen_fast, count: 216605
CPU [0] UID 1002 comm: gen_fast, count: 216712
CPU [0] UID 1002 comm: gen_fast, count: 216799
CPU [0] UID 1002 comm: gen_fast, count: 216899
CPU [0] UID 1002 comm: gen_fast, count: 216999
CPU [0] UID 1002 comm: gen_fast, count: 217129
CPU [0] UID 1002 comm: gen_fast, count: 217199
CPU [0] UID 1002 comm: gen_fast, count: 217299
CPU [0] UID 1002 comm: gen_fast, count: 217418
CPU [0] UID 1002 comm: gen_fast, count: 217499
CPU [0] UID 1002 comm: gen_fast, count: 217599
CPU [0] UID 1002 comm: gen_fast, count: 217699
CPU [0] UID 1002 comm: gen_fast, count: 217799
CPU [0] UID 1002 comm: gen_fast, count: 217899
CPU [0] UID 1002 comm: gen_fast, count: 217999
CPU [0] UID 1002 comm: gen_fast, count: 218106
CPU [0] UID 1002 comm: gen_fast, count: 218257
CPU [0] UID 1002 comm: gen_fast, count: 218401
CPU [0] UID 1002 comm: gen_fast, count: 218401
CPU [0] UID 1002 comm: gen_fast, count: 218519
CPU [0] UID 1002 comm: gen_fast, count: 218712
CPU [0] UID 1002 comm: gen_fast, count: 218712
CPU [0] UID 1002 comm: gen_fast, count: 218894
CPU [0] UID 1002 comm: gen_fast, count: 218899
CPU [0] UID 1002 comm: gen_fast, count: 219040
CPU [0] UID 1002 comm: gen_fast, count: 219194
CPU [0] UID 1002 comm: gen_fast, count: 219199
CPU [0] UID 1002 comm: gen_fast, count: 219335
CPU [0] UID 1002 comm: gen_fast, count: 219399
CPU [0] UID 1002 comm: gen_fast, count: 219539
CPU [0] UID 1002 comm: gen_fast, count: 219622
CPU [0] UID 1002 comm: gen_fast, count: 219750
CPU [0] UID 1002 comm: gen_fast, count: 219799
CPU [0] UID 1002 comm: gen_fast, count: 219899
CPU [0] UID 1002 comm: gen_fast, count: 219999
CPU [0] UID 1002 comm: gen_fast, count: 220099
CPU [0] UID 1002 comm: gen_fast, count: 220244
CPU [0] UID 1002 comm: gen_fast, count: 220299
CPU [0] UID 1002 comm: gen_fast, count: 220408
CPU [0] UID 1002 comm: gen_fast, count: 220526
CPU [0] UID 1002 comm: gen_fast, count: 220599
CPU [0] UID 1002 comm: gen_fast, count: 220699
CPU [0] UID 1002 comm: gen_fast, count: 220799
CPU [0] UID 1002 comm: gen_fast, count: 220899
CPU [0] UID 1002 comm: gen_fast, count: 220999
CPU [0] UID 1002 comm: gen_fast, count: 221225
CPU [0] UID 1002 comm: gen_fast, count: 221225
CPU [0] UID 1002 comm: gen_fast, count: 221358
CPU [0] UID 1002 comm: gen_fast, count: 221548
CPU [0] UID 1002 comm: gen_fast, count: 221548
CPU [0] UID 1002 comm: gen_fast, count: 221732
CPU [0] UID 1002 comm: gen_fast, count: 221732
CPU [0] UID 1002 comm: gen_fast, count: 221937
CPU [0] UID 1002 comm: gen_fast, count: 221937
CPU [0] UID 1002 comm: gen_fast, count: 221999
CPU [0] UID 1002 comm: gen_fast, count: 222188
CPU [0] UID 1002 comm: gen_fast, count: 222199
CPU [0] UID 1002 comm: gen_fast, count: 222299
CPU [0] UID 1002 comm: gen_fast, count: 222442
CPU [0] UID 1002 comm: gen_fast, count: 222499
CPU [0] UID 1002 comm: gen_fast, count: 222710
CPU [0] UID 1002 comm: gen_fast, count: 222710
CPU [0] UID 1002 comm: gen_fast, count: 222799
CPU [0] UID 1002 comm: gen_fast, count: 222921
CPU [0] UID 1002 comm: gen_fast, count: 223133
CPU [0] UID 1002 comm: gen_fast, count: 223133
CPU [0] UID 1002 comm: gen_fast, count: 223199
CPU [0] UID 1002 comm: gen_fast, count: 223312
CPU [0] UID 1002 comm: gen_fast, count: 223399
CPU [0] UID 1002 comm: gen_fast, count: 223499
CPU [0] UID 1002 comm: gen_fast, count: 223666
CPU [0] UID 1002 comm: gen_fast, count: 223699
CPU [0] UID 1002 comm: gen_fast, count: 223839
CPU [0] UID 1002 comm: gen_fast, count: 223899
CPU [0] UID 1002 comm: gen_fast, count: 224128
CPU [0] UID 1002 comm: gen_fast, count: 224128
CPU [0] UID 1002 comm: gen_fast, count: 224199
CPU [0] UID 1002 comm: gen_fast, count: 224327
CPU [0] UID 1002 comm: gen_fast, count: 224434
CPU [0] UID 1002 comm: gen_fast, count: 224501
CPU [0] UID 1002 comm: gen_fast, count: 224649
CPU [0] UID 1002 comm: gen_fast, count: 224786
CPU [0] UID 1002 comm: gen_fast, count: 224799
CPU [0] UID 1002 comm: gen_fast, count: 224899
CPU [0] UID 1002 comm: gen_fast, count: 225000
CPU [0] UID 1002 comm: gen_fast, count: 225145
CPU [0] UID 1002 comm: gen_fast, count: 225341
CPU [0] UID 1002 comm: gen_fast, count: 225341
CPU [0] UID 1002 comm: gen_fast, count: 225399
CPU [0] UID 1002 comm: gen_fast, count: 225519
CPU [0] UID 1002 comm: gen_fast, count: 225714
CPU [0] UID 1002 comm: gen_fast, count: 225714
CPU [0] UID 1002 comm: gen_fast, count: 225873
CPU [0] UID 1002 comm: gen_fast, count: 225899
CPU [0] UID 1002 comm: gen_fast, count: 226057
CPU [0] UID 1002 comm: gen_fast, count: 226099
CPU [0] UID 1002 comm: gen_fast, count: 226287
CPU [0] UID 1002 comm: gen_fast, count: 226299
CPU [0] UID 1002 comm: gen_fast, count: 226418
CPU [0] UID 1002 comm: gen_fast, count: 226499
CPU [0] UID 1002 comm: gen_fast, count: 226599
CPU [0] UID 1002 comm: gen_fast, count: 226727
CPU [0] UID 1002 comm: gen_fast, count: 226911
CPU [0] UID 1002 comm: gen_fast, count: 226911
CPU [0] UID 1002 comm: gen_fast, count: 227011
CPU [0] UID 1002 comm: gen_fast, count: 227153
CPU [0] UID 1002 comm: gen_fast, count: 227334
CPU [0] UID 1002 comm: gen_fast, count: 227334
CPU [0] UID 1002 comm: gen_fast, count: 227399
CPU [0] UID 1002 comm: gen_fast, count: 227548
CPU [0] UID 1002 comm: gen_fast, count: 227599
CPU [0] UID 1002 comm: gen_fast, count: 227699
CPU [0] UID 1002 comm: gen_fast, count: 227867
CPU [0] UID 1002 comm: gen_fast, count: 227899
CPU [0] UID 1002 comm: gen_fast, count: 228058
CPU [0] UID 1002 comm: gen_fast, count: 228099
CPU [0] UID 1002 comm: gen_fast, count: 228223
CPU [0] UID 1002 comm: gen_fast, count: 228299
CPU [0] UID 1002 comm: gen_fast, count: 228430
CPU [0] UID 1002 comm: gen_fast, count: 228499
CPU [0] UID 1002 comm: gen_fast, count: 228601
CPU [0] UID 1002 comm: gen_fast, count: 228713
CPU [0] UID 1002 comm: gen_fast, count: 228827
CPU [0] UID 1002 comm: gen_fast, count: 228937
CPU [0] UID 1002 comm: gen_fast, count: 229002
CPU [0] UID 1002 comm: gen_fast, count: 229099
CPU [0] UID 1002 comm: gen_fast, count: 229212
CPU [0] UID 1002 comm: gen_fast, count: 229299
CPU [0] UID 1002 comm: gen_fast, count: 229399
CPU [0] UID 1002 comm: gen_fast, count: 229499
CPU [0] UID 1002 comm: gen_fast, count: 229599
CPU [0] UID 1002 comm: gen_fast, count: 229726
CPU [0] UID 1002 comm: gen_fast, count: 229937
CPU [0] UID 1002 comm: gen_fast, count: 229937
CPU [0] UID 1002 comm: gen_fast, count: 229999
CPU [0] UID 1002 comm: gen_fast, count: 230183
CPU [0] UID 1002 comm: gen_fast, count: 230199
CPU [0] UID 1002 comm: gen_fast, count: 230299
CPU [0] UID 1002 comm: gen_fast, count: 230399
CPU [0] UID 1002 comm: gen_fast, count: 230538
CPU [0] UID 1002 comm: gen_fast, count: 230623
CPU [0] UID 1002 comm: gen_fast, count: 230831
CPU [0] UID 1002 comm: gen_fast, count: 230831
CPU [0] UID 1002 comm: gen_fast, count: 230899
CPU [0] UID 1002 comm: gen_fast, count: 230999
CPU [0] UID 1002 comm: gen_fast, count: 231160
CPU [0] UID 1002 comm: gen_fast, count: 231199
CPU [0] UID 1002 comm: gen_fast, count: 231299
CPU [0] UID 1002 comm: gen_fast, count: 231509
CPU [0] UID 1002 comm: gen_fast, count: 231509
CPU [0] UID 1002 comm: gen_fast, count: 231599
CPU [0] UID 1002 comm: gen_fast, count: 231821
CPU [0] UID 1002 comm: gen_fast, count: 231821
CPU [0] UID 1002 comm: gen_fast, count: 232014
CPU [0] UID 1002 comm: gen_fast, count: 232014
CPU [0] UID 1002 comm: gen_fast, count: 232099
CPU [0] UID 1002 comm: gen_fast, count: 232233
CPU [0] UID 1002 comm: gen_fast, count: 232299
CPU [0] UID 1002 comm: gen_fast, count: 232419
CPU [0] UID 1002 comm: gen_fast, count: 232499
CPU [0] UID 1002 comm: gen_fast, count: 232599
CPU [0] UID 1002 comm: gen_fast, count: 232772
CPU [0] UID 1002 comm: gen_fast, count: 232799
CPU [0] UID 1002 comm: gen_fast, count: 233010
CPU [0] UID 1002 comm: gen_fast, count: 233010
CPU [0] UID 1002 comm: gen_fast, count: 233141
CPU [0] UID 1002 comm: gen_fast, count: 233316
CPU [0] UID 1002 comm: gen_fast, count: 233316
CPU [0] UID 1002 comm: gen_fast, count: 233399
CPU [0] UID 1002 comm: gen_fast, count: 233499
CPU [0] UID 1002 comm: gen_fast, count: 233599
CPU [0] UID 1002 comm: gen_fast, count: 233699
CPU [0] UID 1002 comm: gen_fast, count: 233872
CPU [0] UID 1002 comm: gen_fast, count: 233899
CPU [0] UID 1002 comm: gen_fast, count: 234028
CPU [0] UID 1002 comm: gen_fast, count: 234181
CPU [0] UID 1002 comm: gen_fast, count: 234199
CPU [0] UID 1002 comm: gen_fast, count: 234337
CPU [0] UID 1002 comm: gen_fast, count: 234415
CPU [0] UID 1002 comm: gen_fast, count: 234612
CPU [0] UID 1002 comm: gen_fast, count: 234612
CPU [0] UID 1002 comm: gen_fast, count: 234789
CPU [0] UID 1002 comm: gen_fast, count: 234799
CPU [0] UID 1002 comm: gen_fast, count: 234901
CPU [0] UID 1002 comm: gen_fast, count: 235000
CPU [0] UID 1002 comm: gen_fast, count: 235161
CPU [0] UID 1002 comm: gen_fast, count: 235199
CPU [0] UID 1002 comm: gen_fast, count: 235320
CPU [0] UID 1002 comm: gen_fast, count: 235450
CPU [0] UID 1002 comm: gen_fast, count: 235501
CPU [0] UID 1002 comm: gen_fast, count: 235636
CPU [0] UID 1002 comm: gen_fast, count: 235806
CPU [0] UID 1002 comm: gen_fast, count: 235806
CPU [0] UID 1002 comm: gen_fast, count: 235954
CPU [0] UID 1002 comm: gen_fast, count: 235999
CPU [0] UID 1002 comm: gen_fast, count: 236149
CPU [0] UID 1002 comm: gen_fast, count: 236199
CPU [0] UID 1002 comm: gen_fast, count: 236336
CPU [0] UID 1002 comm: gen_fast, count: 236399
CPU [0] UID 1002 comm: gen_fast, count: 236508
CPU [0] UID 1002 comm: gen_fast, count: 236606
CPU [0] UID 1002 comm: gen_fast, count: 236799
CPU [0] UID 1002 comm: gen_fast, count: 236799
CPU [0] UID 1002 comm: gen_fast, count: 236935
CPU [0] UID 1002 comm: gen_fast, count: 237136
CPU [0] UID 1002 comm: gen_fast, count: 237136
CPU [0] UID 1002 comm: gen_fast, count: 237334
CPU [0] UID 1002 comm: gen_fast, count: 237334
CPU [0] UID 1002 comm: gen_fast, count: 237399
CPU [0] UID 1002 comm: gen_fast, count: 237524
CPU [0] UID 1002 comm: gen_fast, count: 237610
CPU [0] UID 1002 comm: gen_fast, count: 237699
CPU [0] UID 1002 comm: gen_fast, count: 237827
CPU [0] UID 1002 comm: gen_fast, count: 237906
CPU [0] UID 1002 comm: gen_fast, count: 238069
CPU [0] UID 1002 comm: gen_fast, count: 238099
CPU [0] UID 1002 comm: gen_fast, count: 238272
CPU [0] UID 1002 comm: gen_fast, count: 238299
CPU [0] UID 1002 comm: gen_fast, count: 238399
CPU [0] UID 1002 comm: gen_fast, count: 238499
CPU [0] UID 1002 comm: gen_fast, count: 238686
CPU [0] UID 1002 comm: gen_fast, count: 238699
CPU [0] UID 1002 comm: gen_fast, count: 238799
CPU [0] UID 1002 comm: gen_fast, count: 238905
CPU [0] UID 1002 comm: gen_fast, count: 238999
CPU [0] UID 1002 comm: gen_fast, count: 239119
CPU [0] UID 1002 comm: gen_fast, count: 239291
CPU [0] UID 1002 comm: gen_fast, count: 239299
CPU [0] UID 1002 comm: gen_fast, count: 239399
CPU [0] UID 1002 comm: gen_fast, count: 239545
CPU [0] UID 1002 comm: gen_fast, count: 239599
CPU [0] UID 1002 comm: gen_fast, count: 239773
CPU [0] UID 1002 comm: gen_fast, count: 239799
CPU [0] UID 1002 comm: gen_fast, count: 239899
CPU [0] UID 1002 comm: gen_fast, count: 239999
CPU [0] UID 1002 comm: gen_fast, count: 240142
CPU [0] UID 1002 comm: gen_fast, count: 240199
CPU [0] UID 1002 comm: gen_fast, count: 240325
CPU [0] UID 1002 comm: gen_fast, count: 240399
CPU [0] UID 1002 comm: gen_fast, count: 240545
CPU [0] UID 1002 comm: gen_fast, count: 240599
CPU [0] UID 1002 comm: gen_fast, count: 240710
CPU [0] UID 1002 comm: gen_fast, count: 240834
CPU [0] UID 1002 comm: gen_fast, count: 240919
CPU [0] UID 1002 comm: gen_fast, count: 241123
CPU [0] UID 1002 comm: gen_fast, count: 241123
CPU [0] UID 1002 comm: gen_fast, count: 241199
CPU [0] UID 1002 comm: gen_fast, count: 241299
CPU [0] UID 1002 comm: gen_fast, count: 241414
CPU [0] UID 1002 comm: gen_fast, count: 241601
CPU [0] UID 1002 comm: gen_fast, count: 241601
CPU [0] UID 1002 comm: gen_fast, count: 241699
CPU [0] UID 1002 comm: gen_fast, count: 241851
CPU [0] UID 1002 comm: gen_fast, count: 241899
CPU [0] UID 1002 comm: gen_fast, count: 242020
CPU [0] UID 1002 comm: gen_fast, count: 242099
CPU [0] UID 1002 comm: gen_fast, count: 242199
CPU [0] UID 1002 comm: gen_fast, count: 242335
CPU [0] UID 1002 comm: gen_fast, count: 242399
CPU [0] UID 1002 comm: gen_fast, count: 242499
CPU [0] UID 1002 comm: gen_fast, count: 242620
CPU [0] UID 1002 comm: gen_fast, count: 242702
CPU [0] UID 1002 comm: gen_fast, count: 242799
CPU [0] UID 1002 comm: gen_fast, count: 242899
CPU [0] UID 1002 comm: gen_fast, count: 243017
CPU [0] UID 1002 comm: gen_fast, count: 243222
CPU [0] UID 1002 comm: gen_fast, count: 243222
CPU [0] UID 1002 comm: gen_fast, count: 243299
CPU [0] UID 1002 comm: gen_fast, count: 243483
CPU [0] UID 1002 comm: gen_fast, count: 243499
CPU [0] UID 1002 comm: gen_fast, count: 243658
CPU [0] UID 1002 comm: gen_fast, count: 243699
CPU [0] UID 1002 comm: gen_fast, count: 243874
CPU [0] UID 1002 comm: gen_fast, count: 243899
CPU [0] UID 1002 comm: gen_fast, count: 244023
CPU [0] UID 1002 comm: gen_fast, count: 244206
CPU [0] UID 1002 comm: gen_fast, count: 244206
CPU [0] UID 1002 comm: gen_fast, count: 244408
CPU [0] UID 1002 comm: gen_fast, count: 244408
CPU [0] UID 1002 comm: gen_fast, count: 244499
CPU [0] UID 1002 comm: gen_fast, count: 244639
CPU [0] UID 1002 comm: gen_fast, count: 244699
CPU [0] UID 1002 comm: gen_fast, count: 244833
CPU [0] UID 1002 comm: gen_fast, count: 244899
CPU [0] UID 1002 comm: gen_fast, count: 245074
CPU [0] UID 1002 comm: gen_fast, count: 245099
CPU [0] UID 1002 comm: gen_fast, count: 245339
CPU [0] UID 1002 comm: gen_fast, count: 245339
CPU [0] UID 1002 comm: gen_fast, count: 245399
CPU [0] UID 1002 comm: gen_fast, count: 245543
CPU [0] UID 1002 comm: gen_fast, count: 245599
CPU [0] UID 1002 comm: gen_fast, count: 245740
CPU [0] UID 1002 comm: gen_fast, count: 245799
CPU [0] UID 1002 comm: gen_fast, count: 246008
CPU [0] UID 1002 comm: gen_fast, count: 246008
CPU [0] UID 1002 comm: gen_fast, count: 246213
CPU [0] UID 1002 comm: gen_fast, count: 246213
CPU [0] UID 1002 comm: gen_fast, count: 246299
CPU [0] UID 1002 comm: gen_fast, count: 246470
CPU [0] UID 1002 comm: gen_fast, count: 246499
CPU [0] UID 1002 comm: gen_fast, count: 246717
CPU [0] UID 1002 comm: gen_fast, count: 246717
CPU [0] UID 1002 comm: gen_fast, count: 246799
CPU [0] UID 1002 comm: gen_fast, count: 247011
CPU [0] UID 1002 comm: gen_fast, count: 247011
CPU [0] UID 1002 comm: gen_fast, count: 247099
CPU [0] UID 1002 comm: gen_fast, count: 247275
CPU [0] UID 1002 comm: gen_fast, count: 247299
CPU [0] UID 1002 comm: gen_fast, count: 247482
CPU [0] UID 1002 comm: gen_fast, count: 247499
CPU [0] UID 1002 comm: gen_fast, count: 247681
CPU [0] UID 1002 comm: gen_fast, count: 247699
CPU [0] UID 1002 comm: gen_fast, count: 247837
CPU [0] UID 1002 comm: gen_fast, count: 247986
CPU [0] UID 1002 comm: gen_fast, count: 247999
CPU [0] UID 1002 comm: gen_fast, count: 248140
CPU [0] UID 1002 comm: gen_fast, count: 248199
CPU [0] UID 1002 comm: gen_fast, count: 248374
CPU [0] UID 1002 comm: gen_fast, count: 248399
CPU [0] UID 1002 comm: gen_fast, count: 248565
CPU [0] UID 1002 comm: gen_fast, count: 248599
CPU [0] UID 1002 comm: gen_fast, count: 248733
CPU [0] UID 1002 comm: gen_fast, count: 248799
CPU [0] UID 1002 comm: gen_fast, count: 248899
CPU [0] UID 1002 comm: gen_fast, count: 248999
CPU [0] UID 1002 comm: gen_fast, count: 249108
CPU [0] UID 1002 comm: gen_fast, count: 249199
CPU [0] UID 1002 comm: gen_fast, count: 249299
CPU [0] UID 1002 comm: gen_fast, count: 249399
CPU [0] UID 1002 comm: gen_fast, count: 249533
CPU [0] UID 1002 comm: gen_fast, count: 249678
CPU [0] UID 1002 comm: gen_fast, count: 249699
CPU [0] UID 1002 comm: gen_fast, count: 249832
CPU [0] UID 1002 comm: gen_fast, count: 249923
CPU [0] UID 1002 comm: gen_fast, count: 250075
CPU [0] UID 1002 comm: gen_fast, count: 250099
CPU [0] UID 1002 comm: gen_fast, count: 250265
CPU [0] UID 1002 comm: gen_fast, count: 250344
CPU [0] UID 1002 comm: gen_fast, count: 250399
CPU [0] UID 1002 comm: gen_fast, count: 250499
CPU [0] UID 1002 comm: gen_fast, count: 250599
CPU [0] UID 1002 comm: gen_fast, count: 250699
CPU [0] UID 1002 comm: gen_fast, count: 250800
CPU [0] UID 1002 comm: gen_fast, count: 250931
CPU [0] UID 1002 comm: gen_fast, count: 250999
CPU [0] UID 1002 comm: gen_fast, count: 251104
CPU [0] UID 1002 comm: gen_fast, count: 251199
CPU [0] UID 1002 comm: gen_fast, count: 251299
CPU [0] UID 1002 comm: gen_fast, count: 251446
CPU [0] UID 1002 comm: gen_fast, count: 251499
CPU [0] UID 1002 comm: gen_fast, count: 251657
CPU [0] UID 1002 comm: gen_fast, count: 251699
CPU [0] UID 1002 comm: gen_fast, count: 251884
CPU [0] UID 1002 comm: gen_fast, count: 251899
CPU [0] UID 1002 comm: gen_fast, count: 251999
CPU [0] UID 1002 comm: gen_fast, count: 252133
CPU [0] UID 1002 comm: gen_fast, count: 252327
CPU [0] UID 1002 comm: gen_fast, count: 252327
CPU [0] UID 1002 comm: gen_fast, count: 252399
CPU [0] UID 1002 comm: gen_fast, count: 252581
CPU [0] UID 1002 comm: gen_fast, count: 252599
CPU [0] UID 1002 comm: gen_fast, count: 252768
CPU [0] UID 1002 comm: gen_fast, count: 252799
CPU [0] UID 1002 comm: gen_fast, count: 252899
CPU [0] UID 1002 comm: gen_fast, count: 253081
CPU [0] UID 1002 comm: gen_fast, count: 253099
CPU [0] UID 1002 comm: gen_fast, count: 253219
CPU [0] UID 1002 comm: gen_fast, count: 253299
CPU [0] UID 1002 comm: gen_fast, count: 253411
CPU [0] UID 1002 comm: gen_fast, count: 253543
CPU [0] UID 1002 comm: gen_fast, count: 253624
CPU [0] UID 1002 comm: gen_fast, count: 253699
CPU [0] UID 1002 comm: gen_fast, count: 253799
CPU [0] UID 1002 comm: gen_fast, count: 253899
CPU [0] UID 1002 comm: gen_fast, count: 254011
CPU [0] UID 1002 comm: gen_fast, count: 254209
CPU [0] UID 1002 comm: gen_fast, count: 254209
CPU [0] UID 1002 comm: gen_fast, count: 254340
CPU [0] UID 1002 comm: gen_fast, count: 254399
CPU [0] UID 1002 comm: gen_fast, count: 254532
CPU [0] UID 1002 comm: gen_fast, count: 254663
CPU [0] UID 1002 comm: gen_fast, count: 254699
CPU [0] UID 1002 comm: gen_fast, count: 254799
CPU [0] UID 1002 comm: gen_fast, count: 255015
CPU [0] UID 1002 comm: gen_fast, count: 255015
CPU [0] UID 1002 comm: gen_fast, count: 255099
CPU [0] UID 1002 comm: gen_fast, count: 255232
CPU [0] UID 1002 comm: gen_fast, count: 255299
CPU [0] UID 1002 comm: gen_fast, count: 255399
CPU [0] UID 1002 comm: gen_fast, count: 255513
CPU [0] UID 1002 comm: gen_fast, count: 255599
CPU [0] UID 1002 comm: gen_fast, count: 255764
CPU [0] UID 1002 comm: gen_fast, count: 255799
CPU [0] UID 1002 comm: gen_fast, count: 255931
CPU [0] UID 1002 comm: gen_fast, count: 255999
CPU [0] UID 1002 comm: gen_fast, count: 256222
CPU [0] UID 1002 comm: gen_fast, count: 256222
CPU [0] UID 1002 comm: gen_fast, count: 256299
CPU [0] UID 1002 comm: gen_fast, count: 256442
CPU [0] UID 1002 comm: gen_fast, count: 256499
CPU [0] UID 1002 comm: gen_fast, count: 256599
CPU [0] UID 1002 comm: gen_fast, count: 256699
CPU [0] UID 1002 comm: gen_fast, count: 256830
CPU [0] UID 1002 comm: gen_fast, count: 256986
CPU [0] UID 1002 comm: gen_fast, count: 256999
CPU [0] UID 1002 comm: gen_fast, count: 257129
CPU [0] UID 1002 comm: gen_fast, count: 257326
CPU [0] UID 1002 comm: gen_fast, count: 257326
CPU [0] UID 1002 comm: gen_fast, count: 257399
CPU [0] UID 1002 comm: gen_fast, count: 257538
CPU [0] UID 1002 comm: gen_fast, count: 257599
CPU [0] UID 1002 comm: gen_fast, count: 257699
CPU [0] UID 1002 comm: gen_fast, count: 257811
CPU [0] UID 1002 comm: gen_fast, count: 258006
CPU [0] UID 1002 comm: gen_fast, count: 258006
CPU [0] UID 1002 comm: gen_fast, count: 258176
CPU [0] UID 1002 comm: gen_fast, count: 258199
CPU [0] UID 1002 comm: gen_fast, count: 258414
CPU [0] UID 1002 comm: gen_fast, count: 258414
CPU [0] UID 1002 comm: gen_fast, count: 258499
CPU [0] UID 1002 comm: gen_fast, count: 258652
CPU [0] UID 1002 comm: gen_fast, count: 258699
CPU [0] UID 1002 comm: gen_fast, count: 258839
CPU [0] UID 1002 comm: gen_fast, count: 258921
CPU [0] UID 1002 comm: gen_fast, count: 258999
CPU [0] UID 1002 comm: gen_fast, count: 259099
CPU [0] UID 1002 comm: gen_fast, count: 259232
CPU [0] UID 1002 comm: gen_fast, count: 259299
CPU [0] UID 1002 comm: gen_fast, count: 259423
CPU [0] UID 1002 comm: gen_fast, count: 259499
CPU [0] UID 1002 comm: gen_fast, count: 259599
CPU [0] UID 1002 comm: gen_fast, count: 259718
CPU [0] UID 1002 comm: gen_fast, count: 259808
CPU [0] UID 1002 comm: gen_fast, count: 259899
CPU [0] UID 1002 comm: gen_fast, count: 259999
CPU [0] UID 1002 comm: gen_fast, count: 260125
CPU [0] UID 1002 comm: gen_fast, count: 260199
CPU [0] UID 1002 comm: gen_fast, count: 260338
CPU [0] UID 1002 comm: gen_fast, count: 260422
CPU [0] UID 1002 comm: gen_fast, count: 260505
CPU [0] UID 1002 comm: gen_fast, count: 260599
CPU [0] UID 1002 comm: gen_fast, count: 260732
CPU [0] UID 1002 comm: gen_fast, count: 260799
CPU [0] UID 1002 comm: gen_fast, count: 260911
CPU [0] UID 1002 comm: gen_fast, count: 260999
CPU [0] UID 1002 comm: gen_fast, count: 261121
CPU [0] UID 1002 comm: gen_fast, count: 261302
CPU [0] UID 1002 comm: gen_fast, count: 261302
CPU [0] UID 1002 comm: gen_fast, count: 261506
CPU [0] UID 1002 comm: gen_fast, count: 261506
CPU [0] UID 1002 comm: gen_fast, count: 261627
CPU [0] UID 1002 comm: gen_fast, count: 261728
CPU [0] UID 1002 comm: gen_fast, count: 261933
CPU [0] UID 1002 comm: gen_fast, count: 261933
CPU [0] UID 1002 comm: gen_fast, count: 261999
CPU [0] UID 1002 comm: gen_fast, count: 262147
CPU [0] UID 1002 comm: gen_fast, count: 262199
CPU [0] UID 1002 comm: gen_fast, count: 262312
CPU [0] UID 1002 comm: gen_fast, count: 262471
CPU [0] UID 1002 comm: gen_fast, count: 262499
CPU [0] UID 1002 comm: gen_fast, count: 262668
CPU [0] UID 1002 comm: gen_fast, count: 262699
CPU [0] UID 1002 comm: gen_fast, count: 262859
CPU [0] UID 1002 comm: gen_fast, count: 262899
CPU [0] UID 1002 comm: gen_fast, count: 262999
CPU [0] UID 1002 comm: gen_fast, count: 263099
CPU [0] UID 1002 comm: gen_fast, count: 263199
CPU [0] UID 1002 comm: gen_fast, count: 263299
CPU [0] UID 1002 comm: gen_fast, count: 263432
CPU [0] UID 1002 comm: gen_fast, count: 263499
CPU [0] UID 1002 comm: gen_fast, count: 263599
CPU [0] UID 1002 comm: gen_fast, count: 263822
CPU [0] UID 1002 comm: gen_fast, count: 263822
CPU [0] UID 1002 comm: gen_fast, count: 263993
CPU [0] UID 1002 comm: gen_fast, count: 263999
CPU [0] UID 1002 comm: gen_fast, count: 264099
CPU [0] UID 1002 comm: gen_fast, count: 264199
CPU [0] UID 1002 comm: gen_fast, count: 264321
CPU [0] UID 1002 comm: gen_fast, count: 264478
CPU [0] UID 1002 comm: gen_fast, count: 264499
CPU [0] UID 1002 comm: gen_fast, count: 264624
CPU [0] UID 1002 comm: gen_fast, count: 264699
CPU [0] UID 1002 comm: gen_fast, count: 264816
CPU [0] UID 1002 comm: gen_fast, count: 264899
CPU [0] UID 1002 comm: gen_fast, count: 265003
CPU [0] UID 1002 comm: gen_fast, count: 265161
CPU [0] UID 1002 comm: gen_fast, count: 265199
CPU [0] UID 1002 comm: gen_fast, count: 265363
CPU [0] UID 1002 comm: gen_fast, count: 265399
CPU [0] UID 1002 comm: gen_fast, count: 265499
CPU [0] UID 1002 comm: gen_fast, count: 265599
CPU [0] UID 1002 comm: gen_fast, count: 265710
CPU [0] UID 1002 comm: gen_fast, count: 265799
CPU [0] UID 1002 comm: gen_fast, count: 265899
CPU [0] UID 1002 comm: gen_fast, count: 265999
CPU [0] UID 1002 comm: gen_fast, count: 266120
CPU [0] UID 1002 comm: gen_fast, count: 266324
CPU [0] UID 1002 comm: gen_fast, count: 266324
CPU [0] UID 1002 comm: gen_fast, count: 266399
CPU [0] UID 1002 comm: gen_fast, count: 266499
CPU [0] UID 1002 comm: gen_fast, count: 266623
CPU [0] UID 1002 comm: gen_fast, count: 266834
CPU [0] UID 1002 comm: gen_fast, count: 266834
CPU [0] UID 1002 comm: gen_fast, count: 266899
CPU [0] UID 1002 comm: gen_fast, count: 267007
CPU [0] UID 1002 comm: gen_fast, count: 267099
CPU [0] UID 1002 comm: gen_fast, count: 267237
CPU [0] UID 1002 comm: gen_fast, count: 267299
CPU [0] UID 1002 comm: gen_fast, count: 267463
CPU [0] UID 1002 comm: gen_fast, count: 267499
CPU [0] UID 1002 comm: gen_fast, count: 267632
CPU [0] UID 1002 comm: gen_fast, count: 267699
CPU [0] UID 1002 comm: gen_fast, count: 267832
CPU [0] UID 1002 comm: gen_fast, count: 267899
CPU [0] UID 1002 comm: gen_fast, count: 268039
CPU [0] UID 1002 comm: gen_fast, count: 268187
CPU [0] UID 1002 comm: gen_fast, count: 268199
CPU [0] UID 1002 comm: gen_fast, count: 268316
CPU [0] UID 1002 comm: gen_fast, count: 268455
CPU [0] UID 1002 comm: gen_fast, count: 268499
CPU [0] UID 1002 comm: gen_fast, count: 268641
CPU [0] UID 1002 comm: gen_fast, count: 268819
CPU [0] UID 1002 comm: gen_fast, count: 268819
CPU [0] UID 1002 comm: gen_fast, count: 268899
CPU [0] UID 1002 comm: gen_fast, count: 269023
CPU [0] UID 1002 comm: gen_fast, count: 269191
CPU [0] UID 1002 comm: gen_fast, count: 269199
CPU [0] UID 1002 comm: gen_fast, count: 269329
CPU [0] UID 1002 comm: gen_fast, count: 269419
CPU [0] UID 1002 comm: gen_fast, count: 269508
CPU [0] UID 1002 comm: gen_fast, count: 269681
CPU [0] UID 1002 comm: gen_fast, count: 269699
CPU [0] UID 1002 comm: gen_fast, count: 269815
CPU [0] UID 1002 comm: gen_fast, count: 269993
CPU [0] UID 1002 comm: gen_fast, count: 269999
CPU [0] UID 1002 comm: gen_fast, count: 270110
CPU [0] UID 1002 comm: gen_fast, count: 270265
CPU [0] UID 1002 comm: gen_fast, count: 270299
CPU [0] UID 1002 comm: gen_fast, count: 270433
CPU [0] UID 1002 comm: gen_fast, count: 270621
CPU [0] UID 1002 comm: gen_fast, count: 270621
CPU [0] UID 1002 comm: gen_fast, count: 270699
CPU [0] UID 1002 comm: gen_fast, count: 270868
CPU [0] UID 1002 comm: gen_fast, count: 270899
CPU [0] UID 1002 comm: gen_fast, count: 271047
CPU [0] UID 1002 comm: gen_fast, count: 271099
CPU [0] UID 1002 comm: gen_fast, count: 271269
CPU [0] UID 1002 comm: gen_fast, count: 271299
CPU [0] UID 1002 comm: gen_fast, count: 271412
CPU [0] UID 1002 comm: gen_fast, count: 271501
CPU [0] UID 1002 comm: gen_fast, count: 271654
CPU [0] UID 1002 comm: gen_fast, count: 271699
CPU [0] UID 1002 comm: gen_fast, count: 271841
CPU [0] UID 1002 comm: gen_fast, count: 271899
CPU [0] UID 1002 comm: gen_fast, count: 272021
CPU [0] UID 1002 comm: gen_fast, count: 272099
CPU [0] UID 1002 comm: gen_fast, count: 272199
CPU [0] UID 1002 comm: gen_fast, count: 272320
CPU [0] UID 1002 comm: gen_fast, count: 272490
CPU [0] UID 1002 comm: gen_fast, count: 272499
CPU [0] UID 1002 comm: gen_fast, count: 272599
CPU [0] UID 1002 comm: gen_fast, count: 272811
CPU [0] UID 1002 comm: gen_fast, count: 272811
CPU [0] UID 1002 comm: gen_fast, count: 272936
CPU [0] UID 1002 comm: gen_fast, count: 273098
CPU [0] UID 1002 comm: gen_fast, count: 273099
CPU [0] UID 1002 comm: gen_fast, count: 273199
CPU [0] UID 1002 comm: gen_fast, count: 273299
CPU [0] UID 1002 comm: gen_fast, count: 273399
CPU [0] UID 1002 comm: gen_fast, count: 273608
CPU [0] UID 1002 comm: gen_fast, count: 273608
CPU [0] UID 1002 comm: gen_fast, count: 273815
CPU [0] UID 1002 comm: gen_fast, count: 273815
CPU [0] UID 1002 comm: gen_fast, count: 273899
CPU [0] UID 1002 comm: gen_fast, count: 274007
CPU [0] UID 1002 comm: gen_fast, count: 274172
CPU [0] UID 1002 comm: gen_fast, count: 274199
CPU [0] UID 1002 comm: gen_fast, count: 274373
CPU [0] UID 1002 comm: gen_fast, count: 274399
CPU [0] UID 1002 comm: gen_fast, count: 274577
CPU [0] UID 1002 comm: gen_fast, count: 274599
CPU [0] UID 1002 comm: gen_fast, count: 274759
CPU [0] UID 1002 comm: gen_fast, count: 274799
CPU [0] UID 1002 comm: gen_fast, count: 274899
CPU [0] UID 1002 comm: gen_fast, count: 275004
CPU [0] UID 1002 comm: gen_fast, count: 275099
CPU [0] UID 1002 comm: gen_fast, count: 275200
CPU [0] UID 1002 comm: gen_fast, count: 275299
CPU [0] UID 1002 comm: gen_fast, count: 275400
CPU [0] UID 1002 comm: gen_fast, count: 275510
CPU [0] UID 1002 comm: gen_fast, count: 275599
CPU [0] UID 1002 comm: gen_fast, count: 275715
CPU [0] UID 1002 comm: gen_fast, count: 275799
CPU [0] UID 1002 comm: gen_fast, count: 275947
CPU [0] UID 1002 comm: gen_fast, count: 276099
CPU [0] UID 1002 comm: gen_fast, count: 276099
CPU [0] UID 1002 comm: gen_fast, count: 276199
CPU [0] UID 1002 comm: gen_fast, count: 276299
CPU [0] UID 1002 comm: gen_fast, count: 276399
CPU [0] UID 1002 comm: gen_fast, count: 276599
CPU [0] UID 1002 comm: gen_fast, count: 276599
CPU [0] UID 1002 comm: gen_fast, count: 276752
CPU [0] UID 1002 comm: gen_fast, count: 276799
CPU [0] UID 1002 comm: gen_fast, count: 276928
CPU [0] UID 1002 comm: gen_fast, count: 277069
CPU [0] UID 1002 comm: gen_fast, count: 277099
CPU [0] UID 1002 comm: gen_fast, count: 277199
CPU [0] UID 1002 comm: gen_fast, count: 277299
CPU [0] UID 1002 comm: gen_fast, count: 277399
CPU [0] UID 1002 comm: gen_fast, count: 277499
CPU [0] UID 1002 comm: gen_fast, count: 277648
CPU [0] UID 1002 comm: gen_fast, count: 277699
CPU [0] UID 1002 comm: gen_fast, count: 277854
CPU [0] UID 1002 comm: gen_fast, count: 277899
CPU [0] UID 1002 comm: gen_fast, count: 278116
CPU [0] UID 1002 comm: gen_fast, count: 278116
CPU [0] UID 1002 comm: gen_fast, count: 278199
CPU [0] UID 1002 comm: gen_fast, count: 278320
CPU [0] UID 1002 comm: gen_fast, count: 278472
CPU [0] UID 1002 comm: gen_fast, count: 278499
CPU [0] UID 1002 comm: gen_fast, count: 278675
CPU [0] UID 1002 comm: gen_fast, count: 278699
CPU [0] UID 1002 comm: gen_fast, count: 278869
CPU [0] UID 1002 comm: gen_fast, count: 278899
CPU [0] UID 1002 comm: gen_fast, count: 278999
CPU [0] UID 1002 comm: gen_fast, count: 279102
CPU [0] UID 1002 comm: gen_fast, count: 279262
CPU [0] UID 1002 comm: gen_fast, count: 279299
CPU [0] UID 1002 comm: gen_fast, count: 279460
CPU [0] UID 1002 comm: gen_fast, count: 279499
CPU [0] UID 1002 comm: gen_fast, count: 279638
CPU [0] UID 1002 comm: gen_fast, count: 279699
CPU [0] UID 1002 comm: gen_fast, count: 279799
CPU [0] UID 1002 comm: gen_fast, count: 279916
CPU [0] UID 1002 comm: gen_fast, count: 280024
CPU [0] UID 1002 comm: gen_fast, count: 280177
CPU [0] UID 1002 comm: gen_fast, count: 280199
CPU [0] UID 1002 comm: gen_fast, count: 280316
CPU [0] UID 1002 comm: gen_fast, count: 280399
CPU [0] UID 1002 comm: gen_fast, count: 280499
CPU [0] UID 1002 comm: gen_fast, count: 280604
CPU [0] UID 1002 comm: gen_fast, count: 280722
CPU [0] UID 1002 comm: gen_fast, count: 280799
CPU [0] UID 1002 comm: gen_fast, count: 281005
CPU [0] UID 1002 comm: gen_fast, count: 281005
CPU [0] UID 1002 comm: gen_fast, count: 281206
CPU [0] UID 1002 comm: gen_fast, count: 281206
CPU [0] UID 1002 comm: gen_fast, count: 281299
CPU [0] UID 1002 comm: gen_fast, count: 281399
CPU [0] UID 1002 comm: gen_fast, count: 281499
CPU [0] UID 1002 comm: gen_fast, count: 281599
CPU [0] UID 1002 comm: gen_fast, count: 281699
CPU [0] UID 1002 comm: gen_fast, count: 281818
CPU [0] UID 1002 comm: gen_fast, count: 281937
CPU [0] UID 1002 comm: gen_fast, count: 282003
CPU [0] UID 1002 comm: gen_fast, count: 282215
CPU [0] UID 1002 comm: gen_fast, count: 282215
CPU [0] UID 1002 comm: gen_fast, count: 282299
CPU [0] UID 1002 comm: gen_fast, count: 282505
CPU [0] UID 1002 comm: gen_fast, count: 282505
CPU [0] UID 1002 comm: gen_fast, count: 282707
CPU [0] UID 1002 comm: gen_fast, count: 282707
CPU [0] UID 1002 comm: gen_fast, count: 282909
CPU [0] UID 1002 comm: gen_fast, count: 282909
CPU [0] UID 1002 comm: gen_fast, count: 282999
CPU [0] UID 1002 comm: gen_fast, count: 283099
CPU [0] UID 1002 comm: gen_fast, count: 283244
CPU [0] UID 1002 comm: gen_fast, count: 283299
CPU [0] UID 1002 comm: gen_fast, count: 283437
CPU [0] UID 1002 comm: gen_fast, count: 283499
CPU [0] UID 1002 comm: gen_fast, count: 283638
CPU [0] UID 1002 comm: gen_fast, count: 283699
CPU [0] UID 1002 comm: gen_fast, count: 283809
CPU [0] UID 1002 comm: gen_fast, count: 283964
CPU [0] UID 1002 comm: gen_fast, count: 283999
CPU [0] UID 1002 comm: gen_fast, count: 284208
CPU [0] UID 1002 comm: gen_fast, count: 284208
CPU [0] UID 1002 comm: gen_fast, count: 284402
CPU [0] UID 1002 comm: gen_fast, count: 284402
CPU [0] UID 1002 comm: gen_fast, count: 284552
CPU [0] UID 1002 comm: gen_fast, count: 284599
CPU [0] UID 1002 comm: gen_fast, count: 284750
CPU [0] UID 1002 comm: gen_fast, count: 284799
CPU [0] UID 1002 comm: gen_fast, count: 284927
CPU [0] UID 1002 comm: gen_fast, count: 284999
CPU [0] UID 1002 comm: gen_fast, count: 285110
CPU [0] UID 1002 comm: gen_fast, count: 285199
CPU [0] UID 1002 comm: gen_fast, count: 285400
CPU [0] UID 1002 comm: gen_fast, count: 285400
CPU [0] UID 1002 comm: gen_fast, count: 285499
CPU [0] UID 1002 comm: gen_fast, count: 285618
CPU [0] UID 1002 comm: gen_fast, count: 285699
CPU [0] UID 1002 comm: gen_fast, count: 285847
CPU [0] UID 1002 comm: gen_fast, count: 286001
CPU [0] UID 1002 comm: gen_fast, count: 286001
CPU [0] UID 1002 comm: gen_fast, count: 286099
CPU [0] UID 1002 comm: gen_fast, count: 286199
CPU [0] UID 1002 comm: gen_fast, count: 286337
CPU [0] UID 1002 comm: gen_fast, count: 286399
CPU [0] UID 1002 comm: gen_fast, count: 286535
CPU [0] UID 1002 comm: gen_fast, count: 286685
CPU [0] UID 1002 comm: gen_fast, count: 286699
CPU [0] UID 1002 comm: gen_fast, count: 286883
CPU [0] UID 1002 comm: gen_fast, count: 286899
CPU [0] UID 1002 comm: gen_fast, count: 286999
CPU [0] UID 1002 comm: gen_fast, count: 287209
CPU [0] UID 1002 comm: gen_fast, count: 287209
CPU [0] UID 1002 comm: gen_fast, count: 287410
CPU [0] UID 1002 comm: gen_fast, count: 287410
CPU [0] UID 1002 comm: gen_fast, count: 287499
CPU [0] UID 1002 comm: gen_fast, count: 287600
CPU [0] UID 1002 comm: gen_fast, count: 287713
CPU [0] UID 1002 comm: gen_fast, count: 287799
CPU [0] UID 1002 comm: gen_fast, count: 287939
CPU [0] UID 1002 comm: gen_fast, count: 287999
CPU [0] UID 1002 comm: gen_fast, count: 288101
CPU [0] UID 1002 comm: gen_fast, count: 288215
CPU [0] UID 1002 comm: gen_fast, count: 288299
CPU [0] UID 1002 comm: gen_fast, count: 288417
CPU [0] UID 1002 comm: gen_fast, count: 288499
CPU [0] UID 1002 comm: gen_fast, count: 288599
CPU [0] UID 1002 comm: gen_fast, count: 288703
CPU [0] UID 1002 comm: gen_fast, count: 288864
CPU [0] UID 1002 comm: gen_fast, count: 288899
CPU [0] UID 1002 comm: gen_fast, count: 289013
CPU [0] UID 1002 comm: gen_fast, count: 289215
CPU [0] UID 1002 comm: gen_fast, count: 289215
CPU [0] UID 1002 comm: gen_fast, count: 289299
CPU [0] UID 1002 comm: gen_fast, count: 289402
CPU [0] UID 1002 comm: gen_fast, count: 289510
CPU [0] UID 1002 comm: gen_fast, count: 289629
CPU [0] UID 1002 comm: gen_fast, count: 289699
CPU [0] UID 1002 comm: gen_fast, count: 289799
CPU [0] UID 1002 comm: gen_fast, count: 289899
CPU [0] UID 1002 comm: gen_fast, count: 290095
CPU [0] UID 1002 comm: gen_fast, count: 290099
CPU [0] UID 1002 comm: gen_fast, count: 290247
CPU [0] UID 1002 comm: gen_fast, count: 290299
CPU [0] UID 1002 comm: gen_fast, count: 290427
CPU [0] UID 1002 comm: gen_fast, count: 290585
CPU [0] UID 1002 comm: gen_fast, count: 290599
CPU [0] UID 1002 comm: gen_fast, count: 290789
CPU [0] UID 1002 comm: gen_fast, count: 290799
CPU [0] UID 1002 comm: gen_fast, count: 290899
CPU [0] UID 1002 comm: gen_fast, count: 290999
CPU [0] UID 1002 comm: gen_fast, count: 291113
CPU [0] UID 1002 comm: gen_fast, count: 291266
CPU [0] UID 1002 comm: gen_fast, count: 291299
CPU [0] UID 1002 comm: gen_fast, count: 291467
CPU [0] UID 1002 comm: gen_fast, count: 291499
CPU [0] UID 1002 comm: gen_fast, count: 291670
CPU [0] UID 1002 comm: gen_fast, count: 291699
CPU [0] UID 1002 comm: gen_fast, count: 291874
CPU [0] UID 1002 comm: gen_fast, count: 291899
CPU [0] UID 1002 comm: gen_fast, count: 292026
CPU [0] UID 1002 comm: gen_fast, count: 292152
CPU [0] UID 1002 comm: gen_fast, count: 292315
CPU [0] UID 1002 comm: gen_fast, count: 292315
CPU [0] UID 1002 comm: gen_fast, count: 292399
CPU [0] UID 1002 comm: gen_fast, count: 292519
CPU [0] UID 1002 comm: gen_fast, count: 292599
CPU [0] UID 1002 comm: gen_fast, count: 292777
CPU [0] UID 1002 comm: gen_fast, count: 292799
CPU [0] UID 1002 comm: gen_fast, count: 292977
CPU [0] UID 1002 comm: gen_fast, count: 292999
CPU [0] UID 1002 comm: gen_fast, count: 293134
CPU [0] UID 1002 comm: gen_fast, count: 293199
CPU [0] UID 1002 comm: gen_fast, count: 293329
CPU [0] UID 1002 comm: gen_fast, count: 293490
CPU [0] UID 1002 comm: gen_fast, count: 293499
CPU [0] UID 1002 comm: gen_fast, count: 293641
CPU [0] UID 1002 comm: gen_fast, count: 293699
CPU [0] UID 1002 comm: gen_fast, count: 293845
CPU [0] UID 1002 comm: gen_fast, count: 293899
CPU [0] UID 1002 comm: gen_fast, count: 294044
CPU [0] UID 1002 comm: gen_fast, count: 294195
CPU [0] UID 1002 comm: gen_fast, count: 294199
CPU [0] UID 1002 comm: gen_fast, count: 294399
CPU [0] UID 1002 comm: gen_fast, count: 294399
CPU [0] UID 1002 comm: gen_fast, count: 294499
CPU [0] UID 1002 comm: gen_fast, count: 294599
CPU [0] UID 1002 comm: gen_fast, count: 294715
CPU [0] UID 1002 comm: gen_fast, count: 294799
CPU [0] UID 1002 comm: gen_fast, count: 294920
CPU [0] UID 1002 comm: gen_fast, count: 294999
CPU [0] UID 1002 comm: gen_fast, count: 295169
CPU [0] UID 1002 comm: gen_fast, count: 295199
CPU [0] UID 1002 comm: gen_fast, count: 295299
CPU [0] UID 1002 comm: gen_fast, count: 295405
CPU [0] UID 1002 comm: gen_fast, count: 295523
CPU [0] UID 1002 comm: gen_fast, count: 295669
CPU [0] UID 1002 comm: gen_fast, count: 295699
CPU [0] UID 1002 comm: gen_fast, count: 295829
CPU [0] UID 1002 comm: gen_fast, count: 295899
CPU [0] UID 1002 comm: gen_fast, count: 296049
CPU [0] UID 1002 comm: gen_fast, count: 296202
CPU [0] UID 1002 comm: gen_fast, count: 296202
CPU [0] UID 1002 comm: gen_fast, count: 296407
CPU [0] UID 1002 comm: gen_fast, count: 296407
CPU [0] UID 1002 comm: gen_fast, count: 296610
CPU [0] UID 1002 comm: gen_fast, count: 296610
CPU [0] UID 1002 comm: gen_fast, count: 296808
CPU [0] UID 1002 comm: gen_fast, count: 296808
CPU [0] UID 1002 comm: gen_fast, count: 296899
CPU [0] UID 1002 comm: gen_fast, count: 296999
CPU [0] UID 1002 comm: gen_fast, count: 297114
CPU [0] UID 1002 comm: gen_fast, count: 297199
CPU [0] UID 1002 comm: gen_fast, count: 297313
CPU [0] UID 1002 comm: gen_fast, count: 297516
CPU [0] UID 1002 comm: gen_fast, count: 297516
CPU [0] UID 1002 comm: gen_fast, count: 297665
CPU [0] UID 1002 comm: gen_fast, count: 297699
CPU [0] UID 1002 comm: gen_fast, count: 297827
CPU [0] UID 1002 comm: gen_fast, count: 297899
CPU [0] UID 1002 comm: gen_fast, count: 298010
CPU [0] UID 1002 comm: gen_fast, count: 298099
CPU [0] UID 1002 comm: gen_fast, count: 298208
CPU [0] UID 1002 comm: gen_fast, count: 298299
CPU [0] UID 1002 comm: gen_fast, count: 298399
CPU [0] UID 1002 comm: gen_fast, count: 298499
CPU [0] UID 1002 comm: gen_fast, count: 298599
CPU [0] UID 1002 comm: gen_fast, count: 298750
CPU [0] UID 1002 comm: gen_fast, count: 298799
CPU [0] UID 1002 comm: gen_fast, count: 298899
CPU [0] UID 1002 comm: gen_fast, count: 299001
CPU [0] UID 1002 comm: gen_fast, count: 299140
CPU [0] UID 1002 comm: gen_fast, count: 299199
CPU [0] UID 1002 comm: gen_fast, count: 299299
CPU [0] UID 1002 comm: gen_fast, count: 299412
CPU [0] UID 1002 comm: gen_fast, count: 299523
CPU [0] UID 1002 comm: gen_fast, count: 299687
CPU [0] UID 1002 comm: gen_fast, count: 299699
CPU [0] UID 1002 comm: gen_fast, count: 299872
CPU [0] UID 1002 comm: gen_fast, count: 299899
CPU [0] UID 1002 comm: gen_fast, count: 299999
CPU [0] UID 1002 comm: gen_fast, count: 300102
CPU [0] UID 1002 comm: gen_fast, count: 300261
CPU [0] UID 1002 comm: gen_fast, count: 300408
CPU [0] UID 1002 comm: gen_fast, count: 300408
CPU [0] UID 1002 comm: gen_fast, count: 300499
CPU [0] UID 1002 comm: gen_fast, count: 300599
CPU [0] UID 1002 comm: gen_fast, count: 300708
CPU [0] UID 1002 comm: gen_fast, count: 300872
CPU [0] UID 1002 comm: gen_fast, count: 300899
CPU [0] UID 1002 comm: gen_fast, count: 301076
CPU [0] UID 1002 comm: gen_fast, count: 301099
CPU [0] UID 1002 comm: gen_fast, count: 301240
CPU [0] UID 1002 comm: gen_fast, count: 301299
CPU [0] UID 1002 comm: gen_fast, count: 301399
CPU [0] UID 1002 comm: gen_fast, count: 301579
CPU [0] UID 1002 comm: gen_fast, count: 301599
CPU [0] UID 1002 comm: gen_fast, count: 301728
CPU [0] UID 1002 comm: gen_fast, count: 301799
CPU [0] UID 1002 comm: gen_fast, count: 301900
CPU [0] UID 1002 comm: gen_fast, count: 302016
CPU [0] UID 1002 comm: gen_fast, count: 302179
CPU [0] UID 1002 comm: gen_fast, count: 302199
CPU [0] UID 1002 comm: gen_fast, count: 302299
CPU [0] UID 1002 comm: gen_fast, count: 302399
CPU [0] UID 1002 comm: gen_fast, count: 302499
CPU [0] UID 1002 comm: gen_fast, count: 302609
CPU [0] UID 1002 comm: gen_fast, count: 302699
CPU [0] UID 1002 comm: gen_fast, count: 302809
CPU [0] UID 1002 comm: gen_fast, count: 302966
CPU [0] UID 1002 comm: gen_fast, count: 302999
CPU [0] UID 1002 comm: gen_fast, count: 303163
CPU [0] UID 1002 comm: gen_fast, count: 303199
CPU [0] UID 1002 comm: gen_fast, count: 303303
CPU [0] UID 1002 comm: gen_fast, count: 303412
CPU [0] UID 1002 comm: gen_fast, count: 303499
CPU [0] UID 1002 comm: gen_fast, count: 303599
CPU [0] UID 1002 comm: gen_fast, count: 303699
CPU [0] UID 1002 comm: gen_fast, count: 303904
CPU [0] UID 1002 comm: gen_fast, count: 303904
CPU [0] UID 1002 comm: gen_fast, count: 304010
CPU [0] UID 1002 comm: gen_fast, count: 304172
CPU [0] UID 1002 comm: gen_fast, count: 304256
CPU [0] UID 1002 comm: gen_fast, count: 304299
CPU [0] UID 1002 comm: gen_fast, count: 304459
CPU [0] UID 1002 comm: gen_fast, count: 304499
CPU [0] UID 1002 comm: gen_fast, count: 304655
CPU [0] UID 1002 comm: gen_fast, count: 304699
CPU [0] UID 1002 comm: gen_fast, count: 304860
CPU [0] UID 1002 comm: gen_fast, count: 304899
CPU [0] UID 1002 comm: gen_fast, count: 305109
CPU [0] UID 1002 comm: gen_fast, count: 305109
CPU [0] UID 1002 comm: gen_fast, count: 305313
CPU [0] UID 1002 comm: gen_fast, count: 305313
CPU [0] UID 1002 comm: gen_fast, count: 305408
CPU [0] UID 1002 comm: gen_fast, count: 305500
CPU [0] UID 1002 comm: gen_fast, count: 305613
CPU [0] UID 1002 comm: gen_fast, count: 305699
CPU [0] UID 1002 comm: gen_fast, count: 305799
CPU [0] UID 1002 comm: gen_fast, count: 306010
CPU [0] UID 1002 comm: gen_fast, count: 306010
CPU [0] UID 1002 comm: gen_fast, count: 306116
CPU [0] UID 1002 comm: gen_fast, count: 306199
CPU [0] UID 1002 comm: gen_fast, count: 306317
CPU [0] UID 1002 comm: gen_fast, count: 306399
CPU [0] UID 1002 comm: gen_fast, count: 306601
CPU [0] UID 1002 comm: gen_fast, count: 306601
CPU [0] UID 1002 comm: gen_fast, count: 306699
CPU [0] UID 1002 comm: gen_fast, count: 306799
CPU [0] UID 1002 comm: gen_fast, count: 306899
CPU [0] UID 1002 comm: gen_fast, count: 306999
CPU [0] UID 1002 comm: gen_fast, count: 307099
CPU [0] UID 1002 comm: gen_fast, count: 307309
CPU [0] UID 1002 comm: gen_fast, count: 307309
CPU [0] UID 1002 comm: gen_fast, count: 307514
CPU [0] UID 1002 comm: gen_fast, count: 307514
CPU [0] UID 1002 comm: gen_fast, count: 307707
CPU [0] UID 1002 comm: gen_fast, count: 307707
CPU [0] UID 1002 comm: gen_fast, count: 307910
CPU [0] UID 1002 comm: gen_fast, count: 307910
CPU [0] UID 1002 comm: gen_fast, count: 308064
CPU [0] UID 1002 comm: gen_fast, count: 308099
CPU [0] UID 1002 comm: gen_fast, count: 308265
CPU [0] UID 1002 comm: gen_fast, count: 308299
CPU [0] UID 1002 comm: gen_fast, count: 308415
CPU [0] UID 1002 comm: gen_fast, count: 308610
CPU [0] UID 1002 comm: gen_fast, count: 308610
CPU [0] UID 1002 comm: gen_fast, count: 308699
CPU [0] UID 1002 comm: gen_fast, count: 308799
CPU [0] UID 1002 comm: gen_fast, count: 308899
CPU [0] UID 1002 comm: gen_fast, count: 308999
CPU [0] UID 1002 comm: gen_fast, count: 309099
CPU [0] UID 1002 comm: gen_fast, count: 309199
CPU [0] UID 1002 comm: gen_fast, count: 309299
CPU [0] UID 1002 comm: gen_fast, count: 309423
CPU [0] UID 1002 comm: gen_fast, count: 309499
CPU [0] UID 1002 comm: gen_fast, count: 309599
CPU [0] UID 1002 comm: gen_fast, count: 309718
CPU [0] UID 1002 comm: gen_fast, count: 309800
CPU [0] UID 1002 comm: gen_fast, count: 309959
CPU [0] UID 1002 comm: gen_fast, count: 309999
CPU [0] UID 1002 comm: gen_fast, count: 310113
CPU [0] UID 1002 comm: gen_fast, count: 310199
CPU [0] UID 1002 comm: gen_fast, count: 310333
CPU [0] UID 1002 comm: gen_fast, count: 310399
CPU [0] UID 1002 comm: gen_fast, count: 310499
CPU [0] UID 1002 comm: gen_fast, count: 310659
CPU [0] UID 1002 comm: gen_fast, count: 310699
CPU [0] UID 1002 comm: gen_fast, count: 310799
CPU [0] UID 1002 comm: gen_fast, count: 310899
CPU [0] UID 1002 comm: gen_fast, count: 311089
CPU [0] UID 1002 comm: gen_fast, count: 311099
CPU [0] UID 1002 comm: gen_fast, count: 311199
CPU [0] UID 1002 comm: gen_fast, count: 311301
CPU [0] UID 1002 comm: gen_fast, count: 311399
CPU [0] UID 1002 comm: gen_fast, count: 311499
CPU [0] UID 1002 comm: gen_fast, count: 311599
CPU [0] UID 1002 comm: gen_fast, count: 311752
CPU [0] UID 1002 comm: gen_fast, count: 311799
CPU [0] UID 1002 comm: gen_fast, count: 311955
CPU [0] UID 1002 comm: gen_fast, count: 312108
CPU [0] UID 1002 comm: gen_fast, count: 312108
CPU [0] UID 1002 comm: gen_fast, count: 312199
CPU [0] UID 1002 comm: gen_fast, count: 312299
CPU [0] UID 1002 comm: gen_fast, count: 312399
CPU [0] UID 1002 comm: gen_fast, count: 312499
CPU [0] UID 1002 comm: gen_fast, count: 312624
CPU [0] UID 1002 comm: gen_fast, count: 312699
CPU [0] UID 1002 comm: gen_fast, count: 312852
CPU [0] UID 1002 comm: gen_fast, count: 312899
CPU [0] UID 1002 comm: gen_fast, count: 312999
CPU [0] UID 1002 comm: gen_fast, count: 313099
CPU [0] UID 1002 comm: gen_fast, count: 313206
CPU [0] UID 1002 comm: gen_fast, count: 313353
CPU [0] UID 1002 comm: gen_fast, count: 313399
CPU [0] UID 1002 comm: gen_fast, count: 313533
CPU [0] UID 1002 comm: gen_fast, count: 313692
CPU [0] UID 1002 comm: gen_fast, count: 313699
CPU [0] UID 1002 comm: gen_fast, count: 313878
CPU [0] UID 1002 comm: gen_fast, count: 313899
CPU [0] UID 1002 comm: gen_fast, count: 313999
CPU [0] UID 1002 comm: gen_fast, count: 314114
CPU [0] UID 1002 comm: gen_fast, count: 314199
CPU [0] UID 1002 comm: gen_fast, count: 314299
CPU [0] UID 1002 comm: gen_fast, count: 314424
CPU [0] UID 1002 comm: gen_fast, count: 314499
CPU [0] UID 1002 comm: gen_fast, count: 314599
CPU [0] UID 1002 comm: gen_fast, count: 314699
CPU [0] UID 1002 comm: gen_fast, count: 314871
CPU [0] UID 1002 comm: gen_fast, count: 314899
CPU [0] UID 1002 comm: gen_fast, count: 315032
CPU [0] UID 1002 comm: gen_fast, count: 315099
CPU [0] UID 1002 comm: gen_fast, count: 315205
CPU [0] UID 1002 comm: gen_fast, count: 315299
CPU [0] UID 1002 comm: gen_fast, count: 315399
CPU [0] UID 1002 comm: gen_fast, count: 315499
CPU [0] UID 1002 comm: gen_fast, count: 315655
CPU [0] UID 1002 comm: gen_fast, count: 315699
CPU [0] UID 1002 comm: gen_fast, count: 315826
CPU [0] UID 1002 comm: gen_fast, count: 316012
CPU [0] UID 1002 comm: gen_fast, count: 316012
CPU [0] UID 1002 comm: gen_fast, count: 316201
CPU [0] UID 1002 comm: gen_fast, count: 316201
CPU [0] UID 1002 comm: gen_fast, count: 316299
CPU [0] UID 1002 comm: gen_fast, count: 316416
CPU [0] UID 1002 comm: gen_fast, count: 316582
CPU [0] UID 1002 comm: gen_fast, count: 316599
CPU [0] UID 1002 comm: gen_fast, count: 316715
CPU [0] UID 1002 comm: gen_fast, count: 316799
CPU [0] UID 1002 comm: gen_fast, count: 316902
CPU [0] UID 1002 comm: gen_fast, count: 316999
CPU [0] UID 1002 comm: gen_fast, count: 317142
CPU [0] UID 1002 comm: gen_fast, count: 317278
CPU [0] UID 1002 comm: gen_fast, count: 317299
CPU [0] UID 1002 comm: gen_fast, count: 317448
CPU [0] UID 1002 comm: gen_fast, count: 317499
CPU [0] UID 1002 comm: gen_fast, count: 317628
CPU [0] UID 1002 comm: gen_fast, count: 317699
CPU [0] UID 1002 comm: gen_fast, count: 317824
CPU [0] UID 1002 comm: gen_fast, count: 317977
CPU [0] UID 1002 comm: gen_fast, count: 317999
CPU [0] UID 1002 comm: gen_fast, count: 318138
CPU [0] UID 1002 comm: gen_fast, count: 318199
CPU [0] UID 1002 comm: gen_fast, count: 318305
CPU [0] UID 1002 comm: gen_fast, count: 318460
CPU [0] UID 1002 comm: gen_fast, count: 318499
CPU [0] UID 1002 comm: gen_fast, count: 318599
CPU [0] UID 1002 comm: gen_fast, count: 318699
CPU [0] UID 1002 comm: gen_fast, count: 318799
CPU [0] UID 1002 comm: gen_fast, count: 318973
CPU [0] UID 1002 comm: gen_fast, count: 318999
CPU [0] UID 1002 comm: gen_fast, count: 319099
CPU [0] UID 1002 comm: gen_fast, count: 319199
CPU [0] UID 1002 comm: gen_fast, count: 319382
CPU [0] UID 1002 comm: gen_fast, count: 319399
CPU [0] UID 1002 comm: gen_fast, count: 319499
CPU [0] UID 1002 comm: gen_fast, count: 319599
CPU [0] UID 1002 comm: gen_fast, count: 319719
CPU [0] UID 1002 comm: gen_fast, count: 319799
CPU [0] UID 1002 comm: gen_fast, count: 320010
CPU [0] UID 1002 comm: gen_fast, count: 320010
CPU [0] UID 1002 comm: gen_fast, count: 320146
CPU [0] UID 1002 comm: gen_fast, count: 320199
CPU [0] UID 1002 comm: gen_fast, count: 320299
CPU [0] UID 1002 comm: gen_fast, count: 320511
CPU [0] UID 1002 comm: gen_fast, count: 320511
CPU [0] UID 1002 comm: gen_fast, count: 320704
CPU [0] UID 1002 comm: gen_fast, count: 320704
CPU [0] UID 1002 comm: gen_fast, count: 320891
CPU [0] UID 1002 comm: gen_fast, count: 320899
CPU [0] UID 1002 comm: gen_fast, count: 320999
CPU [0] UID 1002 comm: gen_fast, count: 321099
CPU [0] UID 1002 comm: gen_fast, count: 321199
CPU [0] UID 1002 comm: gen_fast, count: 321299
CPU [0] UID 1002 comm: gen_fast, count: 321410
CPU [0] UID 1002 comm: gen_fast, count: 321499
CPU [0] UID 1002 comm: gen_fast, count: 321624
CPU [0] UID 1002 comm: gen_fast, count: 321699
CPU [0] UID 1002 comm: gen_fast, count: 321799
CPU [0] UID 1002 comm: gen_fast, count: 321899
CPU [0] UID 1002 comm: gen_fast, count: 322014
CPU [0] UID 1002 comm: gen_fast, count: 322165
CPU [0] UID 1002 comm: gen_fast, count: 322199
CPU [0] UID 1002 comm: gen_fast, count: 322338
CPU [0] UID 1002 comm: gen_fast, count: 322399
CPU [0] UID 1002 comm: gen_fast, count: 322499
CPU [0] UID 1002 comm: gen_fast, count: 322599
CPU [0] UID 1002 comm: gen_fast, count: 322723
CPU [0] UID 1002 comm: gen_fast, count: 322799
CPU [0] UID 1002 comm: gen_fast, count: 322899
CPU [0] UID 1002 comm: gen_fast, count: 323020
CPU [0] UID 1002 comm: gen_fast, count: 323146
CPU [0] UID 1002 comm: gen_fast, count: 323228
CPU [0] UID 1002 comm: gen_fast, count: 323299
CPU [0] UID 1002 comm: gen_fast, count: 323399
CPU [0] UID 1002 comm: gen_fast, count: 323499
CPU [0] UID 1002 comm: gen_fast, count: 323599
CPU [0] UID 1002 comm: gen_fast, count: 323699
CPU [0] UID 1002 comm: gen_fast, count: 323894
CPU [0] UID 1002 comm: gen_fast, count: 323899
CPU [0] UID 1002 comm: gen_fast, count: 324020
CPU [0] UID 1002 comm: gen_fast, count: 324133
CPU [0] UID 1002 comm: gen_fast, count: 324199
CPU [0] UID 1002 comm: gen_fast, count: 324299
CPU [0] UID 1002 comm: gen_fast, count: 324399
CPU [0] UID 1002 comm: gen_fast, count: 324601
CPU [0] UID 1002 comm: gen_fast, count: 324601
CPU [0] UID 1002 comm: gen_fast, count: 324793
CPU [0] UID 1002 comm: gen_fast, count: 324799
CPU [0] UID 1002 comm: gen_fast, count: 325001
CPU [0] UID 1002 comm: gen_fast, count: 325001
CPU [0] UID 1002 comm: gen_fast, count: 325161
CPU [0] UID 1002 comm: gen_fast, count: 325199
CPU [0] UID 1002 comm: gen_fast, count: 325342
CPU [0] UID 1002 comm: gen_fast, count: 325399
CPU [0] UID 1002 comm: gen_fast, count: 325499
CPU [0] UID 1002 comm: gen_fast, count: 325599
CPU [0] UID 1002 comm: gen_fast, count: 325729
CPU [0] UID 1002 comm: gen_fast, count: 325799
CPU [0] UID 1002 comm: gen_fast, count: 326001
CPU [0] UID 1002 comm: gen_fast, count: 326001
CPU [0] UID 1002 comm: gen_fast, count: 326099
CPU [0] UID 1002 comm: gen_fast, count: 326234
CPU [0] UID 1002 comm: gen_fast, count: 326299
CPU [0] UID 1002 comm: gen_fast, count: 326399
CPU [0] UID 1002 comm: gen_fast, count: 326499
CPU [0] UID 1002 comm: gen_fast, count: 326632
CPU [0] UID 1002 comm: gen_fast, count: 326699
CPU [0] UID 1002 comm: gen_fast, count: 326799
CPU [0] UID 1002 comm: gen_fast, count: 326948
CPU [0] UID 1002 comm: gen_fast, count: 327018
CPU [0] UID 1002 comm: gen_fast, count: 327182
CPU [0] UID 1002 comm: gen_fast, count: 327199
CPU [0] UID 1002 comm: gen_fast, count: 327373
CPU [0] UID 1002 comm: gen_fast, count: 327399
CPU [0] UID 1002 comm: gen_fast, count: 327499
CPU [0] UID 1002 comm: gen_fast, count: 327599
CPU [0] UID 1002 comm: gen_fast, count: 327749
CPU [0] UID 1002 comm: gen_fast, count: 327799
CPU [0] UID 1002 comm: gen_fast, count: 327988
CPU [0] UID 1002 comm: gen_fast, count: 327999
CPU [0] UID 1002 comm: gen_fast, count: 328180
CPU [0] UID 1002 comm: gen_fast, count: 328199
CPU [0] UID 1002 comm: gen_fast, count: 328308
CPU [0] UID 1002 comm: gen_fast, count: 328399
CPU [0] UID 1002 comm: gen_fast, count: 328537
CPU [0] UID 1002 comm: gen_fast, count: 328620
CPU [0] UID 1002 comm: gen_fast, count: 328699
CPU [0] UID 1002 comm: gen_fast, count: 328829
CPU [0] UID 1002 comm: gen_fast, count: 328900
CPU [0] UID 1002 comm: gen_fast, count: 329036
CPU [0] UID 1002 comm: gen_fast, count: 329105
CPU [0] UID 1002 comm: gen_fast, count: 329199
CPU [0] UID 1002 comm: gen_fast, count: 329341
CPU [0] UID 1002 comm: gen_fast, count: 329399
CPU [0] UID 1002 comm: gen_fast, count: 329499
CPU [0] UID 1002 comm: gen_fast, count: 329658
CPU [0] UID 1002 comm: gen_fast, count: 329699
CPU [0] UID 1002 comm: gen_fast, count: 329799
CPU [0] UID 1002 comm: gen_fast, count: 329921
CPU [0] UID 1002 comm: gen_fast, count: 330006
CPU [0] UID 1002 comm: gen_fast, count: 330166
CPU [0] UID 1002 comm: gen_fast, count: 330199
CPU [0] UID 1002 comm: gen_fast, count: 330312
CPU [0] UID 1002 comm: gen_fast, count: 330399
CPU [0] UID 1002 comm: gen_fast, count: 330522
CPU [0] UID 1002 comm: gen_fast, count: 330599
CPU [0] UID 1002 comm: gen_fast, count: 330699
CPU [0] UID 1002 comm: gen_fast, count: 330868
CPU [0] UID 1002 comm: gen_fast, count: 330899
CPU [0] UID 1002 comm: gen_fast, count: 331035
CPU [0] UID 1002 comm: gen_fast, count: 331099
CPU [0] UID 1002 comm: gen_fast, count: 331272
CPU [0] UID 1002 comm: gen_fast, count: 331299
CPU [0] UID 1002 comm: gen_fast, count: 331444
CPU [0] UID 1002 comm: gen_fast, count: 331499
CPU [0] UID 1002 comm: gen_fast, count: 331599
CPU [0] UID 1002 comm: gen_fast, count: 331699
CPU [0] UID 1002 comm: gen_fast, count: 331878
CPU [0] UID 1002 comm: gen_fast, count: 331899
CPU [0] UID 1002 comm: gen_fast, count: 332086
CPU [0] UID 1002 comm: gen_fast, count: 332099
CPU [0] UID 1002 comm: gen_fast, count: 332230
CPU [0] UID 1002 comm: gen_fast, count: 332299
CPU [0] UID 1002 comm: gen_fast, count: 332442
CPU [0] UID 1002 comm: gen_fast, count: 332499
CPU [0] UID 1002 comm: gen_fast, count: 332599
CPU [0] UID 1002 comm: gen_fast, count: 332707
CPU [0] UID 1002 comm: gen_fast, count: 332817
CPU [0] UID 1002 comm: gen_fast, count: 332981
CPU [0] UID 1002 comm: gen_fast, count: 332999
CPU [0] UID 1002 comm: gen_fast, count: 333135
CPU [0] UID 1002 comm: gen_fast, count: 333199
CPU [0] UID 1002 comm: gen_fast, count: 333388
CPU [0] UID 1002 comm: gen_fast, count: 333399
CPU [0] UID 1002 comm: gen_fast, count: 333554
CPU [0] UID 1002 comm: gen_fast, count: 333599
CPU [0] UID 1002 comm: gen_fast, count: 333699
CPU [0] UID 1002 comm: gen_fast, count: 333799
CPU [0] UID 1002 comm: gen_fast, count: 333899
CPU [0] UID 1002 comm: gen_fast, count: 334008
CPU [0] UID 1002 comm: gen_fast, count: 334153
CPU [0] UID 1002 comm: gen_fast, count: 334199
CPU [0] UID 1002 comm: gen_fast, count: 334325
CPU [0] UID 1002 comm: gen_fast, count: 334467
CPU [0] UID 1002 comm: gen_fast, count: 334499
CPU [0] UID 1002 comm: gen_fast, count: 334623
CPU [0] UID 1002 comm: gen_fast, count: 334759
CPU [0] UID 1002 comm: gen_fast, count: 334799
CPU [0] UID 1002 comm: gen_fast, count: 334899
CPU [0] UID 1002 comm: gen_fast, count: 335025
CPU [0] UID 1002 comm: gen_fast, count: 335099
CPU [0] UID 1002 comm: gen_fast, count: 335199
CPU [0] UID 1002 comm: gen_fast, count: 335383
CPU [0] UID 1002 comm: gen_fast, count: 335399
CPU [0] UID 1002 comm: gen_fast, count: 335549
CPU [0] UID 1002 comm: gen_fast, count: 335599
CPU [0] UID 1002 comm: gen_fast, count: 335728
CPU [0] UID 1002 comm: gen_fast, count: 335799
CPU [0] UID 1002 comm: gen_fast, count: 335899
CPU [0] UID 1002 comm: gen_fast, count: 336009
CPU [0] UID 1002 comm: gen_fast, count: 336113
CPU [0] UID 1002 comm: gen_fast, count: 336252
CPU [0] UID 1002 comm: gen_fast, count: 336299
CPU [0] UID 1002 comm: gen_fast, count: 336399
CPU [0] UID 1002 comm: gen_fast, count: 336602
CPU [0] UID 1002 comm: gen_fast, count: 336602
CPU [0] UID 1002 comm: gen_fast, count: 336797
CPU [0] UID 1002 comm: gen_fast, count: 336799
CPU [0] UID 1002 comm: gen_fast, count: 336923
CPU [0] UID 1002 comm: gen_fast, count: 336999
CPU [0] UID 1002 comm: gen_fast, count: 337191
CPU [0] UID 1002 comm: gen_fast, count: 337199
CPU [0] UID 1002 comm: gen_fast, count: 337387
CPU [0] UID 1002 comm: gen_fast, count: 337399
CPU [0] UID 1002 comm: gen_fast, count: 337499
CPU [0] UID 1002 comm: gen_fast, count: 337695
CPU [0] UID 1002 comm: gen_fast, count: 337699
CPU [0] UID 1002 comm: gen_fast, count: 337882
CPU [0] UID 1002 comm: gen_fast, count: 337899
CPU [0] UID 1002 comm: gen_fast, count: 337999
CPU [0] UID 1002 comm: gen_fast, count: 338140
CPU [0] UID 1002 comm: gen_fast, count: 338264
CPU [0] UID 1002 comm: gen_fast, count: 338299
CPU [0] UID 1002 comm: gen_fast, count: 338399
CPU [0] UID 1002 comm: gen_fast, count: 338508
CPU [0] UID 1002 comm: gen_fast, count: 338610
CPU [0] UID 1002 comm: gen_fast, count: 338699
CPU [0] UID 1002 comm: gen_fast, count: 338799
CPU [0] UID 1002 comm: gen_fast, count: 339011
CPU [0] UID 1002 comm: gen_fast, count: 339011
CPU [0] UID 1002 comm: gen_fast, count: 339157
CPU [0] UID 1002 comm: gen_fast, count: 339199
CPU [0] UID 1002 comm: gen_fast, count: 339347
CPU [0] UID 1002 comm: gen_fast, count: 339495
CPU [0] UID 1002 comm: gen_fast, count: 339499
CPU [0] UID 1002 comm: gen_fast, count: 339712
CPU [0] UID 1002 comm: gen_fast, count: 339712
CPU [0] UID 1002 comm: gen_fast, count: 339799
CPU [0] UID 1002 comm: gen_fast, count: 339899
CPU [0] UID 1002 comm: gen_fast, count: 340011
CPU [0] UID 1002 comm: gen_fast, count: 340099
CPU [0] UID 1002 comm: gen_fast, count: 340279
CPU [0] UID 1002 comm: gen_fast, count: 340299
CPU [0] UID 1002 comm: gen_fast, count: 340427
CPU [0] UID 1002 comm: gen_fast, count: 340499
CPU [0] UID 1002 comm: gen_fast, count: 340599
CPU [0] UID 1002 comm: gen_fast, count: 340699
CPU [0] UID 1002 comm: gen_fast, count: 340893
CPU [0] UID 1002 comm: gen_fast, count: 340899
CPU [0] UID 1002 comm: gen_fast, count: 341109
CPU [0] UID 1002 comm: gen_fast, count: 341109
CPU [0] UID 1002 comm: gen_fast, count: 341324
CPU [0] UID 1002 comm: gen_fast, count: 341324
CPU [0] UID 1002 comm: gen_fast, count: 341472
CPU [0] UID 1002 comm: gen_fast, count: 341499
CPU [0] UID 1002 comm: gen_fast, count: 341682
CPU [0] UID 1002 comm: gen_fast, count: 341699
CPU [0] UID 1002 comm: gen_fast, count: 341934
CPU [0] UID 1002 comm: gen_fast, count: 341934
CPU [0] UID 1002 comm: gen_fast, count: 342098
CPU [0] UID 1002 comm: gen_fast, count: 342099
CPU [0] UID 1002 comm: gen_fast, count: 342227
CPU [0] UID 1002 comm: gen_fast, count: 342299
CPU [0] UID 1002 comm: gen_fast, count: 342399
CPU [0] UID 1002 comm: gen_fast, count: 342517
CPU [0] UID 1002 comm: gen_fast, count: 342702
CPU [0] UID 1002 comm: gen_fast, count: 342702
CPU [0] UID 1002 comm: gen_fast, count: 342799
CPU [0] UID 1002 comm: gen_fast, count: 342899
CPU [0] UID 1002 comm: gen_fast, count: 342999
CPU [0] UID 1002 comm: gen_fast, count: 343173
CPU [0] UID 1002 comm: gen_fast, count: 343199
CPU [0] UID 1002 comm: gen_fast, count: 343299
CPU [0] UID 1002 comm: gen_fast, count: 343453
CPU [0] UID 1002 comm: gen_fast, count: 343511
CPU [0] UID 1002 comm: gen_fast, count: 343630
CPU [0] UID 1002 comm: gen_fast, count: 343779
CPU [0] UID 1002 comm: gen_fast, count: 343799
CPU [0] UID 1002 comm: gen_fast, count: 343899
CPU [0] UID 1002 comm: gen_fast, count: 344037
CPU [0] UID 1002 comm: gen_fast, count: 344165
CPU [0] UID 1002 comm: gen_fast, count: 344199
CPU [0] UID 1002 comm: gen_fast, count: 344299
CPU [0] UID 1002 comm: gen_fast, count: 344399
CPU [0] UID 1002 comm: gen_fast, count: 344501
CPU [0] UID 1002 comm: gen_fast, count: 344645
CPU [0] UID 1002 comm: gen_fast, count: 344723
CPU [0] UID 1002 comm: gen_fast, count: 344799
CPU [0] UID 1002 comm: gen_fast, count: 344953
CPU [0] UID 1002 comm: gen_fast, count: 344999
CPU [0] UID 1002 comm: gen_fast, count: 345110
CPU [0] UID 1002 comm: gen_fast, count: 345213
CPU [0] UID 1002 comm: gen_fast, count: 345299
CPU [0] UID 1002 comm: gen_fast, count: 345430
CPU [0] UID 1002 comm: gen_fast, count: 345499
CPU [0] UID 1002 comm: gen_fast, count: 345603
CPU [0] UID 1002 comm: gen_fast, count: 345699
CPU [0] UID 1002 comm: gen_fast, count: 345852
CPU [0] UID 1002 comm: gen_fast, count: 345899
CPU [0] UID 1002 comm: gen_fast, count: 345999
CPU [0] UID 1002 comm: gen_fast, count: 346119
CPU [0] UID 1002 comm: gen_fast, count: 346202
CPU [0] UID 1002 comm: gen_fast, count: 346346
CPU [0] UID 1002 comm: gen_fast, count: 346429
CPU [0] UID 1002 comm: gen_fast, count: 346499
CPU [0] UID 1002 comm: gen_fast, count: 346621
CPU [0] UID 1002 comm: gen_fast, count: 346699
CPU [0] UID 1002 comm: gen_fast, count: 346799
CPU [0] UID 1002 comm: gen_fast, count: 346985
CPU [0] UID 1002 comm: gen_fast, count: 346999
CPU [0] UID 1002 comm: gen_fast, count: 347119
CPU [0] UID 1002 comm: gen_fast, count: 347303
CPU [0] UID 1002 comm: gen_fast, count: 347303
CPU [0] UID 1002 comm: gen_fast, count: 347494
CPU [0] UID 1002 comm: gen_fast, count: 347499
CPU [0] UID 1002 comm: gen_fast, count: 347662
CPU [0] UID 1002 comm: gen_fast, count: 347699
CPU [0] UID 1002 comm: gen_fast, count: 347799
CPU [0] UID 1002 comm: gen_fast, count: 347899
CPU [0] UID 1002 comm: gen_fast, count: 348027
CPU [0] UID 1002 comm: gen_fast, count: 348122
CPU [0] UID 1002 comm: gen_fast, count: 348260
CPU [0] UID 1002 comm: gen_fast, count: 348299
CPU [0] UID 1002 comm: gen_fast, count: 348399
CPU [0] UID 1002 comm: gen_fast, count: 348499
CPU [0] UID 1002 comm: gen_fast, count: 348664
CPU [0] UID 1002 comm: gen_fast, count: 348699
CPU [0] UID 1002 comm: gen_fast, count: 348799
CPU [0] UID 1002 comm: gen_fast, count: 348899
CPU [0] UID 1002 comm: gen_fast, count: 348999
CPU [0] UID 1002 comm: gen_fast, count: 349107
CPU [0] UID 1002 comm: gen_fast, count: 349309
CPU [0] UID 1002 comm: gen_fast, count: 349309
CPU [0] UID 1002 comm: gen_fast, count: 349458
CPU [0] UID 1002 comm: gen_fast, count: 349499
CPU [0] UID 1002 comm: gen_fast, count: 349652
CPU [0] UID 1002 comm: gen_fast, count: 349699
CPU [0] UID 1002 comm: gen_fast, count: 349890
CPU [0] UID 1002 comm: gen_fast, count: 349899
CPU [0] UID 1002 comm: gen_fast, count: 350121
CPU [0] UID 1002 comm: gen_fast, count: 350121
CPU [0] UID 1002 comm: gen_fast, count: 350199
CPU [0] UID 1002 comm: gen_fast, count: 350299
CPU [0] UID 1002 comm: gen_fast, count: 350416
CPU [0] UID 1002 comm: gen_fast, count: 350605
CPU [0] UID 1002 comm: gen_fast, count: 350605
CPU [0] UID 1002 comm: gen_fast, count: 350746
CPU [0] UID 1002 comm: gen_fast, count: 350935
CPU [0] UID 1002 comm: gen_fast, count: 350935
CPU [0] UID 1002 comm: gen_fast, count: 350999
CPU [0] UID 1002 comm: gen_fast, count: 351168
CPU [0] UID 1002 comm: gen_fast, count: 351199
CPU [0] UID 1002 comm: gen_fast, count: 351360
CPU [0] UID 1002 comm: gen_fast, count: 351399
CPU [0] UID 1002 comm: gen_fast, count: 351536
CPU [0] UID 1002 comm: gen_fast, count: 351691
CPU [0] UID 1002 comm: gen_fast, count: 351699
CPU [0] UID 1002 comm: gen_fast, count: 351815
CPU [0] UID 1002 comm: gen_fast, count: 351942
CPU [0] UID 1002 comm: gen_fast, count: 352081
CPU [0] UID 1002 comm: gen_fast, count: 352099
CPU [0] UID 1002 comm: gen_fast, count: 352245
CPU [0] UID 1002 comm: gen_fast, count: 352299
CPU [0] UID 1002 comm: gen_fast, count: 352399
CPU [0] UID 1002 comm: gen_fast, count: 352580
CPU [0] UID 1002 comm: gen_fast, count: 352599
CPU [0] UID 1002 comm: gen_fast, count: 352738
CPU [0] UID 1002 comm: gen_fast, count: 352861
CPU [0] UID 1002 comm: gen_fast, count: 352899
CPU [0] UID 1002 comm: gen_fast, count: 353014
CPU [0] UID 1002 comm: gen_fast, count: 353127
CPU [0] UID 1002 comm: gen_fast, count: 353262
CPU [0] UID 1002 comm: gen_fast, count: 353299
CPU [0] UID 1002 comm: gen_fast, count: 353450
CPU [0] UID 1002 comm: gen_fast, count: 353596
CPU [0] UID 1002 comm: gen_fast, count: 353599
CPU [0] UID 1002 comm: gen_fast, count: 353798
CPU [0] UID 1002 comm: gen_fast, count: 353799
CPU [0] UID 1002 comm: gen_fast, count: 353899
CPU [0] UID 1002 comm: gen_fast, count: 353999
CPU [0] UID 1002 comm: gen_fast, count: 354118
CPU [0] UID 1002 comm: gen_fast, count: 354279
CPU [0] UID 1002 comm: gen_fast, count: 354299
CPU [0] UID 1002 comm: gen_fast, count: 354484
CPU [0] UID 1002 comm: gen_fast, count: 354499
CPU [0] UID 1002 comm: gen_fast, count: 354636
CPU [0] UID 1002 comm: gen_fast, count: 354699
CPU [0] UID 1002 comm: gen_fast, count: 354799
CPU [0] UID 1002 comm: gen_fast, count: 354964
CPU [0] UID 1002 comm: gen_fast, count: 354999
CPU [0] UID 1002 comm: gen_fast, count: 355099
CPU [0] UID 1002 comm: gen_fast, count: 355204
CPU [0] UID 1002 comm: gen_fast, count: 355299
CPU [0] UID 1002 comm: gen_fast, count: 355480
CPU [0] UID 1002 comm: gen_fast, count: 355499
CPU [0] UID 1002 comm: gen_fast, count: 355670
CPU [0] UID 1002 comm: gen_fast, count: 355699
CPU [0] UID 1002 comm: gen_fast, count: 355799
CPU [0] UID 1002 comm: gen_fast, count: 355899
CPU [0] UID 1002 comm: gen_fast, count: 356072
CPU [0] UID 1002 comm: gen_fast, count: 356099
CPU [0] UID 1002 comm: gen_fast, count: 356199
CPU [0] UID 1002 comm: gen_fast, count: 356299
CPU [0] UID 1002 comm: gen_fast, count: 356399
CPU [0] UID 1002 comm: gen_fast, count: 356504
CPU [0] UID 1002 comm: gen_fast, count: 356630
CPU [0] UID 1002 comm: gen_fast, count: 356746
CPU [0] UID 1002 comm: gen_fast, count: 356805
CPU [0] UID 1002 comm: gen_fast, count: 356907
CPU [0] UID 1002 comm: gen_fast, count: 357030
CPU [0] UID 1002 comm: gen_fast, count: 357189
CPU [0] UID 1002 comm: gen_fast, count: 357199
CPU [0] UID 1002 comm: gen_fast, count: 357299
CPU [0] UID 1002 comm: gen_fast, count: 357399
CPU [0] UID 1002 comm: gen_fast, count: 357526
CPU [0] UID 1002 comm: gen_fast, count: 357599
CPU [0] UID 1002 comm: gen_fast, count: 357699
CPU [0] UID 1002 comm: gen_fast, count: 357807
CPU [0] UID 1002 comm: gen_fast, count: 357899
CPU [0] UID 1002 comm: gen_fast, count: 358026
CPU [0] UID 1002 comm: gen_fast, count: 358099
CPU [0] UID 1002 comm: gen_fast, count: 358199
CPU [0] UID 1002 comm: gen_fast, count: 358299
CPU [0] UID 1002 comm: gen_fast, count: 358399
CPU [0] UID 1002 comm: gen_fast, count: 358499
CPU [0] UID 1002 comm: gen_fast, count: 358623
CPU [0] UID 1002 comm: gen_fast, count: 358750
CPU [0] UID 1002 comm: gen_fast, count: 358866
CPU [0] UID 1002 comm: gen_fast, count: 358899
CPU [0] UID 1002 comm: gen_fast, count: 358999
CPU [0] UID 1002 comm: gen_fast, count: 359116
CPU [0] UID 1002 comm: gen_fast, count: 359246
CPU [0] UID 1002 comm: gen_fast, count: 359299
CPU [0] UID 1002 comm: gen_fast, count: 359432
CPU [0] UID 1002 comm: gen_fast, count: 359512
CPU [0] UID 1002 comm: gen_fast, count: 359599
CPU [0] UID 1002 comm: gen_fast, count: 359808
CPU [0] UID 1002 comm: gen_fast, count: 359808
CPU [0] UID 1002 comm: gen_fast, count: 359899
CPU [0] UID 1002 comm: gen_fast, count: 360075
CPU [0] UID 1002 comm: gen_fast, count: 360099
CPU [0] UID 1002 comm: gen_fast, count: 360269
CPU [0] UID 1002 comm: gen_fast, count: 360299
CPU [0] UID 1002 comm: gen_fast, count: 360444
CPU [0] UID 1002 comm: gen_fast, count: 360499
CPU [0] UID 1002 comm: gen_fast, count: 360599
CPU [0] UID 1002 comm: gen_fast, count: 360741
CPU [0] UID 1002 comm: gen_fast, count: 360917
CPU [0] UID 1002 comm: gen_fast, count: 360917
CPU [0] UID 1002 comm: gen_fast, count: 361092
CPU [0] UID 1002 comm: gen_fast, count: 361099
CPU [0] UID 1002 comm: gen_fast, count: 361349
CPU [0] UID 1002 comm: gen_fast, count: 361349
CPU [0] UID 1002 comm: gen_fast, count: 361399
CPU [0] UID 1002 comm: gen_fast, count: 361499
CPU [0] UID 1002 comm: gen_fast, count: 361600
CPU [0] UID 1002 comm: gen_fast, count: 361716
CPU [0] UID 1002 comm: gen_fast, count: 361869
CPU [0] UID 1002 comm: gen_fast, count: 361952
CPU [0] UID 1002 comm: gen_fast, count: 361999
CPU [0] UID 1002 comm: gen_fast, count: 362128
CPU [0] UID 1002 comm: gen_fast, count: 362317
CPU [0] UID 1002 comm: gen_fast, count: 362317
CPU [0] UID 1002 comm: gen_fast, count: 362494
CPU [0] UID 1002 comm: gen_fast, count: 362499
CPU [0] UID 1002 comm: gen_fast, count: 362667
CPU [0] UID 1002 comm: gen_fast, count: 362699
CPU [0] UID 1002 comm: gen_fast, count: 362799
CPU [0] UID 1002 comm: gen_fast, count: 362899
CPU [0] UID 1002 comm: gen_fast, count: 362999
CPU [0] UID 1002 comm: gen_fast, count: 363111
CPU [0] UID 1002 comm: gen_fast, count: 363238
CPU [0] UID 1002 comm: gen_fast, count: 363431
CPU [0] UID 1002 comm: gen_fast, count: 363431
CPU [0] UID 1002 comm: gen_fast, count: 363499
CPU [0] UID 1002 comm: gen_fast, count: 363631
CPU [0] UID 1002 comm: gen_fast, count: 363735
CPU [0] UID 1002 comm: gen_fast, count: 363800
CPU [0] UID 1002 comm: gen_fast, count: 363899
CPU [0] UID 1002 comm: gen_fast, count: 363999
CPU [0] UID 1002 comm: gen_fast, count: 364168
CPU [0] UID 1002 comm: gen_fast, count: 364199
CPU [0] UID 1002 comm: gen_fast, count: 364299
CPU [0] UID 1002 comm: gen_fast, count: 364425
CPU [0] UID 1002 comm: gen_fast, count: 364503
CPU [0] UID 1002 comm: gen_fast, count: 364688
CPU [0] UID 1002 comm: gen_fast, count: 364699
CPU [0] UID 1002 comm: gen_fast, count: 364800
CPU [0] UID 1002 comm: gen_fast, count: 364931
CPU [0] UID 1002 comm: gen_fast, count: 365040
CPU [0] UID 1002 comm: gen_fast, count: 365099
CPU [0] UID 1002 comm: gen_fast, count: 365276
CPU [0] UID 1002 comm: gen_fast, count: 365299
CPU [0] UID 1002 comm: gen_fast, count: 365411
CPU [0] UID 1002 comm: gen_fast, count: 365499
CPU [0] UID 1002 comm: gen_fast, count: 365599
CPU [0] UID 1002 comm: gen_fast, count: 365699
CPU [0] UID 1002 comm: gen_fast, count: 365799
CPU [0] UID 1002 comm: gen_fast, count: 365937
CPU [0] UID 1002 comm: gen_fast, count: 366128
CPU [0] UID 1002 comm: gen_fast, count: 366128
CPU [0] UID 1002 comm: gen_fast, count: 366199
CPU [0] UID 1002 comm: gen_fast, count: 366317
CPU [0] UID 1002 comm: gen_fast, count: 366399
CPU [0] UID 1002 comm: gen_fast, count: 366499
CPU [0] UID 1002 comm: gen_fast, count: 366644
CPU [0] UID 1002 comm: gen_fast, count: 366699
CPU [0] UID 1002 comm: gen_fast, count: 366800
CPU [0] UID 1002 comm: gen_fast, count: 367004
CPU [0] UID 1002 comm: gen_fast, count: 367004
CPU [0] UID 1002 comm: gen_fast, count: 367099
CPU [0] UID 1002 comm: gen_fast, count: 367199
CPU [0] UID 1002 comm: gen_fast, count: 367299
CPU [0] UID 1002 comm: gen_fast, count: 367443
CPU [0] UID 1002 comm: gen_fast, count: 367527
CPU [0] UID 1002 comm: gen_fast, count: 367599
CPU [0] UID 1002 comm: gen_fast, count: 367747
CPU [0] UID 1002 comm: gen_fast, count: 367810
CPU [0] UID 1002 comm: gen_fast, count: 367999
CPU [0] UID 1002 comm: gen_fast, count: 367999
CPU [0] UID 1002 comm: gen_fast, count: 368162
CPU [0] UID 1002 comm: gen_fast, count: 368199
CPU [0] UID 1002 comm: gen_fast, count: 368322
CPU [0] UID 1002 comm: gen_fast, count: 368399
CPU [0] UID 1002 comm: gen_fast, count: 368630
CPU [0] UID 1002 comm: gen_fast, count: 368630
CPU [0] UID 1002 comm: gen_fast, count: 368699
CPU [0] UID 1002 comm: gen_fast, count: 368879
CPU [0] UID 1002 comm: gen_fast, count: 368899
CPU [0] UID 1002 comm: gen_fast, count: 368999
CPU [0] UID 1002 comm: gen_fast, count: 369099
CPU [0] UID 1002 comm: gen_fast, count: 369258
CPU [0] UID 1002 comm: gen_fast, count: 369299
CPU [0] UID 1002 comm: gen_fast, count: 369407
CPU [0] UID 1002 comm: gen_fast, count: 369607
CPU [0] UID 1002 comm: gen_fast, count: 369607
CPU [0] UID 1002 comm: gen_fast, count: 369699
CPU [0] UID 1002 comm: gen_fast, count: 369867
CPU [0] UID 1002 comm: gen_fast, count: 369926
CPU [0] UID 1002 comm: gen_fast, count: 369999
CPU [0] UID 1002 comm: gen_fast, count: 370131
CPU [0] UID 1002 comm: gen_fast, count: 370199
CPU [0] UID 1002 comm: gen_fast, count: 370353
CPU [0] UID 1002 comm: gen_fast, count: 370405
CPU [0] UID 1002 comm: gen_fast, count: 370555
CPU [0] UID 1002 comm: gen_fast, count: 370599
CPU [0] UID 1002 comm: gen_fast, count: 370699
CPU [0] UID 1002 comm: gen_fast, count: 370833
CPU [0] UID 1002 comm: gen_fast, count: 370899
CPU [0] UID 1002 comm: gen_fast, count: 371062
CPU [0] UID 1002 comm: gen_fast, count: 371099
CPU [0] UID 1002 comm: gen_fast, count: 371216
CPU [0] UID 1002 comm: gen_fast, count: 371338
CPU [0] UID 1002 comm: gen_fast, count: 371399
CPU [0] UID 1002 comm: gen_fast, count: 371499
CPU [0] UID 1002 comm: gen_fast, count: 371610
CPU [0] UID 1002 comm: gen_fast, count: 371711
CPU [0] UID 1002 comm: gen_fast, count: 371848
CPU [0] UID 1002 comm: gen_fast, count: 371899
CPU [0] UID 1002 comm: gen_fast, count: 371999
CPU [0] UID 1002 comm: gen_fast, count: 372136
CPU [0] UID 1002 comm: gen_fast, count: 372199
CPU [0] UID 1002 comm: gen_fast, count: 372346
CPU [0] UID 1002 comm: gen_fast, count: 372399
CPU [0] UID 1002 comm: gen_fast, count: 372578
CPU [0] UID 1002 comm: gen_fast, count: 372599
CPU [0] UID 1002 comm: gen_fast, count: 372699
CPU [0] UID 1002 comm: gen_fast, count: 372870
CPU [0] UID 1002 comm: gen_fast, count: 372933
CPU [0] UID 1002 comm: gen_fast, count: 372999
CPU [0] UID 1002 comm: gen_fast, count: 373128
CPU [0] UID 1002 comm: gen_fast, count: 373294
CPU [0] UID 1002 comm: gen_fast, count: 373299
CPU [0] UID 1002 comm: gen_fast, count: 373426
CPU [0] UID 1002 comm: gen_fast, count: 373508
CPU [0] UID 1002 comm: gen_fast, count: 373632
CPU [0] UID 1002 comm: gen_fast, count: 373699
CPU [0] UID 1002 comm: gen_fast, count: 373826
CPU [0] UID 1002 comm: gen_fast, count: 373914
CPU [0] UID 1002 comm: gen_fast, count: 373999
CPU [0] UID 1002 comm: gen_fast, count: 374099
CPU [0] UID 1002 comm: gen_fast, count: 374255
CPU [0] UID 1002 comm: gen_fast, count: 374299
CPU [0] UID 1002 comm: gen_fast, count: 374501
CPU [0] UID 1002 comm: gen_fast, count: 374501
CPU [0] UID 1002 comm: gen_fast, count: 374599
CPU [0] UID 1002 comm: gen_fast, count: 374787
CPU [0] UID 1002 comm: gen_fast, count: 374844
CPU [0] UID 1002 comm: gen_fast, count: 374899
CPU [0] UID 1002 comm: gen_fast, count: 375004
CPU [0] UID 1002 comm: gen_fast, count: 375151
CPU [0] UID 1002 comm: gen_fast, count: 375199
CPU [0] UID 1002 comm: gen_fast, count: 375309
CPU [0] UID 1002 comm: gen_fast, count: 375421
CPU [0] UID 1002 comm: gen_fast, count: 375553
CPU [0] UID 1002 comm: gen_fast, count: 375599
CPU [0] UID 1002 comm: gen_fast, count: 375699
CPU [0] UID 1002 comm: gen_fast, count: 375821
CPU [0] UID 1002 comm: gen_fast, count: 375959
CPU [0] UID 1002 comm: gen_fast, count: 375999
CPU [0] UID 1002 comm: gen_fast, count: 376196
CPU [0] UID 1002 comm: gen_fast, count: 376199
CPU [0] UID 1002 comm: gen_fast, count: 376324
CPU [0] UID 1002 comm: gen_fast, count: 376399
CPU [0] UID 1002 comm: gen_fast, count: 376501
CPU [0] UID 1002 comm: gen_fast, count: 376605
CPU [0] UID 1002 comm: gen_fast, count: 376724
CPU [0] UID 1002 comm: gen_fast, count: 376810
CPU [0] UID 1002 comm: gen_fast, count: 376930
CPU [0] UID 1002 comm: gen_fast, count: 376999
CPU [0] UID 1002 comm: gen_fast, count: 377099
CPU [0] UID 1002 comm: gen_fast, count: 377204
CPU [0] UID 1002 comm: gen_fast, count: 377385
CPU [0] UID 1002 comm: gen_fast, count: 377399
CPU [0] UID 1002 comm: gen_fast, count: 377513
CPU [0] UID 1002 comm: gen_fast, count: 377683
CPU [0] UID 1002 comm: gen_fast, count: 377753
CPU [0] UID 1002 comm: gen_fast, count: 377799
CPU [0] UID 1002 comm: gen_fast, count: 377899
CPU [0] UID 1002 comm: gen_fast, count: 378002
CPU [0] UID 1002 comm: gen_fast, count: 378102
CPU [0] UID 1002 comm: gen_fast, count: 378245
CPU [0] UID 1002 comm: gen_fast, count: 378299
CPU [0] UID 1002 comm: gen_fast, count: 378399
CPU [0] UID 1002 comm: gen_fast, count: 378500
CPU [0] UID 1002 comm: gen_fast, count: 378614
CPU [0] UID 1002 comm: gen_fast, count: 378699
CPU [0] UID 1002 comm: gen_fast, count: 378799
CPU [0] UID 1002 comm: gen_fast, count: 378964
CPU [0] UID 1002 comm: gen_fast, count: 378999
CPU [0] UID 1002 comm: gen_fast, count: 379099
CPU [0] UID 1002 comm: gen_fast, count: 379272
CPU [0] UID 1002 comm: gen_fast, count: 379299
CPU [0] UID 1002 comm: gen_fast, count: 379402
CPU [0] UID 1002 comm: gen_fast, count: 379559
CPU [0] UID 1002 comm: gen_fast, count: 379599
CPU [0] UID 1002 comm: gen_fast, count: 379699
CPU [0] UID 1002 comm: gen_fast, count: 379799
CPU [0] UID 1002 comm: gen_fast, count: 379900
CPU [0] UID 1002 comm: gen_fast, count: 379999
CPU [0] UID 1002 comm: gen_fast, count: 380179
CPU [0] UID 1002 comm: gen_fast, count: 380199
CPU [0] UID 1002 comm: gen_fast, count: 380321
CPU [0] UID 1002 comm: gen_fast, count: 380462
CPU [0] UID 1002 comm: gen_fast, count: 380499
CPU [0] UID 1002 comm: gen_fast, count: 380599
CPU [0] UID 1002 comm: gen_fast, count: 380797
CPU [0] UID 1002 comm: gen_fast, count: 380799
CPU [0] UID 1002 comm: gen_fast, count: 380928
CPU [0] UID 1002 comm: gen_fast, count: 381026
CPU [0] UID 1002 comm: gen_fast, count: 381124
CPU [0] UID 1002 comm: gen_fast, count: 381199
CPU [0] UID 1002 comm: gen_fast, count: 381299
CPU [0] UID 1002 comm: gen_fast, count: 381399
CPU [0] UID 1002 comm: gen_fast, count: 381499
CPU [0] UID 1002 comm: gen_fast, count: 381656
CPU [0] UID 1002 comm: gen_fast, count: 381726
CPU [0] UID 1002 comm: gen_fast, count: 381813
CPU [0] UID 1002 comm: gen_fast, count: 381899
CPU [0] UID 1002 comm: gen_fast, count: 382014
CPU [0] UID 1002 comm: gen_fast, count: 382192
CPU [0] UID 1002 comm: gen_fast, count: 382199
CPU [0] UID 1002 comm: gen_fast, count: 382316
CPU [0] UID 1002 comm: gen_fast, count: 382399
CPU [0] UID 1002 comm: gen_fast, count: 382499
CPU [0] UID 1002 comm: gen_fast, count: 382678
CPU [0] UID 1002 comm: gen_fast, count: 382699
CPU [0] UID 1002 comm: gen_fast, count: 382808
CPU [0] UID 1002 comm: gen_fast, count: 382917
CPU [0] UID 1002 comm: gen_fast, count: 383067
CPU [0] UID 1002 comm: gen_fast, count: 383121
CPU [0] UID 1002 comm: gen_fast, count: 383199
CPU [0] UID 1002 comm: gen_fast, count: 383322
CPU [0] UID 1002 comm: gen_fast, count: 383418
CPU [0] UID 1002 comm: gen_fast, count: 383499
CPU [0] UID 1002 comm: gen_fast, count: 383599
CPU [0] UID 1002 comm: gen_fast, count: 383699
CPU [0] UID 1002 comm: gen_fast, count: 383841
CPU [0] UID 1002 comm: gen_fast, count: 383918
CPU [0] UID 1002 comm: gen_fast, count: 384088
CPU [0] UID 1002 comm: gen_fast, count: 384099
CPU [0] UID 1002 comm: gen_fast, count: 384256
CPU [0] UID 1002 comm: gen_fast, count: 384319
CPU [0] UID 1002 comm: gen_fast, count: 384430
CPU [0] UID 1002 comm: gen_fast, count: 384559
CPU [0] UID 1002 comm: gen_fast, count: 384599
CPU [0] UID 1002 comm: gen_fast, count: 384773
CPU [0] UID 1002 comm: gen_fast, count: 384799
CPU [0] UID 1002 comm: gen_fast, count: 384948
CPU [0] UID 1002 comm: gen_fast, count: 384999
CPU [0] UID 1002 comm: gen_fast, count: 385210
CPU [0] UID 1002 comm: gen_fast, count: 385210
CPU [0] UID 1002 comm: gen_fast, count: 385447
CPU [0] UID 1002 comm: gen_fast, count: 385447
CPU [0] UID 1002 comm: gen_fast, count: 385600
CPU [0] UID 1002 comm: gen_fast, count: 385600
CPU [0] UID 1002 comm: gen_fast, count: 385731
CPU [0] UID 1002 comm: gen_fast, count: 385816
CPU [0] UID 1002 comm: gen_fast, count: 385899
CPU [0] UID 1002 comm: gen_fast, count: 385999
CPU [0] UID 1002 comm: gen_fast, count: 386127
CPU [0] UID 1002 comm: gen_fast, count: 386199
CPU [0] UID 1002 comm: gen_fast, count: 386340
CPU [0] UID 1002 comm: gen_fast, count: 386534
CPU [0] UID 1002 comm: gen_fast, count: 386534
CPU [0] UID 1002 comm: gen_fast, count: 386599
CPU [0] UID 1002 comm: gen_fast, count: 386733
CPU [0] UID 1002 comm: gen_fast, count: 386897
CPU [0] UID 1002 comm: gen_fast, count: 386899
CPU [0] UID 1002 comm: gen_fast, count: 386999
CPU [0] UID 1002 comm: gen_fast, count: 387134
CPU [0] UID 1002 comm: gen_fast, count: 387320
CPU [0] UID 1002 comm: gen_fast, count: 387320
CPU [0] UID 1002 comm: gen_fast, count: 387399
CPU [0] UID 1002 comm: gen_fast, count: 387499
CPU [0] UID 1002 comm: gen_fast, count: 387639
CPU [0] UID 1002 comm: gen_fast, count: 387699
CPU [0] UID 1002 comm: gen_fast, count: 387802
CPU [0] UID 1002 comm: gen_fast, count: 387943
CPU [0] UID 1002 comm: gen_fast, count: 387999
CPU [0] UID 1002 comm: gen_fast, count: 388114
CPU [0] UID 1002 comm: gen_fast, count: 388199
CPU [0] UID 1002 comm: gen_fast, count: 388299
CPU [0] UID 1002 comm: gen_fast, count: 388399
CPU [0] UID 1002 comm: gen_fast, count: 388541
CPU [0] UID 1002 comm: gen_fast, count: 388599
CPU [0] UID 1002 comm: gen_fast, count: 388699
CPU [0] UID 1002 comm: gen_fast, count: 388801
CPU [0] UID 1002 comm: gen_fast, count: 388936
CPU [0] UID 1002 comm: gen_fast, count: 389043
CPU [0] UID 1002 comm: gen_fast, count: 389185
CPU [0] UID 1002 comm: gen_fast, count: 389199
CPU [0] UID 1002 comm: gen_fast, count: 389300
CPU [0] UID 1002 comm: gen_fast, count: 389399
CPU [0] UID 1002 comm: gen_fast, count: 389586
CPU [0] UID 1002 comm: gen_fast, count: 389599
CPU [0] UID 1002 comm: gen_fast, count: 389699
CPU [0] UID 1002 comm: gen_fast, count: 389832
CPU [0] UID 1002 comm: gen_fast, count: 389899
CPU [0] UID 1002 comm: gen_fast, count: 390087
CPU [0] UID 1002 comm: gen_fast, count: 390099
CPU [0] UID 1002 comm: gen_fast, count: 390199
CPU [0] UID 1002 comm: gen_fast, count: 390412
CPU [0] UID 1002 comm: gen_fast, count: 390412
CPU [0] UID 1002 comm: gen_fast, count: 390499
CPU [0] UID 1002 comm: gen_fast, count: 390618
CPU [0] UID 1002 comm: gen_fast, count: 390743
CPU [0] UID 1002 comm: gen_fast, count: 390799
CPU [0] UID 1002 comm: gen_fast, count: 390984
CPU [0] UID 1002 comm: gen_fast, count: 390999
CPU [0] UID 1002 comm: gen_fast, count: 391114
CPU [0] UID 1002 comm: gen_fast, count: 391199
CPU [0] UID 1002 comm: gen_fast, count: 391299
CPU [0] UID 1002 comm: gen_fast, count: 391450
CPU [0] UID 1002 comm: gen_fast, count: 391499
CPU [0] UID 1002 comm: gen_fast, count: 391627
CPU [0] UID 1002 comm: gen_fast, count: 391711
CPU [0] UID 1002 comm: gen_fast, count: 391808
CPU [0] UID 1002 comm: gen_fast, count: 391923
CPU [0] UID 1002 comm: gen_fast, count: 391999
CPU [0] UID 1002 comm: gen_fast, count: 392099
CPU [0] UID 1002 comm: gen_fast, count: 392199
CPU [0] UID 1002 comm: gen_fast, count: 392336
CPU [0] UID 1002 comm: gen_fast, count: 392399
CPU [0] UID 1002 comm: gen_fast, count: 392524
CPU [0] UID 1002 comm: gen_fast, count: 392710
CPU [0] UID 1002 comm: gen_fast, count: 392710
CPU [0] UID 1002 comm: gen_fast, count: 392837
CPU [0] UID 1002 comm: gen_fast, count: 393028
CPU [0] UID 1002 comm: gen_fast, count: 393028
CPU [0] UID 1002 comm: gen_fast, count: 393201
CPU [0] UID 1002 comm: gen_fast, count: 393201
CPU [0] UID 1002 comm: gen_fast, count: 393299
CPU [0] UID 1002 comm: gen_fast, count: 393399
CPU [0] UID 1002 comm: gen_fast, count: 393565
CPU [0] UID 1002 comm: gen_fast, count: 393599
CPU [0] UID 1002 comm: gen_fast, count: 393769
CPU [0] UID 1002 comm: gen_fast, count: 393799
CPU [0] UID 1002 comm: gen_fast, count: 393899
CPU [0] UID 1002 comm: gen_fast, count: 394000
CPU [0] UID 1002 comm: gen_fast, count: 394141
CPU [0] UID 1002 comm: gen_fast, count: 394199
CPU [0] UID 1002 comm: gen_fast, count: 394299
CPU [0] UID 1002 comm: gen_fast, count: 394439
CPU [0] UID 1002 comm: gen_fast, count: 394499
CPU [0] UID 1002 comm: gen_fast, count: 394599
CPU [0] UID 1002 comm: gen_fast, count: 394705
CPU [0] UID 1002 comm: gen_fast, count: 394799
CPU [0] UID 1002 comm: gen_fast, count: 394928
CPU [0] UID 1002 comm: gen_fast, count: 394999
CPU [0] UID 1002 comm: gen_fast, count: 395099
CPU [0] UID 1002 comm: gen_fast, count: 395241
CPU [0] UID 1002 comm: gen_fast, count: 395398
CPU [0] UID 1002 comm: gen_fast, count: 395399
CPU [0] UID 1002 comm: gen_fast, count: 395499
CPU [0] UID 1002 comm: gen_fast, count: 395613
CPU [0] UID 1002 comm: gen_fast, count: 395738
CPU [0] UID 1002 comm: gen_fast, count: 395799
CPU [0] UID 1002 comm: gen_fast, count: 395899
CPU [0] UID 1002 comm: gen_fast, count: 396002
CPU [0] UID 1002 comm: gen_fast, count: 396110
CPU [0] UID 1002 comm: gen_fast, count: 396205
CPU [0] UID 1002 comm: gen_fast, count: 396324
CPU [0] UID 1002 comm: gen_fast, count: 396514
CPU [0] UID 1002 comm: gen_fast, count: 396514
CPU [0] UID 1002 comm: gen_fast, count: 396599
CPU [0] UID 1002 comm: gen_fast, count: 396773
CPU [0] UID 1002 comm: gen_fast, count: 396799
CPU [0] UID 1002 comm: gen_fast, count: 396915
CPU [0] UID 1002 comm: gen_fast, count: 396999
CPU [0] UID 1002 comm: gen_fast, count: 397099
CPU [0] UID 1002 comm: gen_fast, count: 397229
CPU [0] UID 1002 comm: gen_fast, count: 397299
CPU [0] UID 1002 comm: gen_fast, count: 397404
CPU [0] UID 1002 comm: gen_fast, count: 397499
CPU [0] UID 1002 comm: gen_fast, count: 397726
CPU [0] UID 1002 comm: gen_fast, count: 397726
CPU [0] UID 1002 comm: gen_fast, count: 397923
CPU [0] UID 1002 comm: gen_fast, count: 397923
CPU [0] UID 1002 comm: gen_fast, count: 397999
CPU [0] UID 1002 comm: gen_fast, count: 398132
CPU [0] UID 1002 comm: gen_fast, count: 398199
CPU [0] UID 1002 comm: gen_fast, count: 398420
CPU [0] UID 1002 comm: gen_fast, count: 398420
CPU [0] UID 1002 comm: gen_fast, count: 398556
CPU [0] UID 1002 comm: gen_fast, count: 398599
CPU [0] UID 1002 comm: gen_fast, count: 398699
CPU [0] UID 1002 comm: gen_fast, count: 398799
CPU [0] UID 1002 comm: gen_fast, count: 398999
CPU [0] UID 1002 comm: gen_fast, count: 398999
CPU [0] UID 1002 comm: gen_fast, count: 399099
CPU [0] UID 1002 comm: gen_fast, count: 399199
CPU [0] UID 1002 comm: gen_fast, count: 399299
CPU [0] UID 1002 comm: gen_fast, count: 399407
CPU [0] UID 1002 comm: gen_fast, count: 399499
CPU [0] UID 1002 comm: gen_fast, count: 399599
CPU [0] UID 1002 comm: gen_fast, count: 399699
CPU [0] UID 1002 comm: gen_fast, count: 399799
CPU [0] UID 1002 comm: gen_fast, count: 400022
CPU [0] UID 1002 comm: gen_fast, count: 400022
CPU [0] UID 1002 comm: gen_fast, count: 400099
CPU [0] UID 1002 comm: gen_fast, count: 400287
CPU [0] UID 1002 comm: gen_fast, count: 400299
CPU [0] UID 1002 comm: gen_fast, count: 400402
CPU [0] UID 1002 comm: gen_fast, count: 400531
CPU [0] UID 1002 comm: gen_fast, count: 400599
CPU [0] UID 1002 comm: gen_fast, count: 400743
CPU [0] UID 1002 comm: gen_fast, count: 400829
CPU [0] UID 1002 comm: gen_fast, count: 400899
CPU [0] UID 1002 comm: gen_fast, count: 400999
CPU [0] UID 1002 comm: gen_fast, count: 401119
CPU [0] UID 1002 comm: gen_fast, count: 401201
CPU [0] UID 1002 comm: gen_fast, count: 401365
CPU [0] UID 1002 comm: gen_fast, count: 401399
CPU [0] UID 1002 comm: gen_fast, count: 401526
CPU [0] UID 1002 comm: gen_fast, count: 401669
CPU [0] UID 1002 comm: gen_fast, count: 401699
CPU [0] UID 1002 comm: gen_fast, count: 401821
CPU [0] UID 1002 comm: gen_fast, count: 401899
CPU [0] UID 1002 comm: gen_fast, count: 401999
CPU [0] UID 1002 comm: gen_fast, count: 402138
CPU [0] UID 1002 comm: gen_fast, count: 402199
CPU [0] UID 1002 comm: gen_fast, count: 402301
CPU [0] UID 1002 comm: gen_fast, count: 402451
CPU [0] UID 1002 comm: gen_fast, count: 402593
CPU [0] UID 1002 comm: gen_fast, count: 402599
CPU [0] UID 1002 comm: gen_fast, count: 402716
CPU [0] UID 1002 comm: gen_fast, count: 402894
CPU [0] UID 1002 comm: gen_fast, count: 402899
CPU [0] UID 1002 comm: gen_fast, count: 403040
CPU [0] UID 1002 comm: gen_fast, count: 403134
CPU [0] UID 1002 comm: gen_fast, count: 403199
CPU [0] UID 1002 comm: gen_fast, count: 403311
CPU [0] UID 1002 comm: gen_fast, count: 403450
CPU [0] UID 1002 comm: gen_fast, count: 403524
CPU [0] UID 1002 comm: gen_fast, count: 403616
CPU [0] UID 1002 comm: gen_fast, count: 403735
CPU [0] UID 1002 comm: gen_fast, count: 403799
CPU [0] UID 1002 comm: gen_fast, count: 403911
CPU [0] UID 1002 comm: gen_fast, count: 403999
CPU [0] UID 1002 comm: gen_fast, count: 404099
CPU [0] UID 1002 comm: gen_fast, count: 404199
CPU [0] UID 1002 comm: gen_fast, count: 404363
CPU [0] UID 1002 comm: gen_fast, count: 404399
CPU [0] UID 1002 comm: gen_fast, count: 404574
CPU [0] UID 1002 comm: gen_fast, count: 404599
CPU [0] UID 1002 comm: gen_fast, count: 404730
CPU [0] UID 1002 comm: gen_fast, count: 404878
CPU [0] UID 1002 comm: gen_fast, count: 404899
CPU [0] UID 1002 comm: gen_fast, count: 404999
CPU [0] UID 1002 comm: gen_fast, count: 405138
CPU [0] UID 1002 comm: gen_fast, count: 405199
CPU [0] UID 1002 comm: gen_fast, count: 405301
CPU [0] UID 1002 comm: gen_fast, count: 405399
CPU [0] UID 1002 comm: gen_fast, count: 405499
CPU [0] UID 1002 comm: gen_fast, count: 405599
CPU [0] UID 1002 comm: gen_fast, count: 405699
CPU [0] UID 1002 comm: gen_fast, count: 405848
CPU [0] UID 1002 comm: gen_fast, count: 405899
CPU [0] UID 1002 comm: gen_fast, count: 406011
CPU [0] UID 1002 comm: gen_fast, count: 406099
CPU [0] UID 1002 comm: gen_fast, count: 406199
CPU [0] UID 1002 comm: gen_fast, count: 406345
CPU [0] UID 1002 comm: gen_fast, count: 406399
CPU [0] UID 1002 comm: gen_fast, count: 406530
CPU [0] UID 1002 comm: gen_fast, count: 406611
CPU [0] UID 1002 comm: gen_fast, count: 406699
CPU [0] UID 1002 comm: gen_fast, count: 406817
CPU [0] UID 1002 comm: gen_fast, count: 406899
CPU [0] UID 1002 comm: gen_fast, count: 407033
CPU [0] UID 1002 comm: gen_fast, count: 407099
CPU [0] UID 1002 comm: gen_fast, count: 407250
CPU [0] UID 1002 comm: gen_fast, count: 407299
CPU [0] UID 1002 comm: gen_fast, count: 407445
CPU [0] UID 1002 comm: gen_fast, count: 407648
CPU [0] UID 1002 comm: gen_fast, count: 407648
CPU [0] UID 1002 comm: gen_fast, count: 407831
CPU [0] UID 1002 comm: gen_fast, count: 407831
CPU [0] UID 1002 comm: gen_fast, count: 407899
CPU [0] UID 1002 comm: gen_fast, count: 407999
CPU [0] UID 1002 comm: gen_fast, count: 408148
CPU [0] UID 1002 comm: gen_fast, count: 408199
CPU [0] UID 1002 comm: gen_fast, count: 408299
CPU [0] UID 1002 comm: gen_fast, count: 408416
CPU [0] UID 1002 comm: gen_fast, count: 408508
CPU [0] UID 1002 comm: gen_fast, count: 408657
CPU [0] UID 1002 comm: gen_fast, count: 408699
CPU [0] UID 1002 comm: gen_fast, count: 408823
CPU [0] UID 1002 comm: gen_fast, count: 408899
CPU [0] UID 1002 comm: gen_fast, count: 408999
CPU [0] UID 1002 comm: gen_fast, count: 409128
CPU [0] UID 1002 comm: gen_fast, count: 409199
CPU [0] UID 1002 comm: gen_fast, count: 409299
CPU [0] UID 1002 comm: gen_fast, count: 409406
CPU [0] UID 1002 comm: gen_fast, count: 409587
CPU [0] UID 1002 comm: gen_fast, count: 409599
CPU [0] UID 1002 comm: gen_fast, count: 409699
CPU [0] UID 1002 comm: gen_fast, count: 409850
CPU [0] UID 1002 comm: gen_fast, count: 409899
CPU [0] UID 1002 comm: gen_fast, count: 409999
CPU [0] UID 1002 comm: gen_fast, count: 410099
CPU [0] UID 1002 comm: gen_fast, count: 410226
CPU [0] UID 1002 comm: gen_fast, count: 410299
CPU [0] UID 1002 comm: gen_fast, count: 410535
CPU [0] UID 1002 comm: gen_fast, count: 410535
CPU [0] UID 1002 comm: gen_fast, count: 410732
CPU [0] UID 1002 comm: gen_fast, count: 410732
CPU [0] UID 1002 comm: gen_fast, count: 410804
CPU [0] UID 1002 comm: gen_fast, count: 410899
CPU [0] UID 1002 comm: gen_fast, count: 411000
CPU [0] UID 1002 comm: gen_fast, count: 411158
CPU [0] UID 1002 comm: gen_fast, count: 411199
CPU [0] UID 1002 comm: gen_fast, count: 411316
CPU [0] UID 1002 comm: gen_fast, count: 411462
CPU [0] UID 1002 comm: gen_fast, count: 411499
CPU [0] UID 1002 comm: gen_fast, count: 411599
CPU [0] UID 1002 comm: gen_fast, count: 411738
CPU [0] UID 1002 comm: gen_fast, count: 411802
CPU [0] UID 1002 comm: gen_fast, count: 411973
CPU [0] UID 1002 comm: gen_fast, count: 411999
CPU [0] UID 1002 comm: gen_fast, count: 412130
CPU [0] UID 1002 comm: gen_fast, count: 412219
CPU [0] UID 1002 comm: gen_fast, count: 412306
CPU [0] UID 1002 comm: gen_fast, count: 412399
CPU [0] UID 1002 comm: gen_fast, count: 412499
CPU [0] UID 1002 comm: gen_fast, count: 412600
CPU [0] UID 1002 comm: gen_fast, count: 412752
CPU [0] UID 1002 comm: gen_fast, count: 412887
CPU [0] UID 1002 comm: gen_fast, count: 412899
CPU [0] UID 1002 comm: gen_fast, count: 413124
CPU [0] UID 1002 comm: gen_fast, count: 413124
CPU [0] UID 1002 comm: gen_fast, count: 413199
CPU [0] UID 1002 comm: gen_fast, count: 413375
CPU [0] UID 1002 comm: gen_fast, count: 413399
CPU [0] UID 1002 comm: gen_fast, count: 413558
CPU [0] UID 1002 comm: gen_fast, count: 413599
CPU [0] UID 1002 comm: gen_fast, count: 413733
CPU [0] UID 1002 comm: gen_fast, count: 413802
CPU [0] UID 1002 comm: gen_fast, count: 413899
CPU [0] UID 1002 comm: gen_fast, count: 414073
CPU [0] UID 1002 comm: gen_fast, count: 414099
CPU [0] UID 1002 comm: gen_fast, count: 414224
CPU [0] UID 1002 comm: gen_fast, count: 414375
CPU [0] UID 1002 comm: gen_fast, count: 414399
CPU [0] UID 1002 comm: gen_fast, count: 414507
CPU [0] UID 1002 comm: gen_fast, count: 414599
CPU [0] UID 1002 comm: gen_fast, count: 414699
CPU [0] UID 1002 comm: gen_fast, count: 414829
CPU [0] UID 1002 comm: gen_fast, count: 414899
CPU [0] UID 1002 comm: gen_fast, count: 415008
CPU [0] UID 1002 comm: gen_fast, count: 415137
CPU [0] UID 1002 comm: gen_fast, count: 415288
CPU [0] UID 1002 comm: gen_fast, count: 415299
CPU [0] UID 1002 comm: gen_fast, count: 415455
CPU [0] UID 1002 comm: gen_fast, count: 415499
CPU [0] UID 1002 comm: gen_fast, count: 415679
CPU [0] UID 1002 comm: gen_fast, count: 415699
CPU [0] UID 1002 comm: gen_fast, count: 415799
CPU [0] UID 1002 comm: gen_fast, count: 415905
CPU [0] UID 1002 comm: gen_fast, count: 416008
CPU [0] UID 1002 comm: gen_fast, count: 416189
CPU [0] UID 1002 comm: gen_fast, count: 416199
CPU [0] UID 1002 comm: gen_fast, count: 416376
CPU [0] UID 1002 comm: gen_fast, count: 416399
CPU [0] UID 1002 comm: gen_fast, count: 416499
CPU [0] UID 1002 comm: gen_fast, count: 416599
CPU [0] UID 1002 comm: gen_fast, count: 416699
CPU [0] UID 1002 comm: gen_fast, count: 416882
CPU [0] UID 1002 comm: gen_fast, count: 416899
CPU [0] UID 1002 comm: gen_fast, count: 416999
CPU [0] UID 1002 comm: gen_fast, count: 417108
CPU [0] UID 1002 comm: gen_fast, count: 417199
CPU [0] UID 1002 comm: gen_fast, count: 417324
CPU [0] UID 1002 comm: gen_fast, count: 417434
CPU [0] UID 1002 comm: gen_fast, count: 417499
CPU [0] UID 1002 comm: gen_fast, count: 417669
CPU [0] UID 1002 comm: gen_fast, count: 417699
CPU [0] UID 1002 comm: gen_fast, count: 417799
CPU [0] UID 1002 comm: gen_fast, count: 417907
CPU [0] UID 1002 comm: gen_fast, count: 417999
CPU [0] UID 1002 comm: gen_fast, count: 418170
CPU [0] UID 1002 comm: gen_fast, count: 418199
CPU [0] UID 1002 comm: gen_fast, count: 418320
CPU [0] UID 1002 comm: gen_fast, count: 418399
CPU [0] UID 1002 comm: gen_fast, count: 418523
CPU [0] UID 1002 comm: gen_fast, count: 418599
CPU [0] UID 1002 comm: gen_fast, count: 418793
CPU [0] UID 1002 comm: gen_fast, count: 418866
CPU [0] UID 1002 comm: gen_fast, count: 418899
CPU [0] UID 1002 comm: gen_fast, count: 418999
CPU [0] UID 1002 comm: gen_fast, count: 419196
CPU [0] UID 1002 comm: gen_fast, count: 419199
CPU [0] UID 1002 comm: gen_fast, count: 419319
CPU [0] UID 1002 comm: gen_fast, count: 419399
CPU [0] UID 1002 comm: gen_fast, count: 419499
CPU [0] UID 1002 comm: gen_fast, count: 419605
CPU [0] UID 1002 comm: gen_fast, count: 419699
CPU [0] UID 1002 comm: gen_fast, count: 419799
CPU [0] UID 1002 comm: gen_fast, count: 419924
CPU [0] UID 1002 comm: gen_fast, count: 420031
CPU [0] UID 1002 comm: gen_fast, count: 420238
CPU [0] UID 1002 comm: gen_fast, count: 420238
CPU [0] UID 1002 comm: gen_fast, count: 420299
CPU [0] UID 1002 comm: gen_fast, count: 420413
CPU [0] UID 1002 comm: gen_fast, count: 420499
CPU [0] UID 1002 comm: gen_fast, count: 420599
CPU [0] UID 1002 comm: gen_fast, count: 420699
CPU [0] UID 1002 comm: gen_fast, count: 420805
CPU [0] UID 1002 comm: gen_fast, count: 420899
CPU [0] UID 1002 comm: gen_fast, count: 421042
CPU [0] UID 1002 comm: gen_fast, count: 421099
CPU [0] UID 1002 comm: gen_fast, count: 421225
CPU [0] UID 1002 comm: gen_fast, count: 421299
CPU [0] UID 1002 comm: gen_fast, count: 421399
CPU [0] UID 1002 comm: gen_fast, count: 421509
CPU [0] UID 1002 comm: gen_fast, count: 421645
CPU [0] UID 1002 comm: gen_fast, count: 421699
CPU [0] UID 1002 comm: gen_fast, count: 421813
CPU [0] UID 1002 comm: gen_fast, count: 421921
CPU [0] UID 1002 comm: gen_fast, count: 421999
CPU [0] UID 1002 comm: gen_fast, count: 422136
CPU [0] UID 1002 comm: gen_fast, count: 422199
CPU [0] UID 1002 comm: gen_fast, count: 422299
CPU [0] UID 1002 comm: gen_fast, count: 422407
CPU [0] UID 1002 comm: gen_fast, count: 422510
CPU [0] UID 1002 comm: gen_fast, count: 422625
CPU [0] UID 1002 comm: gen_fast, count: 422808
CPU [0] UID 1002 comm: gen_fast, count: 422808
CPU [0] UID 1002 comm: gen_fast, count: 422900
CPU [0] UID 1002 comm: gen_fast, count: 423048
CPU [0] UID 1002 comm: gen_fast, count: 423099
CPU [0] UID 1002 comm: gen_fast, count: 423232
CPU [0] UID 1002 comm: gen_fast, count: 423385
CPU [0] UID 1002 comm: gen_fast, count: 423399
CPU [0] UID 1002 comm: gen_fast, count: 423530
CPU [0] UID 1002 comm: gen_fast, count: 423678
CPU [0] UID 1002 comm: gen_fast, count: 423699
CPU [0] UID 1002 comm: gen_fast, count: 423844
CPU [0] UID 1002 comm: gen_fast, count: 423899
CPU [0] UID 1002 comm: gen_fast, count: 424087
CPU [0] UID 1002 comm: gen_fast, count: 424099
CPU [0] UID 1002 comm: gen_fast, count: 424199
CPU [0] UID 1002 comm: gen_fast, count: 424304
CPU [0] UID 1002 comm: gen_fast, count: 424448
CPU [0] UID 1002 comm: gen_fast, count: 424509
CPU [0] UID 1002 comm: gen_fast, count: 424690
CPU [0] UID 1002 comm: gen_fast, count: 424763
CPU [0] UID 1002 comm: gen_fast, count: 424912
CPU [0] UID 1002 comm: gen_fast, count: 424912
CPU [0] UID 1002 comm: gen_fast, count: 425011
CPU [0] UID 1002 comm: gen_fast, count: 425102
CPU [0] UID 1002 comm: gen_fast, count: 425281
CPU [0] UID 1002 comm: gen_fast, count: 425299
CPU [0] UID 1002 comm: gen_fast, count: 425455
CPU [0] UID 1002 comm: gen_fast, count: 425583
CPU [0] UID 1002 comm: gen_fast, count: 425599
CPU [0] UID 1002 comm: gen_fast, count: 425740
CPU [0] UID 1002 comm: gen_fast, count: 425799
CPU [0] UID 1002 comm: gen_fast, count: 425899
CPU [0] UID 1002 comm: gen_fast, count: 426019
CPU [0] UID 1002 comm: gen_fast, count: 426134
CPU [0] UID 1002 comm: gen_fast, count: 426199
CPU [0] UID 1002 comm: gen_fast, count: 426300
CPU [0] UID 1002 comm: gen_fast, count: 426403
CPU [0] UID 1002 comm: gen_fast, count: 426499
CPU [0] UID 1002 comm: gen_fast, count: 426707
CPU [0] UID 1002 comm: gen_fast, count: 426707
CPU [0] UID 1002 comm: gen_fast, count: 426883
CPU [0] UID 1002 comm: gen_fast, count: 426899
CPU [0] UID 1002 comm: gen_fast, count: 427117
CPU [0] UID 1002 comm: gen_fast, count: 427117
CPU [0] UID 1002 comm: gen_fast, count: 427241
CPU [0] UID 1002 comm: gen_fast, count: 427352
CPU [0] UID 1002 comm: gen_fast, count: 427476
CPU [0] UID 1002 comm: gen_fast, count: 427499
CPU [0] UID 1002 comm: gen_fast, count: 427599
CPU [0] UID 1002 comm: gen_fast, count: 427699
CPU [0] UID 1002 comm: gen_fast, count: 427816
CPU [0] UID 1002 comm: gen_fast, count: 427899
CPU [0] UID 1002 comm: gen_fast, count: 428015
CPU [0] UID 1002 comm: gen_fast, count: 428166
CPU [0] UID 1002 comm: gen_fast, count: 428199
CPU [0] UID 1002 comm: gen_fast, count: 428299
CPU [0] UID 1002 comm: gen_fast, count: 428491
CPU [0] UID 1002 comm: gen_fast, count: 428499
CPU [0] UID 1002 comm: gen_fast, count: 428658
CPU [0] UID 1002 comm: gen_fast, count: 428699
CPU [0] UID 1002 comm: gen_fast, count: 428856
CPU [0] UID 1002 comm: gen_fast, count: 429002
CPU [0] UID 1002 comm: gen_fast, count: 429002
CPU [0] UID 1002 comm: gen_fast, count: 429099
CPU [0] UID 1002 comm: gen_fast, count: 429236
CPU [0] UID 1002 comm: gen_fast, count: 429313
CPU [0] UID 1002 comm: gen_fast, count: 429497
CPU [0] UID 1002 comm: gen_fast, count: 429499
CPU [0] UID 1002 comm: gen_fast, count: 429711
CPU [0] UID 1002 comm: gen_fast, count: 429711
CPU [0] UID 1002 comm: gen_fast, count: 429799
CPU [0] UID 1002 comm: gen_fast, count: 429938
CPU [0] UID 1002 comm: gen_fast, count: 429999
CPU [0] UID 1002 comm: gen_fast, count: 430099
CPU [0] UID 1002 comm: gen_fast, count: 430222
CPU [0] UID 1002 comm: gen_fast, count: 430347
CPU [0] UID 1002 comm: gen_fast, count: 430399
CPU [0] UID 1002 comm: gen_fast, count: 430499
CPU [0] UID 1002 comm: gen_fast, count: 430620
CPU [0] UID 1002 comm: gen_fast, count: 430785
CPU [0] UID 1002 comm: gen_fast, count: 430799
CPU [0] UID 1002 comm: gen_fast, count: 430934
CPU [0] UID 1002 comm: gen_fast, count: 430999
CPU [0] UID 1002 comm: gen_fast, count: 431099
CPU [0] UID 1002 comm: gen_fast, count: 431228
CPU [0] UID 1002 comm: gen_fast, count: 431299
CPU [0] UID 1002 comm: gen_fast, count: 431524
CPU [0] UID 1002 comm: gen_fast, count: 431524
CPU [0] UID 1002 comm: gen_fast, count: 431649
CPU [0] UID 1002 comm: gen_fast, count: 431699
CPU [0] UID 1002 comm: gen_fast, count: 431799
CPU [0] UID 1002 comm: gen_fast, count: 431989
CPU [0] UID 1002 comm: gen_fast, count: 431999
CPU [0] UID 1002 comm: gen_fast, count: 432181
CPU [0] UID 1002 comm: gen_fast, count: 432199
CPU [0] UID 1002 comm: gen_fast, count: 432299
CPU [0] UID 1002 comm: gen_fast, count: 432404
CPU [0] UID 1002 comm: gen_fast, count: 432568
CPU [0] UID 1002 comm: gen_fast, count: 432599
CPU [0] UID 1002 comm: gen_fast, count: 432822
CPU [0] UID 1002 comm: gen_fast, count: 432822
CPU [0] UID 1002 comm: gen_fast, count: 432919
CPU [0] UID 1002 comm: gen_fast, count: 433114
CPU [0] UID 1002 comm: gen_fast, count: 433114
CPU [0] UID 1002 comm: gen_fast, count: 433259
CPU [0] UID 1002 comm: gen_fast, count: 433299
CPU [0] UID 1002 comm: gen_fast, count: 433421
CPU [0] UID 1002 comm: gen_fast, count: 433624
CPU [0] UID 1002 comm: gen_fast, count: 433624
CPU [0] UID 1002 comm: gen_fast, count: 433699
CPU [0] UID 1002 comm: gen_fast, count: 433804
CPU [0] UID 1002 comm: gen_fast, count: 433979
CPU [0] UID 1002 comm: gen_fast, count: 433999
CPU [0] UID 1002 comm: gen_fast, count: 434227
CPU [0] UID 1002 comm: gen_fast, count: 434227
CPU [0] UID 1002 comm: gen_fast, count: 434299
CPU [0] UID 1002 comm: gen_fast, count: 434449
CPU [0] UID 1002 comm: gen_fast, count: 434499
CPU [0] UID 1002 comm: gen_fast, count: 434599
CPU [0] UID 1002 comm: gen_fast, count: 434699
CPU [0] UID 1002 comm: gen_fast, count: 434844
CPU [0] UID 1002 comm: gen_fast, count: 434899
CPU [0] UID 1002 comm: gen_fast, count: 435084
CPU [0] UID 1002 comm: gen_fast, count: 435099
CPU [0] UID 1002 comm: gen_fast, count: 435218
CPU [0] UID 1002 comm: gen_fast, count: 435299
CPU [0] UID 1002 comm: gen_fast, count: 435399
CPU [0] UID 1002 comm: gen_fast, count: 435578
CPU [0] UID 1002 comm: gen_fast, count: 435599
CPU [0] UID 1002 comm: gen_fast, count: 435699
CPU [0] UID 1002 comm: gen_fast, count: 435799
CPU [0] UID 1002 comm: gen_fast, count: 435963
CPU [0] UID 1002 comm: gen_fast, count: 435999
CPU [0] UID 1002 comm: gen_fast, count: 436099
CPU [0] UID 1002 comm: gen_fast, count: 436199
CPU [0] UID 1002 comm: gen_fast, count: 436299
CPU [0] UID 1002 comm: gen_fast, count: 436411
CPU [0] UID 1002 comm: gen_fast, count: 436566
CPU [0] UID 1002 comm: gen_fast, count: 436599
CPU [0] UID 1002 comm: gen_fast, count: 436738
CPU [0] UID 1002 comm: gen_fast, count: 436811
CPU [0] UID 1002 comm: gen_fast, count: 436967
CPU [0] UID 1002 comm: gen_fast, count: 436999
CPU [0] UID 1002 comm: gen_fast, count: 437099
CPU [0] UID 1002 comm: gen_fast, count: 437237
CPU [0] UID 1002 comm: gen_fast, count: 437299
CPU [0] UID 1002 comm: gen_fast, count: 437431
CPU [0] UID 1002 comm: gen_fast, count: 437634
CPU [0] UID 1002 comm: gen_fast, count: 437634
CPU [0] UID 1002 comm: gen_fast, count: 437699
CPU [0] UID 1002 comm: gen_fast, count: 437800
CPU [0] UID 1002 comm: gen_fast, count: 437960
CPU [0] UID 1002 comm: gen_fast, count: 437999
CPU [0] UID 1002 comm: gen_fast, count: 438099
CPU [0] UID 1002 comm: gen_fast, count: 438209
CPU [0] UID 1002 comm: gen_fast, count: 438299
CPU [0] UID 1002 comm: gen_fast, count: 438399
CPU [0] UID 1002 comm: gen_fast, count: 438515
CPU [0] UID 1002 comm: gen_fast, count: 438599
CPU [0] UID 1002 comm: gen_fast, count: 438745
CPU [0] UID 1002 comm: gen_fast, count: 438815
CPU [0] UID 1002 comm: gen_fast, count: 438899
CPU [0] UID 1002 comm: gen_fast, count: 438999
CPU [0] UID 1002 comm: gen_fast, count: 439129
CPU [0] UID 1002 comm: gen_fast, count: 439278
CPU [0] UID 1002 comm: gen_fast, count: 439356
CPU [0] UID 1002 comm: gen_fast, count: 439399
CPU [0] UID 1002 comm: gen_fast, count: 439557
CPU [0] UID 1002 comm: gen_fast, count: 439599
CPU [0] UID 1002 comm: gen_fast, count: 439724
CPU [0] UID 1002 comm: gen_fast, count: 439799
CPU [0] UID 1002 comm: gen_fast, count: 440025
CPU [0] UID 1002 comm: gen_fast, count: 440025
CPU [0] UID 1002 comm: gen_fast, count: 440099
CPU [0] UID 1002 comm: gen_fast, count: 440243
CPU [0] UID 1002 comm: gen_fast, count: 440299
CPU [0] UID 1002 comm: gen_fast, count: 440399
CPU [0] UID 1002 comm: gen_fast, count: 440515
CPU [0] UID 1002 comm: gen_fast, count: 440599
CPU [0] UID 1002 comm: gen_fast, count: 440699
CPU [0] UID 1002 comm: gen_fast, count: 440799
CPU [0] UID 1002 comm: gen_fast, count: 440899
CPU [0] UID 1002 comm: gen_fast, count: 441039
CPU [0] UID 1002 comm: gen_fast, count: 441114
CPU [0] UID 1002 comm: gen_fast, count: 441199
CPU [0] UID 1002 comm: gen_fast, count: 441318
CPU [0] UID 1002 comm: gen_fast, count: 441504
CPU [0] UID 1002 comm: gen_fast, count: 441504
CPU [0] UID 1002 comm: gen_fast, count: 441599
CPU [0] UID 1002 comm: gen_fast, count: 441800
CPU [0] UID 1002 comm: gen_fast, count: 441800
CPU [0] UID 1002 comm: gen_fast, count: 441936
CPU [0] UID 1002 comm: gen_fast, count: 442007
CPU [0] UID 1002 comm: gen_fast, count: 442137
CPU [0] UID 1002 comm: gen_fast, count: 442202
CPU [0] UID 1002 comm: gen_fast, count: 442405
CPU [0] UID 1002 comm: gen_fast, count: 442405
CPU [0] UID 1002 comm: gen_fast, count: 442499
CPU [0] UID 1002 comm: gen_fast, count: 442599
CPU [0] UID 1002 comm: gen_fast, count: 442794
CPU [0] UID 1002 comm: gen_fast, count: 442799
CPU [0] UID 1002 comm: gen_fast, count: 443031
CPU [0] UID 1002 comm: gen_fast, count: 443031
CPU [0] UID 1002 comm: gen_fast, count: 443099
CPU [0] UID 1002 comm: gen_fast, count: 443199
CPU [0] UID 1002 comm: gen_fast, count: 443305
CPU [0] UID 1002 comm: gen_fast, count: 443479
CPU [0] UID 1002 comm: gen_fast, count: 443499
CPU [0] UID 1002 comm: gen_fast, count: 443610
CPU [0] UID 1002 comm: gen_fast, count: 443699
CPU [0] UID 1002 comm: gen_fast, count: 443819
CPU [0] UID 1002 comm: gen_fast, count: 443909
CPU [0] UID 1002 comm: gen_fast, count: 443999
CPU [0] UID 1002 comm: gen_fast, count: 444099
CPU [0] UID 1002 comm: gen_fast, count: 444207
CPU [0] UID 1002 comm: gen_fast, count: 444407
CPU [0] UID 1002 comm: gen_fast, count: 444407
CPU [0] UID 1002 comm: gen_fast, count: 444576
CPU [0] UID 1002 comm: gen_fast, count: 444599
CPU [0] UID 1002 comm: gen_fast, count: 444822
CPU [0] UID 1002 comm: gen_fast, count: 444822
CPU [0] UID 1002 comm: gen_fast, count: 444899
CPU [0] UID 1002 comm: gen_fast, count: 444999
CPU [0] UID 1002 comm: gen_fast, count: 445133
CPU [0] UID 1002 comm: gen_fast, count: 445280
CPU [0] UID 1002 comm: gen_fast, count: 445299
CPU [0] UID 1002 comm: gen_fast, count: 445531
CPU [0] UID 1002 comm: gen_fast, count: 445531
CPU [0] UID 1002 comm: gen_fast, count: 445731
CPU [0] UID 1002 comm: gen_fast, count: 445731
CPU [0] UID 1002 comm: gen_fast, count: 445799
CPU [0] UID 1002 comm: gen_fast, count: 445899
CPU [0] UID 1002 comm: gen_fast, count: 445999
CPU [0] UID 1002 comm: gen_fast, count: 446117
CPU [0] UID 1002 comm: gen_fast, count: 446199
CPU [0] UID 1002 comm: gen_fast, count: 446299
CPU [0] UID 1002 comm: gen_fast, count: 446475
CPU [0] UID 1002 comm: gen_fast, count: 446499
CPU [0] UID 1002 comm: gen_fast, count: 446599
CPU [0] UID 1002 comm: gen_fast, count: 446699
CPU [0] UID 1002 comm: gen_fast, count: 446835
CPU [0] UID 1002 comm: gen_fast, count: 447018
CPU [0] UID 1002 comm: gen_fast, count: 447018
CPU [0] UID 1002 comm: gen_fast, count: 447099
CPU [0] UID 1002 comm: gen_fast, count: 447199
CPU [0] UID 1002 comm: gen_fast, count: 447299
CPU [0] UID 1002 comm: gen_fast, count: 447482
CPU [0] UID 1002 comm: gen_fast, count: 447499
CPU [0] UID 1002 comm: gen_fast, count: 447599
CPU [0] UID 1002 comm: gen_fast, count: 447699
CPU [0] UID 1002 comm: gen_fast, count: 447799
CPU [0] UID 1002 comm: gen_fast, count: 447934
CPU [0] UID 1002 comm: gen_fast, count: 448017
CPU [0] UID 1002 comm: gen_fast, count: 448211
CPU [0] UID 1002 comm: gen_fast, count: 448211
CPU [0] UID 1002 comm: gen_fast, count: 448299
CPU [0] UID 1002 comm: gen_fast, count: 448406
CPU [0] UID 1002 comm: gen_fast, count: 448499
CPU [0] UID 1002 comm: gen_fast, count: 448703
CPU [0] UID 1002 comm: gen_fast, count: 448703
CPU [0] UID 1002 comm: gen_fast, count: 448799
CPU [0] UID 1002 comm: gen_fast, count: 448960
CPU [0] UID 1002 comm: gen_fast, count: 448999
CPU [0] UID 1002 comm: gen_fast, count: 449099
CPU [0] UID 1002 comm: gen_fast, count: 449199
CPU [0] UID 1002 comm: gen_fast, count: 449340
CPU [0] UID 1002 comm: gen_fast, count: 449399
CPU [0] UID 1002 comm: gen_fast, count: 449529
CPU [0] UID 1002 comm: gen_fast, count: 449599
CPU [0] UID 1002 comm: gen_fast, count: 449747
CPU [0] UID 1002 comm: gen_fast, count: 449829
CPU [0] UID 1002 comm: gen_fast, count: 449899
CPU [0] UID 1002 comm: gen_fast, count: 450038
CPU [0] UID 1002 comm: gen_fast, count: 450106
CPU [0] UID 1002 comm: gen_fast, count: 450237
CPU [0] UID 1002 comm: gen_fast, count: 450306
CPU [0] UID 1002 comm: gen_fast, count: 450399
CPU [0] UID 1002 comm: gen_fast, count: 450545
CPU [0] UID 1002 comm: gen_fast, count: 450599
CPU [0] UID 1002 comm: gen_fast, count: 450708
CPU [0] UID 1002 comm: gen_fast, count: 450799
CPU [0] UID 1002 comm: gen_fast, count: 450936
CPU [0] UID 1002 comm: gen_fast, count: 450999
CPU [0] UID 1002 comm: gen_fast, count: 451099
CPU [0] UID 1002 comm: gen_fast, count: 451261
CPU [0] UID 1002 comm: gen_fast, count: 451316
CPU [0] UID 1002 comm: gen_fast, count: 451489
CPU [0] UID 1002 comm: gen_fast, count: 451499
CPU [0] UID 1002 comm: gen_fast, count: 451599
CPU [0] UID 1002 comm: gen_fast, count: 451719
CPU [0] UID 1002 comm: gen_fast, count: 451799
CPU [0] UID 1002 comm: gen_fast, count: 451899
CPU [0] UID 1002 comm: gen_fast, count: 451999
CPU [0] UID 1002 comm: gen_fast, count: 452099
CPU [0] UID 1002 comm: gen_fast, count: 452236
CPU [0] UID 1002 comm: gen_fast, count: 452435
CPU [0] UID 1002 comm: gen_fast, count: 452435
CPU [0] UID 1002 comm: gen_fast, count: 452499
CPU [0] UID 1002 comm: gen_fast, count: 452659
CPU [0] UID 1002 comm: gen_fast, count: 452699
CPU [0] UID 1002 comm: gen_fast, count: 452836
CPU [0] UID 1002 comm: gen_fast, count: 453036
CPU [0] UID 1002 comm: gen_fast, count: 453036
CPU [0] UID 1002 comm: gen_fast, count: 453099
CPU [0] UID 1002 comm: gen_fast, count: 453263
CPU [0] UID 1002 comm: gen_fast, count: 453299
CPU [0] UID 1002 comm: gen_fast, count: 453399
CPU [0] UID 1002 comm: gen_fast, count: 453578
CPU [0] UID 1002 comm: gen_fast, count: 453599
CPU [0] UID 1002 comm: gen_fast, count: 453706
CPU [0] UID 1002 comm: gen_fast, count: 453889
CPU [0] UID 1002 comm: gen_fast, count: 453899
CPU [0] UID 1002 comm: gen_fast, count: 454120
CPU [0] UID 1002 comm: gen_fast, count: 454120
CPU [0] UID 1002 comm: gen_fast, count: 454199
CPU [0] UID 1002 comm: gen_fast, count: 454362
CPU [0] UID 1002 comm: gen_fast, count: 454399
CPU [0] UID 1002 comm: gen_fast, count: 454545
CPU [0] UID 1002 comm: gen_fast, count: 454605
CPU [0] UID 1002 comm: gen_fast, count: 454704
CPU [0] UID 1002 comm: gen_fast, count: 454911
CPU [0] UID 1002 comm: gen_fast, count: 454911
CPU [0] UID 1002 comm: gen_fast, count: 454999
CPU [0] UID 1002 comm: gen_fast, count: 455099
CPU [0] UID 1002 comm: gen_fast, count: 455227
CPU [0] UID 1002 comm: gen_fast, count: 455299
CPU [0] UID 1002 comm: gen_fast, count: 455399
CPU [0] UID 1002 comm: gen_fast, count: 455499
CPU [0] UID 1002 comm: gen_fast, count: 455654
CPU [0] UID 1002 comm: gen_fast, count: 455699
CPU [0] UID 1002 comm: gen_fast, count: 455854
CPU [0] UID 1002 comm: gen_fast, count: 455899
CPU [0] UID 1002 comm: gen_fast, count: 455999
CPU [0] UID 1002 comm: gen_fast, count: 456115
CPU [0] UID 1002 comm: gen_fast, count: 456199
CPU [0] UID 1002 comm: gen_fast, count: 456411
CPU [0] UID 1002 comm: gen_fast, count: 456411
CPU [0] UID 1002 comm: gen_fast, count: 456499
CPU [0] UID 1002 comm: gen_fast, count: 456600
CPU [0] UID 1002 comm: gen_fast, count: 456797
CPU [0] UID 1002 comm: gen_fast, count: 456799
CPU [0] UID 1002 comm: gen_fast, count: 457011
CPU [0] UID 1002 comm: gen_fast, count: 457011
CPU [0] UID 1002 comm: gen_fast, count: 457099
CPU [0] UID 1002 comm: gen_fast, count: 457199
CPU [0] UID 1002 comm: gen_fast, count: 457299
CPU [0] UID 1002 comm: gen_fast, count: 457399
CPU [0] UID 1002 comm: gen_fast, count: 457534
CPU [0] UID 1002 comm: gen_fast, count: 457599
CPU [0] UID 1002 comm: gen_fast, count: 457699
CPU [0] UID 1002 comm: gen_fast, count: 457799
CPU [0] UID 1002 comm: gen_fast, count: 457918
CPU [0] UID 1002 comm: gen_fast, count: 458126
CPU [0] UID 1002 comm: gen_fast, count: 458126
CPU [0] UID 1002 comm: gen_fast, count: 458199
CPU [0] UID 1002 comm: gen_fast, count: 458299
CPU [0] UID 1002 comm: gen_fast, count: 458399
CPU [0] UID 1002 comm: gen_fast, count: 458499
CPU [0] UID 1002 comm: gen_fast, count: 458613
CPU [0] UID 1002 comm: gen_fast, count: 458699
CPU [0] UID 1002 comm: gen_fast, count: 458799
CPU [0] UID 1002 comm: gen_fast, count: 458899
CPU [0] UID 1002 comm: gen_fast, count: 459029
CPU [0] UID 1002 comm: gen_fast, count: 459099
CPU [0] UID 1002 comm: gen_fast, count: 459199
CPU [0] UID 1002 comm: gen_fast, count: 459450
CPU [0] UID 1002 comm: gen_fast, count: 459450
CPU [0] UID 1002 comm: gen_fast, count: 459499
CPU [0] UID 1002 comm: gen_fast, count: 459644
CPU [0] UID 1002 comm: gen_fast, count: 459699
CPU [0] UID 1002 comm: gen_fast, count: 459799
CPU [0] UID 1002 comm: gen_fast, count: 459974
CPU [0] UID 1002 comm: gen_fast, count: 459999
CPU [0] UID 1002 comm: gen_fast, count: 460099
CPU [0] UID 1002 comm: gen_fast, count: 460199
CPU [0] UID 1002 comm: gen_fast, count: 460389
CPU [0] UID 1002 comm: gen_fast, count: 460399
CPU [0] UID 1002 comm: gen_fast, count: 460584
CPU [0] UID 1002 comm: gen_fast, count: 460599
CPU [0] UID 1002 comm: gen_fast, count: 460835
CPU [0] UID 1002 comm: gen_fast, count: 460835
CPU [0] UID 1002 comm: gen_fast, count: 461020
CPU [0] UID 1002 comm: gen_fast, count: 461020
CPU [0] UID 1002 comm: gen_fast, count: 461099
CPU [0] UID 1002 comm: gen_fast, count: 461199
CPU [0] UID 1002 comm: gen_fast, count: 461299
CPU [0] UID 1002 comm: gen_fast, count: 461490
CPU [0] UID 1002 comm: gen_fast, count: 461499
CPU [0] UID 1002 comm: gen_fast, count: 461745
CPU [0] UID 1002 comm: gen_fast, count: 461745
CPU [0] UID 1002 comm: gen_fast, count: 461799
CPU [0] UID 1002 comm: gen_fast, count: 461938
CPU [0] UID 1002 comm: gen_fast, count: 461999
CPU [0] UID 1002 comm: gen_fast, count: 462099
CPU [0] UID 1002 comm: gen_fast, count: 462236
CPU [0] UID 1002 comm: gen_fast, count: 462444
CPU [0] UID 1002 comm: gen_fast, count: 462444
CPU [0] UID 1002 comm: gen_fast, count: 462499
CPU [0] UID 1002 comm: gen_fast, count: 462610
CPU [0] UID 1002 comm: gen_fast, count: 462779
CPU [0] UID 1002 comm: gen_fast, count: 462799
CPU [0] UID 1002 comm: gen_fast, count: 462993
CPU [0] UID 1002 comm: gen_fast, count: 462999
CPU [0] UID 1002 comm: gen_fast, count: 463155
CPU [0] UID 1002 comm: gen_fast, count: 463199
CPU [0] UID 1002 comm: gen_fast, count: 463352
CPU [0] UID 1002 comm: gen_fast, count: 463399
CPU [0] UID 1002 comm: gen_fast, count: 463499
CPU [0] UID 1002 comm: gen_fast, count: 463599
CPU [0] UID 1002 comm: gen_fast, count: 463699
CPU [0] UID 1002 comm: gen_fast, count: 463799
CPU [0] UID 1002 comm: gen_fast, count: 463939
CPU [0] UID 1002 comm: gen_fast, count: 464083
CPU [0] UID 1002 comm: gen_fast, count: 464099
CPU [0] UID 1002 comm: gen_fast, count: 464247
CPU [0] UID 1002 comm: gen_fast, count: 464299
CPU [0] UID 1002 comm: gen_fast, count: 464433
CPU [0] UID 1002 comm: gen_fast, count: 464499
CPU [0] UID 1002 comm: gen_fast, count: 464633
CPU [0] UID 1002 comm: gen_fast, count: 464713
CPU [0] UID 1002 comm: gen_fast, count: 464799
CPU [0] UID 1002 comm: gen_fast, count: 464934
CPU [0] UID 1002 comm: gen_fast, count: 464999
CPU [0] UID 1002 comm: gen_fast, count: 465203
CPU [0] UID 1002 comm: gen_fast, count: 465203
CPU [0] UID 1002 comm: gen_fast, count: 465299
CPU [0] UID 1002 comm: gen_fast, count: 465399
CPU [0] UID 1002 comm: gen_fast, count: 465519
CPU [0] UID 1002 comm: gen_fast, count: 465676
CPU [0] UID 1002 comm: gen_fast, count: 465699
CPU [0] UID 1002 comm: gen_fast, count: 465804
CPU [0] UID 1002 comm: gen_fast, count: 465899
CPU [0] UID 1002 comm: gen_fast, count: 466081
CPU [0] UID 1002 comm: gen_fast, count: 466099
CPU [0] UID 1002 comm: gen_fast, count: 466199
CPU [0] UID 1002 comm: gen_fast, count: 466299
CPU [0] UID 1002 comm: gen_fast, count: 466434
CPU [0] UID 1002 comm: gen_fast, count: 466499
CPU [0] UID 1002 comm: gen_fast, count: 466607
CPU [0] UID 1002 comm: gen_fast, count: 466699
CPU [0] UID 1002 comm: gen_fast, count: 466898
CPU [0] UID 1002 comm: gen_fast, count: 466899
CPU [0] UID 1002 comm: gen_fast, count: 466999
CPU [0] UID 1002 comm: gen_fast, count: 467107
CPU [0] UID 1002 comm: gen_fast, count: 467211
CPU [0] UID 1002 comm: gen_fast, count: 467343
CPU [0] UID 1002 comm: gen_fast, count: 467404
CPU [0] UID 1002 comm: gen_fast, count: 467516
CPU [0] UID 1002 comm: gen_fast, count: 467646
CPU [0] UID 1002 comm: gen_fast, count: 467723
CPU [0] UID 1002 comm: gen_fast, count: 467920
CPU [0] UID 1002 comm: gen_fast, count: 467920
CPU [0] UID 1002 comm: gen_fast, count: 468087
CPU [0] UID 1002 comm: gen_fast, count: 468099
CPU [0] UID 1002 comm: gen_fast, count: 468199
CPU [0] UID 1002 comm: gen_fast, count: 468314
CPU [0] UID 1002 comm: gen_fast, count: 468399
CPU [0] UID 1002 comm: gen_fast, count: 468499
CPU [0] UID 1002 comm: gen_fast, count: 468606
CPU [0] UID 1002 comm: gen_fast, count: 468752
CPU [0] UID 1002 comm: gen_fast, count: 468823
CPU [0] UID 1002 comm: gen_fast, count: 468899
CPU [0] UID 1002 comm: gen_fast, count: 468999
CPU [0] UID 1002 comm: gen_fast, count: 469225
CPU [0] UID 1002 comm: gen_fast, count: 469225
CPU [0] UID 1002 comm: gen_fast, count: 469340
CPU [0] UID 1002 comm: gen_fast, count: 469534
CPU [0] UID 1002 comm: gen_fast, count: 469534
CPU [0] UID 1002 comm: gen_fast, count: 469599
CPU [0] UID 1002 comm: gen_fast, count: 469704
CPU [0] UID 1002 comm: gen_fast, count: 469799
CPU [0] UID 1002 comm: gen_fast, count: 470004
CPU [0] UID 1002 comm: gen_fast, count: 470004
CPU [0] UID 1002 comm: gen_fast, count: 470099
CPU [0] UID 1002 comm: gen_fast, count: 470206
CPU [0] UID 1002 comm: gen_fast, count: 470375
CPU [0] UID 1002 comm: gen_fast, count: 470399
CPU [0] UID 1002 comm: gen_fast, count: 470606
CPU [0] UID 1002 comm: gen_fast, count: 470606
CPU [0] UID 1002 comm: gen_fast, count: 470699
CPU [0] UID 1002 comm: gen_fast, count: 470799
CPU [0] UID 1002 comm: gen_fast, count: 471000
CPU [0] UID 1002 comm: gen_fast, count: 471000
CPU [0] UID 1002 comm: gen_fast, count: 471149
CPU [0] UID 1002 comm: gen_fast, count: 471226
CPU [0] UID 1002 comm: gen_fast, count: 471312
CPU [0] UID 1002 comm: gen_fast, count: 471399
CPU [0] UID 1002 comm: gen_fast, count: 471600
CPU [0] UID 1002 comm: gen_fast, count: 471600
CPU [0] UID 1002 comm: gen_fast, count: 471699
CPU [0] UID 1002 comm: gen_fast, count: 471825
CPU [0] UID 1002 comm: gen_fast, count: 471985
CPU [0] UID 1002 comm: gen_fast, count: 471999
CPU [0] UID 1002 comm: gen_fast, count: 472228
CPU [0] UID 1002 comm: gen_fast, count: 472228
CPU [0] UID 1002 comm: gen_fast, count: 472299
CPU [0] UID 1002 comm: gen_fast, count: 472442
CPU [0] UID 1002 comm: gen_fast, count: 472651
CPU [0] UID 1002 comm: gen_fast, count: 472651
CPU [0] UID 1002 comm: gen_fast, count: 472734
CPU [0] UID 1002 comm: gen_fast, count: 472799
CPU [0] UID 1002 comm: gen_fast, count: 472899
CPU [0] UID 1002 comm: gen_fast, count: 473033
CPU [0] UID 1002 comm: gen_fast, count: 473099
CPU [0] UID 1002 comm: gen_fast, count: 473255
CPU [0] UID 1002 comm: gen_fast, count: 473299
CPU [0] UID 1002 comm: gen_fast, count: 473399
CPU [0] UID 1002 comm: gen_fast, count: 473499
CPU [0] UID 1002 comm: gen_fast, count: 473663
CPU [0] UID 1002 comm: gen_fast, count: 473699
CPU [0] UID 1002 comm: gen_fast, count: 473816
CPU [0] UID 1002 comm: gen_fast, count: 473931
CPU [0] UID 1002 comm: gen_fast, count: 474010
CPU [0] UID 1002 comm: gen_fast, count: 474099
CPU [0] UID 1002 comm: gen_fast, count: 474199
CPU [0] UID 1002 comm: gen_fast, count: 474331
CPU [0] UID 1002 comm: gen_fast, count: 474399
CPU [0] UID 1002 comm: gen_fast, count: 474499
CPU [0] UID 1002 comm: gen_fast, count: 474633
CPU [0] UID 1002 comm: gen_fast, count: 474699
CPU [0] UID 1002 comm: gen_fast, count: 474863
CPU [0] UID 1002 comm: gen_fast, count: 474899
CPU [0] UID 1002 comm: gen_fast, count: 475019
CPU [0] UID 1002 comm: gen_fast, count: 475177
CPU [0] UID 1002 comm: gen_fast, count: 475199
CPU [0] UID 1002 comm: gen_fast, count: 475324
CPU [0] UID 1002 comm: gen_fast, count: 475399
CPU [0] UID 1002 comm: gen_fast, count: 475499
CPU [0] UID 1002 comm: gen_fast, count: 475647
CPU [0] UID 1002 comm: gen_fast, count: 475699
CPU [0] UID 1002 comm: gen_fast, count: 475895
CPU [0] UID 1002 comm: gen_fast, count: 475899
CPU [0] UID 1002 comm: gen_fast, count: 476151
CPU [0] UID 1002 comm: gen_fast, count: 476151
CPU [0] UID 1002 comm: gen_fast, count: 476343
CPU [0] UID 1002 comm: gen_fast, count: 476343
CPU [0] UID 1002 comm: gen_fast, count: 476399
CPU [0] UID 1002 comm: gen_fast, count: 476522
CPU [0] UID 1002 comm: gen_fast, count: 476632
CPU [0] UID 1002 comm: gen_fast, count: 476699
CPU [0] UID 1002 comm: gen_fast, count: 476799
CPU [0] UID 1002 comm: gen_fast, count: 476938
CPU [0] UID 1002 comm: gen_fast, count: 477024
CPU [0] UID 1002 comm: gen_fast, count: 477099
CPU [0] UID 1002 comm: gen_fast, count: 477277
CPU [0] UID 1002 comm: gen_fast, count: 477299
CPU [0] UID 1002 comm: gen_fast, count: 477466
CPU [0] UID 1002 comm: gen_fast, count: 477608
CPU [0] UID 1002 comm: gen_fast, count: 477608
CPU [0] UID 1002 comm: gen_fast, count: 477699
CPU [0] UID 1002 comm: gen_fast, count: 477819
CPU [0] UID 1002 comm: gen_fast, count: 477976
CPU [0] UID 1002 comm: gen_fast, count: 477999
CPU [0] UID 1002 comm: gen_fast, count: 478156
CPU [0] UID 1002 comm: gen_fast, count: 478296
CPU [0] UID 1002 comm: gen_fast, count: 478299
CPU [0] UID 1002 comm: gen_fast, count: 478399
CPU [0] UID 1002 comm: gen_fast, count: 478499
CPU [0] UID 1002 comm: gen_fast, count: 478599
CPU [0] UID 1002 comm: gen_fast, count: 478699
CPU [0] UID 1002 comm: gen_fast, count: 478799
CPU [0] UID 1002 comm: gen_fast, count: 479008
CPU [0] UID 1002 comm: gen_fast, count: 479008
CPU [0] UID 1002 comm: gen_fast, count: 479141
CPU [0] UID 1002 comm: gen_fast, count: 479275
CPU [0] UID 1002 comm: gen_fast, count: 479299
CPU [0] UID 1002 comm: gen_fast, count: 479399
CPU [0] UID 1002 comm: gen_fast, count: 479509
CPU [0] UID 1002 comm: gen_fast, count: 479600
CPU [0] UID 1002 comm: gen_fast, count: 479736
CPU [0] UID 1002 comm: gen_fast, count: 479799
CPU [0] UID 1002 comm: gen_fast, count: 479912
CPU [0] UID 1002 comm: gen_fast, count: 480008
CPU [0] UID 1002 comm: gen_fast, count: 480125
CPU [0] UID 1002 comm: gen_fast, count: 480251
CPU [0] UID 1002 comm: gen_fast, count: 480390
CPU [0] UID 1002 comm: gen_fast, count: 480399
CPU [0] UID 1002 comm: gen_fast, count: 480544
CPU [0] UID 1002 comm: gen_fast, count: 480599
CPU [0] UID 1002 comm: gen_fast, count: 480733
CPU [0] UID 1002 comm: gen_fast, count: 480799
CPU [0] UID 1002 comm: gen_fast, count: 480925
CPU [0] UID 1002 comm: gen_fast, count: 481014
CPU [0] UID 1002 comm: gen_fast, count: 481099
CPU [0] UID 1002 comm: gen_fast, count: 481305
CPU [0] UID 1002 comm: gen_fast, count: 481305
CPU [0] UID 1002 comm: gen_fast, count: 481399
CPU [0] UID 1002 comm: gen_fast, count: 481518
CPU [0] UID 1002 comm: gen_fast, count: 481647
CPU [0] UID 1002 comm: gen_fast, count: 481734
CPU [0] UID 1002 comm: gen_fast, count: 481799
CPU [0] UID 1002 comm: gen_fast, count: 481904
CPU [0] UID 1002 comm: gen_fast, count: 482149
CPU [0] UID 1002 comm: gen_fast, count: 482149
CPU [0] UID 1002 comm: gen_fast, count: 482340
CPU [0] UID 1002 comm: gen_fast, count: 482340
CPU [0] UID 1002 comm: gen_fast, count: 482399
CPU [0] UID 1002 comm: gen_fast, count: 482525
CPU [0] UID 1002 comm: gen_fast, count: 482619
CPU [0] UID 1002 comm: gen_fast, count: 482733
CPU [0] UID 1002 comm: gen_fast, count: 482799
CPU [0] UID 1002 comm: gen_fast, count: 482899
CPU [0] UID 1002 comm: gen_fast, count: 483009
CPU [0] UID 1002 comm: gen_fast, count: 483124
CPU [0] UID 1002 comm: gen_fast, count: 483199
CPU [0] UID 1002 comm: gen_fast, count: 483383
CPU [0] UID 1002 comm: gen_fast, count: 483399
CPU [0] UID 1002 comm: gen_fast, count: 483528
CPU [0] UID 1002 comm: gen_fast, count: 483599
CPU [0] UID 1002 comm: gen_fast, count: 483760
CPU [0] UID 1002 comm: gen_fast, count: 483799
CPU [0] UID 1002 comm: gen_fast, count: 483937
CPU [0] UID 1002 comm: gen_fast, count: 483999
CPU [0] UID 1002 comm: gen_fast, count: 484108
CPU [0] UID 1002 comm: gen_fast, count: 484199
CPU [0] UID 1002 comm: gen_fast, count: 484299
CPU [0] UID 1002 comm: gen_fast, count: 484413
CPU [0] UID 1002 comm: gen_fast, count: 484499
CPU [0] UID 1002 comm: gen_fast, count: 484599
CPU [0] UID 1002 comm: gen_fast, count: 484699
CPU [0] UID 1002 comm: gen_fast, count: 484807
CPU [0] UID 1002 comm: gen_fast, count: 484922
CPU [0] UID 1002 comm: gen_fast, count: 484999
CPU [0] UID 1002 comm: gen_fast, count: 485123
CPU [0] UID 1002 comm: gen_fast, count: 485215
CPU [0] UID 1002 comm: gen_fast, count: 485355
CPU [0] UID 1002 comm: gen_fast, count: 485399
CPU [0] UID 1002 comm: gen_fast, count: 485528
CPU [0] UID 1002 comm: gen_fast, count: 485599
CPU [0] UID 1002 comm: gen_fast, count: 485704
CPU [0] UID 1002 comm: gen_fast, count: 485799
CPU [0] UID 1002 comm: gen_fast, count: 485995
CPU [0] UID 1002 comm: gen_fast, count: 485999
CPU [0] UID 1002 comm: gen_fast, count: 486168
CPU [0] UID 1002 comm: gen_fast, count: 486199
CPU [0] UID 1002 comm: gen_fast, count: 486299
CPU [0] UID 1002 comm: gen_fast, count: 486399
CPU [0] UID 1002 comm: gen_fast, count: 486499
CPU [0] UID 1002 comm: gen_fast, count: 486599
CPU [0] UID 1002 comm: gen_fast, count: 486699
CPU [0] UID 1002 comm: gen_fast, count: 486799
CPU [0] UID 1002 comm: gen_fast, count: 486899
CPU [0] UID 1002 comm: gen_fast, count: 487012
CPU [0] UID 1002 comm: gen_fast, count: 487125
CPU [0] UID 1002 comm: gen_fast, count: 487199
CPU [0] UID 1002 comm: gen_fast, count: 487358
CPU [0] UID 1002 comm: gen_fast, count: 487483
CPU [0] UID 1002 comm: gen_fast, count: 487499
CPU [0] UID 1002 comm: gen_fast, count: 487599
CPU [0] UID 1002 comm: gen_fast, count: 487699
CPU [0] UID 1002 comm: gen_fast, count: 487799
CPU [0] UID 1002 comm: gen_fast, count: 487899
CPU [0] UID 1002 comm: gen_fast, count: 488002
CPU [0] UID 1002 comm: gen_fast, count: 488107
CPU [0] UID 1002 comm: gen_fast, count: 488199
CPU [0] UID 1002 comm: gen_fast, count: 488299
CPU [0] UID 1002 comm: gen_fast, count: 488399
CPU [0] UID 1002 comm: gen_fast, count: 488523
CPU [0] UID 1002 comm: gen_fast, count: 488702
CPU [0] UID 1002 comm: gen_fast, count: 488702
CPU [0] UID 1002 comm: gen_fast, count: 488864
CPU [0] UID 1002 comm: gen_fast, count: 488899
CPU [0] UID 1002 comm: gen_fast, count: 488999
CPU [0] UID 1002 comm: gen_fast, count: 489101
CPU [0] UID 1002 comm: gen_fast, count: 489272
CPU [0] UID 1002 comm: gen_fast, count: 489299
CPU [0] UID 1002 comm: gen_fast, count: 489448
CPU [0] UID 1002 comm: gen_fast, count: 489578
CPU [0] UID 1002 comm: gen_fast, count: 489599
CPU [0] UID 1002 comm: gen_fast, count: 489699
CPU [0] UID 1002 comm: gen_fast, count: 489802
CPU [0] UID 1002 comm: gen_fast, count: 489927
CPU [0] UID 1002 comm: gen_fast, count: 490002
CPU [0] UID 1002 comm: gen_fast, count: 490099
CPU [0] UID 1002 comm: gen_fast, count: 490227
CPU [0] UID 1002 comm: gen_fast, count: 490299
CPU [0] UID 1002 comm: gen_fast, count: 490399
CPU [0] UID 1002 comm: gen_fast, count: 490560
CPU [0] UID 1002 comm: gen_fast, count: 490599
CPU [0] UID 1002 comm: gen_fast, count: 490807
CPU [0] UID 1002 comm: gen_fast, count: 490807
CPU [0] UID 1002 comm: gen_fast, count: 490983
CPU [0] UID 1002 comm: gen_fast, count: 490999
CPU [0] UID 1002 comm: gen_fast, count: 491159
CPU [0] UID 1002 comm: gen_fast, count: 491199
CPU [0] UID 1002 comm: gen_fast, count: 491332
CPU [0] UID 1002 comm: gen_fast, count: 491408
CPU [0] UID 1002 comm: gen_fast, count: 491499
CPU [0] UID 1002 comm: gen_fast, count: 491683
CPU [0] UID 1002 comm: gen_fast, count: 491699
CPU [0] UID 1002 comm: gen_fast, count: 491927
CPU [0] UID 1002 comm: gen_fast, count: 491927
CPU [0] UID 1002 comm: gen_fast, count: 491999
CPU [0] UID 1002 comm: gen_fast, count: 492160
CPU [0] UID 1002 comm: gen_fast, count: 492199
CPU [0] UID 1002 comm: gen_fast, count: 492398
CPU [0] UID 1002 comm: gen_fast, count: 492399
CPU [0] UID 1002 comm: gen_fast, count: 492643
CPU [0] UID 1002 comm: gen_fast, count: 492643
CPU [0] UID 1002 comm: gen_fast, count: 492699
CPU [0] UID 1002 comm: gen_fast, count: 492891
CPU [0] UID 1002 comm: gen_fast, count: 492899
CPU [0] UID 1002 comm: gen_fast, count: 492999
CPU [0] UID 1002 comm: gen_fast, count: 493129
CPU [0] UID 1002 comm: gen_fast, count: 493199
CPU [0] UID 1002 comm: gen_fast, count: 493303
CPU [0] UID 1002 comm: gen_fast, count: 493399
CPU [0] UID 1002 comm: gen_fast, count: 493499
CPU [0] UID 1002 comm: gen_fast, count: 493695
CPU [0] UID 1002 comm: gen_fast, count: 493699
CPU [0] UID 1002 comm: gen_fast, count: 493835
CPU [0] UID 1002 comm: gen_fast, count: 493899
CPU [0] UID 1002 comm: gen_fast, count: 494026
CPU [0] UID 1002 comm: gen_fast, count: 494199
CPU [0] UID 1002 comm: gen_fast, count: 494199
CPU [0] UID 1002 comm: gen_fast, count: 494299
CPU [0] UID 1002 comm: gen_fast, count: 494417
CPU [0] UID 1002 comm: gen_fast, count: 494584
CPU [0] UID 1002 comm: gen_fast, count: 494599
CPU [0] UID 1002 comm: gen_fast, count: 494720
CPU [0] UID 1002 comm: gen_fast, count: 494893
CPU [0] UID 1002 comm: gen_fast, count: 494899
CPU [0] UID 1002 comm: gen_fast, count: 494999
CPU [0] UID 1002 comm: gen_fast, count: 495099
CPU [0] UID 1002 comm: gen_fast, count: 495249
CPU [0] UID 1002 comm: gen_fast, count: 495442
CPU [0] UID 1002 comm: gen_fast, count: 495442
CPU [0] UID 1002 comm: gen_fast, count: 495499
CPU [0] UID 1002 comm: gen_fast, count: 495617
CPU [0] UID 1002 comm: gen_fast, count: 495699
CPU [0] UID 1002 comm: gen_fast, count: 495799
CPU [0] UID 1002 comm: gen_fast, count: 495916
CPU [0] UID 1002 comm: gen_fast, count: 496014
CPU [0] UID 1002 comm: gen_fast, count: 496184
CPU [0] UID 1002 comm: gen_fast, count: 496199
CPU [0] UID 1002 comm: gen_fast, count: 496318
CPU [0] UID 1002 comm: gen_fast, count: 496503
CPU [0] UID 1002 comm: gen_fast, count: 496503
CPU [0] UID 1002 comm: gen_fast, count: 496741
CPU [0] UID 1002 comm: gen_fast, count: 496741
CPU [0] UID 1002 comm: gen_fast, count: 496914
CPU [0] UID 1002 comm: gen_fast, count: 496914
CPU [0] UID 1002 comm: gen_fast, count: 496999
CPU [0] UID 1002 comm: gen_fast, count: 497127
CPU [0] UID 1002 comm: gen_fast, count: 497199
CPU [0] UID 1002 comm: gen_fast, count: 497327
CPU [0] UID 1002 comm: gen_fast, count: 497399
CPU [0] UID 1002 comm: gen_fast, count: 497515
CPU [0] UID 1002 comm: gen_fast, count: 497599
CPU [0] UID 1002 comm: gen_fast, count: 497733
CPU [0] UID 1002 comm: gen_fast, count: 497815
CPU [0] UID 1002 comm: gen_fast, count: 497899
CPU [0] UID 1002 comm: gen_fast, count: 498025
CPU [0] UID 1002 comm: gen_fast, count: 498099
CPU [0] UID 1002 comm: gen_fast, count: 498199
CPU [0] UID 1002 comm: gen_fast, count: 498351
CPU [0] UID 1002 comm: gen_fast, count: 498399
CPU [0] UID 1002 comm: gen_fast, count: 498499
CPU [0] UID 1002 comm: gen_fast, count: 498700
CPU [0] UID 1002 comm: gen_fast, count: 498700
CPU [0] UID 1002 comm: gen_fast, count: 498854
CPU [0] UID 1002 comm: gen_fast, count: 498899
CPU [0] UID 1002 comm: gen_fast, count: 498999
CPU [0] UID 1002 comm: gen_fast, count: 499139
CPU [0] UID 1002 comm: gen_fast, count: 499199
CPU [0] UID 1002 comm: gen_fast, count: 499301
CPU [0] UID 1002 comm: gen_fast, count: 499399
CPU [0] UID 1002 comm: gen_fast, count: 499499
CPU [0] UID 1002 comm: gen_fast, count: 499599
CPU [0] UID 1002 comm: gen_fast, count: 499699
CPU [0] UID 1002 comm: gen_fast, count: 499823
CPU [0] UID 1002 comm: gen_fast, count: 499940
CPU [0] UID 1002 comm: gen_fast, count: 499999
CPU [0] UID 1002 comm: gen_fast, count: 500099
CPU [0] UID 1002 comm: gen_fast, count: 500232
CPU [0] UID 1002 comm: gen_fast, count: 500302
CPU [0] UID 1002 comm: gen_fast, count: 500399
CPU [0] UID 1002 comm: gen_fast, count: 500559
CPU [0] UID 1002 comm: gen_fast, count: 500599
CPU [0] UID 1002 comm: gen_fast, count: 500762
CPU [0] UID 1002 comm: gen_fast, count: 500799
CPU [0] UID 1002 comm: gen_fast, count: 500922
CPU [0] UID 1002 comm: gen_fast, count: 501092
CPU [0] UID 1002 comm: gen_fast, count: 501099
CPU [0] UID 1002 comm: gen_fast, count: 501229
CPU [0] UID 1002 comm: gen_fast, count: 501434
CPU [0] UID 1002 comm: gen_fast, count: 501434
CPU [0] UID 1002 comm: gen_fast, count: 501499
CPU [0] UID 1002 comm: gen_fast, count: 501648
CPU [0] UID 1002 comm: gen_fast, count: 501739
CPU [0] UID 1002 comm: gen_fast, count: 501799
CPU [0] UID 1002 comm: gen_fast, count: 501938
CPU [0] UID 1002 comm: gen_fast, count: 501999
CPU [0] UID 1002 comm: gen_fast, count: 502190
CPU [0] UID 1002 comm: gen_fast, count: 502199
CPU [0] UID 1002 comm: gen_fast, count: 502449
CPU [0] UID 1002 comm: gen_fast, count: 502449
CPU [0] UID 1002 comm: gen_fast, count: 502499
CPU [0] UID 1002 comm: gen_fast, count: 502708
CPU [0] UID 1002 comm: gen_fast, count: 502708
CPU [0] UID 1002 comm: gen_fast, count: 502799
CPU [0] UID 1002 comm: gen_fast, count: 502899
CPU [0] UID 1002 comm: gen_fast, count: 503001
CPU [0] UID 1002 comm: gen_fast, count: 503166
CPU [0] UID 1002 comm: gen_fast, count: 503199
CPU [0] UID 1002 comm: gen_fast, count: 503304
CPU [0] UID 1002 comm: gen_fast, count: 503399
CPU [0] UID 1002 comm: gen_fast, count: 503499
CPU [0] UID 1002 comm: gen_fast, count: 503687
CPU [0] UID 1002 comm: gen_fast, count: 503699
CPU [0] UID 1002 comm: gen_fast, count: 503799
CPU [0] UID 1002 comm: gen_fast, count: 503921
CPU [0] UID 1002 comm: gen_fast, count: 503999
CPU [0] UID 1002 comm: gen_fast, count: 504099
CPU [0] UID 1002 comm: gen_fast, count: 504224
CPU [0] UID 1002 comm: gen_fast, count: 504299
CPU [0] UID 1002 comm: gen_fast, count: 504399
CPU [0] UID 1002 comm: gen_fast, count: 504564
CPU [0] UID 1002 comm: gen_fast, count: 504599
CPU [0] UID 1002 comm: gen_fast, count: 504699
CPU [0] UID 1002 comm: gen_fast, count: 504799
CPU [0] UID 1002 comm: gen_fast, count: 504899
CPU [0] UID 1002 comm: gen_fast, count: 505128
CPU [0] UID 1002 comm: gen_fast, count: 505128
CPU [0] UID 1002 comm: gen_fast, count: 505199
CPU [0] UID 1002 comm: gen_fast, count: 505299
CPU [0] UID 1002 comm: gen_fast, count: 505474
CPU [0] UID 1002 comm: gen_fast, count: 505499
CPU [0] UID 1002 comm: gen_fast, count: 505599
CPU [0] UID 1002 comm: gen_fast, count: 505699
CPU [0] UID 1002 comm: gen_fast, count: 505799
CPU [0] UID 1002 comm: gen_fast, count: 505929
CPU [0] UID 1002 comm: gen_fast, count: 506135
CPU [0] UID 1002 comm: gen_fast, count: 506135
CPU [0] UID 1002 comm: gen_fast, count: 506199
CPU [0] UID 1002 comm: gen_fast, count: 506299
CPU [0] UID 1002 comm: gen_fast, count: 506409
CPU [0] UID 1002 comm: gen_fast, count: 506499
CPU [0] UID 1002 comm: gen_fast, count: 506599
CPU [0] UID 1002 comm: gen_fast, count: 506739
CPU [0] UID 1002 comm: gen_fast, count: 506806
CPU [0] UID 1002 comm: gen_fast, count: 506899
CPU [0] UID 1002 comm: gen_fast, count: 507013
CPU [0] UID 1002 comm: gen_fast, count: 507099
CPU [0] UID 1002 comm: gen_fast, count: 507266
CPU [0] UID 1002 comm: gen_fast, count: 507299
CPU [0] UID 1002 comm: gen_fast, count: 507413
CPU [0] UID 1002 comm: gen_fast, count: 507499
CPU [0] UID 1002 comm: gen_fast, count: 507599
CPU [0] UID 1002 comm: gen_fast, count: 507705
CPU [0] UID 1002 comm: gen_fast, count: 507799
CPU [0] UID 1002 comm: gen_fast, count: 507899
CPU [0] UID 1002 comm: gen_fast, count: 508002
CPU [0] UID 1002 comm: gen_fast, count: 508099
CPU [0] UID 1002 comm: gen_fast, count: 508330
CPU [0] UID 1002 comm: gen_fast, count: 508330
CPU [0] UID 1002 comm: gen_fast, count: 508492
CPU [0] UID 1002 comm: gen_fast, count: 508499
CPU [0] UID 1002 comm: gen_fast, count: 508746
CPU [0] UID 1002 comm: gen_fast, count: 508746
CPU [0] UID 1002 comm: gen_fast, count: 508846
CPU [0] UID 1002 comm: gen_fast, count: 508899
CPU [0] UID 1002 comm: gen_fast, count: 508999
CPU [0] UID 1002 comm: gen_fast, count: 509136
CPU [0] UID 1002 comm: gen_fast, count: 509207
CPU [0] UID 1002 comm: gen_fast, count: 509299
CPU [0] UID 1002 comm: gen_fast, count: 509521
CPU [0] UID 1002 comm: gen_fast, count: 509521
CPU [0] UID 1002 comm: gen_fast, count: 509599
CPU [0] UID 1002 comm: gen_fast, count: 509772
CPU [0] UID 1002 comm: gen_fast, count: 509799
CPU [0] UID 1002 comm: gen_fast, count: 509899
CPU [0] UID 1002 comm: gen_fast, count: 510087
CPU [0] UID 1002 comm: gen_fast, count: 510099
CPU [0] UID 1002 comm: gen_fast, count: 510199
CPU [0] UID 1002 comm: gen_fast, count: 510326
CPU [0] UID 1002 comm: gen_fast, count: 510399
CPU [0] UID 1002 comm: gen_fast, count: 510499
CPU [0] UID 1002 comm: gen_fast, count: 510611
CPU [0] UID 1002 comm: gen_fast, count: 510726
CPU [0] UID 1002 comm: gen_fast, count: 510799
CPU [0] UID 1002 comm: gen_fast, count: 510899
CPU [0] UID 1002 comm: gen_fast, count: 510999
CPU [0] UID 1002 comm: gen_fast, count: 511134
CPU [0] UID 1002 comm: gen_fast, count: 511200
CPU [0] UID 1002 comm: gen_fast, count: 511324
CPU [0] UID 1002 comm: gen_fast, count: 511399
CPU [0] UID 1002 comm: gen_fast, count: 511511
CPU [0] UID 1002 comm: gen_fast, count: 511599
CPU [0] UID 1002 comm: gen_fast, count: 511816
CPU [0] UID 1002 comm: gen_fast, count: 511816
CPU [0] UID 1002 comm: gen_fast, count: 511962
CPU [0] UID 1002 comm: gen_fast, count: 511999
CPU [0] UID 1002 comm: gen_fast, count: 512106
CPU [0] UID 1002 comm: gen_fast, count: 512258
CPU [0] UID 1002 comm: gen_fast, count: 512299
CPU [0] UID 1002 comm: gen_fast, count: 512399
CPU [0] UID 1002 comm: gen_fast, count: 512499
CPU [0] UID 1002 comm: gen_fast, count: 512624
CPU [0] UID 1002 comm: gen_fast, count: 512750
CPU [0] UID 1002 comm: gen_fast, count: 512808
CPU [0] UID 1002 comm: gen_fast, count: 512899
CPU [0] UID 1002 comm: gen_fast, count: 512999
CPU [0] UID 1002 comm: gen_fast, count: 513175
CPU [0] UID 1002 comm: gen_fast, count: 513199
CPU [0] UID 1002 comm: gen_fast, count: 513365
CPU [0] UID 1002 comm: gen_fast, count: 513399
CPU [0] UID 1002 comm: gen_fast, count: 513624
CPU [0] UID 1002 comm: gen_fast, count: 513624
CPU [0] UID 1002 comm: gen_fast, count: 513699
CPU [0] UID 1002 comm: gen_fast, count: 513884
CPU [0] UID 1002 comm: gen_fast, count: 513899
CPU [0] UID 1002 comm: gen_fast, count: 514022
CPU [0] UID 1002 comm: gen_fast, count: 514194
CPU [0] UID 1002 comm: gen_fast, count: 514199
CPU [0] UID 1002 comm: gen_fast, count: 514435
CPU [0] UID 1002 comm: gen_fast, count: 514435
CPU [0] UID 1002 comm: gen_fast, count: 514499
CPU [0] UID 1002 comm: gen_fast, count: 514691
CPU [0] UID 1002 comm: gen_fast, count: 514699
CPU [0] UID 1002 comm: gen_fast, count: 514799
CPU [0] UID 1002 comm: gen_fast, count: 514946
CPU [0] UID 1002 comm: gen_fast, count: 514999
CPU [0] UID 1002 comm: gen_fast, count: 515099
CPU [0] UID 1002 comm: gen_fast, count: 515215
CPU [0] UID 1002 comm: gen_fast, count: 515358
CPU [0] UID 1002 comm: gen_fast, count: 515399
CPU [0] UID 1002 comm: gen_fast, count: 515566
CPU [0] UID 1002 comm: gen_fast, count: 515599
CPU [0] UID 1002 comm: gen_fast, count: 515786
CPU [0] UID 1002 comm: gen_fast, count: 515799
CPU [0] UID 1002 comm: gen_fast, count: 515945
CPU [0] UID 1002 comm: gen_fast, count: 515999
CPU [0] UID 1002 comm: gen_fast, count: 516099
CPU [0] UID 1002 comm: gen_fast, count: 516297
CPU [0] UID 1002 comm: gen_fast, count: 516299
CPU [0] UID 1002 comm: gen_fast, count: 516470
CPU [0] UID 1002 comm: gen_fast, count: 516499
CPU [0] UID 1002 comm: gen_fast, count: 516672
CPU [0] UID 1002 comm: gen_fast, count: 516699
CPU [0] UID 1002 comm: gen_fast, count: 516898
CPU [0] UID 1002 comm: gen_fast, count: 516899
CPU [0] UID 1002 comm: gen_fast, count: 517138
CPU [0] UID 1002 comm: gen_fast, count: 517138
CPU [0] UID 1002 comm: gen_fast, count: 517199
CPU [0] UID 1002 comm: gen_fast, count: 517385
CPU [0] UID 1002 comm: gen_fast, count: 517399
CPU [0] UID 1002 comm: gen_fast, count: 517608
CPU [0] UID 1002 comm: gen_fast, count: 517608
CPU [0] UID 1002 comm: gen_fast, count: 517699
CPU [0] UID 1002 comm: gen_fast, count: 517810
CPU [0] UID 1002 comm: gen_fast, count: 517982
CPU [0] UID 1002 comm: gen_fast, count: 517999
CPU [0] UID 1002 comm: gen_fast, count: 518109
CPU [0] UID 1002 comm: gen_fast, count: 518266
CPU [0] UID 1002 comm: gen_fast, count: 518299
CPU [0] UID 1002 comm: gen_fast, count: 518399
CPU [0] UID 1002 comm: gen_fast, count: 518499
CPU [0] UID 1002 comm: gen_fast, count: 518612
CPU [0] UID 1002 comm: gen_fast, count: 518742
CPU [0] UID 1002 comm: gen_fast, count: 518819
CPU [0] UID 1002 comm: gen_fast, count: 518899
CPU [0] UID 1002 comm: gen_fast, count: 519023
CPU [0] UID 1002 comm: gen_fast, count: 519128
CPU [0] UID 1002 comm: gen_fast, count: 519199
CPU [0] UID 1002 comm: gen_fast, count: 519299
CPU [0] UID 1002 comm: gen_fast, count: 519431
CPU [0] UID 1002 comm: gen_fast, count: 519501
CPU [0] UID 1002 comm: gen_fast, count: 519643
CPU [0] UID 1002 comm: gen_fast, count: 519795
CPU [0] UID 1002 comm: gen_fast, count: 519799
CPU [0] UID 1002 comm: gen_fast, count: 519918
CPU [0] UID 1002 comm: gen_fast, count: 520006
CPU [0] UID 1002 comm: gen_fast, count: 520099
CPU [0] UID 1002 comm: gen_fast, count: 520238
CPU [0] UID 1002 comm: gen_fast, count: 520417
CPU [0] UID 1002 comm: gen_fast, count: 520417
CPU [0] UID 1002 comm: gen_fast, count: 520523
CPU [0] UID 1002 comm: gen_fast, count: 520599
CPU [0] UID 1002 comm: gen_fast, count: 520699
CPU [0] UID 1002 comm: gen_fast, count: 520803
CPU [0] UID 1002 comm: gen_fast, count: 520949
CPU [0] UID 1002 comm: gen_fast, count: 520999
CPU [0] UID 1002 comm: gen_fast, count: 521104
CPU [0] UID 1002 comm: gen_fast, count: 521208
CPU [0] UID 1002 comm: gen_fast, count: 521299
CPU [0] UID 1002 comm: gen_fast, count: 521419
CPU [0] UID 1002 comm: gen_fast, count: 521499
CPU [0] UID 1002 comm: gen_fast, count: 521604
CPU [0] UID 1002 comm: gen_fast, count: 521699
CPU [0] UID 1002 comm: gen_fast, count: 521799
CPU [0] UID 1002 comm: gen_fast, count: 521973
CPU [0] UID 1002 comm: gen_fast, count: 521999
CPU [0] UID 1002 comm: gen_fast, count: 522099
CPU [0] UID 1002 comm: gen_fast, count: 522199
CPU [0] UID 1002 comm: gen_fast, count: 522331
CPU [0] UID 1002 comm: gen_fast, count: 522454
CPU [0] UID 1002 comm: gen_fast, count: 522499
CPU [0] UID 1002 comm: gen_fast, count: 522639
CPU [0] UID 1002 comm: gen_fast, count: 522799
CPU [0] UID 1002 comm: gen_fast, count: 522799
CPU [0] UID 1002 comm: gen_fast, count: 522983
CPU [0] UID 1002 comm: gen_fast, count: 522999
CPU [0] UID 1002 comm: gen_fast, count: 523194
CPU [0] UID 1002 comm: gen_fast, count: 523199
CPU [0] UID 1002 comm: gen_fast, count: 523299
CPU [0] UID 1002 comm: gen_fast, count: 523417
CPU [0] UID 1002 comm: gen_fast, count: 523499
CPU [0] UID 1002 comm: gen_fast, count: 523599
CPU [0] UID 1002 comm: gen_fast, count: 523713
CPU [0] UID 1002 comm: gen_fast, count: 523799
CPU [0] UID 1002 comm: gen_fast, count: 523899
CPU [0] UID 1002 comm: gen_fast, count: 524111
CPU [0] UID 1002 comm: gen_fast, count: 524111
CPU [0] UID 1002 comm: gen_fast, count: 524199
CPU [0] UID 1002 comm: gen_fast, count: 524299
CPU [0] UID 1002 comm: gen_fast, count: 524508
CPU [0] UID 1002 comm: gen_fast, count: 524508
CPU [0] UID 1002 comm: gen_fast, count: 524715
CPU [0] UID 1002 comm: gen_fast, count: 524715
CPU [0] UID 1002 comm: gen_fast, count: 524799
CPU [0] UID 1002 comm: gen_fast, count: 524900
CPU [0] UID 1002 comm: gen_fast, count: 524999
CPU [0] UID 1002 comm: gen_fast, count: 525129
CPU [0] UID 1002 comm: gen_fast, count: 525238
CPU [0] UID 1002 comm: gen_fast, count: 525354
CPU [0] UID 1002 comm: gen_fast, count: 525477
CPU [0] UID 1002 comm: gen_fast, count: 525499
CPU [0] UID 1002 comm: gen_fast, count: 525599
CPU [0] UID 1002 comm: gen_fast, count: 525713
CPU [0] UID 1002 comm: gen_fast, count: 525876
CPU [0] UID 1002 comm: gen_fast, count: 525899
CPU [0] UID 1002 comm: gen_fast, count: 526074
CPU [0] UID 1002 comm: gen_fast, count: 526099
CPU [0] UID 1002 comm: gen_fast, count: 526276
CPU [0] UID 1002 comm: gen_fast, count: 526299
CPU [0] UID 1002 comm: gen_fast, count: 526477
CPU [0] UID 1002 comm: gen_fast, count: 526499
CPU [0] UID 1002 comm: gen_fast, count: 526688
CPU [0] UID 1002 comm: gen_fast, count: 526699
CPU [0] UID 1002 comm: gen_fast, count: 526808
CPU [0] UID 1002 comm: gen_fast, count: 526899
CPU [0] UID 1002 comm: gen_fast, count: 526999
CPU [0] UID 1002 comm: gen_fast, count: 527099
CPU [0] UID 1002 comm: gen_fast, count: 527272
CPU [0] UID 1002 comm: gen_fast, count: 527299
CPU [0] UID 1002 comm: gen_fast, count: 527428
CPU [0] UID 1002 comm: gen_fast, count: 527567
CPU [0] UID 1002 comm: gen_fast, count: 527599
CPU [0] UID 1002 comm: gen_fast, count: 527701
CPU [0] UID 1002 comm: gen_fast, count: 527816
CPU [0] UID 1002 comm: gen_fast, count: 527899
CPU [0] UID 1002 comm: gen_fast, count: 527999
CPU [0] UID 1002 comm: gen_fast, count: 528127
CPU [0] UID 1002 comm: gen_fast, count: 528307
CPU [0] UID 1002 comm: gen_fast, count: 528307
CPU [0] UID 1002 comm: gen_fast, count: 528399
CPU [0] UID 1002 comm: gen_fast, count: 528538
CPU [0] UID 1002 comm: gen_fast, count: 528599
CPU [0] UID 1002 comm: gen_fast, count: 528699
CPU [0] UID 1002 comm: gen_fast, count: 528816
CPU [0] UID 1002 comm: gen_fast, count: 529020
CPU [0] UID 1002 comm: gen_fast, count: 529020
CPU [0] UID 1002 comm: gen_fast, count: 529223
CPU [0] UID 1002 comm: gen_fast, count: 529223
CPU [0] UID 1002 comm: gen_fast, count: 529408
CPU [0] UID 1002 comm: gen_fast, count: 529408
CPU [0] UID 1002 comm: gen_fast, count: 529499
CPU [0] UID 1002 comm: gen_fast, count: 529640
CPU [0] UID 1002 comm: gen_fast, count: 529799
CPU [0] UID 1002 comm: gen_fast, count: 529799
CPU [0] UID 1002 comm: gen_fast, count: 529942
CPU [0] UID 1002 comm: gen_fast, count: 529999
CPU [0] UID 1002 comm: gen_fast, count: 530099
CPU [0] UID 1002 comm: gen_fast, count: 530278
CPU [0] UID 1002 comm: gen_fast, count: 530299
CPU [0] UID 1002 comm: gen_fast, count: 530399
CPU [0] UID 1002 comm: gen_fast, count: 530613
CPU [0] UID 1002 comm: gen_fast, count: 530613
CPU [0] UID 1002 comm: gen_fast, count: 530754
CPU [0] UID 1002 comm: gen_fast, count: 530799
CPU [0] UID 1002 comm: gen_fast, count: 530968
CPU [0] UID 1002 comm: gen_fast, count: 531052
CPU [0] UID 1002 comm: gen_fast, count: 531099
CPU [0] UID 1002 comm: gen_fast, count: 531316
CPU [0] UID 1002 comm: gen_fast, count: 531316
CPU [0] UID 1002 comm: gen_fast, count: 531524
CPU [0] UID 1002 comm: gen_fast, count: 531524
CPU [0] UID 1002 comm: gen_fast, count: 531599
CPU [0] UID 1002 comm: gen_fast, count: 531740
CPU [0] UID 1002 comm: gen_fast, count: 531799
CPU [0] UID 1002 comm: gen_fast, count: 531932
CPU [0] UID 1002 comm: gen_fast, count: 531999
CPU [0] UID 1002 comm: gen_fast, count: 532128
CPU [0] UID 1002 comm: gen_fast, count: 532317
CPU [0] UID 1002 comm: gen_fast, count: 532317
CPU [0] UID 1002 comm: gen_fast, count: 532501
CPU [0] UID 1002 comm: gen_fast, count: 532501
CPU [0] UID 1002 comm: gen_fast, count: 532599
CPU [0] UID 1002 comm: gen_fast, count: 532738
CPU [0] UID 1002 comm: gen_fast, count: 532888
CPU [0] UID 1002 comm: gen_fast, count: 532899
CPU [0] UID 1002 comm: gen_fast, count: 533020
CPU [0] UID 1002 comm: gen_fast, count: 533099
CPU [0] UID 1002 comm: gen_fast, count: 533221
CPU [0] UID 1002 comm: gen_fast, count: 533405
CPU [0] UID 1002 comm: gen_fast, count: 533405
CPU [0] UID 1002 comm: gen_fast, count: 533501
CPU [0] UID 1002 comm: gen_fast, count: 533606
CPU [0] UID 1002 comm: gen_fast, count: 533699
CPU [0] UID 1002 comm: gen_fast, count: 533799
CPU [0] UID 1002 comm: gen_fast, count: 533919
CPU [0] UID 1002 comm: gen_fast, count: 534020
CPU [0] UID 1002 comm: gen_fast, count: 534169
CPU [0] UID 1002 comm: gen_fast, count: 534199
CPU [0] UID 1002 comm: gen_fast, count: 534303
CPU [0] UID 1002 comm: gen_fast, count: 534399
CPU [0] UID 1002 comm: gen_fast, count: 534542
CPU [0] UID 1002 comm: gen_fast, count: 534599
CPU [0] UID 1002 comm: gen_fast, count: 534707
CPU [0] UID 1002 comm: gen_fast, count: 534835
CPU [0] UID 1002 comm: gen_fast, count: 534978
CPU [0] UID 1002 comm: gen_fast, count: 534999
CPU [0] UID 1002 comm: gen_fast, count: 535099
CPU [0] UID 1002 comm: gen_fast, count: 535257
CPU [0] UID 1002 comm: gen_fast, count: 535299
CPU [0] UID 1002 comm: gen_fast, count: 535454
CPU [0] UID 1002 comm: gen_fast, count: 535589
CPU [0] UID 1002 comm: gen_fast, count: 535599
CPU [0] UID 1002 comm: gen_fast, count: 535754
CPU [0] UID 1002 comm: gen_fast, count: 535799
CPU [0] UID 1002 comm: gen_fast, count: 535968
CPU [0] UID 1002 comm: gen_fast, count: 535999
CPU [0] UID 1002 comm: gen_fast, count: 536130
CPU [0] UID 1002 comm: gen_fast, count: 536211
CPU [0] UID 1002 comm: gen_fast, count: 536358
CPU [0] UID 1002 comm: gen_fast, count: 536399
CPU [0] UID 1002 comm: gen_fast, count: 536499
CPU [0] UID 1002 comm: gen_fast, count: 536668
CPU [0] UID 1002 comm: gen_fast, count: 536699
CPU [0] UID 1002 comm: gen_fast, count: 536813
CPU [0] UID 1002 comm: gen_fast, count: 536961
CPU [0] UID 1002 comm: gen_fast, count: 536999
CPU [0] UID 1002 comm: gen_fast, count: 537099
CPU [0] UID 1002 comm: gen_fast, count: 537203
CPU [0] UID 1002 comm: gen_fast, count: 537299
CPU [0] UID 1002 comm: gen_fast, count: 537404
CPU [0] UID 1002 comm: gen_fast, count: 537499
CPU [0] UID 1002 comm: gen_fast, count: 537607
CPU [0] UID 1002 comm: gen_fast, count: 537699
CPU [0] UID 1002 comm: gen_fast, count: 537824
CPU [0] UID 1002 comm: gen_fast, count: 537899
CPU [0] UID 1002 comm: gen_fast, count: 538036
CPU [0] UID 1002 comm: gen_fast, count: 538099
CPU [0] UID 1002 comm: gen_fast, count: 538199
CPU [0] UID 1002 comm: gen_fast, count: 538346
CPU [0] UID 1002 comm: gen_fast, count: 538399
CPU [0] UID 1002 comm: gen_fast, count: 538513
CPU [0] UID 1002 comm: gen_fast, count: 538635
CPU [0] UID 1002 comm: gen_fast, count: 538766
CPU [0] UID 1002 comm: gen_fast, count: 538799
CPU [0] UID 1002 comm: gen_fast, count: 538899
CPU [0] UID 1002 comm: gen_fast, count: 539060
CPU [0] UID 1002 comm: gen_fast, count: 539099
CPU [0] UID 1002 comm: gen_fast, count: 539199
CPU [0] UID 1002 comm: gen_fast, count: 539377
CPU [0] UID 1002 comm: gen_fast, count: 539399
CPU [0] UID 1002 comm: gen_fast, count: 539518
CPU [0] UID 1002 comm: gen_fast, count: 539599
CPU [0] UID 1002 comm: gen_fast, count: 539699
CPU [0] UID 1002 comm: gen_fast, count: 539819
CPU [0] UID 1002 comm: gen_fast, count: 539973
CPU [0] UID 1002 comm: gen_fast, count: 540028
CPU [0] UID 1002 comm: gen_fast, count: 540099
CPU [0] UID 1002 comm: gen_fast, count: 540226
CPU [0] UID 1002 comm: gen_fast, count: 540322
CPU [0] UID 1002 comm: gen_fast, count: 540399
CPU [0] UID 1002 comm: gen_fast, count: 540500
CPU [0] UID 1002 comm: gen_fast, count: 540652
CPU [0] UID 1002 comm: gen_fast, count: 540733
CPU [0] UID 1002 comm: gen_fast, count: 540799
CPU [0] UID 1002 comm: gen_fast, count: 540899
CPU [0] UID 1002 comm: gen_fast, count: 540999
CPU [0] UID 1002 comm: gen_fast, count: 541114
CPU [0] UID 1002 comm: gen_fast, count: 541199
CPU [0] UID 1002 comm: gen_fast, count: 541299
CPU [0] UID 1002 comm: gen_fast, count: 541407
CPU [0] UID 1002 comm: gen_fast, count: 541518
CPU [0] UID 1002 comm: gen_fast, count: 541637
CPU [0] UID 1002 comm: gen_fast, count: 541789
CPU [0] UID 1002 comm: gen_fast, count: 541799
CPU [0] UID 1002 comm: gen_fast, count: 541950
CPU [0] UID 1002 comm: gen_fast, count: 541999
CPU [0] UID 1002 comm: gen_fast, count: 542099
CPU [0] UID 1002 comm: gen_fast, count: 542199
CPU [0] UID 1002 comm: gen_fast, count: 542331
CPU [0] UID 1002 comm: gen_fast, count: 542399
CPU [0] UID 1002 comm: gen_fast, count: 542499
CPU [0] UID 1002 comm: gen_fast, count: 542599
CPU [0] UID 1002 comm: gen_fast, count: 542705
CPU [0] UID 1002 comm: gen_fast, count: 542852
CPU [0] UID 1002 comm: gen_fast, count: 542904
CPU [0] UID 1002 comm: gen_fast, count: 543058
CPU [0] UID 1002 comm: gen_fast, count: 543207
CPU [0] UID 1002 comm: gen_fast, count: 543207
CPU [0] UID 1002 comm: gen_fast, count: 543302
CPU [0] UID 1002 comm: gen_fast, count: 543453
CPU [0] UID 1002 comm: gen_fast, count: 543499
CPU [0] UID 1002 comm: gen_fast, count: 543599
CPU [0] UID 1002 comm: gen_fast, count: 543747
CPU [0] UID 1002 comm: gen_fast, count: 543799
CPU [0] UID 1002 comm: gen_fast, count: 543932
CPU [0] UID 1002 comm: gen_fast, count: 543999
CPU [0] UID 1002 comm: gen_fast, count: 544099
CPU [0] UID 1002 comm: gen_fast, count: 544286
CPU [0] UID 1002 comm: gen_fast, count: 544299
CPU [0] UID 1002 comm: gen_fast, count: 544399
CPU [0] UID 1002 comm: gen_fast, count: 544524
CPU [0] UID 1002 comm: gen_fast, count: 544680
CPU [0] UID 1002 comm: gen_fast, count: 544754
CPU [0] UID 1002 comm: gen_fast, count: 544898
CPU [0] UID 1002 comm: gen_fast, count: 544899
CPU [0] UID 1002 comm: gen_fast, count: 545082
CPU [0] UID 1002 comm: gen_fast, count: 545099
CPU [0] UID 1002 comm: gen_fast, count: 545337
CPU [0] UID 1002 comm: gen_fast, count: 545337
CPU [0] UID 1002 comm: gen_fast, count: 545399
CPU [0] UID 1002 comm: gen_fast, count: 545526
CPU [0] UID 1002 comm: gen_fast, count: 545609
CPU [0] UID 1002 comm: gen_fast, count: 545699
CPU [0] UID 1002 comm: gen_fast, count: 545839
CPU [0] UID 1002 comm: gen_fast, count: 545899
CPU [0] UID 1002 comm: gen_fast, count: 546024
CPU [0] UID 1002 comm: gen_fast, count: 546111
CPU [0] UID 1002 comm: gen_fast, count: 546199
CPU [0] UID 1002 comm: gen_fast, count: 546413
CPU [0] UID 1002 comm: gen_fast, count: 546413
CPU [0] UID 1002 comm: gen_fast, count: 546619
CPU [0] UID 1002 comm: gen_fast, count: 546619
CPU [0] UID 1002 comm: gen_fast, count: 546699
CPU [0] UID 1002 comm: gen_fast, count: 546799
CPU [0] UID 1002 comm: gen_fast, count: 546905
CPU [0] UID 1002 comm: gen_fast, count: 547043
CPU [0] UID 1002 comm: gen_fast, count: 547122
CPU [0] UID 1002 comm: gen_fast, count: 547199
CPU [0] UID 1002 comm: gen_fast, count: 547299
CPU [0] UID 1002 comm: gen_fast, count: 547416
CPU [0] UID 1002 comm: gen_fast, count: 547499
CPU [0] UID 1002 comm: gen_fast, count: 547689
CPU [0] UID 1002 comm: gen_fast, count: 547699
CPU [0] UID 1002 comm: gen_fast, count: 547927
CPU [0] UID 1002 comm: gen_fast, count: 547927
CPU [0] UID 1002 comm: gen_fast, count: 548027
CPU [0] UID 1002 comm: gen_fast, count: 548099
CPU [0] UID 1002 comm: gen_fast, count: 548199
CPU [0] UID 1002 comm: gen_fast, count: 548384
CPU [0] UID 1002 comm: gen_fast, count: 548399
CPU [0] UID 1002 comm: gen_fast, count: 548571
CPU [0] UID 1002 comm: gen_fast, count: 548599
CPU [0] UID 1002 comm: gen_fast, count: 548806
CPU [0] UID 1002 comm: gen_fast, count: 548806
CPU [0] UID 1002 comm: gen_fast, count: 548940
CPU [0] UID 1002 comm: gen_fast, count: 549020
CPU [0] UID 1002 comm: gen_fast, count: 549102
CPU [0] UID 1002 comm: gen_fast, count: 549199
CPU [0] UID 1002 comm: gen_fast, count: 549299
CPU [0] UID 1002 comm: gen_fast, count: 549399
CPU [0] UID 1002 comm: gen_fast, count: 549542
CPU [0] UID 1002 comm: gen_fast, count: 549736
CPU [0] UID 1002 comm: gen_fast, count: 549736
CPU [0] UID 1002 comm: gen_fast, count: 549799
CPU [0] UID 1002 comm: gen_fast, count: 549936
CPU [0] UID 1002 comm: gen_fast, count: 550022
CPU [0] UID 1002 comm: gen_fast, count: 550106
CPU [0] UID 1002 comm: gen_fast, count: 550317
CPU [0] UID 1002 comm: gen_fast, count: 550317
CPU [0] UID 1002 comm: gen_fast, count: 550399
CPU [0] UID 1002 comm: gen_fast, count: 550595
CPU [0] UID 1002 comm: gen_fast, count: 550599
CPU [0] UID 1002 comm: gen_fast, count: 550731
CPU [0] UID 1002 comm: gen_fast, count: 550814
CPU [0] UID 1002 comm: gen_fast, count: 551015
CPU [0] UID 1002 comm: gen_fast, count: 551015
CPU [0] UID 1002 comm: gen_fast, count: 551131
CPU [0] UID 1002 comm: gen_fast, count: 551317
CPU [0] UID 1002 comm: gen_fast, count: 551317
CPU [0] UID 1002 comm: gen_fast, count: 551511
CPU [0] UID 1002 comm: gen_fast, count: 551511
CPU [0] UID 1002 comm: gen_fast, count: 551599
CPU [0] UID 1002 comm: gen_fast, count: 551699
CPU [0] UID 1002 comm: gen_fast, count: 551806
CPU [0] UID 1002 comm: gen_fast, count: 551956
CPU [0] UID 1002 comm: gen_fast, count: 551999
CPU [0] UID 1002 comm: gen_fast, count: 552117
CPU [0] UID 1002 comm: gen_fast, count: 552199
CPU [0] UID 1002 comm: gen_fast, count: 552341
CPU [0] UID 1002 comm: gen_fast, count: 552549
CPU [0] UID 1002 comm: gen_fast, count: 552549
CPU [0] UID 1002 comm: gen_fast, count: 552599
CPU [0] UID 1002 comm: gen_fast, count: 552699
CPU [0] UID 1002 comm: gen_fast, count: 552833
CPU [0] UID 1002 comm: gen_fast, count: 552899
CPU [0] UID 1002 comm: gen_fast, count: 552999
CPU [0] UID 1002 comm: gen_fast, count: 553099
CPU [0] UID 1002 comm: gen_fast, count: 553344
CPU [0] UID 1002 comm: gen_fast, count: 553344
CPU [0] UID 1002 comm: gen_fast, count: 553527
CPU [0] UID 1002 comm: gen_fast, count: 553527
CPU [0] UID 1002 comm: gen_fast, count: 553599
CPU [0] UID 1002 comm: gen_fast, count: 553779
CPU [0] UID 1002 comm: gen_fast, count: 553799
CPU [0] UID 1002 comm: gen_fast, count: 553899
CPU [0] UID 1002 comm: gen_fast, count: 554007
CPU [0] UID 1002 comm: gen_fast, count: 554099
CPU [0] UID 1002 comm: gen_fast, count: 554215
CPU [0] UID 1002 comm: gen_fast, count: 554362
CPU [0] UID 1002 comm: gen_fast, count: 554399
CPU [0] UID 1002 comm: gen_fast, count: 554549
CPU [0] UID 1002 comm: gen_fast, count: 554599
CPU [0] UID 1002 comm: gen_fast, count: 554806
CPU [0] UID 1002 comm: gen_fast, count: 554806
CPU [0] UID 1002 comm: gen_fast, count: 554900
CPU [0] UID 1002 comm: gen_fast, count: 554999
CPU [0] UID 1002 comm: gen_fast, count: 555163
CPU [0] UID 1002 comm: gen_fast, count: 555199
CPU [0] UID 1002 comm: gen_fast, count: 555334
CPU [0] UID 1002 comm: gen_fast, count: 555399
CPU [0] UID 1002 comm: gen_fast, count: 555509
CPU [0] UID 1002 comm: gen_fast, count: 555669
CPU [0] UID 1002 comm: gen_fast, count: 555699
CPU [0] UID 1002 comm: gen_fast, count: 555806
CPU [0] UID 1002 comm: gen_fast, count: 555907
CPU [0] UID 1002 comm: gen_fast, count: 555999
CPU [0] UID 1002 comm: gen_fast, count: 556206
CPU [0] UID 1002 comm: gen_fast, count: 556206
CPU [0] UID 1002 comm: gen_fast, count: 556299
CPU [0] UID 1002 comm: gen_fast, count: 556400
CPU [0] UID 1002 comm: gen_fast, count: 556554
CPU [0] UID 1002 comm: gen_fast, count: 556599
CPU [0] UID 1002 comm: gen_fast, count: 556699
CPU [0] UID 1002 comm: gen_fast, count: 556820
CPU [0] UID 1002 comm: gen_fast, count: 556899
CPU [0] UID 1002 comm: gen_fast, count: 556999
CPU [0] UID 1002 comm: gen_fast, count: 557099
CPU [0] UID 1002 comm: gen_fast, count: 557199
CPU [0] UID 1002 comm: gen_fast, count: 557325
CPU [0] UID 1002 comm: gen_fast, count: 557431
CPU [0] UID 1002 comm: gen_fast, count: 557499
CPU [0] UID 1002 comm: gen_fast, count: 557727
CPU [0] UID 1002 comm: gen_fast, count: 557727
CPU [0] UID 1002 comm: gen_fast, count: 557799
CPU [0] UID 1002 comm: gen_fast, count: 557899
CPU [0] UID 1002 comm: gen_fast, count: 557999
CPU [0] UID 1002 comm: gen_fast, count: 558099
CPU [0] UID 1002 comm: gen_fast, count: 558274
CPU [0] UID 1002 comm: gen_fast, count: 558299
CPU [0] UID 1002 comm: gen_fast, count: 558473
CPU [0] UID 1002 comm: gen_fast, count: 558499
CPU [0] UID 1002 comm: gen_fast, count: 558640
CPU [0] UID 1002 comm: gen_fast, count: 558791
CPU [0] UID 1002 comm: gen_fast, count: 558799
CPU [0] UID 1002 comm: gen_fast, count: 558998
CPU [0] UID 1002 comm: gen_fast, count: 558999
CPU [0] UID 1002 comm: gen_fast, count: 559099
CPU [0] UID 1002 comm: gen_fast, count: 559199
CPU [0] UID 1002 comm: gen_fast, count: 559319
CPU [0] UID 1002 comm: gen_fast, count: 559399
CPU [0] UID 1002 comm: gen_fast, count: 559499
CPU [0] UID 1002 comm: gen_fast, count: 559627
CPU [0] UID 1002 comm: gen_fast, count: 559810
CPU [0] UID 1002 comm: gen_fast, count: 559810
CPU [0] UID 1002 comm: gen_fast, count: 559940
CPU [0] UID 1002 comm: gen_fast, count: 559999
CPU [0] UID 1002 comm: gen_fast, count: 560104
CPU [0] UID 1002 comm: gen_fast, count: 560267
CPU [0] UID 1002 comm: gen_fast, count: 560299
CPU [0] UID 1002 comm: gen_fast, count: 560412
CPU [0] UID 1002 comm: gen_fast, count: 560540
CPU [0] UID 1002 comm: gen_fast, count: 560599
CPU [0] UID 1002 comm: gen_fast, count: 560699
CPU [0] UID 1002 comm: gen_fast, count: 560829
CPU [0] UID 1002 comm: gen_fast, count: 561003
CPU [0] UID 1002 comm: gen_fast, count: 561003
CPU [0] UID 1002 comm: gen_fast, count: 561105
CPU [0] UID 1002 comm: gen_fast, count: 561259
CPU [0] UID 1002 comm: gen_fast, count: 561299
CPU [0] UID 1002 comm: gen_fast, count: 561433
CPU [0] UID 1002 comm: gen_fast, count: 561504
CPU [0] UID 1002 comm: gen_fast, count: 561678
CPU [0] UID 1002 comm: gen_fast, count: 561699
CPU [0] UID 1002 comm: gen_fast, count: 561799
CPU [0] UID 1002 comm: gen_fast, count: 561929
CPU [0] UID 1002 comm: gen_fast, count: 562004
CPU [0] UID 1002 comm: gen_fast, count: 562136
CPU [0] UID 1002 comm: gen_fast, count: 562199
CPU [0] UID 1002 comm: gen_fast, count: 562299
CPU [0] UID 1002 comm: gen_fast, count: 562433
CPU [0] UID 1002 comm: gen_fast, count: 562585
CPU [0] UID 1002 comm: gen_fast, count: 562599
CPU [0] UID 1002 comm: gen_fast, count: 562699
CPU [0] UID 1002 comm: gen_fast, count: 562827
CPU [0] UID 1002 comm: gen_fast, count: 562904
CPU [0] UID 1002 comm: gen_fast, count: 562999
CPU [0] UID 1002 comm: gen_fast, count: 563099
CPU [0] UID 1002 comm: gen_fast, count: 563253
CPU [0] UID 1002 comm: gen_fast, count: 563422
CPU [0] UID 1002 comm: gen_fast, count: 563422
CPU [0] UID 1002 comm: gen_fast, count: 563521
CPU [0] UID 1002 comm: gen_fast, count: 563599
CPU [0] UID 1002 comm: gen_fast, count: 563743
CPU [0] UID 1002 comm: gen_fast, count: 563799
CPU [0] UID 1002 comm: gen_fast, count: 563928
CPU [0] UID 1002 comm: gen_fast, count: 563999
CPU [0] UID 1002 comm: gen_fast, count: 564107
CPU [0] UID 1002 comm: gen_fast, count: 564224
CPU [0] UID 1002 comm: gen_fast, count: 564299
CPU [0] UID 1002 comm: gen_fast, count: 564434
CPU [0] UID 1002 comm: gen_fast, count: 564499
CPU [0] UID 1002 comm: gen_fast, count: 564646
CPU [0] UID 1002 comm: gen_fast, count: 564795
CPU [0] UID 1002 comm: gen_fast, count: 564799
CPU [0] UID 1002 comm: gen_fast, count: 564959
CPU [0] UID 1002 comm: gen_fast, count: 564999
CPU [0] UID 1002 comm: gen_fast, count: 565211
CPU [0] UID 1002 comm: gen_fast, count: 565211
CPU [0] UID 1002 comm: gen_fast, count: 565403
CPU [0] UID 1002 comm: gen_fast, count: 565403
CPU [0] UID 1002 comm: gen_fast, count: 565499
CPU [0] UID 1002 comm: gen_fast, count: 565622
CPU [0] UID 1002 comm: gen_fast, count: 565762
CPU [0] UID 1002 comm: gen_fast, count: 565799
CPU [0] UID 1002 comm: gen_fast, count: 565899
CPU [0] UID 1002 comm: gen_fast, count: 566054
CPU [0] UID 1002 comm: gen_fast, count: 566224
CPU [0] UID 1002 comm: gen_fast, count: 566224
CPU [0] UID 1002 comm: gen_fast, count: 566299
CPU [0] UID 1002 comm: gen_fast, count: 566419
CPU [0] UID 1002 comm: gen_fast, count: 566576
CPU [0] UID 1002 comm: gen_fast, count: 566599
CPU [0] UID 1002 comm: gen_fast, count: 566714
CPU [0] UID 1002 comm: gen_fast, count: 566883
CPU [0] UID 1002 comm: gen_fast, count: 566899
CPU [0] UID 1002 comm: gen_fast, count: 566999
CPU [0] UID 1002 comm: gen_fast, count: 567115
CPU [0] UID 1002 comm: gen_fast, count: 567274
CPU [0] UID 1002 comm: gen_fast, count: 567299
CPU [0] UID 1002 comm: gen_fast, count: 567495
CPU [0] UID 1002 comm: gen_fast, count: 567499
CPU [0] UID 1002 comm: gen_fast, count: 567659
CPU [0] UID 1002 comm: gen_fast, count: 567699
CPU [0] UID 1002 comm: gen_fast, count: 567799
CPU [0] UID 1002 comm: gen_fast, count: 567912
CPU [0] UID 1002 comm: gen_fast, count: 568105
CPU [0] UID 1002 comm: gen_fast, count: 568105
CPU [0] UID 1002 comm: gen_fast, count: 568270
CPU [0] UID 1002 comm: gen_fast, count: 568299
CPU [0] UID 1002 comm: gen_fast, count: 568504
CPU [0] UID 1002 comm: gen_fast, count: 568504
CPU [0] UID 1002 comm: gen_fast, count: 568692
CPU [0] UID 1002 comm: gen_fast, count: 568699
CPU [0] UID 1002 comm: gen_fast, count: 568799
CPU [0] UID 1002 comm: gen_fast, count: 568940
CPU [0] UID 1002 comm: gen_fast, count: 568999
CPU [0] UID 1002 comm: gen_fast, count: 569099
CPU [0] UID 1002 comm: gen_fast, count: 569235
CPU [0] UID 1002 comm: gen_fast, count: 569358
CPU [0] UID 1002 comm: gen_fast, count: 569406
CPU [0] UID 1002 comm: gen_fast, count: 569499
CPU [0] UID 1002 comm: gen_fast, count: 569627
CPU [0] UID 1002 comm: gen_fast, count: 569711
CPU [0] UID 1002 comm: gen_fast, count: 569814
CPU [0] UID 1002 comm: gen_fast, count: 569948
CPU [0] UID 1002 comm: gen_fast, count: 570153
CPU [0] UID 1002 comm: gen_fast, count: 570153
CPU [0] UID 1002 comm: gen_fast, count: 570335
CPU [0] UID 1002 comm: gen_fast, count: 570335
CPU [0] UID 1002 comm: gen_fast, count: 570399
CPU [0] UID 1002 comm: gen_fast, count: 570585
CPU [0] UID 1002 comm: gen_fast, count: 570599
CPU [0] UID 1002 comm: gen_fast, count: 570699
CPU [0] UID 1002 comm: gen_fast, count: 570799
CPU [0] UID 1002 comm: gen_fast, count: 570910
CPU [0] UID 1002 comm: gen_fast, count: 570999
CPU [0] UID 1002 comm: gen_fast, count: 571123
CPU [0] UID 1002 comm: gen_fast, count: 571283
CPU [0] UID 1002 comm: gen_fast, count: 571299
CPU [0] UID 1002 comm: gen_fast, count: 571452
CPU [0] UID 1002 comm: gen_fast, count: 571499
CPU [0] UID 1002 comm: gen_fast, count: 571599
CPU [0] UID 1002 comm: gen_fast, count: 571719
CPU [0] UID 1002 comm: gen_fast, count: 571799
CPU [0] UID 1002 comm: gen_fast, count: 571899
CPU [0] UID 1002 comm: gen_fast, count: 572050
CPU [0] UID 1002 comm: gen_fast, count: 572099
CPU [0] UID 1002 comm: gen_fast, count: 572254
CPU [0] UID 1002 comm: gen_fast, count: 572299
CPU [0] UID 1002 comm: gen_fast, count: 572446
CPU [0] UID 1002 comm: gen_fast, count: 572499
CPU [0] UID 1002 comm: gen_fast, count: 572621
CPU [0] UID 1002 comm: gen_fast, count: 572699
CPU [0] UID 1002 comm: gen_fast, count: 572799
CPU [0] UID 1002 comm: gen_fast, count: 572899
CPU [0] UID 1002 comm: gen_fast, count: 572999
CPU [0] UID 1002 comm: gen_fast, count: 573099
CPU [0] UID 1002 comm: gen_fast, count: 573218
CPU [0] UID 1002 comm: gen_fast, count: 573299
CPU [0] UID 1002 comm: gen_fast, count: 573399
CPU [0] UID 1002 comm: gen_fast, count: 573560
CPU [0] UID 1002 comm: gen_fast, count: 573599
CPU [0] UID 1002 comm: gen_fast, count: 573745
CPU [0] UID 1002 comm: gen_fast, count: 573799
CPU [0] UID 1002 comm: gen_fast, count: 573975
CPU [0] UID 1002 comm: gen_fast, count: 573999
CPU [0] UID 1002 comm: gen_fast, count: 574146
CPU [0] UID 1002 comm: gen_fast, count: 574199
CPU [0] UID 1002 comm: gen_fast, count: 574366
CPU [0] UID 1002 comm: gen_fast, count: 574399
CPU [0] UID 1002 comm: gen_fast, count: 574499
CPU [0] UID 1002 comm: gen_fast, count: 574637
CPU [0] UID 1002 comm: gen_fast, count: 574791
CPU [0] UID 1002 comm: gen_fast, count: 574799
CPU [0] UID 1002 comm: gen_fast, count: 574914
CPU [0] UID 1002 comm: gen_fast, count: 574999
CPU [0] UID 1002 comm: gen_fast, count: 575150
CPU [0] UID 1002 comm: gen_fast, count: 575217
CPU [0] UID 1002 comm: gen_fast, count: 575299
CPU [0] UID 1002 comm: gen_fast, count: 575399
CPU [0] UID 1002 comm: gen_fast, count: 575551
CPU [0] UID 1002 comm: gen_fast, count: 575599
CPU [0] UID 1002 comm: gen_fast, count: 575729
CPU [0] UID 1002 comm: gen_fast, count: 575799
CPU [0] UID 1002 comm: gen_fast, count: 575899
CPU [0] UID 1002 comm: gen_fast, count: 576003
CPU [0] UID 1002 comm: gen_fast, count: 576138
CPU [0] UID 1002 comm: gen_fast, count: 576282
CPU [0] UID 1002 comm: gen_fast, count: 576299
CPU [0] UID 1002 comm: gen_fast, count: 576490
CPU [0] UID 1002 comm: gen_fast, count: 576499
CPU [0] UID 1002 comm: gen_fast, count: 576616
CPU [0] UID 1002 comm: gen_fast, count: 576766
CPU [0] UID 1002 comm: gen_fast, count: 576799
CPU [0] UID 1002 comm: gen_fast, count: 576961
CPU [0] UID 1002 comm: gen_fast, count: 576999
CPU [0] UID 1002 comm: gen_fast, count: 577204
CPU [0] UID 1002 comm: gen_fast, count: 577204
CPU [0] UID 1002 comm: gen_fast, count: 577381
CPU [0] UID 1002 comm: gen_fast, count: 577399
CPU [0] UID 1002 comm: gen_fast, count: 577499
CPU [0] UID 1002 comm: gen_fast, count: 577628
CPU [0] UID 1002 comm: gen_fast, count: 577699
CPU [0] UID 1002 comm: gen_fast, count: 577799
CPU [0] UID 1002 comm: gen_fast, count: 578035
CPU [0] UID 1002 comm: gen_fast, count: 578035
CPU [0] UID 1002 comm: gen_fast, count: 578099
CPU [0] UID 1002 comm: gen_fast, count: 578199
CPU [0] UID 1002 comm: gen_fast, count: 578300
CPU [0] UID 1002 comm: gen_fast, count: 578423
CPU [0] UID 1002 comm: gen_fast, count: 578499
CPU [0] UID 1002 comm: gen_fast, count: 578651
CPU [0] UID 1002 comm: gen_fast, count: 578699
CPU [0] UID 1002 comm: gen_fast, count: 578831
CPU [0] UID 1002 comm: gen_fast, count: 578899
CPU [0] UID 1002 comm: gen_fast, count: 579009
CPU [0] UID 1002 comm: gen_fast, count: 579099
CPU [0] UID 1002 comm: gen_fast, count: 579221
CPU [0] UID 1002 comm: gen_fast, count: 579411
CPU [0] UID 1002 comm: gen_fast, count: 579411
CPU [0] UID 1002 comm: gen_fast, count: 579543
CPU [0] UID 1002 comm: gen_fast, count: 579604
CPU [0] UID 1002 comm: gen_fast, count: 579699
CPU [0] UID 1002 comm: gen_fast, count: 579874
CPU [0] UID 1002 comm: gen_fast, count: 579899
CPU [0] UID 1002 comm: gen_fast, count: 580121
CPU [0] UID 1002 comm: gen_fast, count: 580121
CPU [0] UID 1002 comm: gen_fast, count: 580199
CPU [0] UID 1002 comm: gen_fast, count: 580363
CPU [0] UID 1002 comm: gen_fast, count: 580399
CPU [0] UID 1002 comm: gen_fast, count: 580543
CPU [0] UID 1002 comm: gen_fast, count: 580622
CPU [0] UID 1002 comm: gen_fast, count: 580714
CPU [0] UID 1002 comm: gen_fast, count: 580869
CPU [0] UID 1002 comm: gen_fast, count: 580899
CPU [0] UID 1002 comm: gen_fast, count: 581052
CPU [0] UID 1002 comm: gen_fast, count: 581099
CPU [0] UID 1002 comm: gen_fast, count: 581221
CPU [0] UID 1002 comm: gen_fast, count: 581360
CPU [0] UID 1002 comm: gen_fast, count: 581403
CPU [0] UID 1002 comm: gen_fast, count: 581501
CPU [0] UID 1002 comm: gen_fast, count: 581656
CPU [0] UID 1002 comm: gen_fast, count: 581699
CPU [0] UID 1002 comm: gen_fast, count: 581818
CPU [0] UID 1002 comm: gen_fast, count: 581935
CPU [0] UID 1002 comm: gen_fast, count: 581999
CPU [0] UID 1002 comm: gen_fast, count: 582109
CPU [0] UID 1002 comm: gen_fast, count: 582199
CPU [0] UID 1002 comm: gen_fast, count: 582302
CPU [0] UID 1002 comm: gen_fast, count: 582399
CPU [0] UID 1002 comm: gen_fast, count: 582533
CPU [0] UID 1002 comm: gen_fast, count: 582599
CPU [0] UID 1002 comm: gen_fast, count: 582699
CPU [0] UID 1002 comm: gen_fast, count: 582805
CPU [0] UID 1002 comm: gen_fast, count: 582899
CPU [0] UID 1002 comm: gen_fast, count: 583030
CPU [0] UID 1002 comm: gen_fast, count: 583099
CPU [0] UID 1002 comm: gen_fast, count: 583199
CPU [0] UID 1002 comm: gen_fast, count: 583334
CPU [0] UID 1002 comm: gen_fast, count: 583405
CPU [0] UID 1002 comm: gen_fast, count: 583551
CPU [0] UID 1002 comm: gen_fast, count: 583599
CPU [0] UID 1002 comm: gen_fast, count: 583699
CPU [0] UID 1002 comm: gen_fast, count: 583800
CPU [0] UID 1002 comm: gen_fast, count: 583899
CPU [0] UID 1002 comm: gen_fast, count: 583999
CPU [0] UID 1002 comm: gen_fast, count: 584101
CPU [0] UID 1002 comm: gen_fast, count: 584235
CPU [0] UID 1002 comm: gen_fast, count: 584299
CPU [0] UID 1002 comm: gen_fast, count: 584407
CPU [0] UID 1002 comm: gen_fast, count: 584542
CPU [0] UID 1002 comm: gen_fast, count: 584625
CPU [0] UID 1002 comm: gen_fast, count: 584699
CPU [0] UID 1002 comm: gen_fast, count: 584799
CPU [0] UID 1002 comm: gen_fast, count: 584899
CPU [0] UID 1002 comm: gen_fast, count: 584999
CPU [0] UID 1002 comm: gen_fast, count: 585147
CPU [0] UID 1002 comm: gen_fast, count: 585217
CPU [0] UID 1002 comm: gen_fast, count: 585377
CPU [0] UID 1002 comm: gen_fast, count: 585399
CPU [0] UID 1002 comm: gen_fast, count: 585499
CPU [0] UID 1002 comm: gen_fast, count: 585599
CPU [0] UID 1002 comm: gen_fast, count: 585699
CPU [0] UID 1002 comm: gen_fast, count: 585799
CPU [0] UID 1002 comm: gen_fast, count: 585947
CPU [0] UID 1002 comm: gen_fast, count: 586139
CPU [0] UID 1002 comm: gen_fast, count: 586139
CPU [0] UID 1002 comm: gen_fast, count: 586199
CPU [0] UID 1002 comm: gen_fast, count: 586338
CPU [0] UID 1002 comm: gen_fast, count: 586527
CPU [0] UID 1002 comm: gen_fast, count: 586527
CPU [0] UID 1002 comm: gen_fast, count: 586687
CPU [0] UID 1002 comm: gen_fast, count: 586699
CPU [0] UID 1002 comm: gen_fast, count: 586799
CPU [0] UID 1002 comm: gen_fast, count: 586919
CPU [0] UID 1002 comm: gen_fast, count: 586999
CPU [0] UID 1002 comm: gen_fast, count: 587154
CPU [0] UID 1002 comm: gen_fast, count: 587199
CPU [0] UID 1002 comm: gen_fast, count: 587299
CPU [0] UID 1002 comm: gen_fast, count: 587469
CPU [0] UID 1002 comm: gen_fast, count: 587499
CPU [0] UID 1002 comm: gen_fast, count: 587660
CPU [0] UID 1002 comm: gen_fast, count: 587823
CPU [0] UID 1002 comm: gen_fast, count: 587823
CPU [0] UID 1002 comm: gen_fast, count: 587899
CPU [0] UID 1002 comm: gen_fast, count: 588057
CPU [0] UID 1002 comm: gen_fast, count: 588099
CPU [0] UID 1002 comm: gen_fast, count: 588199
CPU [0] UID 1002 comm: gen_fast, count: 588300
CPU [0] UID 1002 comm: gen_fast, count: 588415
CPU [0] UID 1002 comm: gen_fast, count: 588516
CPU [0] UID 1002 comm: gen_fast, count: 588653
CPU [0] UID 1002 comm: gen_fast, count: 588713
CPU [0] UID 1002 comm: gen_fast, count: 588855
CPU [0] UID 1002 comm: gen_fast, count: 588957
CPU [0] UID 1002 comm: gen_fast, count: 588999
CPU [0] UID 1002 comm: gen_fast, count: 589186
CPU [0] UID 1002 comm: gen_fast, count: 589199
CPU [0] UID 1002 comm: gen_fast, count: 589299
CPU [0] UID 1002 comm: gen_fast, count: 589420
CPU [0] UID 1002 comm: gen_fast, count: 589499
CPU [0] UID 1002 comm: gen_fast, count: 589617
CPU [0] UID 1002 comm: gen_fast, count: 589730
CPU [0] UID 1002 comm: gen_fast, count: 589835
CPU [0] UID 1002 comm: gen_fast, count: 589975
CPU [0] UID 1002 comm: gen_fast, count: 589999
CPU [0] UID 1002 comm: gen_fast, count: 590099
CPU [0] UID 1002 comm: gen_fast, count: 590199
CPU [0] UID 1002 comm: gen_fast, count: 590365
CPU [0] UID 1002 comm: gen_fast, count: 590399
CPU [0] UID 1002 comm: gen_fast, count: 590545
CPU [0] UID 1002 comm: gen_fast, count: 590687
CPU [0] UID 1002 comm: gen_fast, count: 590699
CPU [0] UID 1002 comm: gen_fast, count: 590862
CPU [0] UID 1002 comm: gen_fast, count: 590899
CPU [0] UID 1002 comm: gen_fast, count: 591056
CPU [0] UID 1002 comm: gen_fast, count: 591099
CPU [0] UID 1002 comm: gen_fast, count: 591226
CPU [0] UID 1002 comm: gen_fast, count: 591299
CPU [0] UID 1002 comm: gen_fast, count: 591399
CPU [0] UID 1002 comm: gen_fast, count: 591560
CPU [0] UID 1002 comm: gen_fast, count: 591599
CPU [0] UID 1002 comm: gen_fast, count: 591716
CPU [0] UID 1002 comm: gen_fast, count: 591847
CPU [0] UID 1002 comm: gen_fast, count: 592029
CPU [0] UID 1002 comm: gen_fast, count: 592029
CPU [0] UID 1002 comm: gen_fast, count: 592099
CPU [0] UID 1002 comm: gen_fast, count: 592235
CPU [0] UID 1002 comm: gen_fast, count: 592299
CPU [0] UID 1002 comm: gen_fast, count: 592399
CPU [0] UID 1002 comm: gen_fast, count: 592577
CPU [0] UID 1002 comm: gen_fast, count: 592599
CPU [0] UID 1002 comm: gen_fast, count: 592788
CPU [0] UID 1002 comm: gen_fast, count: 592799
CPU [0] UID 1002 comm: gen_fast, count: 592902
CPU [0] UID 1002 comm: gen_fast, count: 592999
CPU [0] UID 1002 comm: gen_fast, count: 593122
CPU [0] UID 1002 comm: gen_fast, count: 593199
CPU [0] UID 1002 comm: gen_fast, count: 593299
CPU [0] UID 1002 comm: gen_fast, count: 593459
CPU [0] UID 1002 comm: gen_fast, count: 593499
CPU [0] UID 1002 comm: gen_fast, count: 593684
CPU [0] UID 1002 comm: gen_fast, count: 593699
CPU [0] UID 1002 comm: gen_fast, count: 593799
CPU [0] UID 1002 comm: gen_fast, count: 593941
CPU [0] UID 1002 comm: gen_fast, count: 593999
CPU [0] UID 1002 comm: gen_fast, count: 594122
CPU [0] UID 1002 comm: gen_fast, count: 594272
CPU [0] UID 1002 comm: gen_fast, count: 594299
CPU [0] UID 1002 comm: gen_fast, count: 594443
CPU [0] UID 1002 comm: gen_fast, count: 594630
CPU [0] UID 1002 comm: gen_fast, count: 594630
CPU [0] UID 1002 comm: gen_fast, count: 594699
CPU [0] UID 1002 comm: gen_fast, count: 594801
CPU [0] UID 1002 comm: gen_fast, count: 594910
CPU [0] UID 1002 comm: gen_fast, count: 594999
CPU [0] UID 1002 comm: gen_fast, count: 595099
CPU [0] UID 1002 comm: gen_fast, count: 595229
CPU [0] UID 1002 comm: gen_fast, count: 595299
CPU [0] UID 1002 comm: gen_fast, count: 595410
CPU [0] UID 1002 comm: gen_fast, count: 595520
CPU [0] UID 1002 comm: gen_fast, count: 595599
CPU [0] UID 1002 comm: gen_fast, count: 595702
CPU [0] UID 1002 comm: gen_fast, count: 595844
CPU [0] UID 1002 comm: gen_fast, count: 595899
CPU [0] UID 1002 comm: gen_fast, count: 596009
CPU [0] UID 1002 comm: gen_fast, count: 596107
CPU [0] UID 1002 comm: gen_fast, count: 596218
CPU [0] UID 1002 comm: gen_fast, count: 596360
CPU [0] UID 1002 comm: gen_fast, count: 596500
CPU [0] UID 1002 comm: gen_fast, count: 596500
CPU [0] UID 1002 comm: gen_fast, count: 596650
CPU [0] UID 1002 comm: gen_fast, count: 596699
CPU [0] UID 1002 comm: gen_fast, count: 596799
CPU [0] UID 1002 comm: gen_fast, count: 596899
CPU [0] UID 1002 comm: gen_fast, count: 596999
CPU [0] UID 1002 comm: gen_fast, count: 597117
CPU [0] UID 1002 comm: gen_fast, count: 597300
CPU [0] UID 1002 comm: gen_fast, count: 597300
CPU [0] UID 1002 comm: gen_fast, count: 597483
CPU [0] UID 1002 comm: gen_fast, count: 597499
CPU [0] UID 1002 comm: gen_fast, count: 597599
CPU [0] UID 1002 comm: gen_fast, count: 597793
CPU [0] UID 1002 comm: gen_fast, count: 597799
CPU [0] UID 1002 comm: gen_fast, count: 597907
CPU [0] UID 1002 comm: gen_fast, count: 597999
CPU [0] UID 1002 comm: gen_fast, count: 598204
CPU [0] UID 1002 comm: gen_fast, count: 598204
CPU [0] UID 1002 comm: gen_fast, count: 598402
CPU [0] UID 1002 comm: gen_fast, count: 598402
CPU [0] UID 1002 comm: gen_fast, count: 598499
CPU [0] UID 1002 comm: gen_fast, count: 598652
CPU [0] UID 1002 comm: gen_fast, count: 598699
CPU [0] UID 1002 comm: gen_fast, count: 598799
CPU [0] UID 1002 comm: gen_fast, count: 598899
CPU [0] UID 1002 comm: gen_fast, count: 599025
CPU [0] UID 1002 comm: gen_fast, count: 599108
CPU [0] UID 1002 comm: gen_fast, count: 599274
CPU [0] UID 1002 comm: gen_fast, count: 599299
CPU [0] UID 1002 comm: gen_fast, count: 599475
CPU [0] UID 1002 comm: gen_fast, count: 599499
CPU [0] UID 1002 comm: gen_fast, count: 599654
CPU [0] UID 1002 comm: gen_fast, count: 599699
CPU [0] UID 1002 comm: gen_fast, count: 599841
CPU [0] UID 1002 comm: gen_fast, count: 599912
CPU [0] UID 1002 comm: gen_fast, count: 600088
CPU [0] UID 1002 comm: gen_fast, count: 600099
CPU [0] UID 1002 comm: gen_fast, count: 600350
CPU [0] UID 1002 comm: gen_fast, count: 600350
CPU [0] UID 1002 comm: gen_fast, count: 600399
CPU [0] UID 1002 comm: gen_fast, count: 600532
CPU [0] UID 1002 comm: gen_fast, count: 600599
CPU [0] UID 1002 comm: gen_fast, count: 600706
CPU [0] UID 1002 comm: gen_fast, count: 600846
CPU [0] UID 1002 comm: gen_fast, count: 600929
CPU [0] UID 1002 comm: gen_fast, count: 601092
CPU [0] UID 1002 comm: gen_fast, count: 601099
CPU [0] UID 1002 comm: gen_fast, count: 601266
CPU [0] UID 1002 comm: gen_fast, count: 601299
CPU [0] UID 1002 comm: gen_fast, count: 601514
CPU [0] UID 1002 comm: gen_fast, count: 601514
CPU [0] UID 1002 comm: gen_fast, count: 601698
CPU [0] UID 1002 comm: gen_fast, count: 601699
CPU [0] UID 1002 comm: gen_fast, count: 601799
CPU [0] UID 1002 comm: gen_fast, count: 601899
CPU [0] UID 1002 comm: gen_fast, count: 602090
CPU [0] UID 1002 comm: gen_fast, count: 602099
CPU [0] UID 1002 comm: gen_fast, count: 602199
CPU [0] UID 1002 comm: gen_fast, count: 602370
CPU [0] UID 1002 comm: gen_fast, count: 602399
CPU [0] UID 1002 comm: gen_fast, count: 602499
CPU [0] UID 1002 comm: gen_fast, count: 602599
CPU [0] UID 1002 comm: gen_fast, count: 602701
CPU [0] UID 1002 comm: gen_fast, count: 602847
CPU [0] UID 1002 comm: gen_fast, count: 602980
CPU [0] UID 1002 comm: gen_fast, count: 602999
CPU [0] UID 1002 comm: gen_fast, count: 603146
CPU [0] UID 1002 comm: gen_fast, count: 603199
CPU [0] UID 1002 comm: gen_fast, count: 603317
CPU [0] UID 1002 comm: gen_fast, count: 603415
CPU [0] UID 1002 comm: gen_fast, count: 603559
CPU [0] UID 1002 comm: gen_fast, count: 603697
CPU [0] UID 1002 comm: gen_fast, count: 603699
CPU [0] UID 1002 comm: gen_fast, count: 603872
CPU [0] UID 1002 comm: gen_fast, count: 603899
CPU [0] UID 1002 comm: gen_fast, count: 604022
CPU [0] UID 1002 comm: gen_fast, count: 604099
CPU [0] UID 1002 comm: gen_fast, count: 604220
CPU [0] UID 1002 comm: gen_fast, count: 604299
CPU [0] UID 1002 comm: gen_fast, count: 604417
CPU [0] UID 1002 comm: gen_fast, count: 604499
CPU [0] UID 1002 comm: gen_fast, count: 604610
CPU [0] UID 1002 comm: gen_fast, count: 604776
CPU [0] UID 1002 comm: gen_fast, count: 604799
CPU [0] UID 1002 comm: gen_fast, count: 604950
CPU [0] UID 1002 comm: gen_fast, count: 604999
CPU [0] UID 1002 comm: gen_fast, count: 605101
CPU [0] UID 1002 comm: gen_fast, count: 605199
CPU [0] UID 1002 comm: gen_fast, count: 605310
CPU [0] UID 1002 comm: gen_fast, count: 605443
CPU [0] UID 1002 comm: gen_fast, count: 605499
CPU [0] UID 1002 comm: gen_fast, count: 605610
CPU [0] UID 1002 comm: gen_fast, count: 605699
CPU [0] UID 1002 comm: gen_fast, count: 605941
CPU [0] UID 1002 comm: gen_fast, count: 605941
CPU [0] UID 1002 comm: gen_fast, count: 606055
CPU [0] UID 1002 comm: gen_fast, count: 606099
CPU [0] UID 1002 comm: gen_fast, count: 606199
CPU [0] UID 1002 comm: gen_fast, count: 606299
CPU [0] UID 1002 comm: gen_fast, count: 606399
CPU [0] UID 1002 comm: gen_fast, count: 606527
CPU [0] UID 1002 comm: gen_fast, count: 606599
CPU [0] UID 1002 comm: gen_fast, count: 606798
CPU [0] UID 1002 comm: gen_fast, count: 606799
CPU [0] UID 1002 comm: gen_fast, count: 606899
CPU [0] UID 1002 comm: gen_fast, count: 606999
CPU [0] UID 1002 comm: gen_fast, count: 607184
CPU [0] UID 1002 comm: gen_fast, count: 607199
CPU [0] UID 1002 comm: gen_fast, count: 607347
CPU [0] UID 1002 comm: gen_fast, count: 607399
CPU [0] UID 1002 comm: gen_fast, count: 607594
CPU [0] UID 1002 comm: gen_fast, count: 607599
CPU [0] UID 1002 comm: gen_fast, count: 607699
CPU [0] UID 1002 comm: gen_fast, count: 607820
CPU [0] UID 1002 comm: gen_fast, count: 607899
CPU [0] UID 1002 comm: gen_fast, count: 607999
CPU [0] UID 1002 comm: gen_fast, count: 608146
CPU [0] UID 1002 comm: gen_fast, count: 608199
CPU [0] UID 1002 comm: gen_fast, count: 608299
CPU [0] UID 1002 comm: gen_fast, count: 608422
CPU [0] UID 1002 comm: gen_fast, count: 608499
CPU [0] UID 1002 comm: gen_fast, count: 608599
CPU [0] UID 1002 comm: gen_fast, count: 608734
CPU [0] UID 1002 comm: gen_fast, count: 608838
CPU [0] UID 1002 comm: gen_fast, count: 608968
CPU [0] UID 1002 comm: gen_fast, count: 608999
CPU [0] UID 1002 comm: gen_fast, count: 609099
CPU [0] UID 1002 comm: gen_fast, count: 609300
CPU [0] UID 1002 comm: gen_fast, count: 609300
CPU [0] UID 1002 comm: gen_fast, count: 609422
CPU [0] UID 1002 comm: gen_fast, count: 609523
CPU [0] UID 1002 comm: gen_fast, count: 609664
CPU [0] UID 1002 comm: gen_fast, count: 609805
CPU [0] UID 1002 comm: gen_fast, count: 609805
CPU [0] UID 1002 comm: gen_fast, count: 610044
CPU [0] UID 1002 comm: gen_fast, count: 610044
CPU [0] UID 1002 comm: gen_fast, count: 610099
CPU [0] UID 1002 comm: gen_fast, count: 610305
CPU [0] UID 1002 comm: gen_fast, count: 610305
CPU [0] UID 1002 comm: gen_fast, count: 610399
CPU [0] UID 1002 comm: gen_fast, count: 610499
CPU [0] UID 1002 comm: gen_fast, count: 610599
CPU [0] UID 1002 comm: gen_fast, count: 610738
CPU [0] UID 1002 comm: gen_fast, count: 610799
CPU [0] UID 1002 comm: gen_fast, count: 610923
CPU [0] UID 1002 comm: gen_fast, count: 610999
CPU [0] UID 1002 comm: gen_fast, count: 611099
CPU [0] UID 1002 comm: gen_fast, count: 611264
CPU [0] UID 1002 comm: gen_fast, count: 611299
CPU [0] UID 1002 comm: gen_fast, count: 611399
CPU [0] UID 1002 comm: gen_fast, count: 611518
CPU [0] UID 1002 comm: gen_fast, count: 611626
CPU [0] UID 1002 comm: gen_fast, count: 611699
CPU [0] UID 1002 comm: gen_fast, count: 611799
CPU [0] UID 1002 comm: gen_fast, count: 611978
CPU [0] UID 1002 comm: gen_fast, count: 611999
CPU [0] UID 1002 comm: gen_fast, count: 612171
CPU [0] UID 1002 comm: gen_fast, count: 612199
CPU [0] UID 1002 comm: gen_fast, count: 612346
CPU [0] UID 1002 comm: gen_fast, count: 612399
CPU [0] UID 1002 comm: gen_fast, count: 612499
CPU [0] UID 1002 comm: gen_fast, count: 612621
CPU [0] UID 1002 comm: gen_fast, count: 612762
CPU [0] UID 1002 comm: gen_fast, count: 612799
CPU [0] UID 1002 comm: gen_fast, count: 612916
CPU [0] UID 1002 comm: gen_fast, count: 613034
CPU [0] UID 1002 comm: gen_fast, count: 613196
CPU [0] UID 1002 comm: gen_fast, count: 613199
CPU [0] UID 1002 comm: gen_fast, count: 613414
CPU [0] UID 1002 comm: gen_fast, count: 613414
CPU [0] UID 1002 comm: gen_fast, count: 613522
CPU [0] UID 1002 comm: gen_fast, count: 613620
CPU [0] UID 1002 comm: gen_fast, count: 613737
CPU [0] UID 1002 comm: gen_fast, count: 613927
CPU [0] UID 1002 comm: gen_fast, count: 613927
CPU [0] UID 1002 comm: gen_fast, count: 613999
CPU [0] UID 1002 comm: gen_fast, count: 614156
CPU [0] UID 1002 comm: gen_fast, count: 614199
CPU [0] UID 1002 comm: gen_fast, count: 614413
CPU [0] UID 1002 comm: gen_fast, count: 614413
CPU [0] UID 1002 comm: gen_fast, count: 614546
CPU [0] UID 1002 comm: gen_fast, count: 614599
CPU [0] UID 1002 comm: gen_fast, count: 614699
CPU [0] UID 1002 comm: gen_fast, count: 614839
CPU [0] UID 1002 comm: gen_fast, count: 614899
CPU [0] UID 1002 comm: gen_fast, count: 614999
CPU [0] UID 1002 comm: gen_fast, count: 615136
CPU [0] UID 1002 comm: gen_fast, count: 615199
CPU [0] UID 1002 comm: gen_fast, count: 615307
CPU [0] UID 1002 comm: gen_fast, count: 615399
CPU [0] UID 1002 comm: gen_fast, count: 615499
CPU [0] UID 1002 comm: gen_fast, count: 615694
CPU [0] UID 1002 comm: gen_fast, count: 615699
CPU [0] UID 1002 comm: gen_fast, count: 615854
CPU [0] UID 1002 comm: gen_fast, count: 615899
CPU [0] UID 1002 comm: gen_fast, count: 615999
CPU [0] UID 1002 comm: gen_fast, count: 616099
CPU [0] UID 1002 comm: gen_fast, count: 616199
CPU [0] UID 1002 comm: gen_fast, count: 616299
CPU [0] UID 1002 comm: gen_fast, count: 616435
CPU [0] UID 1002 comm: gen_fast, count: 616499
CPU [0] UID 1002 comm: gen_fast, count: 616599
CPU [0] UID 1002 comm: gen_fast, count: 616699
CPU [0] UID 1002 comm: gen_fast, count: 616799
CPU [0] UID 1002 comm: gen_fast, count: 616929
CPU [0] UID 1002 comm: gen_fast, count: 617074
CPU [0] UID 1002 comm: gen_fast, count: 617109
CPU [0] UID 1002 comm: gen_fast, count: 617199
CPU [0] UID 1002 comm: gen_fast, count: 617300
CPU [0] UID 1002 comm: gen_fast, count: 617479
CPU [0] UID 1002 comm: gen_fast, count: 617499
CPU [0] UID 1002 comm: gen_fast, count: 617602
CPU [0] UID 1002 comm: gen_fast, count: 617711
CPU [0] UID 1002 comm: gen_fast, count: 617851
CPU [0] UID 1002 comm: gen_fast, count: 617899
CPU [0] UID 1002 comm: gen_fast, count: 618000
CPU [0] UID 1002 comm: gen_fast, count: 618099
CPU [0] UID 1002 comm: gen_fast, count: 618248
CPU [0] UID 1002 comm: gen_fast, count: 618299
CPU [0] UID 1002 comm: gen_fast, count: 618422
CPU [0] UID 1002 comm: gen_fast, count: 618499
CPU [0] UID 1002 comm: gen_fast, count: 618703
CPU [0] UID 1002 comm: gen_fast, count: 618703
CPU [0] UID 1002 comm: gen_fast, count: 618900
CPU [0] UID 1002 comm: gen_fast, count: 618900
CPU [0] UID 1002 comm: gen_fast, count: 618999
CPU [0] UID 1002 comm: gen_fast, count: 619099
CPU [0] UID 1002 comm: gen_fast, count: 619199
CPU [0] UID 1002 comm: gen_fast, count: 619382
CPU [0] UID 1002 comm: gen_fast, count: 619399
CPU [0] UID 1002 comm: gen_fast, count: 619519
CPU [0] UID 1002 comm: gen_fast, count: 619602
CPU [0] UID 1002 comm: gen_fast, count: 619699
CPU [0] UID 1002 comm: gen_fast, count: 619891
CPU [0] UID 1002 comm: gen_fast, count: 619899
CPU [0] UID 1002 comm: gen_fast, count: 620078
CPU [0] UID 1002 comm: gen_fast, count: 620099
CPU [0] UID 1002 comm: gen_fast, count: 620252
CPU [0] UID 1002 comm: gen_fast, count: 620299
CPU [0] UID 1002 comm: gen_fast, count: 620399
CPU [0] UID 1002 comm: gen_fast, count: 620585
CPU [0] UID 1002 comm: gen_fast, count: 620599
CPU [0] UID 1002 comm: gen_fast, count: 620728
CPU [0] UID 1002 comm: gen_fast, count: 620799
CPU [0] UID 1002 comm: gen_fast, count: 620909
CPU [0] UID 1002 comm: gen_fast, count: 621005
CPU [0] UID 1002 comm: gen_fast, count: 621139
CPU [0] UID 1002 comm: gen_fast, count: 621223
CPU [0] UID 1002 comm: gen_fast, count: 621299
CPU [0] UID 1002 comm: gen_fast, count: 621399
CPU [0] UID 1002 comm: gen_fast, count: 621538
CPU [0] UID 1002 comm: gen_fast, count: 621616
CPU [0] UID 1002 comm: gen_fast, count: 621699
CPU [0] UID 1002 comm: gen_fast, count: 621814
CPU [0] UID 1002 comm: gen_fast, count: 621911
CPU [0] UID 1002 comm: gen_fast, count: 621999
CPU [0] UID 1002 comm: gen_fast, count: 622099
CPU [0] UID 1002 comm: gen_fast, count: 622203
CPU [0] UID 1002 comm: gen_fast, count: 622315
CPU [0] UID 1002 comm: gen_fast, count: 622435
CPU [0] UID 1002 comm: gen_fast, count: 622577
CPU [0] UID 1002 comm: gen_fast, count: 622599
CPU [0] UID 1002 comm: gen_fast, count: 622699
CPU [0] UID 1002 comm: gen_fast, count: 622821
CPU [0] UID 1002 comm: gen_fast, count: 622899
CPU [0] UID 1002 comm: gen_fast, count: 622999
CPU [0] UID 1002 comm: gen_fast, count: 623117
CPU [0] UID 1002 comm: gen_fast, count: 623207
CPU [0] UID 1002 comm: gen_fast, count: 623299
CPU [0] UID 1002 comm: gen_fast, count: 623432
CPU [0] UID 1002 comm: gen_fast, count: 623520
CPU [0] UID 1002 comm: gen_fast, count: 623599
CPU [0] UID 1002 comm: gen_fast, count: 623700
CPU [0] UID 1002 comm: gen_fast, count: 623856
CPU [0] UID 1002 comm: gen_fast, count: 623923
CPU [0] UID 1002 comm: gen_fast, count: 624088
CPU [0] UID 1002 comm: gen_fast, count: 624099
CPU [0] UID 1002 comm: gen_fast, count: 624248
CPU [0] UID 1002 comm: gen_fast, count: 624299
CPU [0] UID 1002 comm: gen_fast, count: 624399
CPU [0] UID 1002 comm: gen_fast, count: 624554
CPU [0] UID 1002 comm: gen_fast, count: 624672
CPU [0] UID 1002 comm: gen_fast, count: 624806
CPU [0] UID 1002 comm: gen_fast, count: 624806
CPU [0] UID 1002 comm: gen_fast, count: 624899
CPU [0] UID 1002 comm: gen_fast, count: 624999
CPU [0] UID 1002 comm: gen_fast, count: 625099
CPU [0] UID 1002 comm: gen_fast, count: 625199
CPU [0] UID 1002 comm: gen_fast, count: 625299
CPU [0] UID 1002 comm: gen_fast, count: 625484
CPU [0] UID 1002 comm: gen_fast, count: 625499
CPU [0] UID 1002 comm: gen_fast, count: 625620
CPU [0] UID 1002 comm: gen_fast, count: 625734
CPU [0] UID 1002 comm: gen_fast, count: 625799
CPU [0] UID 1002 comm: gen_fast, count: 626066
CPU [0] UID 1002 comm: gen_fast, count: 626066
CPU [0] UID 1002 comm: gen_fast, count: 626099
CPU [0] UID 1002 comm: gen_fast, count: 626293
CPU [0] UID 1002 comm: gen_fast, count: 626299
CPU [0] UID 1002 comm: gen_fast, count: 626534
CPU [0] UID 1002 comm: gen_fast, count: 626534
CPU [0] UID 1002 comm: gen_fast, count: 626599
CPU [0] UID 1002 comm: gen_fast, count: 626766
CPU [0] UID 1002 comm: gen_fast, count: 626799
CPU [0] UID 1002 comm: gen_fast, count: 627005
CPU [0] UID 1002 comm: gen_fast, count: 627005
CPU [0] UID 1002 comm: gen_fast, count: 627254
CPU [0] UID 1002 comm: gen_fast, count: 627254
CPU [0] UID 1002 comm: gen_fast, count: 627299
CPU [0] UID 1002 comm: gen_fast, count: 627508
CPU [0] UID 1002 comm: gen_fast, count: 627508
CPU [0] UID 1002 comm: gen_fast, count: 627599
CPU [0] UID 1002 comm: gen_fast, count: 627709
CPU [0] UID 1002 comm: gen_fast, count: 627799
CPU [0] UID 1002 comm: gen_fast, count: 627993
CPU [0] UID 1002 comm: gen_fast, count: 627999
CPU [0] UID 1002 comm: gen_fast, count: 628099
CPU [0] UID 1002 comm: gen_fast, count: 628236
CPU [0] UID 1002 comm: gen_fast, count: 628438
CPU [0] UID 1002 comm: gen_fast, count: 628438
CPU [0] UID 1002 comm: gen_fast, count: 628593
CPU [0] UID 1002 comm: gen_fast, count: 628599
CPU [0] UID 1002 comm: gen_fast, count: 628699
CPU [0] UID 1002 comm: gen_fast, count: 628799
CPU [0] UID 1002 comm: gen_fast, count: 628905
CPU [0] UID 1002 comm: gen_fast, count: 629058
CPU [0] UID 1002 comm: gen_fast, count: 629204
CPU [0] UID 1002 comm: gen_fast, count: 629204
CPU [0] UID 1002 comm: gen_fast, count: 629330
CPU [0] UID 1002 comm: gen_fast, count: 629429
CPU [0] UID 1002 comm: gen_fast, count: 629549
CPU [0] UID 1002 comm: gen_fast, count: 629599
CPU [0] UID 1002 comm: gen_fast, count: 629699
CPU [0] UID 1002 comm: gen_fast, count: 629799
CPU [0] UID 1002 comm: gen_fast, count: 629899
CPU [0] UID 1002 comm: gen_fast, count: 630040
CPU [0] UID 1002 comm: gen_fast, count: 630162
CPU [0] UID 1002 comm: gen_fast, count: 630199
CPU [0] UID 1002 comm: gen_fast, count: 630299
CPU [0] UID 1002 comm: gen_fast, count: 630439
CPU [0] UID 1002 comm: gen_fast, count: 630554
CPU [0] UID 1002 comm: gen_fast, count: 630693
CPU [0] UID 1002 comm: gen_fast, count: 630699
CPU [0] UID 1002 comm: gen_fast, count: 630799
CPU [0] UID 1002 comm: gen_fast, count: 631004
CPU [0] UID 1002 comm: gen_fast, count: 631004
CPU [0] UID 1002 comm: gen_fast, count: 631128
CPU [0] UID 1002 comm: gen_fast, count: 631228
CPU [0] UID 1002 comm: gen_fast, count: 631299
CPU [0] UID 1002 comm: gen_fast, count: 631417
CPU [0] UID 1002 comm: gen_fast, count: 631576
CPU [0] UID 1002 comm: gen_fast, count: 631599
CPU [0] UID 1002 comm: gen_fast, count: 631703
CPU [0] UID 1002 comm: gen_fast, count: 631895
CPU [0] UID 1002 comm: gen_fast, count: 631899
CPU [0] UID 1002 comm: gen_fast, count: 632026
CPU [0] UID 1002 comm: gen_fast, count: 632104
CPU [0] UID 1002 comm: gen_fast, count: 632314
CPU [0] UID 1002 comm: gen_fast, count: 632314
CPU [0] UID 1002 comm: gen_fast, count: 632399
CPU [0] UID 1002 comm: gen_fast, count: 632563
CPU [0] UID 1002 comm: gen_fast, count: 632599
CPU [0] UID 1002 comm: gen_fast, count: 632753
CPU [0] UID 1002 comm: gen_fast, count: 632799
CPU [0] UID 1002 comm: gen_fast, count: 632899
CPU [0] UID 1002 comm: gen_fast, count: 632999
CPU [0] UID 1002 comm: gen_fast, count: 633102
CPU [0] UID 1002 comm: gen_fast, count: 633228
CPU [0] UID 1002 comm: gen_fast, count: 633378
CPU [0] UID 1002 comm: gen_fast, count: 633399
CPU [0] UID 1002 comm: gen_fast, count: 633640
CPU [0] UID 1002 comm: gen_fast, count: 633640
CPU [0] UID 1002 comm: gen_fast, count: 633711
CPU [0] UID 1002 comm: gen_fast, count: 633894
CPU [0] UID 1002 comm: gen_fast, count: 633899
CPU [0] UID 1002 comm: gen_fast, count: 633999
CPU [0] UID 1002 comm: gen_fast, count: 634099
CPU [0] UID 1002 comm: gen_fast, count: 634216
CPU [0] UID 1002 comm: gen_fast, count: 634316
CPU [0] UID 1002 comm: gen_fast, count: 634433
CPU [0] UID 1002 comm: gen_fast, count: 634578
CPU [0] UID 1002 comm: gen_fast, count: 634599
CPU [0] UID 1002 comm: gen_fast, count: 634727
CPU [0] UID 1002 comm: gen_fast, count: 634799
CPU [0] UID 1002 comm: gen_fast, count: 634907
CPU [0] UID 1002 comm: gen_fast, count: 635054
CPU [0] UID 1002 comm: gen_fast, count: 635099
CPU [0] UID 1002 comm: gen_fast, count: 635199
CPU [0] UID 1002 comm: gen_fast, count: 635417
CPU [0] UID 1002 comm: gen_fast, count: 635417
CPU [0] UID 1002 comm: gen_fast, count: 635517
CPU [0] UID 1002 comm: gen_fast, count: 635599
CPU [0] UID 1002 comm: gen_fast, count: 635807
CPU [0] UID 1002 comm: gen_fast, count: 635807
CPU [0] UID 1002 comm: gen_fast, count: 635899
CPU [0] UID 1002 comm: gen_fast, count: 635999
CPU [0] UID 1002 comm: gen_fast, count: 636100
CPU [0] UID 1002 comm: gen_fast, count: 636231
CPU [0] UID 1002 comm: gen_fast, count: 636299
CPU [0] UID 1002 comm: gen_fast, count: 636399
CPU [0] UID 1002 comm: gen_fast, count: 636500
CPU [0] UID 1002 comm: gen_fast, count: 636613
CPU [0] UID 1002 comm: gen_fast, count: 636774
CPU [0] UID 1002 comm: gen_fast, count: 636799
CPU [0] UID 1002 comm: gen_fast, count: 636925
CPU [0] UID 1002 comm: gen_fast, count: 636999
CPU [0] UID 1002 comm: gen_fast, count: 637099
CPU [0] UID 1002 comm: gen_fast, count: 637234
CPU [0] UID 1002 comm: gen_fast, count: 637429
CPU [0] UID 1002 comm: gen_fast, count: 637429
CPU [0] UID 1002 comm: gen_fast, count: 637499
CPU [0] UID 1002 comm: gen_fast, count: 637599
CPU [0] UID 1002 comm: gen_fast, count: 637780
CPU [0] UID 1002 comm: gen_fast, count: 637799
CPU [0] UID 1002 comm: gen_fast, count: 638040
CPU [0] UID 1002 comm: gen_fast, count: 638040
CPU [0] UID 1002 comm: gen_fast, count: 638099
CPU [0] UID 1002 comm: gen_fast, count: 638237
CPU [0] UID 1002 comm: gen_fast, count: 638299
CPU [0] UID 1002 comm: gen_fast, count: 638399
CPU [0] UID 1002 comm: gen_fast, count: 638501
CPU [0] UID 1002 comm: gen_fast, count: 638599
CPU [0] UID 1002 comm: gen_fast, count: 638755
CPU [0] UID 1002 comm: gen_fast, count: 638799
CPU [0] UID 1002 comm: gen_fast, count: 638899
CPU [0] UID 1002 comm: gen_fast, count: 639035
CPU [0] UID 1002 comm: gen_fast, count: 639099
CPU [0] UID 1002 comm: gen_fast, count: 639199
CPU [0] UID 1002 comm: gen_fast, count: 639351
CPU [0] UID 1002 comm: gen_fast, count: 639434
CPU [0] UID 1002 comm: gen_fast, count: 639656
CPU [0] UID 1002 comm: gen_fast, count: 639656
CPU [0] UID 1002 comm: gen_fast, count: 639699
CPU [0] UID 1002 comm: gen_fast, count: 639918
CPU [0] UID 1002 comm: gen_fast, count: 639918
CPU [0] UID 1002 comm: gen_fast, count: 639999
CPU [0] UID 1002 comm: gen_fast, count: 640099
CPU [0] UID 1002 comm: gen_fast, count: 640269
CPU [0] UID 1002 comm: gen_fast, count: 640299
CPU [0] UID 1002 comm: gen_fast, count: 640468
CPU [0] UID 1002 comm: gen_fast, count: 640499
CPU [0] UID 1002 comm: gen_fast, count: 640668
CPU [0] UID 1002 comm: gen_fast, count: 640699
CPU [0] UID 1002 comm: gen_fast, count: 640818
CPU [0] UID 1002 comm: gen_fast, count: 640899
CPU [0] UID 1002 comm: gen_fast, count: 641008
CPU [0] UID 1002 comm: gen_fast, count: 641213
CPU [0] UID 1002 comm: gen_fast, count: 641213
CPU [0] UID 1002 comm: gen_fast, count: 641307
CPU [0] UID 1002 comm: gen_fast, count: 641488
CPU [0] UID 1002 comm: gen_fast, count: 641499
CPU [0] UID 1002 comm: gen_fast, count: 641684
CPU [0] UID 1002 comm: gen_fast, count: 641699
CPU [0] UID 1002 comm: gen_fast, count: 641799
CPU [0] UID 1002 comm: gen_fast, count: 641937
CPU [0] UID 1002 comm: gen_fast, count: 641999
CPU [0] UID 1002 comm: gen_fast, count: 642099
CPU [0] UID 1002 comm: gen_fast, count: 642278
CPU [0] UID 1002 comm: gen_fast, count: 642299
CPU [0] UID 1002 comm: gen_fast, count: 642399
CPU [0] UID 1002 comm: gen_fast, count: 642541
CPU [0] UID 1002 comm: gen_fast, count: 642599
CPU [0] UID 1002 comm: gen_fast, count: 642702
CPU [0] UID 1002 comm: gen_fast, count: 642853
CPU [0] UID 1002 comm: gen_fast, count: 642987
CPU [0] UID 1002 comm: gen_fast, count: 642999
CPU [0] UID 1002 comm: gen_fast, count: 643118
CPU [0] UID 1002 comm: gen_fast, count: 643311
CPU [0] UID 1002 comm: gen_fast, count: 643311
CPU [0] UID 1002 comm: gen_fast, count: 643434
CPU [0] UID 1002 comm: gen_fast, count: 643573
CPU [0] UID 1002 comm: gen_fast, count: 643599
CPU [0] UID 1002 comm: gen_fast, count: 643724
CPU [0] UID 1002 comm: gen_fast, count: 643846
CPU [0] UID 1002 comm: gen_fast, count: 643899
CPU [0] UID 1002 comm: gen_fast, count: 643999
CPU [0] UID 1002 comm: gen_fast, count: 644153
CPU [0] UID 1002 comm: gen_fast, count: 644199
CPU [0] UID 1002 comm: gen_fast, count: 644311
CPU [0] UID 1002 comm: gen_fast, count: 644438
CPU [0] UID 1002 comm: gen_fast, count: 644499
CPU [0] UID 1002 comm: gen_fast, count: 644639
CPU [0] UID 1002 comm: gen_fast, count: 644735
CPU [0] UID 1002 comm: gen_fast, count: 644799
CPU [0] UID 1002 comm: gen_fast, count: 644938
CPU [0] UID 1002 comm: gen_fast, count: 645063
CPU [0] UID 1002 comm: gen_fast, count: 645099
CPU [0] UID 1002 comm: gen_fast, count: 645251
CPU [0] UID 1002 comm: gen_fast, count: 645371
CPU [0] UID 1002 comm: gen_fast, count: 645399
CPU [0] UID 1002 comm: gen_fast, count: 645593
CPU [0] UID 1002 comm: gen_fast, count: 645599
CPU [0] UID 1002 comm: gen_fast, count: 645699
CPU [0] UID 1002 comm: gen_fast, count: 645799
CPU [0] UID 1002 comm: gen_fast, count: 645980
CPU [0] UID 1002 comm: gen_fast, count: 645999
CPU [0] UID 1002 comm: gen_fast, count: 646099
CPU [0] UID 1002 comm: gen_fast, count: 646234
CPU [0] UID 1002 comm: gen_fast, count: 646299
CPU [0] UID 1002 comm: gen_fast, count: 646399
CPU [0] UID 1002 comm: gen_fast, count: 646506
CPU [0] UID 1002 comm: gen_fast, count: 646665
CPU [0] UID 1002 comm: gen_fast, count: 646699
CPU [0] UID 1002 comm: gen_fast, count: 646922
CPU [0] UID 1002 comm: gen_fast, count: 646922
CPU [0] UID 1002 comm: gen_fast, count: 646999
CPU [0] UID 1002 comm: gen_fast, count: 647156
CPU [0] UID 1002 comm: gen_fast, count: 647199
CPU [0] UID 1002 comm: gen_fast, count: 647299
CPU [0] UID 1002 comm: gen_fast, count: 647436
CPU [0] UID 1002 comm: gen_fast, count: 647651
CPU [0] UID 1002 comm: gen_fast, count: 647651
CPU [0] UID 1002 comm: gen_fast, count: 647699
CPU [0] UID 1002 comm: gen_fast, count: 647807
CPU [0] UID 1002 comm: gen_fast, count: 647934
CPU [0] UID 1002 comm: gen_fast, count: 648125
CPU [0] UID 1002 comm: gen_fast, count: 648125
CPU [0] UID 1002 comm: gen_fast, count: 648199
CPU [0] UID 1002 comm: gen_fast, count: 648422
CPU [0] UID 1002 comm: gen_fast, count: 648422
CPU [0] UID 1002 comm: gen_fast, count: 648499
CPU [0] UID 1002 comm: gen_fast, count: 648607
CPU [0] UID 1002 comm: gen_fast, count: 648813
CPU [0] UID 1002 comm: gen_fast, count: 648813
CPU [0] UID 1002 comm: gen_fast, count: 648899
CPU [0] UID 1002 comm: gen_fast, count: 648999
CPU [0] UID 1002 comm: gen_fast, count: 649099
CPU [0] UID 1002 comm: gen_fast, count: 649261
CPU [0] UID 1002 comm: gen_fast, count: 649299
CPU [0] UID 1002 comm: gen_fast, count: 649422
CPU [0] UID 1002 comm: gen_fast, count: 649552
CPU [0] UID 1002 comm: gen_fast, count: 649599
CPU [0] UID 1002 comm: gen_fast, count: 649743
CPU [0] UID 1002 comm: gen_fast, count: 649799
CPU [0] UID 1002 comm: gen_fast, count: 649952
CPU [0] UID 1002 comm: gen_fast, count: 649999
CPU [0] UID 1002 comm: gen_fast, count: 650113
CPU [0] UID 1002 comm: gen_fast, count: 650199
CPU [0] UID 1002 comm: gen_fast, count: 650307
CPU [0] UID 1002 comm: gen_fast, count: 650463
CPU [0] UID 1002 comm: gen_fast, count: 650499
CPU [0] UID 1002 comm: gen_fast, count: 650640
CPU [0] UID 1002 comm: gen_fast, count: 650699
CPU [0] UID 1002 comm: gen_fast, count: 650799
CPU [0] UID 1002 comm: gen_fast, count: 650899
CPU [0] UID 1002 comm: gen_fast, count: 650999
CPU [0] UID 1002 comm: gen_fast, count: 651104
CPU [0] UID 1002 comm: gen_fast, count: 651292
CPU [0] UID 1002 comm: gen_fast, count: 651299
CPU [0] UID 1002 comm: gen_fast, count: 651399
CPU [0] UID 1002 comm: gen_fast, count: 651499
CPU [0] UID 1002 comm: gen_fast, count: 651620
CPU [0] UID 1002 comm: gen_fast, count: 651746
CPU [0] UID 1002 comm: gen_fast, count: 651799
CPU [0] UID 1002 comm: gen_fast, count: 651899
CPU [0] UID 1002 comm: gen_fast, count: 651999
CPU [0] UID 1002 comm: gen_fast, count: 652177
CPU [0] UID 1002 comm: gen_fast, count: 652199
CPU [0] UID 1002 comm: gen_fast, count: 652350
CPU [0] UID 1002 comm: gen_fast, count: 652507
CPU [0] UID 1002 comm: gen_fast, count: 652507
CPU [0] UID 1002 comm: gen_fast, count: 652613
CPU [0] UID 1002 comm: gen_fast, count: 652699
CPU [0] UID 1002 comm: gen_fast, count: 652944
CPU [0] UID 1002 comm: gen_fast, count: 652944
CPU [0] UID 1002 comm: gen_fast, count: 652999
CPU [0] UID 1002 comm: gen_fast, count: 653207
CPU [0] UID 1002 comm: gen_fast, count: 653207
CPU [0] UID 1002 comm: gen_fast, count: 653299
CPU [0] UID 1002 comm: gen_fast, count: 653422
CPU [0] UID 1002 comm: gen_fast, count: 653644
CPU [0] UID 1002 comm: gen_fast, count: 653644
CPU [0] UID 1002 comm: gen_fast, count: 653723
CPU [0] UID 1002 comm: gen_fast, count: 653803
CPU [0] UID 1002 comm: gen_fast, count: 654009
CPU [0] UID 1002 comm: gen_fast, count: 654009
CPU [0] UID 1002 comm: gen_fast, count: 654099
CPU [0] UID 1002 comm: gen_fast, count: 654218
CPU [0] UID 1002 comm: gen_fast, count: 654299
CPU [0] UID 1002 comm: gen_fast, count: 654402
CPU [0] UID 1002 comm: gen_fast, count: 654550
CPU [0] UID 1002 comm: gen_fast, count: 654625
CPU [0] UID 1002 comm: gen_fast, count: 654712
CPU [0] UID 1002 comm: gen_fast, count: 654799
CPU [0] UID 1002 comm: gen_fast, count: 654899
CPU [0] UID 1002 comm: gen_fast, count: 654999
CPU [0] UID 1002 comm: gen_fast, count: 655100
CPU [0] UID 1002 comm: gen_fast, count: 655199
CPU [0] UID 1002 comm: gen_fast, count: 655299
CPU [0] UID 1002 comm: gen_fast, count: 655452
CPU [0] UID 1002 comm: gen_fast, count: 655499
CPU [0] UID 1002 comm: gen_fast, count: 655599
CPU [0] UID 1002 comm: gen_fast, count: 655728
CPU [0] UID 1002 comm: gen_fast, count: 655836
CPU [0] UID 1002 comm: gen_fast, count: 655977
CPU [0] UID 1002 comm: gen_fast, count: 655999
CPU [0] UID 1002 comm: gen_fast, count: 656171
CPU [0] UID 1002 comm: gen_fast, count: 656229
CPU [0] UID 1002 comm: gen_fast, count: 656299
CPU [0] UID 1002 comm: gen_fast, count: 656421
CPU [0] UID 1002 comm: gen_fast, count: 656595
CPU [0] UID 1002 comm: gen_fast, count: 656599
CPU [0] UID 1002 comm: gen_fast, count: 656699
CPU [0] UID 1002 comm: gen_fast, count: 656799
CPU [0] UID 1002 comm: gen_fast, count: 657006
CPU [0] UID 1002 comm: gen_fast, count: 657006
CPU [0] UID 1002 comm: gen_fast, count: 657099
CPU [0] UID 1002 comm: gen_fast, count: 657199
CPU [0] UID 1002 comm: gen_fast, count: 657325
CPU [0] UID 1002 comm: gen_fast, count: 657418
CPU [0] UID 1002 comm: gen_fast, count: 657499
CPU [0] UID 1002 comm: gen_fast, count: 657599
CPU [0] UID 1002 comm: gen_fast, count: 657702
CPU [0] UID 1002 comm: gen_fast, count: 657854
CPU [0] UID 1002 comm: gen_fast, count: 657899
CPU [0] UID 1002 comm: gen_fast, count: 657999
CPU [0] UID 1002 comm: gen_fast, count: 658101
CPU [0] UID 1002 comm: gen_fast, count: 658215
CPU [0] UID 1002 comm: gen_fast, count: 658375
CPU [0] UID 1002 comm: gen_fast, count: 658399
CPU [0] UID 1002 comm: gen_fast, count: 658570
CPU [0] UID 1002 comm: gen_fast, count: 658651
CPU [0] UID 1002 comm: gen_fast, count: 658699
CPU [0] UID 1002 comm: gen_fast, count: 658799
CPU [0] UID 1002 comm: gen_fast, count: 658906
CPU [0] UID 1002 comm: gen_fast, count: 659101
CPU [0] UID 1002 comm: gen_fast, count: 659101
CPU [0] UID 1002 comm: gen_fast, count: 659212
CPU [0] UID 1002 comm: gen_fast, count: 659299
CPU [0] UID 1002 comm: gen_fast, count: 659399
CPU [0] UID 1002 comm: gen_fast, count: 659537
CPU [0] UID 1002 comm: gen_fast, count: 659637
CPU [0] UID 1002 comm: gen_fast, count: 659764
CPU [0] UID 1002 comm: gen_fast, count: 659799
CPU [0] UID 1002 comm: gen_fast, count: 660007
CPU [0] UID 1002 comm: gen_fast, count: 660007
CPU [0] UID 1002 comm: gen_fast, count: 660178
CPU [0] UID 1002 comm: gen_fast, count: 660199
CPU [0] UID 1002 comm: gen_fast, count: 660315
CPU [0] UID 1002 comm: gen_fast, count: 660399
CPU [0] UID 1002 comm: gen_fast, count: 660506
CPU [0] UID 1002 comm: gen_fast, count: 660627
CPU [0] UID 1002 comm: gen_fast, count: 660736
CPU [0] UID 1002 comm: gen_fast, count: 660799
CPU [0] UID 1002 comm: gen_fast, count: 660954
CPU [0] UID 1002 comm: gen_fast, count: 660999
CPU [0] UID 1002 comm: gen_fast, count: 661099
CPU [0] UID 1002 comm: gen_fast, count: 661199
CPU [0] UID 1002 comm: gen_fast, count: 661343
CPU [0] UID 1002 comm: gen_fast, count: 661399
CPU [0] UID 1002 comm: gen_fast, count: 661499
CPU [0] UID 1002 comm: gen_fast, count: 661606
CPU [0] UID 1002 comm: gen_fast, count: 661704
CPU [0] UID 1002 comm: gen_fast, count: 661803
CPU [0] UID 1002 comm: gen_fast, count: 661926
CPU [0] UID 1002 comm: gen_fast, count: 662080
CPU [0] UID 1002 comm: gen_fast, count: 662138
CPU [0] UID 1002 comm: gen_fast, count: 662288
CPU [0] UID 1002 comm: gen_fast, count: 662299
CPU [0] UID 1002 comm: gen_fast, count: 662469
CPU [0] UID 1002 comm: gen_fast, count: 662499
CPU [0] UID 1002 comm: gen_fast, count: 662708
CPU [0] UID 1002 comm: gen_fast, count: 662708
CPU [0] UID 1002 comm: gen_fast, count: 662799
CPU [0] UID 1002 comm: gen_fast, count: 662899
CPU [0] UID 1002 comm: gen_fast, count: 662999
CPU [0] UID 1002 comm: gen_fast, count: 663129
CPU [0] UID 1002 comm: gen_fast, count: 663233
CPU [0] UID 1002 comm: gen_fast, count: 663299
CPU [0] UID 1002 comm: gen_fast, count: 663399
CPU [0] UID 1002 comm: gen_fast, count: 663499
CPU [0] UID 1002 comm: gen_fast, count: 663636
CPU [0] UID 1002 comm: gen_fast, count: 663780
CPU [0] UID 1002 comm: gen_fast, count: 663799
CPU [0] UID 1002 comm: gen_fast, count: 663924
CPU [0] UID 1002 comm: gen_fast, count: 663999
CPU [0] UID 1002 comm: gen_fast, count: 664101
CPU [0] UID 1002 comm: gen_fast, count: 664211
CPU [0] UID 1002 comm: gen_fast, count: 664324
CPU [0] UID 1002 comm: gen_fast, count: 664478
CPU [0] UID 1002 comm: gen_fast, count: 664499
CPU [0] UID 1002 comm: gen_fast, count: 664608
CPU [0] UID 1002 comm: gen_fast, count: 664699
CPU [0] UID 1002 comm: gen_fast, count: 664799
CPU [0] UID 1002 comm: gen_fast, count: 664899
CPU [0] UID 1002 comm: gen_fast, count: 665006
CPU [0] UID 1002 comm: gen_fast, count: 665111
CPU [0] UID 1002 comm: gen_fast, count: 665199
CPU [0] UID 1002 comm: gen_fast, count: 665299
CPU [0] UID 1002 comm: gen_fast, count: 665424
CPU [0] UID 1002 comm: gen_fast, count: 665499
CPU [0] UID 1002 comm: gen_fast, count: 665599
CPU [0] UID 1002 comm: gen_fast, count: 665812
CPU [0] UID 1002 comm: gen_fast, count: 665812
CPU [0] UID 1002 comm: gen_fast, count: 665999
CPU [0] UID 1002 comm: gen_fast, count: 665999
CPU [0] UID 1002 comm: gen_fast, count: 666141
CPU [0] UID 1002 comm: gen_fast, count: 666199
CPU [0] UID 1002 comm: gen_fast, count: 666299
CPU [0] UID 1002 comm: gen_fast, count: 666401
CPU [0] UID 1002 comm: gen_fast, count: 666596
CPU [0] UID 1002 comm: gen_fast, count: 666599
CPU [0] UID 1002 comm: gen_fast, count: 666842
CPU [0] UID 1002 comm: gen_fast, count: 666842
CPU [0] UID 1002 comm: gen_fast, count: 666899
CPU [0] UID 1002 comm: gen_fast, count: 667045
CPU [0] UID 1002 comm: gen_fast, count: 667099
CPU [0] UID 1002 comm: gen_fast, count: 667315
CPU [0] UID 1002 comm: gen_fast, count: 667315
CPU [0] UID 1002 comm: gen_fast, count: 667399
CPU [0] UID 1002 comm: gen_fast, count: 667582
CPU [0] UID 1002 comm: gen_fast, count: 667599
CPU [0] UID 1002 comm: gen_fast, count: 667699
CPU [0] UID 1002 comm: gen_fast, count: 667861
CPU [0] UID 1002 comm: gen_fast, count: 667899
CPU [0] UID 1002 comm: gen_fast, count: 668020
CPU [0] UID 1002 comm: gen_fast, count: 668104
CPU [0] UID 1002 comm: gen_fast, count: 668199
CPU [0] UID 1002 comm: gen_fast, count: 668318
CPU [0] UID 1002 comm: gen_fast, count: 668399
CPU [0] UID 1002 comm: gen_fast, count: 668528
CPU [0] UID 1002 comm: gen_fast, count: 668660
CPU [0] UID 1002 comm: gen_fast, count: 668699
CPU [0] UID 1002 comm: gen_fast, count: 668814
CPU [0] UID 1002 comm: gen_fast, count: 668899
CPU [0] UID 1002 comm: gen_fast, count: 668999
CPU [0] UID 1002 comm: gen_fast, count: 669201
CPU [0] UID 1002 comm: gen_fast, count: 669201
CPU [0] UID 1002 comm: gen_fast, count: 669347
CPU [0] UID 1002 comm: gen_fast, count: 669399
CPU [0] UID 1002 comm: gen_fast, count: 669532
CPU [0] UID 1002 comm: gen_fast, count: 669599
CPU [0] UID 1002 comm: gen_fast, count: 669699
CPU [0] UID 1002 comm: gen_fast, count: 669816
CPU [0] UID 1002 comm: gen_fast, count: 669968
CPU [0] UID 1002 comm: gen_fast, count: 669999
CPU [0] UID 1002 comm: gen_fast, count: 670109
CPU [0] UID 1002 comm: gen_fast, count: 670199
CPU [0] UID 1002 comm: gen_fast, count: 670299
CPU [0] UID 1002 comm: gen_fast, count: 670399
CPU [0] UID 1002 comm: gen_fast, count: 670591
CPU [0] UID 1002 comm: gen_fast, count: 670599
CPU [0] UID 1002 comm: gen_fast, count: 670735
CPU [0] UID 1002 comm: gen_fast, count: 670799
CPU [0] UID 1002 comm: gen_fast, count: 670899
CPU [0] UID 1002 comm: gen_fast, count: 671004
CPU [0] UID 1002 comm: gen_fast, count: 671156
CPU [0] UID 1002 comm: gen_fast, count: 671199
CPU [0] UID 1002 comm: gen_fast, count: 671346
CPU [0] UID 1002 comm: gen_fast, count: 671399
CPU [0] UID 1002 comm: gen_fast, count: 671503
CPU [0] UID 1002 comm: gen_fast, count: 671713
CPU [0] UID 1002 comm: gen_fast, count: 671713
CPU [0] UID 1002 comm: gen_fast, count: 671813
CPU [0] UID 1002 comm: gen_fast, count: 671935
CPU [0] UID 1002 comm: gen_fast, count: 672016
CPU [0] UID 1002 comm: gen_fast, count: 672229
CPU [0] UID 1002 comm: gen_fast, count: 672229
CPU [0] UID 1002 comm: gen_fast, count: 672299
CPU [0] UID 1002 comm: gen_fast, count: 672399
CPU [0] UID 1002 comm: gen_fast, count: 672624
CPU [0] UID 1002 comm: gen_fast, count: 672624
CPU [0] UID 1002 comm: gen_fast, count: 672699
CPU [0] UID 1002 comm: gen_fast, count: 672853
CPU [0] UID 1002 comm: gen_fast, count: 672899
CPU [0] UID 1002 comm: gen_fast, count: 672999
CPU [0] UID 1002 comm: gen_fast, count: 673099
CPU [0] UID 1002 comm: gen_fast, count: 673284
CPU [0] UID 1002 comm: gen_fast, count: 673299
CPU [0] UID 1002 comm: gen_fast, count: 673422
CPU [0] UID 1002 comm: gen_fast, count: 673499
CPU [0] UID 1002 comm: gen_fast, count: 673599
CPU [0] UID 1002 comm: gen_fast, count: 673753
CPU [0] UID 1002 comm: gen_fast, count: 673799
CPU [0] UID 1002 comm: gen_fast, count: 673899
CPU [0] UID 1002 comm: gen_fast, count: 673999
CPU [0] UID 1002 comm: gen_fast, count: 674099
CPU [0] UID 1002 comm: gen_fast, count: 674285
CPU [0] UID 1002 comm: gen_fast, count: 674299
CPU [0] UID 1002 comm: gen_fast, count: 674422
CPU [0] UID 1002 comm: gen_fast, count: 674514
CPU [0] UID 1002 comm: gen_fast, count: 674717
CPU [0] UID 1002 comm: gen_fast, count: 674717
CPU [0] UID 1002 comm: gen_fast, count: 674799
CPU [0] UID 1002 comm: gen_fast, count: 674899
CPU [0] UID 1002 comm: gen_fast, count: 675024
CPU [0] UID 1002 comm: gen_fast, count: 675234
CPU [0] UID 1002 comm: gen_fast, count: 675234
CPU [0] UID 1002 comm: gen_fast, count: 675318
CPU [0] UID 1002 comm: gen_fast, count: 675399
CPU [0] UID 1002 comm: gen_fast, count: 675537
CPU [0] UID 1002 comm: gen_fast, count: 675685
CPU [0] UID 1002 comm: gen_fast, count: 675699
CPU [0] UID 1002 comm: gen_fast, count: 675874
CPU [0] UID 1002 comm: gen_fast, count: 675899
CPU [0] UID 1002 comm: gen_fast, count: 675999
CPU [0] UID 1002 comm: gen_fast, count: 676131
CPU [0] UID 1002 comm: gen_fast, count: 676254
CPU [0] UID 1002 comm: gen_fast, count: 676299
CPU [0] UID 1002 comm: gen_fast, count: 676399
CPU [0] UID 1002 comm: gen_fast, count: 676499
CPU [0] UID 1002 comm: gen_fast, count: 676605
CPU [0] UID 1002 comm: gen_fast, count: 676699
CPU [0] UID 1002 comm: gen_fast, count: 676799
CPU [0] UID 1002 comm: gen_fast, count: 676899
CPU [0] UID 1002 comm: gen_fast, count: 676999
CPU [0] UID 1002 comm: gen_fast, count: 677109
CPU [0] UID 1002 comm: gen_fast, count: 677240
CPU [0] UID 1002 comm: gen_fast, count: 677299
CPU [0] UID 1002 comm: gen_fast, count: 677474
CPU [0] UID 1002 comm: gen_fast, count: 677499
CPU [0] UID 1002 comm: gen_fast, count: 677636
CPU [0] UID 1002 comm: gen_fast, count: 677699
CPU [0] UID 1002 comm: gen_fast, count: 677816
CPU [0] UID 1002 comm: gen_fast, count: 677899
CPU [0] UID 1002 comm: gen_fast, count: 677999
CPU [0] UID 1002 comm: gen_fast, count: 678099
CPU [0] UID 1002 comm: gen_fast, count: 678199
CPU [0] UID 1002 comm: gen_fast, count: 678311
CPU [0] UID 1002 comm: gen_fast, count: 678399
CPU [0] UID 1002 comm: gen_fast, count: 678499
CPU [0] UID 1002 comm: gen_fast, count: 678703
CPU [0] UID 1002 comm: gen_fast, count: 678703
CPU [0] UID 1002 comm: gen_fast, count: 678854
CPU [0] UID 1002 comm: gen_fast, count: 678899
CPU [0] UID 1002 comm: gen_fast, count: 679018
CPU [0] UID 1002 comm: gen_fast, count: 679175
CPU [0] UID 1002 comm: gen_fast, count: 679199
CPU [0] UID 1002 comm: gen_fast, count: 679376
CPU [0] UID 1002 comm: gen_fast, count: 679399
CPU [0] UID 1002 comm: gen_fast, count: 679524
CPU [0] UID 1002 comm: gen_fast, count: 679599
CPU [0] UID 1002 comm: gen_fast, count: 679699
CPU [0] UID 1002 comm: gen_fast, count: 679846
CPU [0] UID 1002 comm: gen_fast, count: 679899
CPU [0] UID 1002 comm: gen_fast, count: 680049
CPU [0] UID 1002 comm: gen_fast, count: 680201
CPU [0] UID 1002 comm: gen_fast, count: 680201
CPU [0] UID 1002 comm: gen_fast, count: 680299
CPU [0] UID 1002 comm: gen_fast, count: 680399
CPU [0] UID 1002 comm: gen_fast, count: 680499
CPU [0] UID 1002 comm: gen_fast, count: 680711
CPU [0] UID 1002 comm: gen_fast, count: 680711
CPU [0] UID 1002 comm: gen_fast, count: 680913
CPU [0] UID 1002 comm: gen_fast, count: 680913
CPU [0] UID 1002 comm: gen_fast, count: 681064
CPU [0] UID 1002 comm: gen_fast, count: 681099
CPU [0] UID 1002 comm: gen_fast, count: 681260
CPU [0] UID 1002 comm: gen_fast, count: 681299
CPU [0] UID 1002 comm: gen_fast, count: 681415
CPU [0] UID 1002 comm: gen_fast, count: 681499
CPU [0] UID 1002 comm: gen_fast, count: 681599
CPU [0] UID 1002 comm: gen_fast, count: 681699
CPU [0] UID 1002 comm: gen_fast, count: 681799
CPU [0] UID 1002 comm: gen_fast, count: 681957
CPU [0] UID 1002 comm: gen_fast, count: 681999
CPU [0] UID 1002 comm: gen_fast, count: 682101
CPU [0] UID 1002 comm: gen_fast, count: 682199
CPU [0] UID 1002 comm: gen_fast, count: 682346
CPU [0] UID 1002 comm: gen_fast, count: 682399
CPU [0] UID 1002 comm: gen_fast, count: 682596
CPU [0] UID 1002 comm: gen_fast, count: 682599
CPU [0] UID 1002 comm: gen_fast, count: 682746
CPU [0] UID 1002 comm: gen_fast, count: 682799
CPU [0] UID 1002 comm: gen_fast, count: 682928
CPU [0] UID 1002 comm: gen_fast, count: 683035
CPU [0] UID 1002 comm: gen_fast, count: 683102
CPU [0] UID 1002 comm: gen_fast, count: 683199
CPU [0] UID 1002 comm: gen_fast, count: 683327
CPU [0] UID 1002 comm: gen_fast, count: 683399
CPU [0] UID 1002 comm: gen_fast, count: 683515
CPU [0] UID 1002 comm: gen_fast, count: 683622
CPU [0] UID 1002 comm: gen_fast, count: 683699
CPU [0] UID 1002 comm: gen_fast, count: 683812
CPU [0] UID 1002 comm: gen_fast, count: 683972
CPU [0] UID 1002 comm: gen_fast, count: 683999
CPU [0] UID 1002 comm: gen_fast, count: 684099
CPU [0] UID 1002 comm: gen_fast, count: 684230
CPU [0] UID 1002 comm: gen_fast, count: 684377
CPU [0] UID 1002 comm: gen_fast, count: 684399
CPU [0] UID 1002 comm: gen_fast, count: 684537
CPU [0] UID 1002 comm: gen_fast, count: 684599
CPU [0] UID 1002 comm: gen_fast, count: 684699
CPU [0] UID 1002 comm: gen_fast, count: 684799
CPU [0] UID 1002 comm: gen_fast, count: 685006
CPU [0] UID 1002 comm: gen_fast, count: 685006
CPU [0] UID 1002 comm: gen_fast, count: 685099
CPU [0] UID 1002 comm: gen_fast, count: 685199
CPU [0] UID 1002 comm: gen_fast, count: 685302
CPU [0] UID 1002 comm: gen_fast, count: 685457
CPU [0] UID 1002 comm: gen_fast, count: 685499
CPU [0] UID 1002 comm: gen_fast, count: 685599
CPU [0] UID 1002 comm: gen_fast, count: 685745
CPU [0] UID 1002 comm: gen_fast, count: 685799
CPU [0] UID 1002 comm: gen_fast, count: 685902
CPU [0] UID 1002 comm: gen_fast, count: 686021
CPU [0] UID 1002 comm: gen_fast, count: 686099
CPU [0] UID 1002 comm: gen_fast, count: 686217
CPU [0] UID 1002 comm: gen_fast, count: 686369
CPU [0] UID 1002 comm: gen_fast, count: 686399
CPU [0] UID 1002 comm: gen_fast, count: 686539
CPU [0] UID 1002 comm: gen_fast, count: 686599
CPU [0] UID 1002 comm: gen_fast, count: 686699
CPU [0] UID 1002 comm: gen_fast, count: 686799
CPU [0] UID 1002 comm: gen_fast, count: 686899
CPU [0] UID 1002 comm: gen_fast, count: 687031
CPU [0] UID 1002 comm: gen_fast, count: 687184
CPU [0] UID 1002 comm: gen_fast, count: 687199
CPU [0] UID 1002 comm: gen_fast, count: 687299
CPU [0] UID 1002 comm: gen_fast, count: 687493
CPU [0] UID 1002 comm: gen_fast, count: 687499
CPU [0] UID 1002 comm: gen_fast, count: 687640
CPU [0] UID 1002 comm: gen_fast, count: 687699
CPU [0] UID 1002 comm: gen_fast, count: 687831
CPU [0] UID 1002 comm: gen_fast, count: 687899
CPU [0] UID 1002 comm: gen_fast, count: 688027
CPU [0] UID 1002 comm: gen_fast, count: 688099
CPU [0] UID 1002 comm: gen_fast, count: 688205
CPU [0] UID 1002 comm: gen_fast, count: 688315
CPU [0] UID 1002 comm: gen_fast, count: 688476
CPU [0] UID 1002 comm: gen_fast, count: 688499
CPU [0] UID 1002 comm: gen_fast, count: 688634
CPU [0] UID 1002 comm: gen_fast, count: 688771
CPU [0] UID 1002 comm: gen_fast, count: 688799
CPU [0] UID 1002 comm: gen_fast, count: 688919
CPU [0] UID 1002 comm: gen_fast, count: 688999
CPU [0] UID 1002 comm: gen_fast, count: 689168
CPU [0] UID 1002 comm: gen_fast, count: 689199
CPU [0] UID 1002 comm: gen_fast, count: 689324
CPU [0] UID 1002 comm: gen_fast, count: 689476
CPU [0] UID 1002 comm: gen_fast, count: 689499
CPU [0] UID 1002 comm: gen_fast, count: 689679
CPU [0] UID 1002 comm: gen_fast, count: 689699
CPU [0] UID 1002 comm: gen_fast, count: 689880
CPU [0] UID 1002 comm: gen_fast, count: 689899
CPU [0] UID 1002 comm: gen_fast, count: 690037
CPU [0] UID 1002 comm: gen_fast, count: 690099
CPU [0] UID 1002 comm: gen_fast, count: 690262
CPU [0] UID 1002 comm: gen_fast, count: 690299
CPU [0] UID 1002 comm: gen_fast, count: 690399
CPU [0] UID 1002 comm: gen_fast, count: 690540
CPU [0] UID 1002 comm: gen_fast, count: 690626
CPU [0] UID 1002 comm: gen_fast, count: 690701
CPU [0] UID 1002 comm: gen_fast, count: 690895
CPU [0] UID 1002 comm: gen_fast, count: 690899
CPU [0] UID 1002 comm: gen_fast, count: 691150
CPU [0] UID 1002 comm: gen_fast, count: 691150
CPU [0] UID 1002 comm: gen_fast, count: 691199
CPU [0] UID 1002 comm: gen_fast, count: 691342
CPU [0] UID 1002 comm: gen_fast, count: 691399
CPU [0] UID 1002 comm: gen_fast, count: 691499
CPU [0] UID 1002 comm: gen_fast, count: 691599
CPU [0] UID 1002 comm: gen_fast, count: 691699
CPU [0] UID 1002 comm: gen_fast, count: 691833
CPU [0] UID 1002 comm: gen_fast, count: 691920
CPU [0] UID 1002 comm: gen_fast, count: 692133
CPU [0] UID 1002 comm: gen_fast, count: 692133
CPU [0] UID 1002 comm: gen_fast, count: 692335
CPU [0] UID 1002 comm: gen_fast, count: 692335
CPU [0] UID 1002 comm: gen_fast, count: 692399
CPU [0] UID 1002 comm: gen_fast, count: 692536
CPU [0] UID 1002 comm: gen_fast, count: 692723
CPU [0] UID 1002 comm: gen_fast, count: 692723
CPU [0] UID 1002 comm: gen_fast, count: 692799
CPU [0] UID 1002 comm: gen_fast, count: 693040
CPU [0] UID 1002 comm: gen_fast, count: 693040
CPU [0] UID 1002 comm: gen_fast, count: 693099
CPU [0] UID 1002 comm: gen_fast, count: 693199
CPU [0] UID 1002 comm: gen_fast, count: 693332
CPU [0] UID 1002 comm: gen_fast, count: 693419
CPU [0] UID 1002 comm: gen_fast, count: 693499
CPU [0] UID 1002 comm: gen_fast, count: 693710
CPU [0] UID 1002 comm: gen_fast, count: 693710
CPU [0] UID 1002 comm: gen_fast, count: 693876
CPU [0] UID 1002 comm: gen_fast, count: 693899
CPU [0] UID 1002 comm: gen_fast, count: 693999
CPU [0] UID 1002 comm: gen_fast, count: 694099
CPU [0] UID 1002 comm: gen_fast, count: 694240
CPU [0] UID 1002 comm: gen_fast, count: 694299
CPU [0] UID 1002 comm: gen_fast, count: 694424
CPU [0] UID 1002 comm: gen_fast, count: 694499
CPU [0] UID 1002 comm: gen_fast, count: 694685
CPU [0] UID 1002 comm: gen_fast, count: 694699
CPU [0] UID 1002 comm: gen_fast, count: 694799
CPU [0] UID 1002 comm: gen_fast, count: 694920
CPU [0] UID 1002 comm: gen_fast, count: 694999
CPU [0] UID 1002 comm: gen_fast, count: 695145
CPU [0] UID 1002 comm: gen_fast, count: 695232
CPU [0] UID 1002 comm: gen_fast, count: 695313
CPU [0] UID 1002 comm: gen_fast, count: 695399
CPU [0] UID 1002 comm: gen_fast, count: 695499
CPU [0] UID 1002 comm: gen_fast, count: 695685
CPU [0] UID 1002 comm: gen_fast, count: 695699
CPU [0] UID 1002 comm: gen_fast, count: 695840
CPU [0] UID 1002 comm: gen_fast, count: 695991
CPU [0] UID 1002 comm: gen_fast, count: 695999
CPU [0] UID 1002 comm: gen_fast, count: 696139
CPU [0] UID 1002 comm: gen_fast, count: 696279
CPU [0] UID 1002 comm: gen_fast, count: 696299
CPU [0] UID 1002 comm: gen_fast, count: 696442
CPU [0] UID 1002 comm: gen_fast, count: 696499
CPU [0] UID 1002 comm: gen_fast, count: 696623
CPU [0] UID 1002 comm: gen_fast, count: 696699
CPU [0] UID 1002 comm: gen_fast, count: 696799
CPU [0] UID 1002 comm: gen_fast, count: 696934
CPU [0] UID 1002 comm: gen_fast, count: 697022
CPU [0] UID 1002 comm: gen_fast, count: 697099
CPU [0] UID 1002 comm: gen_fast, count: 697199
CPU [0] UID 1002 comm: gen_fast, count: 697324
CPU [0] UID 1002 comm: gen_fast, count: 697399
CPU [0] UID 1002 comm: gen_fast, count: 697499
CPU [0] UID 1002 comm: gen_fast, count: 697666
CPU [0] UID 1002 comm: gen_fast, count: 697699
CPU [0] UID 1002 comm: gen_fast, count: 697847
CPU [0] UID 1002 comm: gen_fast, count: 697899
CPU [0] UID 1002 comm: gen_fast, count: 698074
CPU [0] UID 1002 comm: gen_fast, count: 698099
CPU [0] UID 1002 comm: gen_fast, count: 698333
CPU [0] UID 1002 comm: gen_fast, count: 698333
CPU [0] UID 1002 comm: gen_fast, count: 698399
CPU [0] UID 1002 comm: gen_fast, count: 698525
CPU [0] UID 1002 comm: gen_fast, count: 698611
CPU [0] UID 1002 comm: gen_fast, count: 698699
CPU [0] UID 1002 comm: gen_fast, count: 698882
CPU [0] UID 1002 comm: gen_fast, count: 698899
CPU [0] UID 1002 comm: gen_fast, count: 698999
CPU [0] UID 1002 comm: gen_fast, count: 699139
CPU [0] UID 1002 comm: gen_fast, count: 699199
CPU [0] UID 1002 comm: gen_fast, count: 699299
CPU [0] UID 1002 comm: gen_fast, count: 699488
CPU [0] UID 1002 comm: gen_fast, count: 699499
CPU [0] UID 1002 comm: gen_fast, count: 699599
CPU [0] UID 1002 comm: gen_fast, count: 699708
CPU [0] UID 1002 comm: gen_fast, count: 699849
CPU [0] UID 1002 comm: gen_fast, count: 699926
CPU [0] UID 1002 comm: gen_fast, count: 700009
CPU [0] UID 1002 comm: gen_fast, count: 700099
CPU [0] UID 1002 comm: gen_fast, count: 700300
CPU [0] UID 1002 comm: gen_fast, count: 700300
CPU [0] UID 1002 comm: gen_fast, count: 700399
CPU [0] UID 1002 comm: gen_fast, count: 700504
CPU [0] UID 1002 comm: gen_fast, count: 700711
CPU [0] UID 1002 comm: gen_fast, count: 700711
CPU [0] UID 1002 comm: gen_fast, count: 700799
CPU [0] UID 1002 comm: gen_fast, count: 700942
CPU [0] UID 1002 comm: gen_fast, count: 701125
CPU [0] UID 1002 comm: gen_fast, count: 701125
CPU [0] UID 1002 comm: gen_fast, count: 701199
CPU [0] UID 1002 comm: gen_fast, count: 701327
CPU [0] UID 1002 comm: gen_fast, count: 701468
CPU [0] UID 1002 comm: gen_fast, count: 701499
CPU [0] UID 1002 comm: gen_fast, count: 701628
CPU [0] UID 1002 comm: gen_fast, count: 701699
CPU [0] UID 1002 comm: gen_fast, count: 701799
CPU [0] UID 1002 comm: gen_fast, count: 701925
CPU [0] UID 1002 comm: gen_fast, count: 702142
CPU [0] UID 1002 comm: gen_fast, count: 702142
CPU [0] UID 1002 comm: gen_fast, count: 702342
CPU [0] UID 1002 comm: gen_fast, count: 702342
CPU [0] UID 1002 comm: gen_fast, count: 702399
CPU [0] UID 1002 comm: gen_fast, count: 702586
CPU [0] UID 1002 comm: gen_fast, count: 702599
CPU [0] UID 1002 comm: gen_fast, count: 702723
CPU [0] UID 1002 comm: gen_fast, count: 702929
CPU [0] UID 1002 comm: gen_fast, count: 702929
CPU [0] UID 1002 comm: gen_fast, count: 702999
CPU [0] UID 1002 comm: gen_fast, count: 703186
CPU [0] UID 1002 comm: gen_fast, count: 703199
CPU [0] UID 1002 comm: gen_fast, count: 703384
CPU [0] UID 1002 comm: gen_fast, count: 703399
CPU [0] UID 1002 comm: gen_fast, count: 703566
CPU [0] UID 1002 comm: gen_fast, count: 703599
CPU [0] UID 1002 comm: gen_fast, count: 703741
CPU [0] UID 1002 comm: gen_fast, count: 703878
CPU [0] UID 1002 comm: gen_fast, count: 703899
CPU [0] UID 1002 comm: gen_fast, count: 704048
CPU [0] UID 1002 comm: gen_fast, count: 704182
CPU [0] UID 1002 comm: gen_fast, count: 704199
CPU [0] UID 1002 comm: gen_fast, count: 704395
CPU [0] UID 1002 comm: gen_fast, count: 704399
CPU [0] UID 1002 comm: gen_fast, count: 704577
CPU [0] UID 1002 comm: gen_fast, count: 704599
CPU [0] UID 1002 comm: gen_fast, count: 704699
CPU [0] UID 1002 comm: gen_fast, count: 704850
CPU [0] UID 1002 comm: gen_fast, count: 704899
CPU [0] UID 1002 comm: gen_fast, count: 705082
CPU [0] UID 1002 comm: gen_fast, count: 705099
CPU [0] UID 1002 comm: gen_fast, count: 705199
CPU [0] UID 1002 comm: gen_fast, count: 705311
CPU [0] UID 1002 comm: gen_fast, count: 705415
CPU [0] UID 1002 comm: gen_fast, count: 705499
CPU [0] UID 1002 comm: gen_fast, count: 705599
CPU [0] UID 1002 comm: gen_fast, count: 705763
CPU [0] UID 1002 comm: gen_fast, count: 705835
CPU [0] UID 1002 comm: gen_fast, count: 705899
CPU [0] UID 1002 comm: gen_fast, count: 705999
CPU [0] UID 1002 comm: gen_fast, count: 706099
CPU [0] UID 1002 comm: gen_fast, count: 706199
CPU [0] UID 1002 comm: gen_fast, count: 706299
CPU [0] UID 1002 comm: gen_fast, count: 706437
CPU [0] UID 1002 comm: gen_fast, count: 706646
CPU [0] UID 1002 comm: gen_fast, count: 706646
CPU [0] UID 1002 comm: gen_fast, count: 706849
CPU [0] UID 1002 comm: gen_fast, count: 706849
CPU [0] UID 1002 comm: gen_fast, count: 706899
CPU [0] UID 1002 comm: gen_fast, count: 707079
CPU [0] UID 1002 comm: gen_fast, count: 707099
CPU [0] UID 1002 comm: gen_fast, count: 707324
CPU [0] UID 1002 comm: gen_fast, count: 707324
CPU [0] UID 1002 comm: gen_fast, count: 707399
CPU [0] UID 1002 comm: gen_fast, count: 707547
CPU [0] UID 1002 comm: gen_fast, count: 707599
CPU [0] UID 1002 comm: gen_fast, count: 707706
CPU [0] UID 1002 comm: gen_fast, count: 707799
CPU [0] UID 1002 comm: gen_fast, count: 707924
CPU [0] UID 1002 comm: gen_fast, count: 707999
CPU [0] UID 1002 comm: gen_fast, count: 708115
CPU [0] UID 1002 comm: gen_fast, count: 708226
CPU [0] UID 1002 comm: gen_fast, count: 708299
CPU [0] UID 1002 comm: gen_fast, count: 708399
CPU [0] UID 1002 comm: gen_fast, count: 708546
CPU [0] UID 1002 comm: gen_fast, count: 708626
CPU [0] UID 1002 comm: gen_fast, count: 708699
CPU [0] UID 1002 comm: gen_fast, count: 708799
CPU [0] UID 1002 comm: gen_fast, count: 708899
CPU [0] UID 1002 comm: gen_fast, count: 708999
CPU [0] UID 1002 comm: gen_fast, count: 709155
CPU [0] UID 1002 comm: gen_fast, count: 709199
CPU [0] UID 1002 comm: gen_fast, count: 709326
CPU [0] UID 1002 comm: gen_fast, count: 709399
CPU [0] UID 1002 comm: gen_fast, count: 709638
CPU [0] UID 1002 comm: gen_fast, count: 709638
CPU [0] UID 1002 comm: gen_fast, count: 709699
CPU [0] UID 1002 comm: gen_fast, count: 709830
CPU [0] UID 1002 comm: gen_fast, count: 709899
CPU [0] UID 1002 comm: gen_fast, count: 710023
CPU [0] UID 1002 comm: gen_fast, count: 710099
CPU [0] UID 1002 comm: gen_fast, count: 710235
CPU [0] UID 1002 comm: gen_fast, count: 710299
CPU [0] UID 1002 comm: gen_fast, count: 710399
CPU [0] UID 1002 comm: gen_fast, count: 710550
CPU [0] UID 1002 comm: gen_fast, count: 710599
CPU [0] UID 1002 comm: gen_fast, count: 710705
CPU [0] UID 1002 comm: gen_fast, count: 710879
CPU [0] UID 1002 comm: gen_fast, count: 710936
CPU [0] UID 1002 comm: gen_fast, count: 711064
CPU [0] UID 1002 comm: gen_fast, count: 711099
CPU [0] UID 1002 comm: gen_fast, count: 711214
CPU [0] UID 1002 comm: gen_fast, count: 711332
CPU [0] UID 1002 comm: gen_fast, count: 711453
CPU [0] UID 1002 comm: gen_fast, count: 711559
CPU [0] UID 1002 comm: gen_fast, count: 711700
CPU [0] UID 1002 comm: gen_fast, count: 711700
CPU [0] UID 1002 comm: gen_fast, count: 711843
CPU [0] UID 1002 comm: gen_fast, count: 711977
CPU [0] UID 1002 comm: gen_fast, count: 711999
CPU [0] UID 1002 comm: gen_fast, count: 712099
CPU [0] UID 1002 comm: gen_fast, count: 712207
CPU [0] UID 1002 comm: gen_fast, count: 712299
CPU [0] UID 1002 comm: gen_fast, count: 712399
CPU [0] UID 1002 comm: gen_fast, count: 712499
CPU [0] UID 1002 comm: gen_fast, count: 712640
CPU [0] UID 1002 comm: gen_fast, count: 712699
CPU [0] UID 1002 comm: gen_fast, count: 712799
CPU [0] UID 1002 comm: gen_fast, count: 712899
CPU [0] UID 1002 comm: gen_fast, count: 712999
CPU [0] UID 1002 comm: gen_fast, count: 713154
CPU [0] UID 1002 comm: gen_fast, count: 713199
CPU [0] UID 1002 comm: gen_fast, count: 713300
CPU [0] UID 1002 comm: gen_fast, count: 713494
CPU [0] UID 1002 comm: gen_fast, count: 713499
CPU [0] UID 1002 comm: gen_fast, count: 713610
CPU [0] UID 1002 comm: gen_fast, count: 713779
CPU [0] UID 1002 comm: gen_fast, count: 713860
CPU [0] UID 1002 comm: gen_fast, count: 713899
CPU [0] UID 1002 comm: gen_fast, count: 714019
CPU [0] UID 1002 comm: gen_fast, count: 714173
CPU [0] UID 1002 comm: gen_fast, count: 714199
CPU [0] UID 1002 comm: gen_fast, count: 714333
CPU [0] UID 1002 comm: gen_fast, count: 714522
CPU [0] UID 1002 comm: gen_fast, count: 714522
CPU [0] UID 1002 comm: gen_fast, count: 714599
CPU [0] UID 1002 comm: gen_fast, count: 714750
CPU [0] UID 1002 comm: gen_fast, count: 714934
CPU [0] UID 1002 comm: gen_fast, count: 714934
CPU [0] UID 1002 comm: gen_fast, count: 714999
CPU [0] UID 1002 comm: gen_fast, count: 715099
CPU [0] UID 1002 comm: gen_fast, count: 715199
CPU [0] UID 1002 comm: gen_fast, count: 715330
CPU [0] UID 1002 comm: gen_fast, count: 715399
CPU [0] UID 1002 comm: gen_fast, count: 715499
CPU [0] UID 1002 comm: gen_fast, count: 715651
CPU [0] UID 1002 comm: gen_fast, count: 715699
CPU [0] UID 1002 comm: gen_fast, count: 715869
CPU [0] UID 1002 comm: gen_fast, count: 715899
CPU [0] UID 1002 comm: gen_fast, count: 716038
CPU [0] UID 1002 comm: gen_fast, count: 716118
CPU [0] UID 1002 comm: gen_fast, count: 716199
CPU [0] UID 1002 comm: gen_fast, count: 716350
CPU [0] UID 1002 comm: gen_fast, count: 716505
CPU [0] UID 1002 comm: gen_fast, count: 716505
CPU [0] UID 1002 comm: gen_fast, count: 716599
CPU [0] UID 1002 comm: gen_fast, count: 716716
CPU [0] UID 1002 comm: gen_fast, count: 716804
CPU [0] UID 1002 comm: gen_fast, count: 716967
CPU [0] UID 1002 comm: gen_fast, count: 716999
CPU [0] UID 1002 comm: gen_fast, count: 717099
CPU [0] UID 1002 comm: gen_fast, count: 717253
CPU [0] UID 1002 comm: gen_fast, count: 717299
CPU [0] UID 1002 comm: gen_fast, count: 717416
CPU [0] UID 1002 comm: gen_fast, count: 717578
CPU [0] UID 1002 comm: gen_fast, count: 717599
CPU [0] UID 1002 comm: gen_fast, count: 717735
CPU [0] UID 1002 comm: gen_fast, count: 717868
CPU [0] UID 1002 comm: gen_fast, count: 717899
CPU [0] UID 1002 comm: gen_fast, count: 718034
CPU [0] UID 1002 comm: gen_fast, count: 718100
CPU [0] UID 1002 comm: gen_fast, count: 718234
CPU [0] UID 1002 comm: gen_fast, count: 718301
CPU [0] UID 1002 comm: gen_fast, count: 718431
CPU [0] UID 1002 comm: gen_fast, count: 718499
CPU [0] UID 1002 comm: gen_fast, count: 718627
CPU [0] UID 1002 comm: gen_fast, count: 718799
CPU [0] UID 1002 comm: gen_fast, count: 718799
CPU [0] UID 1002 comm: gen_fast, count: 718899
CPU [0] UID 1002 comm: gen_fast, count: 718999
CPU [0] UID 1002 comm: gen_fast, count: 719099
CPU [0] UID 1002 comm: gen_fast, count: 719206
CPU [0] UID 1002 comm: gen_fast, count: 719315
CPU [0] UID 1002 comm: gen_fast, count: 719460
CPU [0] UID 1002 comm: gen_fast, count: 719499
CPU [0] UID 1002 comm: gen_fast, count: 719694
CPU [0] UID 1002 comm: gen_fast, count: 719699
CPU [0] UID 1002 comm: gen_fast, count: 719856
CPU [0] UID 1002 comm: gen_fast, count: 719998
CPU [0] UID 1002 comm: gen_fast, count: 719999
CPU [0] UID 1002 comm: gen_fast, count: 720158
CPU [0] UID 1002 comm: gen_fast, count: 720199
CPU [0] UID 1002 comm: gen_fast, count: 720299
CPU [0] UID 1002 comm: gen_fast, count: 720442
CPU [0] UID 1002 comm: gen_fast, count: 720499
CPU [0] UID 1002 comm: gen_fast, count: 720696
CPU [0] UID 1002 comm: gen_fast, count: 720699
CPU [0] UID 1002 comm: gen_fast, count: 720855
CPU [0] UID 1002 comm: gen_fast, count: 720899
CPU [0] UID 1002 comm: gen_fast, count: 720999
CPU [0] UID 1002 comm: gen_fast, count: 721099
CPU [0] UID 1002 comm: gen_fast, count: 721356
CPU [0] UID 1002 comm: gen_fast, count: 721356
CPU [0] UID 1002 comm: gen_fast, count: 721399
CPU [0] UID 1002 comm: gen_fast, count: 721508
CPU [0] UID 1002 comm: gen_fast, count: 721690
CPU [0] UID 1002 comm: gen_fast, count: 721699
CPU [0] UID 1002 comm: gen_fast, count: 721799
CPU [0] UID 1002 comm: gen_fast, count: 721899
CPU [0] UID 1002 comm: gen_fast, count: 722040
CPU [0] UID 1002 comm: gen_fast, count: 722120
CPU [0] UID 1002 comm: gen_fast, count: 722199
CPU [0] UID 1002 comm: gen_fast, count: 722299
CPU [0] UID 1002 comm: gen_fast, count: 722399
CPU [0] UID 1002 comm: gen_fast, count: 722499
CPU [0] UID 1002 comm: gen_fast, count: 722599
CPU [0] UID 1002 comm: gen_fast, count: 722753
CPU [0] UID 1002 comm: gen_fast, count: 722799
CPU [0] UID 1002 comm: gen_fast, count: 722932
CPU [0] UID 1002 comm: gen_fast, count: 722999
CPU [0] UID 1002 comm: gen_fast, count: 723125
CPU [0] UID 1002 comm: gen_fast, count: 723275
CPU [0] UID 1002 comm: gen_fast, count: 723299
CPU [0] UID 1002 comm: gen_fast, count: 723399
CPU [0] UID 1002 comm: gen_fast, count: 723562
CPU [0] UID 1002 comm: gen_fast, count: 723599
CPU [0] UID 1002 comm: gen_fast, count: 723795
CPU [0] UID 1002 comm: gen_fast, count: 723799
CPU [0] UID 1002 comm: gen_fast, count: 723975
CPU [0] UID 1002 comm: gen_fast, count: 723999
CPU [0] UID 1002 comm: gen_fast, count: 724171
CPU [0] UID 1002 comm: gen_fast, count: 724199
CPU [0] UID 1002 comm: gen_fast, count: 724333
CPU [0] UID 1002 comm: gen_fast, count: 724485
CPU [0] UID 1002 comm: gen_fast, count: 724499
CPU [0] UID 1002 comm: gen_fast, count: 724677
CPU [0] UID 1002 comm: gen_fast, count: 724699
CPU [0] UID 1002 comm: gen_fast, count: 724806
CPU [0] UID 1002 comm: gen_fast, count: 724906
CPU [0] UID 1002 comm: gen_fast, count: 725023
CPU [0] UID 1002 comm: gen_fast, count: 725099
CPU [0] UID 1002 comm: gen_fast, count: 725199
CPU [0] UID 1002 comm: gen_fast, count: 725299
CPU [0] UID 1002 comm: gen_fast, count: 725447
CPU [0] UID 1002 comm: gen_fast, count: 725584
CPU [0] UID 1002 comm: gen_fast, count: 725599
CPU [0] UID 1002 comm: gen_fast, count: 725762
CPU [0] UID 1002 comm: gen_fast, count: 725799
CPU [0] UID 1002 comm: gen_fast, count: 725944
CPU [0] UID 1002 comm: gen_fast, count: 725999
CPU [0] UID 1002 comm: gen_fast, count: 726136
CPU [0] UID 1002 comm: gen_fast, count: 726199
CPU [0] UID 1002 comm: gen_fast, count: 726331
CPU [0] UID 1002 comm: gen_fast, count: 726399
CPU [0] UID 1002 comm: gen_fast, count: 726532
CPU [0] UID 1002 comm: gen_fast, count: 726599
CPU [0] UID 1002 comm: gen_fast, count: 726711
CPU [0] UID 1002 comm: gen_fast, count: 726807
CPU [0] UID 1002 comm: gen_fast, count: 726899
CPU [0] UID 1002 comm: gen_fast, count: 727013
CPU [0] UID 1002 comm: gen_fast, count: 727099
CPU [0] UID 1002 comm: gen_fast, count: 727199
CPU [0] UID 1002 comm: gen_fast, count: 727305
CPU [0] UID 1002 comm: gen_fast, count: 727406
CPU [0] UID 1002 comm: gen_fast, count: 727499
CPU [0] UID 1002 comm: gen_fast, count: 727642
CPU [0] UID 1002 comm: gen_fast, count: 727699
CPU [0] UID 1002 comm: gen_fast, count: 727812
CPU [0] UID 1002 comm: gen_fast, count: 727899
CPU [0] UID 1002 comm: gen_fast, count: 728036
CPU [0] UID 1002 comm: gen_fast, count: 728233
CPU [0] UID 1002 comm: gen_fast, count: 728233
CPU [0] UID 1002 comm: gen_fast, count: 728405
CPU [0] UID 1002 comm: gen_fast, count: 728405
CPU [0] UID 1002 comm: gen_fast, count: 728532
CPU [0] UID 1002 comm: gen_fast, count: 728604
CPU [0] UID 1002 comm: gen_fast, count: 728700
CPU [0] UID 1002 comm: gen_fast, count: 728902
CPU [0] UID 1002 comm: gen_fast, count: 728902
CPU [0] UID 1002 comm: gen_fast, count: 728999
CPU [0] UID 1002 comm: gen_fast, count: 729158
CPU [0] UID 1002 comm: gen_fast, count: 729199
CPU [0] UID 1002 comm: gen_fast, count: 729303
CPU [0] UID 1002 comm: gen_fast, count: 729500
CPU [0] UID 1002 comm: gen_fast, count: 729500
CPU [0] UID 1002 comm: gen_fast, count: 729599
CPU [0] UID 1002 comm: gen_fast, count: 729716
CPU [0] UID 1002 comm: gen_fast, count: 729912
CPU [0] UID 1002 comm: gen_fast, count: 729912
CPU [0] UID 1002 comm: gen_fast, count: 729999
CPU [0] UID 1002 comm: gen_fast, count: 730203
CPU [0] UID 1002 comm: gen_fast, count: 730203
CPU [0] UID 1002 comm: gen_fast, count: 730374
CPU [0] UID 1002 comm: gen_fast, count: 730399
CPU [0] UID 1002 comm: gen_fast, count: 730508
CPU [0] UID 1002 comm: gen_fast, count: 730671
CPU [0] UID 1002 comm: gen_fast, count: 730699
CPU [0] UID 1002 comm: gen_fast, count: 730840
CPU [0] UID 1002 comm: gen_fast, count: 730926
CPU [0] UID 1002 comm: gen_fast, count: 730999
CPU [0] UID 1002 comm: gen_fast, count: 731191
CPU [0] UID 1002 comm: gen_fast, count: 731199
CPU [0] UID 1002 comm: gen_fast, count: 731358
CPU [0] UID 1002 comm: gen_fast, count: 731432
CPU [0] UID 1002 comm: gen_fast, count: 731499
CPU [0] UID 1002 comm: gen_fast, count: 731615
CPU [0] UID 1002 comm: gen_fast, count: 731729
CPU [0] UID 1002 comm: gen_fast, count: 731894
CPU [0] UID 1002 comm: gen_fast, count: 731899
CPU [0] UID 1002 comm: gen_fast, count: 732071
CPU [0] UID 1002 comm: gen_fast, count: 732099
CPU [0] UID 1002 comm: gen_fast, count: 732220
CPU [0] UID 1002 comm: gen_fast, count: 732299
CPU [0] UID 1002 comm: gen_fast, count: 732399
CPU [0] UID 1002 comm: gen_fast, count: 732530
CPU [0] UID 1002 comm: gen_fast, count: 732599
CPU [0] UID 1002 comm: gen_fast, count: 732803
CPU [0] UID 1002 comm: gen_fast, count: 732803
CPU [0] UID 1002 comm: gen_fast, count: 733005
CPU [0] UID 1002 comm: gen_fast, count: 733005
CPU [0] UID 1002 comm: gen_fast, count: 733099
CPU [0] UID 1002 comm: gen_fast, count: 733199
CPU [0] UID 1002 comm: gen_fast, count: 733347
CPU [0] UID 1002 comm: gen_fast, count: 733485
CPU [0] UID 1002 comm: gen_fast, count: 733499
CPU [0] UID 1002 comm: gen_fast, count: 733667
CPU [0] UID 1002 comm: gen_fast, count: 733711
CPU [0] UID 1002 comm: gen_fast, count: 733799
CPU [0] UID 1002 comm: gen_fast, count: 733899
CPU [0] UID 1002 comm: gen_fast, count: 734088
CPU [0] UID 1002 comm: gen_fast, count: 734099
CPU [0] UID 1002 comm: gen_fast, count: 734199
CPU [0] UID 1002 comm: gen_fast, count: 734299
CPU [0] UID 1002 comm: gen_fast, count: 734476
CPU [0] UID 1002 comm: gen_fast, count: 734499
CPU [0] UID 1002 comm: gen_fast, count: 734631
CPU [0] UID 1002 comm: gen_fast, count: 734699
CPU [0] UID 1002 comm: gen_fast, count: 734799
CPU [0] UID 1002 comm: gen_fast, count: 734948
CPU [0] UID 1002 comm: gen_fast, count: 735035
CPU [0] UID 1002 comm: gen_fast, count: 735115
CPU [0] UID 1002 comm: gen_fast, count: 735200
CPU [0] UID 1002 comm: gen_fast, count: 735346
CPU [0] UID 1002 comm: gen_fast, count: 735465
CPU [0] UID 1002 comm: gen_fast, count: 735499
CPU [0] UID 1002 comm: gen_fast, count: 735599
CPU [0] UID 1002 comm: gen_fast, count: 735699
CPU [0] UID 1002 comm: gen_fast, count: 735817
CPU [0] UID 1002 comm: gen_fast, count: 735968
CPU [0] UID 1002 comm: gen_fast, count: 735999
CPU [0] UID 1002 comm: gen_fast, count: 736121
CPU [0] UID 1002 comm: gen_fast, count: 736301
CPU [0] UID 1002 comm: gen_fast, count: 736301
CPU [0] UID 1002 comm: gen_fast, count: 736399
CPU [0] UID 1002 comm: gen_fast, count: 736519
CPU [0] UID 1002 comm: gen_fast, count: 736689
CPU [0] UID 1002 comm: gen_fast, count: 736699
CPU [0] UID 1002 comm: gen_fast, count: 736799
CPU [0] UID 1002 comm: gen_fast, count: 736939
CPU [0] UID 1002 comm: gen_fast, count: 736999
CPU [0] UID 1002 comm: gen_fast, count: 737099
CPU [0] UID 1002 comm: gen_fast, count: 737199
CPU [0] UID 1002 comm: gen_fast, count: 737325
CPU [0] UID 1002 comm: gen_fast, count: 737399
CPU [0] UID 1002 comm: gen_fast, count: 737510
CPU [0] UID 1002 comm: gen_fast, count: 737645
CPU [0] UID 1002 comm: gen_fast, count: 737801
CPU [0] UID 1002 comm: gen_fast, count: 737801
CPU [0] UID 1002 comm: gen_fast, count: 737930
CPU [0] UID 1002 comm: gen_fast, count: 738000
CPU [0] UID 1002 comm: gen_fast, count: 738131
CPU [0] UID 1002 comm: gen_fast, count: 738260
CPU [0] UID 1002 comm: gen_fast, count: 738299
CPU [0] UID 1002 comm: gen_fast, count: 738406
CPU [0] UID 1002 comm: gen_fast, count: 738560
CPU [0] UID 1002 comm: gen_fast, count: 738699
CPU [0] UID 1002 comm: gen_fast, count: 738699
CPU [0] UID 1002 comm: gen_fast, count: 738799
CPU [0] UID 1002 comm: gen_fast, count: 738903
CPU [0] UID 1002 comm: gen_fast, count: 739030
CPU [0] UID 1002 comm: gen_fast, count: 739099
CPU [0] UID 1002 comm: gen_fast, count: 739216
CPU [0] UID 1002 comm: gen_fast, count: 739333
CPU [0] UID 1002 comm: gen_fast, count: 739487
CPU [0] UID 1002 comm: gen_fast, count: 739499
CPU [0] UID 1002 comm: gen_fast, count: 739599
CPU [0] UID 1002 comm: gen_fast, count: 739699
CPU [0] UID 1002 comm: gen_fast, count: 739799
CPU [0] UID 1002 comm: gen_fast, count: 739910
CPU [0] UID 1002 comm: gen_fast, count: 739999
CPU [0] UID 1002 comm: gen_fast, count: 740102
CPU [0] UID 1002 comm: gen_fast, count: 740199
CPU [0] UID 1002 comm: gen_fast, count: 740335
CPU [0] UID 1002 comm: gen_fast, count: 740474
CPU [0] UID 1002 comm: gen_fast, count: 740499
CPU [0] UID 1002 comm: gen_fast, count: 740599
CPU [0] UID 1002 comm: gen_fast, count: 740699
CPU [0] UID 1002 comm: gen_fast, count: 740817
CPU [0] UID 1002 comm: gen_fast, count: 741010
CPU [0] UID 1002 comm: gen_fast, count: 741010
CPU [0] UID 1002 comm: gen_fast, count: 741162
CPU [0] UID 1002 comm: gen_fast, count: 741320
CPU [0] UID 1002 comm: gen_fast, count: 741320
CPU [0] UID 1002 comm: gen_fast, count: 741418
CPU [0] UID 1002 comm: gen_fast, count: 741533
CPU [0] UID 1002 comm: gen_fast, count: 741616
CPU [0] UID 1002 comm: gen_fast, count: 741726
CPU [0] UID 1002 comm: gen_fast, count: 741799
CPU [0] UID 1002 comm: gen_fast, count: 741911
CPU [0] UID 1002 comm: gen_fast, count: 742005
CPU [0] UID 1002 comm: gen_fast, count: 742100
CPU [0] UID 1002 comm: gen_fast, count: 742213
CPU [0] UID 1002 comm: gen_fast, count: 742329
CPU [0] UID 1002 comm: gen_fast, count: 742427
CPU [0] UID 1002 comm: gen_fast, count: 742564
CPU [0] UID 1002 comm: gen_fast, count: 742599
CPU [0] UID 1002 comm: gen_fast, count: 742780
CPU [0] UID 1002 comm: gen_fast, count: 742799
CPU [0] UID 1002 comm: gen_fast, count: 742899
CPU [0] UID 1002 comm: gen_fast, count: 743003
CPU [0] UID 1002 comm: gen_fast, count: 743144
CPU [0] UID 1002 comm: gen_fast, count: 743218
CPU [0] UID 1002 comm: gen_fast, count: 743306
CPU [0] UID 1002 comm: gen_fast, count: 743399
CPU [0] UID 1002 comm: gen_fast, count: 743505
CPU [0] UID 1002 comm: gen_fast, count: 743672
CPU [0] UID 1002 comm: gen_fast, count: 743737
CPU [0] UID 1002 comm: gen_fast, count: 743865
CPU [0] UID 1002 comm: gen_fast, count: 743899
CPU [0] UID 1002 comm: gen_fast, count: 743999
CPU [0] UID 1002 comm: gen_fast, count: 744145
CPU [0] UID 1002 comm: gen_fast, count: 744199
CPU [0] UID 1002 comm: gen_fast, count: 744320
CPU [0] UID 1002 comm: gen_fast, count: 744482
CPU [0] UID 1002 comm: gen_fast, count: 744499
CPU [0] UID 1002 comm: gen_fast, count: 744599
CPU [0] UID 1002 comm: gen_fast, count: 744766
CPU [0] UID 1002 comm: gen_fast, count: 744799
CPU [0] UID 1002 comm: gen_fast, count: 744994
CPU [0] UID 1002 comm: gen_fast, count: 744999
CPU [0] UID 1002 comm: gen_fast, count: 745215
CPU [0] UID 1002 comm: gen_fast, count: 745215
CPU [0] UID 1002 comm: gen_fast, count: 745299
CPU [0] UID 1002 comm: gen_fast, count: 745435
CPU [0] UID 1002 comm: gen_fast, count: 745499
CPU [0] UID 1002 comm: gen_fast, count: 745659
CPU [0] UID 1002 comm: gen_fast, count: 745699
CPU [0] UID 1002 comm: gen_fast, count: 745799
CPU [0] UID 1002 comm: gen_fast, count: 745930
CPU [0] UID 1002 comm: gen_fast, count: 745999
CPU [0] UID 1002 comm: gen_fast, count: 746140
CPU [0] UID 1002 comm: gen_fast, count: 746199
CPU [0] UID 1002 comm: gen_fast, count: 746299
CPU [0] UID 1002 comm: gen_fast, count: 746424
CPU [0] UID 1002 comm: gen_fast, count: 746612
CPU [0] UID 1002 comm: gen_fast, count: 746612
CPU [0] UID 1002 comm: gen_fast, count: 746757
CPU [0] UID 1002 comm: gen_fast, count: 746799
CPU [0] UID 1002 comm: gen_fast, count: 746934
CPU [0] UID 1002 comm: gen_fast, count: 747086
CPU [0] UID 1002 comm: gen_fast, count: 747099
CPU [0] UID 1002 comm: gen_fast, count: 747199
CPU [0] UID 1002 comm: gen_fast, count: 747299
CPU [0] UID 1002 comm: gen_fast, count: 747440
CPU [0] UID 1002 comm: gen_fast, count: 747609
CPU [0] UID 1002 comm: gen_fast, count: 747609
CPU [0] UID 1002 comm: gen_fast, count: 747699
CPU [0] UID 1002 comm: gen_fast, count: 747812
CPU [0] UID 1002 comm: gen_fast, count: 747899
CPU [0] UID 1002 comm: gen_fast, count: 747999
CPU [0] UID 1002 comm: gen_fast, count: 748138
CPU [0] UID 1002 comm: gen_fast, count: 748201
CPU [0] UID 1002 comm: gen_fast, count: 748322
CPU [0] UID 1002 comm: gen_fast, count: 748399
CPU [0] UID 1002 comm: gen_fast, count: 748516
CPU [0] UID 1002 comm: gen_fast, count: 748599
CPU [0] UID 1002 comm: gen_fast, count: 748758
CPU [0] UID 1002 comm: gen_fast, count: 748799
CPU [0] UID 1002 comm: gen_fast, count: 748917
CPU [0] UID 1002 comm: gen_fast, count: 748999
CPU [0] UID 1002 comm: gen_fast, count: 749099
CPU [0] UID 1002 comm: gen_fast, count: 749244
CPU [0] UID 1002 comm: gen_fast, count: 749336
CPU [0] UID 1002 comm: gen_fast, count: 749415
CPU [0] UID 1002 comm: gen_fast, count: 749505
CPU [0] UID 1002 comm: gen_fast, count: 749724
CPU [0] UID 1002 comm: gen_fast, count: 749724
CPU [0] UID 1002 comm: gen_fast, count: 749799
CPU [0] UID 1002 comm: gen_fast, count: 749984
CPU [0] UID 1002 comm: gen_fast, count: 749999
CPU [0] UID 1002 comm: gen_fast, count: 750099
CPU [0] UID 1002 comm: gen_fast, count: 750199
CPU [0] UID 1002 comm: gen_fast, count: 750360
CPU [0] UID 1002 comm: gen_fast, count: 750399
CPU [0] UID 1002 comm: gen_fast, count: 750509
CPU [0] UID 1002 comm: gen_fast, count: 750599
CPU [0] UID 1002 comm: gen_fast, count: 750699
CPU [0] UID 1002 comm: gen_fast, count: 750898
CPU [0] UID 1002 comm: gen_fast, count: 750899
CPU [0] UID 1002 comm: gen_fast, count: 750999
CPU [0] UID 1002 comm: gen_fast, count: 751141
CPU [0] UID 1002 comm: gen_fast, count: 751199
CPU [0] UID 1002 comm: gen_fast, count: 751299
CPU [0] UID 1002 comm: gen_fast, count: 751399
CPU [0] UID 1002 comm: gen_fast, count: 751527
CPU [0] UID 1002 comm: gen_fast, count: 751742
CPU [0] UID 1002 comm: gen_fast, count: 751742
CPU [0] UID 1002 comm: gen_fast, count: 751799
CPU [0] UID 1002 comm: gen_fast, count: 751899
CPU [0] UID 1002 comm: gen_fast, count: 751999
CPU [0] UID 1002 comm: gen_fast, count: 752137
CPU [0] UID 1002 comm: gen_fast, count: 752199
CPU [0] UID 1002 comm: gen_fast, count: 752326
CPU [0] UID 1002 comm: gen_fast, count: 752399
CPU [0] UID 1002 comm: gen_fast, count: 752584
CPU [0] UID 1002 comm: gen_fast, count: 752599
CPU [0] UID 1002 comm: gen_fast, count: 752780
CPU [0] UID 1002 comm: gen_fast, count: 752799
CPU [0] UID 1002 comm: gen_fast, count: 752899
CPU [0] UID 1002 comm: gen_fast, count: 753040
CPU [0] UID 1002 comm: gen_fast, count: 753099
CPU [0] UID 1002 comm: gen_fast, count: 753199
CPU [0] UID 1002 comm: gen_fast, count: 753299
CPU [0] UID 1002 comm: gen_fast, count: 753462
CPU [0] UID 1002 comm: gen_fast, count: 753499
CPU [0] UID 1002 comm: gen_fast, count: 753612
CPU [0] UID 1002 comm: gen_fast, count: 753704
CPU [0] UID 1002 comm: gen_fast, count: 753799
CPU [0] UID 1002 comm: gen_fast, count: 753899
CPU [0] UID 1002 comm: gen_fast, count: 754072
CPU [0] UID 1002 comm: gen_fast, count: 754099
CPU [0] UID 1002 comm: gen_fast, count: 754267
CPU [0] UID 1002 comm: gen_fast, count: 754299
CPU [0] UID 1002 comm: gen_fast, count: 754399
CPU [0] UID 1002 comm: gen_fast, count: 754547
CPU [0] UID 1002 comm: gen_fast, count: 754630
CPU [0] UID 1002 comm: gen_fast, count: 754710
CPU [0] UID 1002 comm: gen_fast, count: 754913
CPU [0] UID 1002 comm: gen_fast, count: 754913
CPU [0] UID 1002 comm: gen_fast, count: 755016
CPU [0] UID 1002 comm: gen_fast, count: 755149
CPU [0] UID 1002 comm: gen_fast, count: 755199
CPU [0] UID 1002 comm: gen_fast, count: 755302
CPU [0] UID 1002 comm: gen_fast, count: 755399
CPU [0] UID 1002 comm: gen_fast, count: 755592
CPU [0] UID 1002 comm: gen_fast, count: 755599
CPU [0] UID 1002 comm: gen_fast, count: 755699
CPU [0] UID 1002 comm: gen_fast, count: 755857
CPU [0] UID 1002 comm: gen_fast, count: 755899
CPU [0] UID 1002 comm: gen_fast, count: 755999
CPU [0] UID 1002 comm: gen_fast, count: 756165
CPU [0] UID 1002 comm: gen_fast, count: 756199
CPU [0] UID 1002 comm: gen_fast, count: 756417
CPU [0] UID 1002 comm: gen_fast, count: 756417
CPU [0] UID 1002 comm: gen_fast, count: 756499
CPU [0] UID 1002 comm: gen_fast, count: 756629
CPU [0] UID 1002 comm: gen_fast, count: 756829
CPU [0] UID 1002 comm: gen_fast, count: 756829
CPU [0] UID 1002 comm: gen_fast, count: 756937
CPU [0] UID 1002 comm: gen_fast, count: 757140
CPU [0] UID 1002 comm: gen_fast, count: 757140
CPU [0] UID 1002 comm: gen_fast, count: 757199
CPU [0] UID 1002 comm: gen_fast, count: 757347
CPU [0] UID 1002 comm: gen_fast, count: 757399
CPU [0] UID 1002 comm: gen_fast, count: 757519
CPU [0] UID 1002 comm: gen_fast, count: 757724
CPU [0] UID 1002 comm: gen_fast, count: 757724
CPU [0] UID 1002 comm: gen_fast, count: 757799
CPU [0] UID 1002 comm: gen_fast, count: 757999
CPU [0] UID 1002 comm: gen_fast, count: 757999
CPU [0] UID 1002 comm: gen_fast, count: 758099
CPU [0] UID 1002 comm: gen_fast, count: 758211
CPU [0] UID 1002 comm: gen_fast, count: 758391
CPU [0] UID 1002 comm: gen_fast, count: 758399
CPU [0] UID 1002 comm: gen_fast, count: 758499
CPU [0] UID 1002 comm: gen_fast, count: 758630
CPU [0] UID 1002 comm: gen_fast, count: 758699
CPU [0] UID 1002 comm: gen_fast, count: 758848
CPU [0] UID 1002 comm: gen_fast, count: 758935
CPU [0] UID 1002 comm: gen_fast, count: 759023
CPU [0] UID 1002 comm: gen_fast, count: 759113
CPU [0] UID 1002 comm: gen_fast, count: 759317
CPU [0] UID 1002 comm: gen_fast, count: 759317
CPU [0] UID 1002 comm: gen_fast, count: 759399
CPU [0] UID 1002 comm: gen_fast, count: 759575
CPU [0] UID 1002 comm: gen_fast, count: 759599
CPU [0] UID 1002 comm: gen_fast, count: 759765
CPU [0] UID 1002 comm: gen_fast, count: 759799
CPU [0] UID 1002 comm: gen_fast, count: 759999
CPU [0] UID 1002 comm: gen_fast, count: 759999
CPU [0] UID 1002 comm: gen_fast, count: 760158
CPU [0] UID 1002 comm: gen_fast, count: 760199
CPU [0] UID 1002 comm: gen_fast, count: 760360
CPU [0] UID 1002 comm: gen_fast, count: 760399
CPU [0] UID 1002 comm: gen_fast, count: 760499
CPU [0] UID 1002 comm: gen_fast, count: 760599
CPU [0] UID 1002 comm: gen_fast, count: 760754
CPU [0] UID 1002 comm: gen_fast, count: 760799
CPU [0] UID 1002 comm: gen_fast, count: 760906
CPU [0] UID 1002 comm: gen_fast, count: 761116
CPU [0] UID 1002 comm: gen_fast, count: 761116
CPU [0] UID 1002 comm: gen_fast, count: 761199
CPU [0] UID 1002 comm: gen_fast, count: 761382
CPU [0] UID 1002 comm: gen_fast, count: 761399
CPU [0] UID 1002 comm: gen_fast, count: 761647
CPU [0] UID 1002 comm: gen_fast, count: 761647
CPU [0] UID 1002 comm: gen_fast, count: 761699
CPU [0] UID 1002 comm: gen_fast, count: 761891
CPU [0] UID 1002 comm: gen_fast, count: 761899
CPU [0] UID 1002 comm: gen_fast, count: 762023
CPU [0] UID 1002 comm: gen_fast, count: 762099
CPU [0] UID 1002 comm: gen_fast, count: 762199
CPU [0] UID 1002 comm: gen_fast, count: 762314
CPU [0] UID 1002 comm: gen_fast, count: 762399
CPU [0] UID 1002 comm: gen_fast, count: 762530
CPU [0] UID 1002 comm: gen_fast, count: 762716
CPU [0] UID 1002 comm: gen_fast, count: 762716
CPU [0] UID 1002 comm: gen_fast, count: 762799
CPU [0] UID 1002 comm: gen_fast, count: 762966
CPU [0] UID 1002 comm: gen_fast, count: 762999
CPU [0] UID 1002 comm: gen_fast, count: 763137
CPU [0] UID 1002 comm: gen_fast, count: 763199
CPU [0] UID 1002 comm: gen_fast, count: 763299
CPU [0] UID 1002 comm: gen_fast, count: 763426
CPU [0] UID 1002 comm: gen_fast, count: 763506
CPU [0] UID 1002 comm: gen_fast, count: 763599
CPU [0] UID 1002 comm: gen_fast, count: 763699
CPU [0] UID 1002 comm: gen_fast, count: 763828
CPU [0] UID 1002 comm: gen_fast, count: 764025
CPU [0] UID 1002 comm: gen_fast, count: 764025
CPU [0] UID 1002 comm: gen_fast, count: 764099
CPU [0] UID 1002 comm: gen_fast, count: 764229
CPU [0] UID 1002 comm: gen_fast, count: 764420
CPU [0] UID 1002 comm: gen_fast, count: 764420
CPU [0] UID 1002 comm: gen_fast, count: 764499
CPU [0] UID 1002 comm: gen_fast, count: 764638
CPU [0] UID 1002 comm: gen_fast, count: 764814
CPU [0] UID 1002 comm: gen_fast, count: 764814
CPU [0] UID 1002 comm: gen_fast, count: 764899
CPU [0] UID 1002 comm: gen_fast, count: 765087
CPU [0] UID 1002 comm: gen_fast, count: 765099
CPU [0] UID 1002 comm: gen_fast, count: 765199
CPU [0] UID 1002 comm: gen_fast, count: 765302
CPU [0] UID 1002 comm: gen_fast, count: 765440
CPU [0] UID 1002 comm: gen_fast, count: 765516
CPU [0] UID 1002 comm: gen_fast, count: 765718
CPU [0] UID 1002 comm: gen_fast, count: 765718
CPU [0] UID 1002 comm: gen_fast, count: 765799
CPU [0] UID 1002 comm: gen_fast, count: 765961
CPU [0] UID 1002 comm: gen_fast, count: 765999
CPU [0] UID 1002 comm: gen_fast, count: 766105
CPU [0] UID 1002 comm: gen_fast, count: 766199
CPU [0] UID 1002 comm: gen_fast, count: 766313
CPU [0] UID 1002 comm: gen_fast, count: 766445
CPU [0] UID 1002 comm: gen_fast, count: 766499
CPU [0] UID 1002 comm: gen_fast, count: 766616
CPU [0] UID 1002 comm: gen_fast, count: 766794
CPU [0] UID 1002 comm: gen_fast, count: 766799
CPU [0] UID 1002 comm: gen_fast, count: 766960
CPU [0] UID 1002 comm: gen_fast, count: 766999
CPU [0] UID 1002 comm: gen_fast, count: 767119
CPU [0] UID 1002 comm: gen_fast, count: 767199
CPU [0] UID 1002 comm: gen_fast, count: 767306
CPU [0] UID 1002 comm: gen_fast, count: 767490
CPU [0] UID 1002 comm: gen_fast, count: 767499
CPU [0] UID 1002 comm: gen_fast, count: 767622
CPU [0] UID 1002 comm: gen_fast, count: 767701
CPU [0] UID 1002 comm: gen_fast, count: 767799
CPU [0] UID 1002 comm: gen_fast, count: 767899
CPU [0] UID 1002 comm: gen_fast, count: 768103
CPU [0] UID 1002 comm: gen_fast, count: 768103
CPU [0] UID 1002 comm: gen_fast, count: 768289
CPU [0] UID 1002 comm: gen_fast, count: 768299
CPU [0] UID 1002 comm: gen_fast, count: 768435
CPU [0] UID 1002 comm: gen_fast, count: 768499
CPU [0] UID 1002 comm: gen_fast, count: 768635
CPU [0] UID 1002 comm: gen_fast, count: 768699
CPU [0] UID 1002 comm: gen_fast, count: 768826
CPU [0] UID 1002 comm: gen_fast, count: 768899
CPU [0] UID 1002 comm: gen_fast, count: 768999
CPU [0] UID 1002 comm: gen_fast, count: 769199
CPU [0] UID 1002 comm: gen_fast, count: 769199
CPU [0] UID 1002 comm: gen_fast, count: 769340
CPU [0] UID 1002 comm: gen_fast, count: 769399
CPU [0] UID 1002 comm: gen_fast, count: 769592
CPU [0] UID 1002 comm: gen_fast, count: 769599
CPU [0] UID 1002 comm: gen_fast, count: 769765
CPU [0] UID 1002 comm: gen_fast, count: 769904
CPU [0] UID 1002 comm: gen_fast, count: 769904
CPU [0] UID 1002 comm: gen_fast, count: 770100
CPU [0] UID 1002 comm: gen_fast, count: 770100
CPU [0] UID 1002 comm: gen_fast, count: 770199
CPU [0] UID 1002 comm: gen_fast, count: 770336
CPU [0] UID 1002 comm: gen_fast, count: 770399
CPU [0] UID 1002 comm: gen_fast, count: 770506
CPU [0] UID 1002 comm: gen_fast, count: 770632
CPU [0] UID 1002 comm: gen_fast, count: 770824
CPU [0] UID 1002 comm: gen_fast, count: 770824
CPU [0] UID 1002 comm: gen_fast, count: 770899
CPU [0] UID 1002 comm: gen_fast, count: 770999
CPU [0] UID 1002 comm: gen_fast, count: 771099
CPU [0] UID 1002 comm: gen_fast, count: 771250
CPU [0] UID 1002 comm: gen_fast, count: 771299
CPU [0] UID 1002 comm: gen_fast, count: 771495
CPU [0] UID 1002 comm: gen_fast, count: 771499
CPU [0] UID 1002 comm: gen_fast, count: 771599
CPU [0] UID 1002 comm: gen_fast, count: 771708
CPU [0] UID 1002 comm: gen_fast, count: 771799
CPU [0] UID 1002 comm: gen_fast, count: 771989
CPU [0] UID 1002 comm: gen_fast, count: 771999
CPU [0] UID 1002 comm: gen_fast, count: 772099
CPU [0] UID 1002 comm: gen_fast, count: 772253
CPU [0] UID 1002 comm: gen_fast, count: 772299
CPU [0] UID 1002 comm: gen_fast, count: 772417
CPU [0] UID 1002 comm: gen_fast, count: 772499
CPU [0] UID 1002 comm: gen_fast, count: 772599
CPU [0] UID 1002 comm: gen_fast, count: 772740
CPU [0] UID 1002 comm: gen_fast, count: 772825
CPU [0] UID 1002 comm: gen_fast, count: 772899
CPU [0] UID 1002 comm: gen_fast, count: 773011
CPU [0] UID 1002 comm: gen_fast, count: 773099
CPU [0] UID 1002 comm: gen_fast, count: 773199
CPU [0] UID 1002 comm: gen_fast, count: 773338
CPU [0] UID 1002 comm: gen_fast, count: 773399
CPU [0] UID 1002 comm: gen_fast, count: 773552
CPU [0] UID 1002 comm: gen_fast, count: 773599
CPU [0] UID 1002 comm: gen_fast, count: 773699
CPU [0] UID 1002 comm: gen_fast, count: 773799
CPU [0] UID 1002 comm: gen_fast, count: 773992
CPU [0] UID 1002 comm: gen_fast, count: 773999
CPU [0] UID 1002 comm: gen_fast, count: 774099
CPU [0] UID 1002 comm: gen_fast, count: 774216
CPU [0] UID 1002 comm: gen_fast, count: 774299
CPU [0] UID 1002 comm: gen_fast, count: 774399
CPU [0] UID 1002 comm: gen_fast, count: 774499
CPU [0] UID 1002 comm: gen_fast, count: 774738
CPU [0] UID 1002 comm: gen_fast, count: 774738
CPU [0] UID 1002 comm: gen_fast, count: 774799
CPU [0] UID 1002 comm: gen_fast, count: 775007
CPU [0] UID 1002 comm: gen_fast, count: 775007
CPU [0] UID 1002 comm: gen_fast, count: 775099
CPU [0] UID 1002 comm: gen_fast, count: 775217
CPU [0] UID 1002 comm: gen_fast, count: 775408
CPU [0] UID 1002 comm: gen_fast, count: 775408
CPU [0] UID 1002 comm: gen_fast, count: 775546
CPU [0] UID 1002 comm: gen_fast, count: 775632
CPU [0] UID 1002 comm: gen_fast, count: 775849
CPU [0] UID 1002 comm: gen_fast, count: 775849
CPU [0] UID 1002 comm: gen_fast, count: 775899
CPU [0] UID 1002 comm: gen_fast, count: 776047
CPU [0] UID 1002 comm: gen_fast, count: 776099
CPU [0] UID 1002 comm: gen_fast, count: 776306
CPU [0] UID 1002 comm: gen_fast, count: 776306
CPU [0] UID 1002 comm: gen_fast, count: 776399
CPU [0] UID 1002 comm: gen_fast, count: 776565
CPU [0] UID 1002 comm: gen_fast, count: 776599
CPU [0] UID 1002 comm: gen_fast, count: 776699
CPU [0] UID 1002 comm: gen_fast, count: 776805
CPU [0] UID 1002 comm: gen_fast, count: 776899
CPU [0] UID 1002 comm: gen_fast, count: 776999
CPU [0] UID 1002 comm: gen_fast, count: 777133
CPU [0] UID 1002 comm: gen_fast, count: 777199
CPU [0] UID 1002 comm: gen_fast, count: 777299
CPU [0] UID 1002 comm: gen_fast, count: 777399
CPU [0] UID 1002 comm: gen_fast, count: 777499
CPU [0] UID 1002 comm: gen_fast, count: 777599
CPU [0] UID 1002 comm: gen_fast, count: 777801
CPU [0] UID 1002 comm: gen_fast, count: 777801
CPU [0] UID 1002 comm: gen_fast, count: 777968
CPU [0] UID 1002 comm: gen_fast, count: 777999
CPU [0] UID 1002 comm: gen_fast, count: 778120
CPU [0] UID 1002 comm: gen_fast, count: 778337
CPU [0] UID 1002 comm: gen_fast, count: 778337
CPU [0] UID 1002 comm: gen_fast, count: 778399
CPU [0] UID 1002 comm: gen_fast, count: 778602
CPU [0] UID 1002 comm: gen_fast, count: 778602
CPU [0] UID 1002 comm: gen_fast, count: 778699
CPU [0] UID 1002 comm: gen_fast, count: 778824
CPU [0] UID 1002 comm: gen_fast, count: 778899
CPU [0] UID 1002 comm: gen_fast, count: 779004
CPU [0] UID 1002 comm: gen_fast, count: 779099
CPU [0] UID 1002 comm: gen_fast, count: 779199
CPU [0] UID 1002 comm: gen_fast, count: 779307
CPU [0] UID 1002 comm: gen_fast, count: 779400
CPU [0] UID 1002 comm: gen_fast, count: 779499
CPU [0] UID 1002 comm: gen_fast, count: 779676
CPU [0] UID 1002 comm: gen_fast, count: 779738
CPU [0] UID 1002 comm: gen_fast, count: 779819
CPU [0] UID 1002 comm: gen_fast, count: 780023
CPU [0] UID 1002 comm: gen_fast, count: 780023
CPU [0] UID 1002 comm: gen_fast, count: 780099
CPU [0] UID 1002 comm: gen_fast, count: 780281
CPU [0] UID 1002 comm: gen_fast, count: 780299
CPU [0] UID 1002 comm: gen_fast, count: 780399
CPU [0] UID 1002 comm: gen_fast, count: 780499
CPU [0] UID 1002 comm: gen_fast, count: 780657
CPU [0] UID 1002 comm: gen_fast, count: 780699
CPU [0] UID 1002 comm: gen_fast, count: 780837
CPU [0] UID 1002 comm: gen_fast, count: 780899
CPU [0] UID 1002 comm: gen_fast, count: 781033
CPU [0] UID 1002 comm: gen_fast, count: 781102
CPU [0] UID 1002 comm: gen_fast, count: 781287
CPU [0] UID 1002 comm: gen_fast, count: 781299
CPU [0] UID 1002 comm: gen_fast, count: 781399
CPU [0] UID 1002 comm: gen_fast, count: 781516
CPU [0] UID 1002 comm: gen_fast, count: 781599
CPU [0] UID 1002 comm: gen_fast, count: 781699
CPU [0] UID 1002 comm: gen_fast, count: 781839
CPU [0] UID 1002 comm: gen_fast, count: 781899
CPU [0] UID 1002 comm: gen_fast, count: 781999
CPU [0] UID 1002 comm: gen_fast, count: 782099
CPU [0] UID 1002 comm: gen_fast, count: 782199
CPU [0] UID 1002 comm: gen_fast, count: 782329
CPU [0] UID 1002 comm: gen_fast, count: 782399
CPU [0] UID 1002 comm: gen_fast, count: 782499
CPU [0] UID 1002 comm: gen_fast, count: 782674
CPU [0] UID 1002 comm: gen_fast, count: 782699
CPU [0] UID 1002 comm: gen_fast, count: 782799
CPU [0] UID 1002 comm: gen_fast, count: 782901
CPU [0] UID 1002 comm: gen_fast, count: 782999
CPU [0] UID 1002 comm: gen_fast, count: 783136
CPU [0] UID 1002 comm: gen_fast, count: 783199
CPU [0] UID 1002 comm: gen_fast, count: 783326
CPU [0] UID 1002 comm: gen_fast, count: 783399
CPU [0] UID 1002 comm: gen_fast, count: 783499
CPU [0] UID 1002 comm: gen_fast, count: 783683
CPU [0] UID 1002 comm: gen_fast, count: 783699
CPU [0] UID 1002 comm: gen_fast, count: 783844
CPU [0] UID 1002 comm: gen_fast, count: 783899
CPU [0] UID 1002 comm: gen_fast, count: 783999
CPU [0] UID 1002 comm: gen_fast, count: 784140
CPU [0] UID 1002 comm: gen_fast, count: 784199
CPU [0] UID 1002 comm: gen_fast, count: 784339
CPU [0] UID 1002 comm: gen_fast, count: 784403
CPU [0] UID 1002 comm: gen_fast, count: 784507
CPU [0] UID 1002 comm: gen_fast, count: 784641
CPU [0] UID 1002 comm: gen_fast, count: 784699
CPU [0] UID 1002 comm: gen_fast, count: 784799
CPU [0] UID 1002 comm: gen_fast, count: 785014
CPU [0] UID 1002 comm: gen_fast, count: 785014
CPU [0] UID 1002 comm: gen_fast, count: 785099
CPU [0] UID 1002 comm: gen_fast, count: 785199
CPU [0] UID 1002 comm: gen_fast, count: 785299
CPU [0] UID 1002 comm: gen_fast, count: 785423
CPU [0] UID 1002 comm: gen_fast, count: 785630
CPU [0] UID 1002 comm: gen_fast, count: 785630
CPU [0] UID 1002 comm: gen_fast, count: 785826
CPU [0] UID 1002 comm: gen_fast, count: 785826
CPU [0] UID 1002 comm: gen_fast, count: 785899
CPU [0] UID 1002 comm: gen_fast, count: 786069
CPU [0] UID 1002 comm: gen_fast, count: 786099
CPU [0] UID 1002 comm: gen_fast, count: 786199
CPU [0] UID 1002 comm: gen_fast, count: 786394
CPU [0] UID 1002 comm: gen_fast, count: 786399
CPU [0] UID 1002 comm: gen_fast, count: 786605
CPU [0] UID 1002 comm: gen_fast, count: 786605
CPU [0] UID 1002 comm: gen_fast, count: 786708
CPU [0] UID 1002 comm: gen_fast, count: 786799
CPU [0] UID 1002 comm: gen_fast, count: 786961
CPU [0] UID 1002 comm: gen_fast, count: 786999
CPU [0] UID 1002 comm: gen_fast, count: 787163
CPU [0] UID 1002 comm: gen_fast, count: 787199
CPU [0] UID 1002 comm: gen_fast, count: 787421
CPU [0] UID 1002 comm: gen_fast, count: 787421
CPU [0] UID 1002 comm: gen_fast, count: 787499
CPU [0] UID 1002 comm: gen_fast, count: 787633
CPU [0] UID 1002 comm: gen_fast, count: 787699
CPU [0] UID 1002 comm: gen_fast, count: 787813
CPU [0] UID 1002 comm: gen_fast, count: 787899
CPU [0] UID 1002 comm: gen_fast, count: 787999
CPU [0] UID 1002 comm: gen_fast, count: 788251
CPU [0] UID 1002 comm: gen_fast, count: 788251
CPU [0] UID 1002 comm: gen_fast, count: 788299
CPU [0] UID 1002 comm: gen_fast, count: 788415
CPU [0] UID 1002 comm: gen_fast, count: 788584
CPU [0] UID 1002 comm: gen_fast, count: 788599
CPU [0] UID 1002 comm: gen_fast, count: 788760
CPU [0] UID 1002 comm: gen_fast, count: 788799
CPU [0] UID 1002 comm: gen_fast, count: 788910
CPU [0] UID 1002 comm: gen_fast, count: 789108
CPU [0] UID 1002 comm: gen_fast, count: 789108
CPU [0] UID 1002 comm: gen_fast, count: 789199
CPU [0] UID 1002 comm: gen_fast, count: 789350
CPU [0] UID 1002 comm: gen_fast, count: 789399
CPU [0] UID 1002 comm: gen_fast, count: 789622
CPU [0] UID 1002 comm: gen_fast, count: 789622
CPU [0] UID 1002 comm: gen_fast, count: 789806
CPU [0] UID 1002 comm: gen_fast, count: 789806
CPU [0] UID 1002 comm: gen_fast, count: 789899
CPU [0] UID 1002 comm: gen_fast, count: 789999
CPU [0] UID 1002 comm: gen_fast, count: 790221
CPU [0] UID 1002 comm: gen_fast, count: 790221
CPU [0] UID 1002 comm: gen_fast, count: 790418
CPU [0] UID 1002 comm: gen_fast, count: 790418
CPU [0] UID 1002 comm: gen_fast, count: 790499
CPU [0] UID 1002 comm: gen_fast, count: 790686
CPU [0] UID 1002 comm: gen_fast, count: 790699
CPU [0] UID 1002 comm: gen_fast, count: 790799
CPU [0] UID 1002 comm: gen_fast, count: 790957
CPU [0] UID 1002 comm: gen_fast, count: 790999
CPU [0] UID 1002 comm: gen_fast, count: 791099
CPU [0] UID 1002 comm: gen_fast, count: 791199
CPU [0] UID 1002 comm: gen_fast, count: 791393
CPU [0] UID 1002 comm: gen_fast, count: 791399
CPU [0] UID 1002 comm: gen_fast, count: 791499
CPU [0] UID 1002 comm: gen_fast, count: 791606
CPU [0] UID 1002 comm: gen_fast, count: 791699
CPU [0] UID 1002 comm: gen_fast, count: 791799
CPU [0] UID 1002 comm: gen_fast, count: 791986
CPU [0] UID 1002 comm: gen_fast, count: 791999
CPU [0] UID 1002 comm: gen_fast, count: 792099
CPU [0] UID 1002 comm: gen_fast, count: 792199
CPU [0] UID 1002 comm: gen_fast, count: 792324
CPU [0] UID 1002 comm: gen_fast, count: 792399
CPU [0] UID 1002 comm: gen_fast, count: 792499
CPU [0] UID 1002 comm: gen_fast, count: 792599
CPU [0] UID 1002 comm: gen_fast, count: 792728
CPU [0] UID 1002 comm: gen_fast, count: 792938
CPU [0] UID 1002 comm: gen_fast, count: 792938
CPU [0] UID 1002 comm: gen_fast, count: 793019
CPU [0] UID 1002 comm: gen_fast, count: 793108
CPU [0] UID 1002 comm: gen_fast, count: 793199
CPU [0] UID 1002 comm: gen_fast, count: 793299
CPU [0] UID 1002 comm: gen_fast, count: 793451
CPU [0] UID 1002 comm: gen_fast, count: 793499
CPU [0] UID 1002 comm: gen_fast, count: 793603
CPU [0] UID 1002 comm: gen_fast, count: 793699
CPU [0] UID 1002 comm: gen_fast, count: 793799
CPU [0] UID 1002 comm: gen_fast, count: 793951
CPU [0] UID 1002 comm: gen_fast, count: 793999
CPU [0] UID 1002 comm: gen_fast, count: 794145
CPU [0] UID 1002 comm: gen_fast, count: 794199
CPU [0] UID 1002 comm: gen_fast, count: 794420
CPU [0] UID 1002 comm: gen_fast, count: 794420
CPU [0] UID 1002 comm: gen_fast, count: 794499
CPU [0] UID 1002 comm: gen_fast, count: 794680
CPU [0] UID 1002 comm: gen_fast, count: 794699
CPU [0] UID 1002 comm: gen_fast, count: 794799
CPU [0] UID 1002 comm: gen_fast, count: 794899
CPU [0] UID 1002 comm: gen_fast, count: 794999
CPU [0] UID 1002 comm: gen_fast, count: 795139
CPU [0] UID 1002 comm: gen_fast, count: 795228
CPU [0] UID 1002 comm: gen_fast, count: 795299
CPU [0] UID 1002 comm: gen_fast, count: 795401
CPU [0] UID 1002 comm: gen_fast, count: 795499
CPU [0] UID 1002 comm: gen_fast, count: 795599
CPU [0] UID 1002 comm: gen_fast, count: 795846
CPU [0] UID 1002 comm: gen_fast, count: 795846
CPU [0] UID 1002 comm: gen_fast, count: 795899
CPU [0] UID 1002 comm: gen_fast, count: 795999
CPU [0] UID 1002 comm: gen_fast, count: 796192
CPU [0] UID 1002 comm: gen_fast, count: 796199
CPU [0] UID 1002 comm: gen_fast, count: 796299
CPU [0] UID 1002 comm: gen_fast, count: 796399
CPU [0] UID 1002 comm: gen_fast, count: 796499
CPU [0] UID 1002 comm: gen_fast, count: 796684
CPU [0] UID 1002 comm: gen_fast, count: 796699
CPU [0] UID 1002 comm: gen_fast, count: 796803
CPU [0] UID 1002 comm: gen_fast, count: 797013
CPU [0] UID 1002 comm: gen_fast, count: 797013
CPU [0] UID 1002 comm: gen_fast, count: 797099
CPU [0] UID 1002 comm: gen_fast, count: 797304
CPU [0] UID 1002 comm: gen_fast, count: 797304
CPU [0] UID 1002 comm: gen_fast, count: 797469
CPU [0] UID 1002 comm: gen_fast, count: 797499
CPU [0] UID 1002 comm: gen_fast, count: 797682
CPU [0] UID 1002 comm: gen_fast, count: 797699
CPU [0] UID 1002 comm: gen_fast, count: 797799
CPU [0] UID 1002 comm: gen_fast, count: 797954
CPU [0] UID 1002 comm: gen_fast, count: 797999
CPU [0] UID 1002 comm: gen_fast, count: 798099
CPU [0] UID 1002 comm: gen_fast, count: 798200
CPU [0] UID 1002 comm: gen_fast, count: 798299
CPU [0] UID 1002 comm: gen_fast, count: 798399
CPU [0] UID 1002 comm: gen_fast, count: 798517
CPU [0] UID 1002 comm: gen_fast, count: 798599
CPU [0] UID 1002 comm: gen_fast, count: 798711
CPU [0] UID 1002 comm: gen_fast, count: 798799
CPU [0] UID 1002 comm: gen_fast, count: 798931
CPU [0] UID 1002 comm: gen_fast, count: 798999
CPU [0] UID 1002 comm: gen_fast, count: 799130
CPU [0] UID 1002 comm: gen_fast, count: 799199
CPU [0] UID 1002 comm: gen_fast, count: 799404
CPU [0] UID 1002 comm: gen_fast, count: 799404
CPU [0] UID 1002 comm: gen_fast, count: 799499
CPU [0] UID 1002 comm: gen_fast, count: 799647
CPU [0] UID 1002 comm: gen_fast, count: 799699
CPU [0] UID 1002 comm: gen_fast, count: 799799
CPU [0] UID 1002 comm: gen_fast, count: 799899
CPU [0] UID 1002 comm: gen_fast, count: 800040
CPU [0] UID 1002 comm: gen_fast, count: 800237
CPU [0] UID 1002 comm: gen_fast, count: 800237
CPU [0] UID 1002 comm: gen_fast, count: 800299
CPU [0] UID 1002 comm: gen_fast, count: 800486
CPU [0] UID 1002 comm: gen_fast, count: 800499
CPU [0] UID 1002 comm: gen_fast, count: 800665
CPU [0] UID 1002 comm: gen_fast, count: 800699
CPU [0] UID 1002 comm: gen_fast, count: 800887
CPU [0] UID 1002 comm: gen_fast, count: 800899
CPU [0] UID 1002 comm: gen_fast, count: 801105
CPU [0] UID 1002 comm: gen_fast, count: 801105
CPU [0] UID 1002 comm: gen_fast, count: 801224
CPU [0] UID 1002 comm: gen_fast, count: 801304
CPU [0] UID 1002 comm: gen_fast, count: 801399
CPU [0] UID 1002 comm: gen_fast, count: 801571
CPU [0] UID 1002 comm: gen_fast, count: 801599
CPU [0] UID 1002 comm: gen_fast, count: 801789
CPU [0] UID 1002 comm: gen_fast, count: 801799
CPU [0] UID 1002 comm: gen_fast, count: 801931
CPU [0] UID 1002 comm: gen_fast, count: 802077
CPU [0] UID 1002 comm: gen_fast, count: 802099
CPU [0] UID 1002 comm: gen_fast, count: 802225
CPU [0] UID 1002 comm: gen_fast, count: 802420
CPU [0] UID 1002 comm: gen_fast, count: 802420
CPU [0] UID 1002 comm: gen_fast, count: 802572
CPU [0] UID 1002 comm: gen_fast, count: 802599
CPU [0] UID 1002 comm: gen_fast, count: 802767
CPU [0] UID 1002 comm: gen_fast, count: 802799
CPU [0] UID 1002 comm: gen_fast, count: 802956
CPU [0] UID 1002 comm: gen_fast, count: 802999
CPU [0] UID 1002 comm: gen_fast, count: 803099
CPU [0] UID 1002 comm: gen_fast, count: 803199
CPU [0] UID 1002 comm: gen_fast, count: 803355
CPU [0] UID 1002 comm: gen_fast, count: 803399
CPU [0] UID 1002 comm: gen_fast, count: 803499
CPU [0] UID 1002 comm: gen_fast, count: 803635
CPU [0] UID 1002 comm: gen_fast, count: 803713
CPU [0] UID 1002 comm: gen_fast, count: 803910
CPU [0] UID 1002 comm: gen_fast, count: 803910
CPU [0] UID 1002 comm: gen_fast, count: 803999
CPU [0] UID 1002 comm: gen_fast, count: 804128
CPU [0] UID 1002 comm: gen_fast, count: 804199
CPU [0] UID 1002 comm: gen_fast, count: 804299
CPU [0] UID 1002 comm: gen_fast, count: 804454
CPU [0] UID 1002 comm: gen_fast, count: 804499
CPU [0] UID 1002 comm: gen_fast, count: 804599
CPU [0] UID 1002 comm: gen_fast, count: 804743
CPU [0] UID 1002 comm: gen_fast, count: 804818
CPU [0] UID 1002 comm: gen_fast, count: 804903
CPU [0] UID 1002 comm: gen_fast, count: 804999
CPU [0] UID 1002 comm: gen_fast, count: 805127
CPU [0] UID 1002 comm: gen_fast, count: 805199
CPU [0] UID 1002 comm: gen_fast, count: 805299
CPU [0] UID 1002 comm: gen_fast, count: 805414
CPU [0] UID 1002 comm: gen_fast, count: 805499
CPU [0] UID 1002 comm: gen_fast, count: 805599
CPU [0] UID 1002 comm: gen_fast, count: 805699
CPU [0] UID 1002 comm: gen_fast, count: 805830
CPU [0] UID 1002 comm: gen_fast, count: 805910
CPU [0] UID 1002 comm: gen_fast, count: 805999
CPU [0] UID 1002 comm: gen_fast, count: 806099
CPU [0] UID 1002 comm: gen_fast, count: 806226
CPU [0] UID 1002 comm: gen_fast, count: 806299
CPU [0] UID 1002 comm: gen_fast, count: 806399
CPU [0] UID 1002 comm: gen_fast, count: 806550
CPU [0] UID 1002 comm: gen_fast, count: 806599
CPU [0] UID 1002 comm: gen_fast, count: 806726
CPU [0] UID 1002 comm: gen_fast, count: 806799
CPU [0] UID 1002 comm: gen_fast, count: 806899
CPU [0] UID 1002 comm: gen_fast, count: 806999
CPU [0] UID 1002 comm: gen_fast, count: 807123
CPU [0] UID 1002 comm: gen_fast, count: 807207
CPU [0] UID 1002 comm: gen_fast, count: 807421
CPU [0] UID 1002 comm: gen_fast, count: 807421
CPU [0] UID 1002 comm: gen_fast, count: 807499
CPU [0] UID 1002 comm: gen_fast, count: 807599
CPU [0] UID 1002 comm: gen_fast, count: 807699
CPU [0] UID 1002 comm: gen_fast, count: 807846
CPU [0] UID 1002 comm: gen_fast, count: 807899
CPU [0] UID 1002 comm: gen_fast, count: 808055
CPU [0] UID 1002 comm: gen_fast, count: 808202
CPU [0] UID 1002 comm: gen_fast, count: 808202
CPU [0] UID 1002 comm: gen_fast, count: 808389
CPU [0] UID 1002 comm: gen_fast, count: 808399
CPU [0] UID 1002 comm: gen_fast, count: 808582
CPU [0] UID 1002 comm: gen_fast, count: 808599
CPU [0] UID 1002 comm: gen_fast, count: 808792
CPU [0] UID 1002 comm: gen_fast, count: 808799
CPU [0] UID 1002 comm: gen_fast, count: 808899
CPU [0] UID 1002 comm: gen_fast, count: 809011
CPU [0] UID 1002 comm: gen_fast, count: 809179
CPU [0] UID 1002 comm: gen_fast, count: 809199
CPU [0] UID 1002 comm: gen_fast, count: 809325
CPU [0] UID 1002 comm: gen_fast, count: 809472
CPU [0] UID 1002 comm: gen_fast, count: 809499
CPU [0] UID 1002 comm: gen_fast, count: 809655
CPU [0] UID 1002 comm: gen_fast, count: 809699
CPU [0] UID 1002 comm: gen_fast, count: 809808
CPU [0] UID 1002 comm: gen_fast, count: 809899
CPU [0] UID 1002 comm: gen_fast, count: 809999
CPU [0] UID 1002 comm: gen_fast, count: 810151
CPU [0] UID 1002 comm: gen_fast, count: 810245
CPU [0] UID 1002 comm: gen_fast, count: 810299
CPU [0] UID 1002 comm: gen_fast, count: 810538
CPU [0] UID 1002 comm: gen_fast, count: 810538
CPU [0] UID 1002 comm: gen_fast, count: 810599
CPU [0] UID 1002 comm: gen_fast, count: 810806
CPU [0] UID 1002 comm: gen_fast, count: 810806
CPU [0] UID 1002 comm: gen_fast, count: 810899
CPU [0] UID 1002 comm: gen_fast, count: 810999
CPU [0] UID 1002 comm: gen_fast, count: 811131
CPU [0] UID 1002 comm: gen_fast, count: 811347
CPU [0] UID 1002 comm: gen_fast, count: 811347
CPU [0] UID 1002 comm: gen_fast, count: 811399
CPU [0] UID 1002 comm: gen_fast, count: 811499
CPU [0] UID 1002 comm: gen_fast, count: 811599
CPU [0] UID 1002 comm: gen_fast, count: 811783
CPU [0] UID 1002 comm: gen_fast, count: 811799
CPU [0] UID 1002 comm: gen_fast, count: 811899
CPU [0] UID 1002 comm: gen_fast, count: 812060
CPU [0] UID 1002 comm: gen_fast, count: 812099
CPU [0] UID 1002 comm: gen_fast, count: 812332
CPU [0] UID 1002 comm: gen_fast, count: 812332
CPU [0] UID 1002 comm: gen_fast, count: 812436
CPU [0] UID 1002 comm: gen_fast, count: 812651
CPU [0] UID 1002 comm: gen_fast, count: 812651
CPU [0] UID 1002 comm: gen_fast, count: 812699
CPU [0] UID 1002 comm: gen_fast, count: 812928
CPU [0] UID 1002 comm: gen_fast, count: 812928
CPU [0] UID 1002 comm: gen_fast, count: 812999
CPU [0] UID 1002 comm: gen_fast, count: 813193
CPU [0] UID 1002 comm: gen_fast, count: 813199
CPU [0] UID 1002 comm: gen_fast, count: 813299
CPU [0] UID 1002 comm: gen_fast, count: 813399
CPU [0] UID 1002 comm: gen_fast, count: 813538
CPU [0] UID 1002 comm: gen_fast, count: 813599
CPU [0] UID 1002 comm: gen_fast, count: 813699
CPU [0] UID 1002 comm: gen_fast, count: 813817
CPU [0] UID 1002 comm: gen_fast, count: 813984
CPU [0] UID 1002 comm: gen_fast, count: 813999
CPU [0] UID 1002 comm: gen_fast, count: 814255
CPU [0] UID 1002 comm: gen_fast, count: 814255
CPU [0] UID 1002 comm: gen_fast, count: 814299
CPU [0] UID 1002 comm: gen_fast, count: 814405
CPU [0] UID 1002 comm: gen_fast, count: 814586
CPU [0] UID 1002 comm: gen_fast, count: 814599
CPU [0] UID 1002 comm: gen_fast, count: 814699
CPU [0] UID 1002 comm: gen_fast, count: 814799
CPU [0] UID 1002 comm: gen_fast, count: 815019
CPU [0] UID 1002 comm: gen_fast, count: 815019
CPU [0] UID 1002 comm: gen_fast, count: 815099
CPU [0] UID 1002 comm: gen_fast, count: 815236
CPU [0] UID 1002 comm: gen_fast, count: 815452
CPU [0] UID 1002 comm: gen_fast, count: 815452
CPU [0] UID 1002 comm: gen_fast, count: 815499
CPU [0] UID 1002 comm: gen_fast, count: 815609
CPU [0] UID 1002 comm: gen_fast, count: 815725
CPU [0] UID 1002 comm: gen_fast, count: 815893
CPU [0] UID 1002 comm: gen_fast, count: 815899
CPU [0] UID 1002 comm: gen_fast, count: 816020
CPU [0] UID 1002 comm: gen_fast, count: 816185
CPU [0] UID 1002 comm: gen_fast, count: 816199
CPU [0] UID 1002 comm: gen_fast, count: 816299
CPU [0] UID 1002 comm: gen_fast, count: 816399
CPU [0] UID 1002 comm: gen_fast, count: 816523
CPU [0] UID 1002 comm: gen_fast, count: 816599
CPU [0] UID 1002 comm: gen_fast, count: 816767
CPU [0] UID 1002 comm: gen_fast, count: 816871
CPU [0] UID 1002 comm: gen_fast, count: 816899
CPU [0] UID 1002 comm: gen_fast, count: 817028
CPU [0] UID 1002 comm: gen_fast, count: 817219
CPU [0] UID 1002 comm: gen_fast, count: 817219
CPU [0] UID 1002 comm: gen_fast, count: 817299
CPU [0] UID 1002 comm: gen_fast, count: 817435
CPU [0] UID 1002 comm: gen_fast, count: 817499
CPU [0] UID 1002 comm: gen_fast, count: 817656
CPU [0] UID 1002 comm: gen_fast, count: 817699
CPU [0] UID 1002 comm: gen_fast, count: 817799
CPU [0] UID 1002 comm: gen_fast, count: 817976
CPU [0] UID 1002 comm: gen_fast, count: 817999
CPU [0] UID 1002 comm: gen_fast, count: 818099
CPU [0] UID 1002 comm: gen_fast, count: 818199
CPU [0] UID 1002 comm: gen_fast, count: 818299
CPU [0] UID 1002 comm: gen_fast, count: 818399
CPU [0] UID 1002 comm: gen_fast, count: 818546
CPU [0] UID 1002 comm: gen_fast, count: 818615
CPU [0] UID 1002 comm: gen_fast, count: 818699
CPU [0] UID 1002 comm: gen_fast, count: 818831
CPU [0] UID 1002 comm: gen_fast, count: 818992
CPU [0] UID 1002 comm: gen_fast, count: 818999
CPU [0] UID 1002 comm: gen_fast, count: 819137
CPU [0] UID 1002 comm: gen_fast, count: 819327
CPU [0] UID 1002 comm: gen_fast, count: 819327
CPU [0] UID 1002 comm: gen_fast, count: 819468
CPU [0] UID 1002 comm: gen_fast, count: 819499
CPU [0] UID 1002 comm: gen_fast, count: 819599
CPU [0] UID 1002 comm: gen_fast, count: 819719
CPU [0] UID 1002 comm: gen_fast, count: 819900
CPU [0] UID 1002 comm: gen_fast, count: 819900
CPU [0] UID 1002 comm: gen_fast, count: 820123
CPU [0] UID 1002 comm: gen_fast, count: 820123
CPU [0] UID 1002 comm: gen_fast, count: 820253
CPU [0] UID 1002 comm: gen_fast, count: 820299
CPU [0] UID 1002 comm: gen_fast, count: 820467
CPU [0] UID 1002 comm: gen_fast, count: 820499
CPU [0] UID 1002 comm: gen_fast, count: 820599
CPU [0] UID 1002 comm: gen_fast, count: 820716
CPU [0] UID 1002 comm: gen_fast, count: 820799
CPU [0] UID 1002 comm: gen_fast, count: 820899
CPU [0] UID 1002 comm: gen_fast, count: 821034
CPU [0] UID 1002 comm: gen_fast, count: 821099
CPU [0] UID 1002 comm: gen_fast, count: 821251
CPU [0] UID 1002 comm: gen_fast, count: 821299
CPU [0] UID 1002 comm: gen_fast, count: 821434
CPU [0] UID 1002 comm: gen_fast, count: 821625
CPU [0] UID 1002 comm: gen_fast, count: 821625
CPU [0] UID 1002 comm: gen_fast, count: 821699
CPU [0] UID 1002 comm: gen_fast, count: 821836
CPU [0] UID 1002 comm: gen_fast, count: 821899
CPU [0] UID 1002 comm: gen_fast, count: 822015
CPU [0] UID 1002 comm: gen_fast, count: 822099
CPU [0] UID 1002 comm: gen_fast, count: 822286
CPU [0] UID 1002 comm: gen_fast, count: 822299
CPU [0] UID 1002 comm: gen_fast, count: 822399
CPU [0] UID 1002 comm: gen_fast, count: 822508
CPU [0] UID 1002 comm: gen_fast, count: 822712
CPU [0] UID 1002 comm: gen_fast, count: 822712
CPU [0] UID 1002 comm: gen_fast, count: 822948
CPU [0] UID 1002 comm: gen_fast, count: 822948
CPU [0] UID 1002 comm: gen_fast, count: 823025
CPU [0] UID 1002 comm: gen_fast, count: 823112
CPU [0] UID 1002 comm: gen_fast, count: 823199
CPU [0] UID 1002 comm: gen_fast, count: 823299
CPU [0] UID 1002 comm: gen_fast, count: 823418
CPU [0] UID 1002 comm: gen_fast, count: 823499
CPU [0] UID 1002 comm: gen_fast, count: 823619
CPU [0] UID 1002 comm: gen_fast, count: 823802
CPU [0] UID 1002 comm: gen_fast, count: 823802
CPU [0] UID 1002 comm: gen_fast, count: 824010
CPU [0] UID 1002 comm: gen_fast, count: 824010
CPU [0] UID 1002 comm: gen_fast, count: 824115
CPU [0] UID 1002 comm: gen_fast, count: 824294
CPU [0] UID 1002 comm: gen_fast, count: 824299
CPU [0] UID 1002 comm: gen_fast, count: 824443
CPU [0] UID 1002 comm: gen_fast, count: 824499
CPU [0] UID 1002 comm: gen_fast, count: 824614
CPU [0] UID 1002 comm: gen_fast, count: 824699
CPU [0] UID 1002 comm: gen_fast, count: 824835
CPU [0] UID 1002 comm: gen_fast, count: 824899
CPU [0] UID 1002 comm: gen_fast, count: 825033
CPU [0] UID 1002 comm: gen_fast, count: 825113
CPU [0] UID 1002 comm: gen_fast, count: 825318
CPU [0] UID 1002 comm: gen_fast, count: 825318
CPU [0] UID 1002 comm: gen_fast, count: 825399
CPU [0] UID 1002 comm: gen_fast, count: 825552
CPU [0] UID 1002 comm: gen_fast, count: 825599
CPU [0] UID 1002 comm: gen_fast, count: 825720
CPU [0] UID 1002 comm: gen_fast, count: 825917
CPU [0] UID 1002 comm: gen_fast, count: 825917
CPU [0] UID 1002 comm: gen_fast, count: 825999
CPU [0] UID 1002 comm: gen_fast, count: 826106
CPU [0] UID 1002 comm: gen_fast, count: 826201
CPU [0] UID 1002 comm: gen_fast, count: 826369
CPU [0] UID 1002 comm: gen_fast, count: 826399
CPU [0] UID 1002 comm: gen_fast, count: 826522
CPU [0] UID 1002 comm: gen_fast, count: 826727
CPU [0] UID 1002 comm: gen_fast, count: 826727
CPU [0] UID 1002 comm: gen_fast, count: 826799
CPU [0] UID 1002 comm: gen_fast, count: 826899
CPU [0] UID 1002 comm: gen_fast, count: 827008
CPU [0] UID 1002 comm: gen_fast, count: 827168
CPU [0] UID 1002 comm: gen_fast, count: 827199
CPU [0] UID 1002 comm: gen_fast, count: 827405
CPU [0] UID 1002 comm: gen_fast, count: 827405
CPU [0] UID 1002 comm: gen_fast, count: 827499
CPU [0] UID 1002 comm: gen_fast, count: 827625
CPU [0] UID 1002 comm: gen_fast, count: 827747
CPU [0] UID 1002 comm: gen_fast, count: 827799
CPU [0] UID 1002 comm: gen_fast, count: 827920
CPU [0] UID 1002 comm: gen_fast, count: 827999
CPU [0] UID 1002 comm: gen_fast, count: 828227
CPU [0] UID 1002 comm: gen_fast, count: 828227
CPU [0] UID 1002 comm: gen_fast, count: 828382
CPU [0] UID 1002 comm: gen_fast, count: 828399
CPU [0] UID 1002 comm: gen_fast, count: 828588
CPU [0] UID 1002 comm: gen_fast, count: 828599
CPU [0] UID 1002 comm: gen_fast, count: 828699
CPU [0] UID 1002 comm: gen_fast, count: 828904
CPU [0] UID 1002 comm: gen_fast, count: 828904
CPU [0] UID 1002 comm: gen_fast, count: 829031
CPU [0] UID 1002 comm: gen_fast, count: 829116
CPU [0] UID 1002 comm: gen_fast, count: 829261
CPU [0] UID 1002 comm: gen_fast, count: 829299
CPU [0] UID 1002 comm: gen_fast, count: 829450
CPU [0] UID 1002 comm: gen_fast, count: 829597
CPU [0] UID 1002 comm: gen_fast, count: 829599
CPU [0] UID 1002 comm: gen_fast, count: 829764
CPU [0] UID 1002 comm: gen_fast, count: 829836
CPU [0] UID 1002 comm: gen_fast, count: 829951
CPU [0] UID 1002 comm: gen_fast, count: 830065
CPU [0] UID 1002 comm: gen_fast, count: 830099
CPU [0] UID 1002 comm: gen_fast, count: 830199
CPU [0] UID 1002 comm: gen_fast, count: 830299
CPU [0] UID 1002 comm: gen_fast, count: 830474
CPU [0] UID 1002 comm: gen_fast, count: 830499
CPU [0] UID 1002 comm: gen_fast, count: 830617
CPU [0] UID 1002 comm: gen_fast, count: 830709
CPU [0] UID 1002 comm: gen_fast, count: 830836
CPU [0] UID 1002 comm: gen_fast, count: 830941
CPU [0] UID 1002 comm: gen_fast, count: 831043
CPU [0] UID 1002 comm: gen_fast, count: 831099
CPU [0] UID 1002 comm: gen_fast, count: 831199
CPU [0] UID 1002 comm: gen_fast, count: 831324
CPU [0] UID 1002 comm: gen_fast, count: 831399
CPU [0] UID 1002 comm: gen_fast, count: 831499
CPU [0] UID 1002 comm: gen_fast, count: 831649
CPU [0] UID 1002 comm: gen_fast, count: 831709
CPU [0] UID 1002 comm: gen_fast, count: 831852
CPU [0] UID 1002 comm: gen_fast, count: 831899
CPU [0] UID 1002 comm: gen_fast, count: 831999
CPU [0] UID 1002 comm: gen_fast, count: 832105
CPU [0] UID 1002 comm: gen_fast, count: 832249
CPU [0] UID 1002 comm: gen_fast, count: 832435
CPU [0] UID 1002 comm: gen_fast, count: 832435
CPU [0] UID 1002 comm: gen_fast, count: 832499
CPU [0] UID 1002 comm: gen_fast, count: 832618
CPU [0] UID 1002 comm: gen_fast, count: 832715
CPU [0] UID 1002 comm: gen_fast, count: 832799
CPU [0] UID 1002 comm: gen_fast, count: 832899
CPU [0] UID 1002 comm: gen_fast, count: 833048
CPU [0] UID 1002 comm: gen_fast, count: 833099
CPU [0] UID 1002 comm: gen_fast, count: 833199
CPU [0] UID 1002 comm: gen_fast, count: 833329
CPU [0] UID 1002 comm: gen_fast, count: 833497
CPU [0] UID 1002 comm: gen_fast, count: 833499
CPU [0] UID 1002 comm: gen_fast, count: 833683
CPU [0] UID 1002 comm: gen_fast, count: 833699
CPU [0] UID 1002 comm: gen_fast, count: 833923
CPU [0] UID 1002 comm: gen_fast, count: 833923
CPU [0] UID 1002 comm: gen_fast, count: 833999
CPU [0] UID 1002 comm: gen_fast, count: 834175
CPU [0] UID 1002 comm: gen_fast, count: 834199
CPU [0] UID 1002 comm: gen_fast, count: 834439
CPU [0] UID 1002 comm: gen_fast, count: 834439
CPU [0] UID 1002 comm: gen_fast, count: 834499
CPU [0] UID 1002 comm: gen_fast, count: 834616
CPU [0] UID 1002 comm: gen_fast, count: 834757
CPU [0] UID 1002 comm: gen_fast, count: 834799
CPU [0] UID 1002 comm: gen_fast, count: 835014
CPU [0] UID 1002 comm: gen_fast, count: 835014
CPU [0] UID 1002 comm: gen_fast, count: 835099
CPU [0] UID 1002 comm: gen_fast, count: 835330
CPU [0] UID 1002 comm: gen_fast, count: 835330
CPU [0] UID 1002 comm: gen_fast, count: 835424
CPU [0] UID 1002 comm: gen_fast, count: 835499
CPU [0] UID 1002 comm: gen_fast, count: 835639
CPU [0] UID 1002 comm: gen_fast, count: 835699
CPU [0] UID 1002 comm: gen_fast, count: 835799
CPU [0] UID 1002 comm: gen_fast, count: 835926
CPU [0] UID 1002 comm: gen_fast, count: 836015
CPU [0] UID 1002 comm: gen_fast, count: 836104
CPU [0] UID 1002 comm: gen_fast, count: 836199
CPU [0] UID 1002 comm: gen_fast, count: 836401
CPU [0] UID 1002 comm: gen_fast, count: 836401
CPU [0] UID 1002 comm: gen_fast, count: 836499
CPU [0] UID 1002 comm: gen_fast, count: 836677
CPU [0] UID 1002 comm: gen_fast, count: 836699
CPU [0] UID 1002 comm: gen_fast, count: 836839
CPU [0] UID 1002 comm: gen_fast, count: 836899
CPU [0] UID 1002 comm: gen_fast, count: 837025
CPU [0] UID 1002 comm: gen_fast, count: 837099
CPU [0] UID 1002 comm: gen_fast, count: 837249
CPU [0] UID 1002 comm: gen_fast, count: 837433
CPU [0] UID 1002 comm: gen_fast, count: 837433
CPU [0] UID 1002 comm: gen_fast, count: 837499
CPU [0] UID 1002 comm: gen_fast, count: 837696
CPU [0] UID 1002 comm: gen_fast, count: 837699
CPU [0] UID 1002 comm: gen_fast, count: 837946
CPU [0] UID 1002 comm: gen_fast, count: 837946
CPU [0] UID 1002 comm: gen_fast, count: 837999
CPU [0] UID 1002 comm: gen_fast, count: 838140
CPU [0] UID 1002 comm: gen_fast, count: 838199
CPU [0] UID 1002 comm: gen_fast, count: 838352
CPU [0] UID 1002 comm: gen_fast, count: 838399
CPU [0] UID 1002 comm: gen_fast, count: 838499
CPU [0] UID 1002 comm: gen_fast, count: 838599
CPU [0] UID 1002 comm: gen_fast, count: 838767
CPU [0] UID 1002 comm: gen_fast, count: 838799
CPU [0] UID 1002 comm: gen_fast, count: 838919
CPU [0] UID 1002 comm: gen_fast, count: 839129
CPU [0] UID 1002 comm: gen_fast, count: 839129
CPU [0] UID 1002 comm: gen_fast, count: 839329
CPU [0] UID 1002 comm: gen_fast, count: 839329
CPU [0] UID 1002 comm: gen_fast, count: 839399
CPU [0] UID 1002 comm: gen_fast, count: 839549
CPU [0] UID 1002 comm: gen_fast, count: 839599
CPU [0] UID 1002 comm: gen_fast, count: 839826
CPU [0] UID 1002 comm: gen_fast, count: 839826
CPU [0] UID 1002 comm: gen_fast, count: 839899
CPU [0] UID 1002 comm: gen_fast, count: 840035
CPU [0] UID 1002 comm: gen_fast, count: 840099
CPU [0] UID 1002 comm: gen_fast, count: 840219
CPU [0] UID 1002 comm: gen_fast, count: 840299
CPU [0] UID 1002 comm: gen_fast, count: 840399
CPU [0] UID 1002 comm: gen_fast, count: 840638
CPU [0] UID 1002 comm: gen_fast, count: 840638
CPU [0] UID 1002 comm: gen_fast, count: 840837
CPU [0] UID 1002 comm: gen_fast, count: 840837
CPU [0] UID 1002 comm: gen_fast, count: 840899
CPU [0] UID 1002 comm: gen_fast, count: 841062
CPU [0] UID 1002 comm: gen_fast, count: 841099
CPU [0] UID 1002 comm: gen_fast, count: 841259
CPU [0] UID 1002 comm: gen_fast, count: 841299
CPU [0] UID 1002 comm: gen_fast, count: 841467
CPU [0] UID 1002 comm: gen_fast, count: 841499
CPU [0] UID 1002 comm: gen_fast, count: 841599
CPU [0] UID 1002 comm: gen_fast, count: 841795
CPU [0] UID 1002 comm: gen_fast, count: 841799
CPU [0] UID 1002 comm: gen_fast, count: 841899
CPU [0] UID 1002 comm: gen_fast, count: 842057
CPU [0] UID 1002 comm: gen_fast, count: 842099
CPU [0] UID 1002 comm: gen_fast, count: 842324
CPU [0] UID 1002 comm: gen_fast, count: 842324
CPU [0] UID 1002 comm: gen_fast, count: 842399
CPU [0] UID 1002 comm: gen_fast, count: 842581
CPU [0] UID 1002 comm: gen_fast, count: 842599
CPU [0] UID 1002 comm: gen_fast, count: 842699
CPU [0] UID 1002 comm: gen_fast, count: 842811
CPU [0] UID 1002 comm: gen_fast, count: 842940
CPU [0] UID 1002 comm: gen_fast, count: 843011
CPU [0] UID 1002 comm: gen_fast, count: 843127
CPU [0] UID 1002 comm: gen_fast, count: 843199
CPU [0] UID 1002 comm: gen_fast, count: 843402
CPU [0] UID 1002 comm: gen_fast, count: 843402
CPU [0] UID 1002 comm: gen_fast, count: 843499
CPU [0] UID 1002 comm: gen_fast, count: 843607
CPU [0] UID 1002 comm: gen_fast, count: 843699
CPU [0] UID 1002 comm: gen_fast, count: 843799
CPU [0] UID 1002 comm: gen_fast, count: 843991
CPU [0] UID 1002 comm: gen_fast, count: 843999
CPU [0] UID 1002 comm: gen_fast, count: 844099
CPU [0] UID 1002 comm: gen_fast, count: 844199
CPU [0] UID 1002 comm: gen_fast, count: 844299
CPU [0] UID 1002 comm: gen_fast, count: 844399
CPU [0] UID 1002 comm: gen_fast, count: 844499
CPU [0] UID 1002 comm: gen_fast, count: 844633
CPU [0] UID 1002 comm: gen_fast, count: 844699
CPU [0] UID 1002 comm: gen_fast, count: 844799
CPU [0] UID 1002 comm: gen_fast, count: 845010
CPU [0] UID 1002 comm: gen_fast, count: 845010
CPU [0] UID 1002 comm: gen_fast, count: 845099
CPU [0] UID 1002 comm: gen_fast, count: 845281
CPU [0] UID 1002 comm: gen_fast, count: 845299
CPU [0] UID 1002 comm: gen_fast, count: 845399
CPU [0] UID 1002 comm: gen_fast, count: 845591
CPU [0] UID 1002 comm: gen_fast, count: 845599
CPU [0] UID 1002 comm: gen_fast, count: 845737
CPU [0] UID 1002 comm: gen_fast, count: 845799
CPU [0] UID 1002 comm: gen_fast, count: 845957
CPU [0] UID 1002 comm: gen_fast, count: 845999
CPU [0] UID 1002 comm: gen_fast, count: 846227
CPU [0] UID 1002 comm: gen_fast, count: 846227
CPU [0] UID 1002 comm: gen_fast, count: 846428
CPU [0] UID 1002 comm: gen_fast, count: 846428
CPU [0] UID 1002 comm: gen_fast, count: 846499
CPU [0] UID 1002 comm: gen_fast, count: 846599
CPU [0] UID 1002 comm: gen_fast, count: 846749
CPU [0] UID 1002 comm: gen_fast, count: 846826
CPU [0] UID 1002 comm: gen_fast, count: 846918
CPU [0] UID 1002 comm: gen_fast, count: 846999
CPU [0] UID 1002 comm: gen_fast, count: 847099
CPU [0] UID 1002 comm: gen_fast, count: 847295
CPU [0] UID 1002 comm: gen_fast, count: 847299
CPU [0] UID 1002 comm: gen_fast, count: 847399
CPU [0] UID 1002 comm: gen_fast, count: 847499
CPU [0] UID 1002 comm: gen_fast, count: 847602
CPU [0] UID 1002 comm: gen_fast, count: 847699
CPU [0] UID 1002 comm: gen_fast, count: 847799
CPU [0] UID 1002 comm: gen_fast, count: 847933
CPU [0] UID 1002 comm: gen_fast, count: 848145
CPU [0] UID 1002 comm: gen_fast, count: 848145
CPU [0] UID 1002 comm: gen_fast, count: 848199
CPU [0] UID 1002 comm: gen_fast, count: 848423
CPU [0] UID 1002 comm: gen_fast, count: 848423
CPU [0] UID 1002 comm: gen_fast, count: 848499
CPU [0] UID 1002 comm: gen_fast, count: 848599
CPU [0] UID 1002 comm: gen_fast, count: 848808
CPU [0] UID 1002 comm: gen_fast, count: 848808
CPU [0] UID 1002 comm: gen_fast, count: 848899
CPU [0] UID 1002 comm: gen_fast, count: 849038
CPU [0] UID 1002 comm: gen_fast, count: 849099
CPU [0] UID 1002 comm: gen_fast, count: 849199
CPU [0] UID 1002 comm: gen_fast, count: 849305
CPU [0] UID 1002 comm: gen_fast, count: 849399
CPU [0] UID 1002 comm: gen_fast, count: 849586
CPU [0] UID 1002 comm: gen_fast, count: 849599
CPU [0] UID 1002 comm: gen_fast, count: 849699
CPU [0] UID 1002 comm: gen_fast, count: 849906
CPU [0] UID 1002 comm: gen_fast, count: 849906
CPU [0] UID 1002 comm: gen_fast, count: 850089
CPU [0] UID 1002 comm: gen_fast, count: 850099
CPU [0] UID 1002 comm: gen_fast, count: 850328
CPU [0] UID 1002 comm: gen_fast, count: 850328
CPU [0] UID 1002 comm: gen_fast, count: 850529
CPU [0] UID 1002 comm: gen_fast, count: 850529
CPU [0] UID 1002 comm: gen_fast, count: 850599
CPU [0] UID 1002 comm: gen_fast, count: 850788
CPU [0] UID 1002 comm: gen_fast, count: 850799
CPU [0] UID 1002 comm: gen_fast, count: 850899
CPU [0] UID 1002 comm: gen_fast, count: 850999
CPU [0] UID 1002 comm: gen_fast, count: 851099
CPU [0] UID 1002 comm: gen_fast, count: 851280
CPU [0] UID 1002 comm: gen_fast, count: 851299
CPU [0] UID 1002 comm: gen_fast, count: 851399
CPU [0] UID 1002 comm: gen_fast, count: 851522
CPU [0] UID 1002 comm: gen_fast, count: 851599
CPU [0] UID 1002 comm: gen_fast, count: 851699
CPU [0] UID 1002 comm: gen_fast, count: 851838
CPU [0] UID 1002 comm: gen_fast, count: 851899
CPU [0] UID 1002 comm: gen_fast, count: 851999
CPU [0] UID 1002 comm: gen_fast, count: 852157
CPU [0] UID 1002 comm: gen_fast, count: 852199
CPU [0] UID 1002 comm: gen_fast, count: 852327
CPU [0] UID 1002 comm: gen_fast, count: 852399
CPU [0] UID 1002 comm: gen_fast, count: 852499
CPU [0] UID 1002 comm: gen_fast, count: 852670
CPU [0] UID 1002 comm: gen_fast, count: 852699
CPU [0] UID 1002 comm: gen_fast, count: 852855
CPU [0] UID 1002 comm: gen_fast, count: 852899
CPU [0] UID 1002 comm: gen_fast, count: 853034
CPU [0] UID 1002 comm: gen_fast, count: 853100
CPU [0] UID 1002 comm: gen_fast, count: 853199
CPU [0] UID 1002 comm: gen_fast, count: 853327
CPU [0] UID 1002 comm: gen_fast, count: 853512
CPU [0] UID 1002 comm: gen_fast, count: 853512
CPU [0] UID 1002 comm: gen_fast, count: 853691
CPU [0] UID 1002 comm: gen_fast, count: 853699
CPU [0] UID 1002 comm: gen_fast, count: 853799
CPU [0] UID 1002 comm: gen_fast, count: 853899
CPU [0] UID 1002 comm: gen_fast, count: 854053
CPU [0] UID 1002 comm: gen_fast, count: 854099
CPU [0] UID 1002 comm: gen_fast, count: 854277
CPU [0] UID 1002 comm: gen_fast, count: 854299
CPU [0] UID 1002 comm: gen_fast, count: 854443
CPU [0] UID 1002 comm: gen_fast, count: 854499
CPU [0] UID 1002 comm: gen_fast, count: 854599
CPU [0] UID 1002 comm: gen_fast, count: 854750
CPU [0] UID 1002 comm: gen_fast, count: 854931
CPU [0] UID 1002 comm: gen_fast, count: 854931
CPU [0] UID 1002 comm: gen_fast, count: 854999
CPU [0] UID 1002 comm: gen_fast, count: 855101
CPU [0] UID 1002 comm: gen_fast, count: 855239
CPU [0] UID 1002 comm: gen_fast, count: 855299
CPU [0] UID 1002 comm: gen_fast, count: 855428
CPU [0] UID 1002 comm: gen_fast, count: 855499
CPU [0] UID 1002 comm: gen_fast, count: 855607
CPU [0] UID 1002 comm: gen_fast, count: 855699
CPU [0] UID 1002 comm: gen_fast, count: 855844
CPU [0] UID 1002 comm: gen_fast, count: 855899
CPU [0] UID 1002 comm: gen_fast, count: 856005
CPU [0] UID 1002 comm: gen_fast, count: 856137
CPU [0] UID 1002 comm: gen_fast, count: 856199
CPU [0] UID 1002 comm: gen_fast, count: 856299
CPU [0] UID 1002 comm: gen_fast, count: 856399
CPU [0] UID 1002 comm: gen_fast, count: 856499
CPU [0] UID 1002 comm: gen_fast, count: 856609
CPU [0] UID 1002 comm: gen_fast, count: 856699
CPU [0] UID 1002 comm: gen_fast, count: 856854
CPU [0] UID 1002 comm: gen_fast, count: 856899
CPU [0] UID 1002 comm: gen_fast, count: 856999
CPU [0] UID 1002 comm: gen_fast, count: 857099
CPU [0] UID 1002 comm: gen_fast, count: 857202
CPU [0] UID 1002 comm: gen_fast, count: 857299
CPU [0] UID 1002 comm: gen_fast, count: 857399
CPU [0] UID 1002 comm: gen_fast, count: 857499
CPU [0] UID 1002 comm: gen_fast, count: 857633
CPU [0] UID 1002 comm: gen_fast, count: 857826
CPU [0] UID 1002 comm: gen_fast, count: 857826
CPU [0] UID 1002 comm: gen_fast, count: 857899
CPU [0] UID 1002 comm: gen_fast, count: 857999
CPU [0] UID 1002 comm: gen_fast, count: 858227
CPU [0] UID 1002 comm: gen_fast, count: 858227
CPU [0] UID 1002 comm: gen_fast, count: 858412
CPU [0] UID 1002 comm: gen_fast, count: 858412
CPU [0] UID 1002 comm: gen_fast, count: 858499
CPU [0] UID 1002 comm: gen_fast, count: 858604
CPU [0] UID 1002 comm: gen_fast, count: 858745
CPU [0] UID 1002 comm: gen_fast, count: 858799
CPU [0] UID 1002 comm: gen_fast, count: 858900
CPU [0] UID 1002 comm: gen_fast, count: 859078
CPU [0] UID 1002 comm: gen_fast, count: 859099
CPU [0] UID 1002 comm: gen_fast, count: 859231
CPU [0] UID 1002 comm: gen_fast, count: 859401
CPU [0] UID 1002 comm: gen_fast, count: 859401
CPU [0] UID 1002 comm: gen_fast, count: 859592
CPU [0] UID 1002 comm: gen_fast, count: 859599
CPU [0] UID 1002 comm: gen_fast, count: 859699
CPU [0] UID 1002 comm: gen_fast, count: 859825
CPU [0] UID 1002 comm: gen_fast, count: 859899
CPU [0] UID 1002 comm: gen_fast, count: 860049
CPU [0] UID 1002 comm: gen_fast, count: 860099
CPU [0] UID 1002 comm: gen_fast, count: 860276
CPU [0] UID 1002 comm: gen_fast, count: 860299
CPU [0] UID 1002 comm: gen_fast, count: 860407
CPU [0] UID 1002 comm: gen_fast, count: 860575
CPU [0] UID 1002 comm: gen_fast, count: 860599
CPU [0] UID 1002 comm: gen_fast, count: 860718
CPU [0] UID 1002 comm: gen_fast, count: 860905
CPU [0] UID 1002 comm: gen_fast, count: 860905
CPU [0] UID 1002 comm: gen_fast, count: 861031
CPU [0] UID 1002 comm: gen_fast, count: 861099
CPU [0] UID 1002 comm: gen_fast, count: 861294
CPU [0] UID 1002 comm: gen_fast, count: 861299
CPU [0] UID 1002 comm: gen_fast, count: 861456
CPU [0] UID 1002 comm: gen_fast, count: 861499
CPU [0] UID 1002 comm: gen_fast, count: 861609
CPU [0] UID 1002 comm: gen_fast, count: 861722
CPU [0] UID 1002 comm: gen_fast, count: 861859
CPU [0] UID 1002 comm: gen_fast, count: 861899
CPU [0] UID 1002 comm: gen_fast, count: 862021
CPU [0] UID 1002 comm: gen_fast, count: 862099
CPU [0] UID 1002 comm: gen_fast, count: 862269
CPU [0] UID 1002 comm: gen_fast, count: 862299
CPU [0] UID 1002 comm: gen_fast, count: 862400
CPU [0] UID 1002 comm: gen_fast, count: 862525
CPU [0] UID 1002 comm: gen_fast, count: 862652
CPU [0] UID 1002 comm: gen_fast, count: 862699
CPU [0] UID 1002 comm: gen_fast, count: 862799
CPU [0] UID 1002 comm: gen_fast, count: 862899
CPU [0] UID 1002 comm: gen_fast, count: 862999
CPU [0] UID 1002 comm: gen_fast, count: 863099
CPU [0] UID 1002 comm: gen_fast, count: 863199
CPU [0] UID 1002 comm: gen_fast, count: 863325
CPU [0] UID 1002 comm: gen_fast, count: 863399
CPU [0] UID 1002 comm: gen_fast, count: 863499
CPU [0] UID 1002 comm: gen_fast, count: 863648
CPU [0] UID 1002 comm: gen_fast, count: 863699
CPU [0] UID 1002 comm: gen_fast, count: 863804
CPU [0] UID 1002 comm: gen_fast, count: 863899
CPU [0] UID 1002 comm: gen_fast, count: 864015
CPU [0] UID 1002 comm: gen_fast, count: 864200
CPU [0] UID 1002 comm: gen_fast, count: 864200
CPU [0] UID 1002 comm: gen_fast, count: 864300
CPU [0] UID 1002 comm: gen_fast, count: 864448
CPU [0] UID 1002 comm: gen_fast, count: 864499
CPU [0] UID 1002 comm: gen_fast, count: 864599
CPU [0] UID 1002 comm: gen_fast, count: 864771
CPU [0] UID 1002 comm: gen_fast, count: 864799
CPU [0] UID 1002 comm: gen_fast, count: 864899
CPU [0] UID 1002 comm: gen_fast, count: 864999
CPU [0] UID 1002 comm: gen_fast, count: 865150
CPU [0] UID 1002 comm: gen_fast, count: 865199
CPU [0] UID 1002 comm: gen_fast, count: 865384
CPU [0] UID 1002 comm: gen_fast, count: 865399
CPU [0] UID 1002 comm: gen_fast, count: 865623
CPU [0] UID 1002 comm: gen_fast, count: 865623
CPU [0] UID 1002 comm: gen_fast, count: 865699
CPU [0] UID 1002 comm: gen_fast, count: 865799
CPU [0] UID 1002 comm: gen_fast, count: 865932
CPU [0] UID 1002 comm: gen_fast, count: 865999
CPU [0] UID 1002 comm: gen_fast, count: 866108
CPU [0] UID 1002 comm: gen_fast, count: 866199
CPU [0] UID 1002 comm: gen_fast, count: 866299
CPU [0] UID 1002 comm: gen_fast, count: 866406
CPU [0] UID 1002 comm: gen_fast, count: 866574
CPU [0] UID 1002 comm: gen_fast, count: 866599
CPU [0] UID 1002 comm: gen_fast, count: 866768
CPU [0] UID 1002 comm: gen_fast, count: 866799
CPU [0] UID 1002 comm: gen_fast, count: 866994
CPU [0] UID 1002 comm: gen_fast, count: 866999
CPU [0] UID 1002 comm: gen_fast, count: 867099
CPU [0] UID 1002 comm: gen_fast, count: 867208
CPU [0] UID 1002 comm: gen_fast, count: 867299
CPU [0] UID 1002 comm: gen_fast, count: 867399
CPU [0] UID 1002 comm: gen_fast, count: 867499
CPU [0] UID 1002 comm: gen_fast, count: 867640
CPU [0] UID 1002 comm: gen_fast, count: 867699
CPU [0] UID 1002 comm: gen_fast, count: 867799
CPU [0] UID 1002 comm: gen_fast, count: 867939
CPU [0] UID 1002 comm: gen_fast, count: 868005
CPU [0] UID 1002 comm: gen_fast, count: 868205
CPU [0] UID 1002 comm: gen_fast, count: 868205
CPU [0] UID 1002 comm: gen_fast, count: 868299
CPU [0] UID 1002 comm: gen_fast, count: 868399
CPU [0] UID 1002 comm: gen_fast, count: 868509
CPU [0] UID 1002 comm: gen_fast, count: 868599
CPU [0] UID 1002 comm: gen_fast, count: 868784
CPU [0] UID 1002 comm: gen_fast, count: 868799
CPU [0] UID 1002 comm: gen_fast, count: 869035
CPU [0] UID 1002 comm: gen_fast, count: 869035
CPU [0] UID 1002 comm: gen_fast, count: 869099
CPU [0] UID 1002 comm: gen_fast, count: 869285
CPU [0] UID 1002 comm: gen_fast, count: 869299
CPU [0] UID 1002 comm: gen_fast, count: 869399
CPU [0] UID 1002 comm: gen_fast, count: 869499
CPU [0] UID 1002 comm: gen_fast, count: 869602
CPU [0] UID 1002 comm: gen_fast, count: 869737
CPU [0] UID 1002 comm: gen_fast, count: 869799
CPU [0] UID 1002 comm: gen_fast, count: 869907
CPU [0] UID 1002 comm: gen_fast, count: 869999
CPU [0] UID 1002 comm: gen_fast, count: 870099
CPU [0] UID 1002 comm: gen_fast, count: 870199
CPU [0] UID 1002 comm: gen_fast, count: 870427
CPU [0] UID 1002 comm: gen_fast, count: 870427
CPU [0] UID 1002 comm: gen_fast, count: 870499
CPU [0] UID 1002 comm: gen_fast, count: 870629
CPU [0] UID 1002 comm: gen_fast, count: 870712
CPU [0] UID 1002 comm: gen_fast, count: 870904
CPU [0] UID 1002 comm: gen_fast, count: 870904
CPU [0] UID 1002 comm: gen_fast, count: 871063
CPU [0] UID 1002 comm: gen_fast, count: 871099
CPU [0] UID 1002 comm: gen_fast, count: 871205
CPU [0] UID 1002 comm: gen_fast, count: 871299
CPU [0] UID 1002 comm: gen_fast, count: 871419
CPU [0] UID 1002 comm: gen_fast, count: 871499
CPU [0] UID 1002 comm: gen_fast, count: 871610
CPU [0] UID 1002 comm: gen_fast, count: 871699
CPU [0] UID 1002 comm: gen_fast, count: 871799
CPU [0] UID 1002 comm: gen_fast, count: 871955
CPU [0] UID 1002 comm: gen_fast, count: 872100
CPU [0] UID 1002 comm: gen_fast, count: 872100
CPU [0] UID 1002 comm: gen_fast, count: 872234
CPU [0] UID 1002 comm: gen_fast, count: 872299
CPU [0] UID 1002 comm: gen_fast, count: 872501
CPU [0] UID 1002 comm: gen_fast, count: 872501
CPU [0] UID 1002 comm: gen_fast, count: 872599
CPU [0] UID 1002 comm: gen_fast, count: 872708
CPU [0] UID 1002 comm: gen_fast, count: 872799
CPU [0] UID 1002 comm: gen_fast, count: 872928
CPU [0] UID 1002 comm: gen_fast, count: 872999
CPU [0] UID 1002 comm: gen_fast, count: 873099
CPU [0] UID 1002 comm: gen_fast, count: 873267
CPU [0] UID 1002 comm: gen_fast, count: 873299
CPU [0] UID 1002 comm: gen_fast, count: 873400
CPU [0] UID 1002 comm: gen_fast, count: 873533
CPU [0] UID 1002 comm: gen_fast, count: 873615
CPU [0] UID 1002 comm: gen_fast, count: 873702
CPU [0] UID 1002 comm: gen_fast, count: 873917
CPU [0] UID 1002 comm: gen_fast, count: 873917
CPU [0] UID 1002 comm: gen_fast, count: 873999
CPU [0] UID 1002 comm: gen_fast, count: 874099
CPU [0] UID 1002 comm: gen_fast, count: 874290
CPU [0] UID 1002 comm: gen_fast, count: 874299
CPU [0] UID 1002 comm: gen_fast, count: 874466
CPU [0] UID 1002 comm: gen_fast, count: 874499
CPU [0] UID 1002 comm: gen_fast, count: 874714
CPU [0] UID 1002 comm: gen_fast, count: 874714
CPU [0] UID 1002 comm: gen_fast, count: 874799
CPU [0] UID 1002 comm: gen_fast, count: 874978
CPU [0] UID 1002 comm: gen_fast, count: 874999
CPU [0] UID 1002 comm: gen_fast, count: 875221
CPU [0] UID 1002 comm: gen_fast, count: 875221
CPU [0] UID 1002 comm: gen_fast, count: 875299
CPU [0] UID 1002 comm: gen_fast, count: 875459
CPU [0] UID 1002 comm: gen_fast, count: 875499
CPU [0] UID 1002 comm: gen_fast, count: 875599
CPU [0] UID 1002 comm: gen_fast, count: 875699
CPU [0] UID 1002 comm: gen_fast, count: 875841
CPU [0] UID 1002 comm: gen_fast, count: 876045
CPU [0] UID 1002 comm: gen_fast, count: 876045
CPU [0] UID 1002 comm: gen_fast, count: 876099
CPU [0] UID 1002 comm: gen_fast, count: 876199
CPU [0] UID 1002 comm: gen_fast, count: 876299
CPU [0] UID 1002 comm: gen_fast, count: 876454
CPU [0] UID 1002 comm: gen_fast, count: 876606
CPU [0] UID 1002 comm: gen_fast, count: 876606
CPU [0] UID 1002 comm: gen_fast, count: 876725
CPU [0] UID 1002 comm: gen_fast, count: 876831
CPU [0] UID 1002 comm: gen_fast, count: 877030
CPU [0] UID 1002 comm: gen_fast, count: 877030
CPU [0] UID 1002 comm: gen_fast, count: 877173
CPU [0] UID 1002 comm: gen_fast, count: 877199
CPU [0] UID 1002 comm: gen_fast, count: 877319
CPU [0] UID 1002 comm: gen_fast, count: 877399
CPU [0] UID 1002 comm: gen_fast, count: 877525
CPU [0] UID 1002 comm: gen_fast, count: 877709
CPU [0] UID 1002 comm: gen_fast, count: 877709
CPU [0] UID 1002 comm: gen_fast, count: 877884
CPU [0] UID 1002 comm: gen_fast, count: 877899
CPU [0] UID 1002 comm: gen_fast, count: 878087
CPU [0] UID 1002 comm: gen_fast, count: 878099
CPU [0] UID 1002 comm: gen_fast, count: 878330
CPU [0] UID 1002 comm: gen_fast, count: 878330
CPU [0] UID 1002 comm: gen_fast, count: 878399
CPU [0] UID 1002 comm: gen_fast, count: 878576
CPU [0] UID 1002 comm: gen_fast, count: 878599
CPU [0] UID 1002 comm: gen_fast, count: 878821
CPU [0] UID 1002 comm: gen_fast, count: 878821
CPU [0] UID 1002 comm: gen_fast, count: 878899
CPU [0] UID 1002 comm: gen_fast, count: 879030
CPU [0] UID 1002 comm: gen_fast, count: 879105
CPU [0] UID 1002 comm: gen_fast, count: 879286
CPU [0] UID 1002 comm: gen_fast, count: 879299
CPU [0] UID 1002 comm: gen_fast, count: 879399
CPU [0] UID 1002 comm: gen_fast, count: 879499
CPU [0] UID 1002 comm: gen_fast, count: 879599
CPU [0] UID 1002 comm: gen_fast, count: 879774
CPU [0] UID 1002 comm: gen_fast, count: 879888
CPU [0] UID 1002 comm: gen_fast, count: 879899
CPU [0] UID 1002 comm: gen_fast, count: 880023
CPU [0] UID 1002 comm: gen_fast, count: 880206
CPU [0] UID 1002 comm: gen_fast, count: 880206
CPU [0] UID 1002 comm: gen_fast, count: 880351
CPU [0] UID 1002 comm: gen_fast, count: 880399
CPU [0] UID 1002 comm: gen_fast, count: 880499
CPU [0] UID 1002 comm: gen_fast, count: 880613
CPU [0] UID 1002 comm: gen_fast, count: 880734
CPU [0] UID 1002 comm: gen_fast, count: 880799
CPU [0] UID 1002 comm: gen_fast, count: 880920
CPU [0] UID 1002 comm: gen_fast, count: 881066
CPU [0] UID 1002 comm: gen_fast, count: 881099
CPU [0] UID 1002 comm: gen_fast, count: 881199
CPU [0] UID 1002 comm: gen_fast, count: 881299
CPU [0] UID 1002 comm: gen_fast, count: 881399
CPU [0] UID 1002 comm: gen_fast, count: 881499
CPU [0] UID 1002 comm: gen_fast, count: 881684
CPU [0] UID 1002 comm: gen_fast, count: 881699
CPU [0] UID 1002 comm: gen_fast, count: 881832
CPU [0] UID 1002 comm: gen_fast, count: 881962
CPU [0] UID 1002 comm: gen_fast, count: 881999
CPU [0] UID 1002 comm: gen_fast, count: 882149
CPU [0] UID 1002 comm: gen_fast, count: 882199
CPU [0] UID 1002 comm: gen_fast, count: 882336
CPU [0] UID 1002 comm: gen_fast, count: 882399
CPU [0] UID 1002 comm: gen_fast, count: 882499
CPU [0] UID 1002 comm: gen_fast, count: 882599
CPU [0] UID 1002 comm: gen_fast, count: 882790
CPU [0] UID 1002 comm: gen_fast, count: 882799
CPU [0] UID 1002 comm: gen_fast, count: 882899
CPU [0] UID 1002 comm: gen_fast, count: 883010
CPU [0] UID 1002 comm: gen_fast, count: 883160
CPU [0] UID 1002 comm: gen_fast, count: 883199
CPU [0] UID 1002 comm: gen_fast, count: 883345
CPU [0] UID 1002 comm: gen_fast, count: 883399
CPU [0] UID 1002 comm: gen_fast, count: 883523
CPU [0] UID 1002 comm: gen_fast, count: 883737
CPU [0] UID 1002 comm: gen_fast, count: 883737
CPU [0] UID 1002 comm: gen_fast, count: 883799
CPU [0] UID 1002 comm: gen_fast, count: 884009
CPU [0] UID 1002 comm: gen_fast, count: 884009
CPU [0] UID 1002 comm: gen_fast, count: 884156
CPU [0] UID 1002 comm: gen_fast, count: 884199
CPU [0] UID 1002 comm: gen_fast, count: 884418
CPU [0] UID 1002 comm: gen_fast, count: 884418
CPU [0] UID 1002 comm: gen_fast, count: 884499
CPU [0] UID 1002 comm: gen_fast, count: 884688
CPU [0] UID 1002 comm: gen_fast, count: 884699
CPU [0] UID 1002 comm: gen_fast, count: 884799
CPU [0] UID 1002 comm: gen_fast, count: 884958
CPU [0] UID 1002 comm: gen_fast, count: 884999
CPU [0] UID 1002 comm: gen_fast, count: 885099
CPU [0] UID 1002 comm: gen_fast, count: 885199
CPU [0] UID 1002 comm: gen_fast, count: 885390
CPU [0] UID 1002 comm: gen_fast, count: 885399
CPU [0] UID 1002 comm: gen_fast, count: 885499
CPU [0] UID 1002 comm: gen_fast, count: 885599
CPU [0] UID 1002 comm: gen_fast, count: 885776
CPU [0] UID 1002 comm: gen_fast, count: 885799
CPU [0] UID 1002 comm: gen_fast, count: 885939
CPU [0] UID 1002 comm: gen_fast, count: 885999
CPU [0] UID 1002 comm: gen_fast, count: 886130
CPU [0] UID 1002 comm: gen_fast, count: 886199
CPU [0] UID 1002 comm: gen_fast, count: 886306
CPU [0] UID 1002 comm: gen_fast, count: 886399
CPU [0] UID 1002 comm: gen_fast, count: 886499
CPU [0] UID 1002 comm: gen_fast, count: 886599
CPU [0] UID 1002 comm: gen_fast, count: 886699
CPU [0] UID 1002 comm: gen_fast, count: 886799
CPU [0] UID 1002 comm: gen_fast, count: 887045
CPU [0] UID 1002 comm: gen_fast, count: 887045
CPU [0] UID 1002 comm: gen_fast, count: 887099
CPU [0] UID 1002 comm: gen_fast, count: 887227
CPU [0] UID 1002 comm: gen_fast, count: 887299
CPU [0] UID 1002 comm: gen_fast, count: 887399
CPU [0] UID 1002 comm: gen_fast, count: 887590
CPU [0] UID 1002 comm: gen_fast, count: 887599
CPU [0] UID 1002 comm: gen_fast, count: 887699
CPU [0] UID 1002 comm: gen_fast, count: 887817
CPU [0] UID 1002 comm: gen_fast, count: 887976
CPU [0] UID 1002 comm: gen_fast, count: 887999
CPU [0] UID 1002 comm: gen_fast, count: 888169
CPU [0] UID 1002 comm: gen_fast, count: 888199
CPU [0] UID 1002 comm: gen_fast, count: 888314
CPU [0] UID 1002 comm: gen_fast, count: 888399
CPU [0] UID 1002 comm: gen_fast, count: 888634
CPU [0] UID 1002 comm: gen_fast, count: 888634
CPU [0] UID 1002 comm: gen_fast, count: 888699
CPU [0] UID 1002 comm: gen_fast, count: 888857
CPU [0] UID 1002 comm: gen_fast, count: 888899
CPU [0] UID 1002 comm: gen_fast, count: 889039
CPU [0] UID 1002 comm: gen_fast, count: 889099
CPU [0] UID 1002 comm: gen_fast, count: 889199
CPU [0] UID 1002 comm: gen_fast, count: 889375
CPU [0] UID 1002 comm: gen_fast, count: 889399
CPU [0] UID 1002 comm: gen_fast, count: 889589
CPU [0] UID 1002 comm: gen_fast, count: 889599
CPU [0] UID 1002 comm: gen_fast, count: 889848
CPU [0] UID 1002 comm: gen_fast, count: 889848
CPU [0] UID 1002 comm: gen_fast, count: 890032
CPU [0] UID 1002 comm: gen_fast, count: 890032
CPU [0] UID 1002 comm: gen_fast, count: 890099
CPU [0] UID 1002 comm: gen_fast, count: 890230
CPU [0] UID 1002 comm: gen_fast, count: 890318
CPU [0] UID 1002 comm: gen_fast, count: 890402
CPU [0] UID 1002 comm: gen_fast, count: 890499
CPU [0] UID 1002 comm: gen_fast, count: 890706
CPU [0] UID 1002 comm: gen_fast, count: 890706
CPU [0] UID 1002 comm: gen_fast, count: 890799
CPU [0] UID 1002 comm: gen_fast, count: 890955
CPU [0] UID 1002 comm: gen_fast, count: 890999
CPU [0] UID 1002 comm: gen_fast, count: 891196
CPU [0] UID 1002 comm: gen_fast, count: 891199
CPU [0] UID 1002 comm: gen_fast, count: 891312
CPU [0] UID 1002 comm: gen_fast, count: 891438
CPU [0] UID 1002 comm: gen_fast, count: 891508
CPU [0] UID 1002 comm: gen_fast, count: 891599
CPU [0] UID 1002 comm: gen_fast, count: 891699
CPU [0] UID 1002 comm: gen_fast, count: 891799
CPU [0] UID 1002 comm: gen_fast, count: 891911
CPU [0] UID 1002 comm: gen_fast, count: 891999
CPU [0] UID 1002 comm: gen_fast, count: 892099
CPU [0] UID 1002 comm: gen_fast, count: 892204
CPU [0] UID 1002 comm: gen_fast, count: 892312
CPU [0] UID 1002 comm: gen_fast, count: 892504
CPU [0] UID 1002 comm: gen_fast, count: 892504
CPU [0] UID 1002 comm: gen_fast, count: 892689
CPU [0] UID 1002 comm: gen_fast, count: 892699
CPU [0] UID 1002 comm: gen_fast, count: 892926
CPU [0] UID 1002 comm: gen_fast, count: 892926
CPU [0] UID 1002 comm: gen_fast, count: 892999
CPU [0] UID 1002 comm: gen_fast, count: 893124
CPU [0] UID 1002 comm: gen_fast, count: 893262
CPU [0] UID 1002 comm: gen_fast, count: 893299
CPU [0] UID 1002 comm: gen_fast, count: 893422
CPU [0] UID 1002 comm: gen_fast, count: 893499
CPU [0] UID 1002 comm: gen_fast, count: 893599
CPU [0] UID 1002 comm: gen_fast, count: 893703
CPU [0] UID 1002 comm: gen_fast, count: 893895
CPU [0] UID 1002 comm: gen_fast, count: 893899
CPU [0] UID 1002 comm: gen_fast, count: 894031
CPU [0] UID 1002 comm: gen_fast, count: 894099
CPU [0] UID 1002 comm: gen_fast, count: 894221
CPU [0] UID 1002 comm: gen_fast, count: 894357
CPU [0] UID 1002 comm: gen_fast, count: 894399
CPU [0] UID 1002 comm: gen_fast, count: 894529
CPU [0] UID 1002 comm: gen_fast, count: 894599
CPU [0] UID 1002 comm: gen_fast, count: 894699
CPU [0] UID 1002 comm: gen_fast, count: 894830
CPU [0] UID 1002 comm: gen_fast, count: 894924
CPU [0] UID 1002 comm: gen_fast, count: 894999
CPU [0] UID 1002 comm: gen_fast, count: 895108
CPU [0] UID 1002 comm: gen_fast, count: 895269
CPU [0] UID 1002 comm: gen_fast, count: 895299
CPU [0] UID 1002 comm: gen_fast, count: 895409
CPU [0] UID 1002 comm: gen_fast, count: 895613
CPU [0] UID 1002 comm: gen_fast, count: 895613
CPU [0] UID 1002 comm: gen_fast, count: 895699
CPU [0] UID 1002 comm: gen_fast, count: 895799
CPU [0] UID 1002 comm: gen_fast, count: 895966
CPU [0] UID 1002 comm: gen_fast, count: 895999
CPU [0] UID 1002 comm: gen_fast, count: 896223
CPU [0] UID 1002 comm: gen_fast, count: 896223
CPU [0] UID 1002 comm: gen_fast, count: 896299
CPU [0] UID 1002 comm: gen_fast, count: 896474
CPU [0] UID 1002 comm: gen_fast, count: 896499
CPU [0] UID 1002 comm: gen_fast, count: 896722
CPU [0] UID 1002 comm: gen_fast, count: 896722
CPU [0] UID 1002 comm: gen_fast, count: 896799
CPU [0] UID 1002 comm: gen_fast, count: 896899
CPU [0] UID 1002 comm: gen_fast, count: 897018
CPU [0] UID 1002 comm: gen_fast, count: 897225
CPU [0] UID 1002 comm: gen_fast, count: 897225
CPU [0] UID 1002 comm: gen_fast, count: 897299
CPU [0] UID 1002 comm: gen_fast, count: 897460
CPU [0] UID 1002 comm: gen_fast, count: 897499
CPU [0] UID 1002 comm: gen_fast, count: 897599
CPU [0] UID 1002 comm: gen_fast, count: 897699
CPU [0] UID 1002 comm: gen_fast, count: 897848
CPU [0] UID 1002 comm: gen_fast, count: 897899
CPU [0] UID 1002 comm: gen_fast, count: 897999
CPU [0] UID 1002 comm: gen_fast, count: 898202
CPU [0] UID 1002 comm: gen_fast, count: 898202
CPU [0] UID 1002 comm: gen_fast, count: 898299
CPU [0] UID 1002 comm: gen_fast, count: 898414
CPU [0] UID 1002 comm: gen_fast, count: 898499
CPU [0] UID 1002 comm: gen_fast, count: 898706
CPU [0] UID 1002 comm: gen_fast, count: 898706
CPU [0] UID 1002 comm: gen_fast, count: 898799
CPU [0] UID 1002 comm: gen_fast, count: 899052
CPU [0] UID 1002 comm: gen_fast, count: 899052
CPU [0] UID 1002 comm: gen_fast, count: 899099
CPU [0] UID 1002 comm: gen_fast, count: 899199
CPU [0] UID 1002 comm: gen_fast, count: 899299
CPU [0] UID 1002 comm: gen_fast, count: 899469
CPU [0] UID 1002 comm: gen_fast, count: 899499
CPU [0] UID 1002 comm: gen_fast, count: 899599
CPU [0] UID 1002 comm: gen_fast, count: 899707
CPU [0] UID 1002 comm: gen_fast, count: 899870
CPU [0] UID 1002 comm: gen_fast, count: 899899
CPU [0] UID 1002 comm: gen_fast, count: 900012
CPU [0] UID 1002 comm: gen_fast, count: 900099
CPU [0] UID 1002 comm: gen_fast, count: 900199
CPU [0] UID 1002 comm: gen_fast, count: 900349
CPU [0] UID 1002 comm: gen_fast, count: 900399
CPU [0] UID 1002 comm: gen_fast, count: 900513
CPU [0] UID 1002 comm: gen_fast, count: 900650
CPU [0] UID 1002 comm: gen_fast, count: 900699
CPU [0] UID 1002 comm: gen_fast, count: 900799
CPU [0] UID 1002 comm: gen_fast, count: 900949
CPU [0] UID 1002 comm: gen_fast, count: 901002
CPU [0] UID 1002 comm: gen_fast, count: 901099
CPU [0] UID 1002 comm: gen_fast, count: 901269
CPU [0] UID 1002 comm: gen_fast, count: 901299
CPU [0] UID 1002 comm: gen_fast, count: 901399
CPU [0] UID 1002 comm: gen_fast, count: 901499
CPU [0] UID 1002 comm: gen_fast, count: 901614
CPU [0] UID 1002 comm: gen_fast, count: 901796
CPU [0] UID 1002 comm: gen_fast, count: 901799
CPU [0] UID 1002 comm: gen_fast, count: 902017
CPU [0] UID 1002 comm: gen_fast, count: 902017
CPU [0] UID 1002 comm: gen_fast, count: 902099
CPU [0] UID 1002 comm: gen_fast, count: 902260
CPU [0] UID 1002 comm: gen_fast, count: 902299
CPU [0] UID 1002 comm: gen_fast, count: 902399
CPU [0] UID 1002 comm: gen_fast, count: 902499
CPU [0] UID 1002 comm: gen_fast, count: 902659
CPU [0] UID 1002 comm: gen_fast, count: 902699
CPU [0] UID 1002 comm: gen_fast, count: 902799
CPU [0] UID 1002 comm: gen_fast, count: 902976
CPU [0] UID 1002 comm: gen_fast, count: 902999
CPU [0] UID 1002 comm: gen_fast, count: 903211
CPU [0] UID 1002 comm: gen_fast, count: 903211
CPU [0] UID 1002 comm: gen_fast, count: 903299
CPU [0] UID 1002 comm: gen_fast, count: 903399
CPU [0] UID 1002 comm: gen_fast, count: 903499
CPU [0] UID 1002 comm: gen_fast, count: 903640
CPU [0] UID 1002 comm: gen_fast, count: 903699
CPU [0] UID 1002 comm: gen_fast, count: 903833
CPU [0] UID 1002 comm: gen_fast, count: 903899
CPU [0] UID 1002 comm: gen_fast, count: 904044
CPU [0] UID 1002 comm: gen_fast, count: 904105
CPU [0] UID 1002 comm: gen_fast, count: 904233
CPU [0] UID 1002 comm: gen_fast, count: 904299
CPU [0] UID 1002 comm: gen_fast, count: 904399
CPU [0] UID 1002 comm: gen_fast, count: 904513
CPU [0] UID 1002 comm: gen_fast, count: 904599
CPU [0] UID 1002 comm: gen_fast, count: 904699
CPU [0] UID 1002 comm: gen_fast, count: 904814
CPU [0] UID 1002 comm: gen_fast, count: 904899
CPU [0] UID 1002 comm: gen_fast, count: 905125
CPU [0] UID 1002 comm: gen_fast, count: 905125
CPU [0] UID 1002 comm: gen_fast, count: 905199
CPU [0] UID 1002 comm: gen_fast, count: 905299
CPU [0] UID 1002 comm: gen_fast, count: 905425
CPU [0] UID 1002 comm: gen_fast, count: 905499
CPU [0] UID 1002 comm: gen_fast, count: 905624
CPU [0] UID 1002 comm: gen_fast, count: 905709
CPU [0] UID 1002 comm: gen_fast, count: 905848
CPU [0] UID 1002 comm: gen_fast, count: 905899
CPU [0] UID 1002 comm: gen_fast, count: 906024
CPU [0] UID 1002 comm: gen_fast, count: 906099
CPU [0] UID 1002 comm: gen_fast, count: 906199
CPU [0] UID 1002 comm: gen_fast, count: 906299
CPU [0] UID 1002 comm: gen_fast, count: 906403
CPU [0] UID 1002 comm: gen_fast, count: 906509
CPU [0] UID 1002 comm: gen_fast, count: 906626
CPU [0] UID 1002 comm: gen_fast, count: 906726
CPU [0] UID 1002 comm: gen_fast, count: 906799
CPU [0] UID 1002 comm: gen_fast, count: 906912
CPU [0] UID 1002 comm: gen_fast, count: 906999
CPU [0] UID 1002 comm: gen_fast, count: 907128
CPU [0] UID 1002 comm: gen_fast, count: 907250
CPU [0] UID 1002 comm: gen_fast, count: 907396
CPU [0] UID 1002 comm: gen_fast, count: 907473
CPU [0] UID 1002 comm: gen_fast, count: 907499
CPU [0] UID 1002 comm: gen_fast, count: 907641
CPU [0] UID 1002 comm: gen_fast, count: 907699
CPU [0] UID 1002 comm: gen_fast, count: 907799
CPU [0] UID 1002 comm: gen_fast, count: 907899
CPU [0] UID 1002 comm: gen_fast, count: 908035
CPU [0] UID 1002 comm: gen_fast, count: 908099
CPU [0] UID 1002 comm: gen_fast, count: 908199
CPU [0] UID 1002 comm: gen_fast, count: 908299
CPU [0] UID 1002 comm: gen_fast, count: 908399
CPU [0] UID 1002 comm: gen_fast, count: 908500
CPU [0] UID 1002 comm: gen_fast, count: 908602
CPU [0] UID 1002 comm: gen_fast, count: 908728
CPU [0] UID 1002 comm: gen_fast, count: 908874
CPU [0] UID 1002 comm: gen_fast, count: 908899
CPU [0] UID 1002 comm: gen_fast, count: 909030
CPU [0] UID 1002 comm: gen_fast, count: 909183
CPU [0] UID 1002 comm: gen_fast, count: 909199
CPU [0] UID 1002 comm: gen_fast, count: 909330
CPU [0] UID 1002 comm: gen_fast, count: 909503
CPU [0] UID 1002 comm: gen_fast, count: 909503
CPU [0] UID 1002 comm: gen_fast, count: 909599
CPU [0] UID 1002 comm: gen_fast, count: 909744
CPU [0] UID 1002 comm: gen_fast, count: 909799
CPU [0] UID 1002 comm: gen_fast, count: 909932
CPU [0] UID 1002 comm: gen_fast, count: 909999
CPU [0] UID 1002 comm: gen_fast, count: 910099
CPU [0] UID 1002 comm: gen_fast, count: 910199
CPU [0] UID 1002 comm: gen_fast, count: 910303
CPU [0] UID 1002 comm: gen_fast, count: 910399
CPU [0] UID 1002 comm: gen_fast, count: 910563
CPU [0] UID 1002 comm: gen_fast, count: 910599
CPU [0] UID 1002 comm: gen_fast, count: 910747
CPU [0] UID 1002 comm: gen_fast, count: 910799
CPU [0] UID 1002 comm: gen_fast, count: 910899
CPU [0] UID 1002 comm: gen_fast, count: 910999
CPU [0] UID 1002 comm: gen_fast, count: 911099
CPU [0] UID 1002 comm: gen_fast, count: 911240
CPU [0] UID 1002 comm: gen_fast, count: 911322
CPU [0] UID 1002 comm: gen_fast, count: 911536
CPU [0] UID 1002 comm: gen_fast, count: 911536
CPU [0] UID 1002 comm: gen_fast, count: 911624
CPU [0] UID 1002 comm: gen_fast, count: 911699
CPU [0] UID 1002 comm: gen_fast, count: 911811
CPU [0] UID 1002 comm: gen_fast, count: 911899
CPU [0] UID 1002 comm: gen_fast, count: 911999
CPU [0] UID 1002 comm: gen_fast, count: 912186
CPU [0] UID 1002 comm: gen_fast, count: 912199
CPU [0] UID 1002 comm: gen_fast, count: 912299
CPU [0] UID 1002 comm: gen_fast, count: 912449
CPU [0] UID 1002 comm: gen_fast, count: 912499
CPU [0] UID 1002 comm: gen_fast, count: 912723
CPU [0] UID 1002 comm: gen_fast, count: 912723
CPU [0] UID 1002 comm: gen_fast, count: 912799
CPU [0] UID 1002 comm: gen_fast, count: 912899
CPU [0] UID 1002 comm: gen_fast, count: 913131
CPU [0] UID 1002 comm: gen_fast, count: 913131
CPU [0] UID 1002 comm: gen_fast, count: 913199
CPU [0] UID 1002 comm: gen_fast, count: 913402
CPU [0] UID 1002 comm: gen_fast, count: 913402
CPU [0] UID 1002 comm: gen_fast, count: 913499
CPU [0] UID 1002 comm: gen_fast, count: 913680
CPU [0] UID 1002 comm: gen_fast, count: 913699
CPU [0] UID 1002 comm: gen_fast, count: 913957
CPU [0] UID 1002 comm: gen_fast, count: 913957
CPU [0] UID 1002 comm: gen_fast, count: 914040
CPU [0] UID 1002 comm: gen_fast, count: 914126
CPU [0] UID 1002 comm: gen_fast, count: 914219
CPU [0] UID 1002 comm: gen_fast, count: 914299
CPU [0] UID 1002 comm: gen_fast, count: 914506
CPU [0] UID 1002 comm: gen_fast, count: 914506
CPU [0] UID 1002 comm: gen_fast, count: 914599
CPU [0] UID 1002 comm: gen_fast, count: 914781
CPU [0] UID 1002 comm: gen_fast, count: 914799
CPU [0] UID 1002 comm: gen_fast, count: 914899
CPU [0] UID 1002 comm: gen_fast, count: 915028
CPU [0] UID 1002 comm: gen_fast, count: 915099
CPU [0] UID 1002 comm: gen_fast, count: 915297
CPU [0] UID 1002 comm: gen_fast, count: 915299
CPU [0] UID 1002 comm: gen_fast, count: 915399
CPU [0] UID 1002 comm: gen_fast, count: 915499
CPU [0] UID 1002 comm: gen_fast, count: 915599
CPU [0] UID 1002 comm: gen_fast, count: 915819
CPU [0] UID 1002 comm: gen_fast, count: 915819
CPU [0] UID 1002 comm: gen_fast, count: 915899
CPU [0] UID 1002 comm: gen_fast, count: 915999
CPU [0] UID 1002 comm: gen_fast, count: 916166
CPU [0] UID 1002 comm: gen_fast, count: 916199
CPU [0] UID 1002 comm: gen_fast, count: 916299
CPU [0] UID 1002 comm: gen_fast, count: 916417
CPU [0] UID 1002 comm: gen_fast, count: 916499
CPU [0] UID 1002 comm: gen_fast, count: 916691
CPU [0] UID 1002 comm: gen_fast, count: 916699
CPU [0] UID 1002 comm: gen_fast, count: 916910
CPU [0] UID 1002 comm: gen_fast, count: 916910
CPU [0] UID 1002 comm: gen_fast, count: 916999
CPU [0] UID 1002 comm: gen_fast, count: 917118
CPU [0] UID 1002 comm: gen_fast, count: 917204
CPU [0] UID 1002 comm: gen_fast, count: 917411
CPU [0] UID 1002 comm: gen_fast, count: 917411
CPU [0] UID 1002 comm: gen_fast, count: 917499
CPU [0] UID 1002 comm: gen_fast, count: 917599
CPU [0] UID 1002 comm: gen_fast, count: 917699
CPU [0] UID 1002 comm: gen_fast, count: 917859
CPU [0] UID 1002 comm: gen_fast, count: 917899
CPU [0] UID 1002 comm: gen_fast, count: 918046
CPU [0] UID 1002 comm: gen_fast, count: 918099
CPU [0] UID 1002 comm: gen_fast, count: 918306
CPU [0] UID 1002 comm: gen_fast, count: 918306
CPU [0] UID 1002 comm: gen_fast, count: 918399
CPU [0] UID 1002 comm: gen_fast, count: 918533
CPU [0] UID 1002 comm: gen_fast, count: 918599
CPU [0] UID 1002 comm: gen_fast, count: 918728
CPU [0] UID 1002 comm: gen_fast, count: 918799
CPU [0] UID 1002 comm: gen_fast, count: 918994
CPU [0] UID 1002 comm: gen_fast, count: 918999
CPU [0] UID 1002 comm: gen_fast, count: 919099
CPU [0] UID 1002 comm: gen_fast, count: 919247
CPU [0] UID 1002 comm: gen_fast, count: 919299
CPU [0] UID 1002 comm: gen_fast, count: 919456
CPU [0] UID 1002 comm: gen_fast, count: 919499
CPU [0] UID 1002 comm: gen_fast, count: 919625
CPU [0] UID 1002 comm: gen_fast, count: 919699
CPU [0] UID 1002 comm: gen_fast, count: 919799
CPU [0] UID 1002 comm: gen_fast, count: 919963
CPU [0] UID 1002 comm: gen_fast, count: 919999
CPU [0] UID 1002 comm: gen_fast, count: 920134
CPU [0] UID 1002 comm: gen_fast, count: 920199
CPU [0] UID 1002 comm: gen_fast, count: 920434
CPU [0] UID 1002 comm: gen_fast, count: 920434
CPU [0] UID 1002 comm: gen_fast, count: 920527
CPU [0] UID 1002 comm: gen_fast, count: 920599
CPU [0] UID 1002 comm: gen_fast, count: 920714
CPU [0] UID 1002 comm: gen_fast, count: 920869
CPU [0] UID 1002 comm: gen_fast, count: 920899
CPU [0] UID 1002 comm: gen_fast, count: 921063
CPU [0] UID 1002 comm: gen_fast, count: 921099
CPU [0] UID 1002 comm: gen_fast, count: 921199
CPU [0] UID 1002 comm: gen_fast, count: 921299
CPU [0] UID 1002 comm: gen_fast, count: 921471
CPU [0] UID 1002 comm: gen_fast, count: 921499
CPU [0] UID 1002 comm: gen_fast, count: 921709
CPU [0] UID 1002 comm: gen_fast, count: 921709
CPU [0] UID 1002 comm: gen_fast, count: 921799
CPU [0] UID 1002 comm: gen_fast, count: 921899
CPU [0] UID 1002 comm: gen_fast, count: 922020
CPU [0] UID 1002 comm: gen_fast, count: 922099
CPU [0] UID 1002 comm: gen_fast, count: 922199
CPU [0] UID 1002 comm: gen_fast, count: 922299
CPU [0] UID 1002 comm: gen_fast, count: 922446
CPU [0] UID 1002 comm: gen_fast, count: 922499
CPU [0] UID 1002 comm: gen_fast, count: 922652
CPU [0] UID 1002 comm: gen_fast, count: 922699
CPU [0] UID 1002 comm: gen_fast, count: 922869
CPU [0] UID 1002 comm: gen_fast, count: 922899
CPU [0] UID 1002 comm: gen_fast, count: 923083
CPU [0] UID 1002 comm: gen_fast, count: 923099
CPU [0] UID 1002 comm: gen_fast, count: 923228
CPU [0] UID 1002 comm: gen_fast, count: 923319
CPU [0] UID 1002 comm: gen_fast, count: 923399
CPU [0] UID 1002 comm: gen_fast, count: 923499
CPU [0] UID 1002 comm: gen_fast, count: 923629
CPU [0] UID 1002 comm: gen_fast, count: 923718
CPU [0] UID 1002 comm: gen_fast, count: 923799
CPU [0] UID 1002 comm: gen_fast, count: 923908
CPU [0] UID 1002 comm: gen_fast, count: 923999
CPU [0] UID 1002 comm: gen_fast, count: 924099
CPU [0] UID 1002 comm: gen_fast, count: 924283
CPU [0] UID 1002 comm: gen_fast, count: 924299
CPU [0] UID 1002 comm: gen_fast, count: 924552
CPU [0] UID 1002 comm: gen_fast, count: 924552
CPU [0] UID 1002 comm: gen_fast, count: 924599
CPU [0] UID 1002 comm: gen_fast, count: 924821
CPU [0] UID 1002 comm: gen_fast, count: 924821
CPU [0] UID 1002 comm: gen_fast, count: 925025
CPU [0] UID 1002 comm: gen_fast, count: 925025
CPU [0] UID 1002 comm: gen_fast, count: 925099
CPU [0] UID 1002 comm: gen_fast, count: 925285
CPU [0] UID 1002 comm: gen_fast, count: 925299
CPU [0] UID 1002 comm: gen_fast, count: 925399
CPU [0] UID 1002 comm: gen_fast, count: 925520
CPU [0] UID 1002 comm: gen_fast, count: 925599
CPU [0] UID 1002 comm: gen_fast, count: 925729
CPU [0] UID 1002 comm: gen_fast, count: 925925
CPU [0] UID 1002 comm: gen_fast, count: 925925
CPU [0] UID 1002 comm: gen_fast, count: 925999
CPU [0] UID 1002 comm: gen_fast, count: 926186
CPU [0] UID 1002 comm: gen_fast, count: 926199
CPU [0] UID 1002 comm: gen_fast, count: 926299
CPU [0] UID 1002 comm: gen_fast, count: 926426
CPU [0] UID 1002 comm: gen_fast, count: 926499
CPU [0] UID 1002 comm: gen_fast, count: 926599
CPU [0] UID 1002 comm: gen_fast, count: 926791
CPU [0] UID 1002 comm: gen_fast, count: 926799
CPU [0] UID 1002 comm: gen_fast, count: 926899
CPU [0] UID 1002 comm: gen_fast, count: 927033
CPU [0] UID 1002 comm: gen_fast, count: 927099
CPU [0] UID 1002 comm: gen_fast, count: 927199
CPU [0] UID 1002 comm: gen_fast, count: 927309
CPU [0] UID 1002 comm: gen_fast, count: 927399
CPU [0] UID 1002 comm: gen_fast, count: 927537
CPU [0] UID 1002 comm: gen_fast, count: 927622
CPU [0] UID 1002 comm: gen_fast, count: 927699
CPU [0] UID 1002 comm: gen_fast, count: 927799
CPU [0] UID 1002 comm: gen_fast, count: 927899
CPU [0] UID 1002 comm: gen_fast, count: 927999
CPU [0] UID 1002 comm: gen_fast, count: 928099
CPU [0] UID 1002 comm: gen_fast, count: 928227
CPU [0] UID 1002 comm: gen_fast, count: 928299
CPU [0] UID 1002 comm: gen_fast, count: 928409
CPU [0] UID 1002 comm: gen_fast, count: 928499
CPU [0] UID 1002 comm: gen_fast, count: 928599
CPU [0] UID 1002 comm: gen_fast, count: 928847
CPU [0] UID 1002 comm: gen_fast, count: 928847
CPU [0] UID 1002 comm: gen_fast, count: 928899
CPU [0] UID 1002 comm: gen_fast, count: 929017
CPU [0] UID 1002 comm: gen_fast, count: 929099
CPU [0] UID 1002 comm: gen_fast, count: 929199
CPU [0] UID 1002 comm: gen_fast, count: 929319
CPU [0] UID 1002 comm: gen_fast, count: 929399
CPU [0] UID 1002 comm: gen_fast, count: 929499
CPU [0] UID 1002 comm: gen_fast, count: 929630
CPU [0] UID 1002 comm: gen_fast, count: 929699
CPU [0] UID 1002 comm: gen_fast, count: 929801
CPU [0] UID 1002 comm: gen_fast, count: 929961
CPU [0] UID 1002 comm: gen_fast, count: 929999
CPU [0] UID 1002 comm: gen_fast, count: 930112
CPU [0] UID 1002 comm: gen_fast, count: 930199
CPU [0] UID 1002 comm: gen_fast, count: 930376
CPU [0] UID 1002 comm: gen_fast, count: 930399
CPU [0] UID 1002 comm: gen_fast, count: 930517
CPU [0] UID 1002 comm: gen_fast, count: 930605
CPU [0] UID 1002 comm: gen_fast, count: 930699
CPU [0] UID 1002 comm: gen_fast, count: 930799
CPU [0] UID 1002 comm: gen_fast, count: 930899
CPU [0] UID 1002 comm: gen_fast, count: 931054
CPU [0] UID 1002 comm: gen_fast, count: 931124
CPU [0] UID 1002 comm: gen_fast, count: 931309
CPU [0] UID 1002 comm: gen_fast, count: 931309
CPU [0] UID 1002 comm: gen_fast, count: 931450
CPU [0] UID 1002 comm: gen_fast, count: 931499
CPU [0] UID 1002 comm: gen_fast, count: 931599
CPU [0] UID 1002 comm: gen_fast, count: 931699
CPU [0] UID 1002 comm: gen_fast, count: 931820
CPU [0] UID 1002 comm: gen_fast, count: 932030
CPU [0] UID 1002 comm: gen_fast, count: 932030
CPU [0] UID 1002 comm: gen_fast, count: 932236
CPU [0] UID 1002 comm: gen_fast, count: 932236
CPU [0] UID 1002 comm: gen_fast, count: 932299
CPU [0] UID 1002 comm: gen_fast, count: 932527
CPU [0] UID 1002 comm: gen_fast, count: 932527
CPU [0] UID 1002 comm: gen_fast, count: 932622
CPU [0] UID 1002 comm: gen_fast, count: 932762
CPU [0] UID 1002 comm: gen_fast, count: 932844
CPU [0] UID 1002 comm: gen_fast, count: 932899
CPU [0] UID 1002 comm: gen_fast, count: 932999
CPU [0] UID 1002 comm: gen_fast, count: 933171
CPU [0] UID 1002 comm: gen_fast, count: 933199
CPU [0] UID 1002 comm: gen_fast, count: 933299
CPU [0] UID 1002 comm: gen_fast, count: 933399
CPU [0] UID 1002 comm: gen_fast, count: 933540
CPU [0] UID 1002 comm: gen_fast, count: 933629
CPU [0] UID 1002 comm: gen_fast, count: 933699
CPU [0] UID 1002 comm: gen_fast, count: 933818
CPU [0] UID 1002 comm: gen_fast, count: 933899
CPU [0] UID 1002 comm: gen_fast, count: 933999
CPU [0] UID 1002 comm: gen_fast, count: 934123
CPU [0] UID 1002 comm: gen_fast, count: 934199
CPU [0] UID 1002 comm: gen_fast, count: 934299
CPU [0] UID 1002 comm: gen_fast, count: 934429
CPU [0] UID 1002 comm: gen_fast, count: 934499
CPU [0] UID 1002 comm: gen_fast, count: 934599
CPU [0] UID 1002 comm: gen_fast, count: 934744
CPU [0] UID 1002 comm: gen_fast, count: 934833
CPU [0] UID 1002 comm: gen_fast, count: 934904
CPU [0] UID 1002 comm: gen_fast, count: 935024
CPU [0] UID 1002 comm: gen_fast, count: 935099
CPU [0] UID 1002 comm: gen_fast, count: 935201
CPU [0] UID 1002 comm: gen_fast, count: 935354
CPU [0] UID 1002 comm: gen_fast, count: 935399
CPU [0] UID 1002 comm: gen_fast, count: 935499
CPU [0] UID 1002 comm: gen_fast, count: 935599
CPU [0] UID 1002 comm: gen_fast, count: 935767
CPU [0] UID 1002 comm: gen_fast, count: 935799
CPU [0] UID 1002 comm: gen_fast, count: 935899
CPU [0] UID 1002 comm: gen_fast, count: 936017
CPU [0] UID 1002 comm: gen_fast, count: 936099
CPU [0] UID 1002 comm: gen_fast, count: 936199
CPU [0] UID 1002 comm: gen_fast, count: 936393
CPU [0] UID 1002 comm: gen_fast, count: 936399
CPU [0] UID 1002 comm: gen_fast, count: 936543
CPU [0] UID 1002 comm: gen_fast, count: 936607
CPU [0] UID 1002 comm: gen_fast, count: 936699
CPU [0] UID 1002 comm: gen_fast, count: 936890
CPU [0] UID 1002 comm: gen_fast, count: 936899
CPU [0] UID 1002 comm: gen_fast, count: 936999
CPU [0] UID 1002 comm: gen_fast, count: 937099
CPU [0] UID 1002 comm: gen_fast, count: 937254
CPU [0] UID 1002 comm: gen_fast, count: 937404
CPU [0] UID 1002 comm: gen_fast, count: 937404
CPU [0] UID 1002 comm: gen_fast, count: 937597
CPU [0] UID 1002 comm: gen_fast, count: 937599
CPU [0] UID 1002 comm: gen_fast, count: 937742
CPU [0] UID 1002 comm: gen_fast, count: 937799
CPU [0] UID 1002 comm: gen_fast, count: 937923
CPU [0] UID 1002 comm: gen_fast, count: 937999
CPU [0] UID 1002 comm: gen_fast, count: 938099
CPU [0] UID 1002 comm: gen_fast, count: 938252
CPU [0] UID 1002 comm: gen_fast, count: 938299
CPU [0] UID 1002 comm: gen_fast, count: 938405
CPU [0] UID 1002 comm: gen_fast, count: 938499
CPU [0] UID 1002 comm: gen_fast, count: 938623
CPU [0] UID 1002 comm: gen_fast, count: 938700
CPU [0] UID 1002 comm: gen_fast, count: 938860
CPU [0] UID 1002 comm: gen_fast, count: 938899
CPU [0] UID 1002 comm: gen_fast, count: 939049
CPU [0] UID 1002 comm: gen_fast, count: 939099
CPU [0] UID 1002 comm: gen_fast, count: 939302
CPU [0] UID 1002 comm: gen_fast, count: 939302
CPU [0] UID 1002 comm: gen_fast, count: 939399
CPU [0] UID 1002 comm: gen_fast, count: 939516
CPU [0] UID 1002 comm: gen_fast, count: 939677
CPU [0] UID 1002 comm: gen_fast, count: 939699
CPU [0] UID 1002 comm: gen_fast, count: 939834
CPU [0] UID 1002 comm: gen_fast, count: 939980
CPU [0] UID 1002 comm: gen_fast, count: 940057
CPU [0] UID 1002 comm: gen_fast, count: 940099
CPU [0] UID 1002 comm: gen_fast, count: 940199
CPU [0] UID 1002 comm: gen_fast, count: 940299
CPU [0] UID 1002 comm: gen_fast, count: 940466
CPU [0] UID 1002 comm: gen_fast, count: 940499
CPU [0] UID 1002 comm: gen_fast, count: 940653
CPU [0] UID 1002 comm: gen_fast, count: 940699
CPU [0] UID 1002 comm: gen_fast, count: 940799
CPU [0] UID 1002 comm: gen_fast, count: 940899
CPU [0] UID 1002 comm: gen_fast, count: 940999
CPU [0] UID 1002 comm: gen_fast, count: 941107
CPU [0] UID 1002 comm: gen_fast, count: 941291
CPU [0] UID 1002 comm: gen_fast, count: 941299
CPU [0] UID 1002 comm: gen_fast, count: 941399
CPU [0] UID 1002 comm: gen_fast, count: 941505
CPU [0] UID 1002 comm: gen_fast, count: 941628
CPU [0] UID 1002 comm: gen_fast, count: 941699
CPU [0] UID 1002 comm: gen_fast, count: 941894
CPU [0] UID 1002 comm: gen_fast, count: 941899
CPU [0] UID 1002 comm: gen_fast, count: 942049
CPU [0] UID 1002 comm: gen_fast, count: 942099
CPU [0] UID 1002 comm: gen_fast, count: 942259
CPU [0] UID 1002 comm: gen_fast, count: 942299
CPU [0] UID 1002 comm: gen_fast, count: 942446
CPU [0] UID 1002 comm: gen_fast, count: 942604
CPU [0] UID 1002 comm: gen_fast, count: 942604
CPU [0] UID 1002 comm: gen_fast, count: 942699
CPU [0] UID 1002 comm: gen_fast, count: 942799
CPU [0] UID 1002 comm: gen_fast, count: 942904
CPU [0] UID 1002 comm: gen_fast, count: 942999
CPU [0] UID 1002 comm: gen_fast, count: 943101
CPU [0] UID 1002 comm: gen_fast, count: 943216
CPU [0] UID 1002 comm: gen_fast, count: 943360
CPU [0] UID 1002 comm: gen_fast, count: 943399
CPU [0] UID 1002 comm: gen_fast, count: 943499
CPU [0] UID 1002 comm: gen_fast, count: 943599
CPU [0] UID 1002 comm: gen_fast, count: 943699
CPU [0] UID 1002 comm: gen_fast, count: 943806
CPU [0] UID 1002 comm: gen_fast, count: 943943
CPU [0] UID 1002 comm: gen_fast, count: 943999
CPU [0] UID 1002 comm: gen_fast, count: 944191
CPU [0] UID 1002 comm: gen_fast, count: 944199
CPU [0] UID 1002 comm: gen_fast, count: 944401
CPU [0] UID 1002 comm: gen_fast, count: 944401
CPU [0] UID 1002 comm: gen_fast, count: 944499
CPU [0] UID 1002 comm: gen_fast, count: 944599
CPU [0] UID 1002 comm: gen_fast, count: 944790
CPU [0] UID 1002 comm: gen_fast, count: 944799
CPU [0] UID 1002 comm: gen_fast, count: 944899
CPU [0] UID 1002 comm: gen_fast, count: 945103
CPU [0] UID 1002 comm: gen_fast, count: 945103
CPU [0] UID 1002 comm: gen_fast, count: 945199
CPU [0] UID 1002 comm: gen_fast, count: 945299
CPU [0] UID 1002 comm: gen_fast, count: 945461
CPU [0] UID 1002 comm: gen_fast, count: 945499
CPU [0] UID 1002 comm: gen_fast, count: 945669
CPU [0] UID 1002 comm: gen_fast, count: 945699
CPU [0] UID 1002 comm: gen_fast, count: 945832
CPU [0] UID 1002 comm: gen_fast, count: 945899
CPU [0] UID 1002 comm: gen_fast, count: 945999
CPU [0] UID 1002 comm: gen_fast, count: 946157
CPU [0] UID 1002 comm: gen_fast, count: 946313
CPU [0] UID 1002 comm: gen_fast, count: 946313
CPU [0] UID 1002 comm: gen_fast, count: 946399
CPU [0] UID 1002 comm: gen_fast, count: 946541
CPU [0] UID 1002 comm: gen_fast, count: 946658
CPU [0] UID 1002 comm: gen_fast, count: 946795
CPU [0] UID 1002 comm: gen_fast, count: 946799
CPU [0] UID 1002 comm: gen_fast, count: 946899
CPU [0] UID 1002 comm: gen_fast, count: 946999
CPU [0] UID 1002 comm: gen_fast, count: 947124
CPU [0] UID 1002 comm: gen_fast, count: 947199
CPU [0] UID 1002 comm: gen_fast, count: 947390
CPU [0] UID 1002 comm: gen_fast, count: 947399
CPU [0] UID 1002 comm: gen_fast, count: 947499
CPU [0] UID 1002 comm: gen_fast, count: 947752
CPU [0] UID 1002 comm: gen_fast, count: 947752
CPU [0] UID 1002 comm: gen_fast, count: 947799
CPU [0] UID 1002 comm: gen_fast, count: 947988
CPU [0] UID 1002 comm: gen_fast, count: 947999
CPU [0] UID 1002 comm: gen_fast, count: 948177
CPU [0] UID 1002 comm: gen_fast, count: 948199
CPU [0] UID 1002 comm: gen_fast, count: 948441
CPU [0] UID 1002 comm: gen_fast, count: 948441
CPU [0] UID 1002 comm: gen_fast, count: 948636
CPU [0] UID 1002 comm: gen_fast, count: 948636
CPU [0] UID 1002 comm: gen_fast, count: 948699
CPU [0] UID 1002 comm: gen_fast, count: 948799
CPU [0] UID 1002 comm: gen_fast, count: 949042
CPU [0] UID 1002 comm: gen_fast, count: 949042
CPU [0] UID 1002 comm: gen_fast, count: 949099
CPU [0] UID 1002 comm: gen_fast, count: 949303
CPU [0] UID 1002 comm: gen_fast, count: 949303
CPU [0] UID 1002 comm: gen_fast, count: 949399
CPU [0] UID 1002 comm: gen_fast, count: 949505
CPU [0] UID 1002 comm: gen_fast, count: 949599
CPU [0] UID 1002 comm: gen_fast, count: 949699
CPU [0] UID 1002 comm: gen_fast, count: 949857
CPU [0] UID 1002 comm: gen_fast, count: 949899
CPU [0] UID 1002 comm: gen_fast, count: 950051
CPU [0] UID 1002 comm: gen_fast, count: 950099
CPU [0] UID 1002 comm: gen_fast, count: 950235
CPU [0] UID 1002 comm: gen_fast, count: 950299
CPU [0] UID 1002 comm: gen_fast, count: 950399
CPU [0] UID 1002 comm: gen_fast, count: 950589
CPU [0] UID 1002 comm: gen_fast, count: 950661
CPU [0] UID 1002 comm: gen_fast, count: 950699
CPU [0] UID 1002 comm: gen_fast, count: 950799
CPU [0] UID 1002 comm: gen_fast, count: 950899
CPU [0] UID 1002 comm: gen_fast, count: 951014
CPU [0] UID 1002 comm: gen_fast, count: 951099
CPU [0] UID 1002 comm: gen_fast, count: 951274
CPU [0] UID 1002 comm: gen_fast, count: 951299
CPU [0] UID 1002 comm: gen_fast, count: 951399
CPU [0] UID 1002 comm: gen_fast, count: 951499
CPU [0] UID 1002 comm: gen_fast, count: 951619
CPU [0] UID 1002 comm: gen_fast, count: 951699
CPU [0] UID 1002 comm: gen_fast, count: 951799
CPU [0] UID 1002 comm: gen_fast, count: 951932
CPU [0] UID 1002 comm: gen_fast, count: 952061
CPU [0] UID 1002 comm: gen_fast, count: 952099
CPU [0] UID 1002 comm: gen_fast, count: 952224
CPU [0] UID 1002 comm: gen_fast, count: 952299
CPU [0] UID 1002 comm: gen_fast, count: 952399
CPU [0] UID 1002 comm: gen_fast, count: 952499
CPU [0] UID 1002 comm: gen_fast, count: 952620
CPU [0] UID 1002 comm: gen_fast, count: 952699
CPU [0] UID 1002 comm: gen_fast, count: 952850
CPU [0] UID 1002 comm: gen_fast, count: 952899
CPU [0] UID 1002 comm: gen_fast, count: 952999
CPU [0] UID 1002 comm: gen_fast, count: 953149
CPU [0] UID 1002 comm: gen_fast, count: 953199
CPU [0] UID 1002 comm: gen_fast, count: 953327
CPU [0] UID 1002 comm: gen_fast, count: 953502
CPU [0] UID 1002 comm: gen_fast, count: 953502
CPU [0] UID 1002 comm: gen_fast, count: 953677
CPU [0] UID 1002 comm: gen_fast, count: 953699
CPU [0] UID 1002 comm: gen_fast, count: 953811
CPU [0] UID 1002 comm: gen_fast, count: 953899
CPU [0] UID 1002 comm: gen_fast, count: 954051
CPU [0] UID 1002 comm: gen_fast, count: 954099
CPU [0] UID 1002 comm: gen_fast, count: 954294
CPU [0] UID 1002 comm: gen_fast, count: 954299
CPU [0] UID 1002 comm: gen_fast, count: 954399
CPU [0] UID 1002 comm: gen_fast, count: 954499
CPU [0] UID 1002 comm: gen_fast, count: 954618
CPU [0] UID 1002 comm: gen_fast, count: 954773
CPU [0] UID 1002 comm: gen_fast, count: 954799
CPU [0] UID 1002 comm: gen_fast, count: 954921
CPU [0] UID 1002 comm: gen_fast, count: 954999
CPU [0] UID 1002 comm: gen_fast, count: 955194
CPU [0] UID 1002 comm: gen_fast, count: 955199
CPU [0] UID 1002 comm: gen_fast, count: 955343
CPU [0] UID 1002 comm: gen_fast, count: 955549
CPU [0] UID 1002 comm: gen_fast, count: 955549
CPU [0] UID 1002 comm: gen_fast, count: 955599
CPU [0] UID 1002 comm: gen_fast, count: 955699
CPU [0] UID 1002 comm: gen_fast, count: 955813
CPU [0] UID 1002 comm: gen_fast, count: 955899
CPU [0] UID 1002 comm: gen_fast, count: 956039
CPU [0] UID 1002 comm: gen_fast, count: 956115
CPU [0] UID 1002 comm: gen_fast, count: 956275
CPU [0] UID 1002 comm: gen_fast, count: 956299
CPU [0] UID 1002 comm: gen_fast, count: 956403
CPU [0] UID 1002 comm: gen_fast, count: 956524
CPU [0] UID 1002 comm: gen_fast, count: 956609
CPU [0] UID 1002 comm: gen_fast, count: 956699
CPU [0] UID 1002 comm: gen_fast, count: 956799
CPU [0] UID 1002 comm: gen_fast, count: 956970
CPU [0] UID 1002 comm: gen_fast, count: 956999
CPU [0] UID 1002 comm: gen_fast, count: 957180
CPU [0] UID 1002 comm: gen_fast, count: 957199
CPU [0] UID 1002 comm: gen_fast, count: 957324
CPU [0] UID 1002 comm: gen_fast, count: 957404
CPU [0] UID 1002 comm: gen_fast, count: 957499
CPU [0] UID 1002 comm: gen_fast, count: 957599
CPU [0] UID 1002 comm: gen_fast, count: 957711
CPU [0] UID 1002 comm: gen_fast, count: 957800
CPU [0] UID 1002 comm: gen_fast, count: 957899
CPU [0] UID 1002 comm: gen_fast, count: 957999
CPU [0] UID 1002 comm: gen_fast, count: 958099
CPU [0] UID 1002 comm: gen_fast, count: 958248
CPU [0] UID 1002 comm: gen_fast, count: 958408
CPU [0] UID 1002 comm: gen_fast, count: 958408
CPU [0] UID 1002 comm: gen_fast, count: 958499
CPU [0] UID 1002 comm: gen_fast, count: 958618
CPU [0] UID 1002 comm: gen_fast, count: 958815
CPU [0] UID 1002 comm: gen_fast, count: 958815
CPU [0] UID 1002 comm: gen_fast, count: 958899
CPU [0] UID 1002 comm: gen_fast, count: 959133
CPU [0] UID 1002 comm: gen_fast, count: 959133
CPU [0] UID 1002 comm: gen_fast, count: 959199
CPU [0] UID 1002 comm: gen_fast, count: 959376
CPU [0] UID 1002 comm: gen_fast, count: 959399
CPU [0] UID 1002 comm: gen_fast, count: 959507
CPU [0] UID 1002 comm: gen_fast, count: 959648
CPU [0] UID 1002 comm: gen_fast, count: 959817
CPU [0] UID 1002 comm: gen_fast, count: 959817
CPU [0] UID 1002 comm: gen_fast, count: 959899
CPU [0] UID 1002 comm: gen_fast, count: 960046
CPU [0] UID 1002 comm: gen_fast, count: 960235
CPU [0] UID 1002 comm: gen_fast, count: 960235
CPU [0] UID 1002 comm: gen_fast, count: 960299
CPU [0] UID 1002 comm: gen_fast, count: 960427
CPU [0] UID 1002 comm: gen_fast, count: 960499
CPU [0] UID 1002 comm: gen_fast, count: 960613
CPU [0] UID 1002 comm: gen_fast, count: 960705
CPU [0] UID 1002 comm: gen_fast, count: 960851
CPU [0] UID 1002 comm: gen_fast, count: 960899
CPU [0] UID 1002 comm: gen_fast, count: 960999
CPU [0] UID 1002 comm: gen_fast, count: 961102
CPU [0] UID 1002 comm: gen_fast, count: 961279
CPU [0] UID 1002 comm: gen_fast, count: 961299
CPU [0] UID 1002 comm: gen_fast, count: 961413
CPU [0] UID 1002 comm: gen_fast, count: 961499
CPU [0] UID 1002 comm: gen_fast, count: 961599
CPU [0] UID 1002 comm: gen_fast, count: 961699
CPU [0] UID 1002 comm: gen_fast, count: 961799
CPU [0] UID 1002 comm: gen_fast, count: 961899
CPU [0] UID 1002 comm: gen_fast, count: 962104
CPU [0] UID 1002 comm: gen_fast, count: 962104
CPU [0] UID 1002 comm: gen_fast, count: 962314
CPU [0] UID 1002 comm: gen_fast, count: 962314
CPU [0] UID 1002 comm: gen_fast, count: 962401
CPU [0] UID 1002 comm: gen_fast, count: 962499
CPU [0] UID 1002 comm: gen_fast, count: 962599
CPU [0] UID 1002 comm: gen_fast, count: 962699
CPU [0] UID 1002 comm: gen_fast, count: 962799
CPU [0] UID 1002 comm: gen_fast, count: 962899
CPU [0] UID 1002 comm: gen_fast, count: 963038
CPU [0] UID 1002 comm: gen_fast, count: 963130
CPU [0] UID 1002 comm: gen_fast, count: 963199
CPU [0] UID 1002 comm: gen_fast, count: 963321
CPU [0] UID 1002 comm: gen_fast, count: 963438
CPU [0] UID 1002 comm: gen_fast, count: 963514
CPU [0] UID 1002 comm: gen_fast, count: 963623
CPU [0] UID 1002 comm: gen_fast, count: 963699
CPU [0] UID 1002 comm: gen_fast, count: 963831
CPU [0] UID 1002 comm: gen_fast, count: 963923
CPU [0] UID 1002 comm: gen_fast, count: 963999
CPU [0] UID 1002 comm: gen_fast, count: 964117
CPU [0] UID 1002 comm: gen_fast, count: 964200
CPU [0] UID 1002 comm: gen_fast, count: 964299
CPU [0] UID 1002 comm: gen_fast, count: 964399
CPU [0] UID 1002 comm: gen_fast, count: 964503
CPU [0] UID 1002 comm: gen_fast, count: 964599
CPU [0] UID 1002 comm: gen_fast, count: 964699
CPU [0] UID 1002 comm: gen_fast, count: 964810
CPU [0] UID 1002 comm: gen_fast, count: 964958
CPU [0] UID 1002 comm: gen_fast, count: 964999
CPU [0] UID 1002 comm: gen_fast, count: 965143
CPU [0] UID 1002 comm: gen_fast, count: 965199
CPU [0] UID 1002 comm: gen_fast, count: 965299
CPU [0] UID 1002 comm: gen_fast, count: 965399
CPU [0] UID 1002 comm: gen_fast, count: 965523
CPU [0] UID 1002 comm: gen_fast, count: 965657
CPU [0] UID 1002 comm: gen_fast, count: 965701
CPU [0] UID 1002 comm: gen_fast, count: 965816
CPU [0] UID 1002 comm: gen_fast, count: 965962
CPU [0] UID 1002 comm: gen_fast, count: 965999
CPU [0] UID 1002 comm: gen_fast, count: 966178
CPU [0] UID 1002 comm: gen_fast, count: 966199
CPU [0] UID 1002 comm: gen_fast, count: 966365
CPU [0] UID 1002 comm: gen_fast, count: 966399
CPU [0] UID 1002 comm: gen_fast, count: 966499
CPU [0] UID 1002 comm: gen_fast, count: 966599
CPU [0] UID 1002 comm: gen_fast, count: 966699
CPU [0] UID 1002 comm: gen_fast, count: 966813
CPU [0] UID 1002 comm: gen_fast, count: 966939
CPU [0] UID 1002 comm: gen_fast, count: 966999
CPU [0] UID 1002 comm: gen_fast, count: 967099
CPU [0] UID 1002 comm: gen_fast, count: 967199
CPU [0] UID 1002 comm: gen_fast, count: 967304
CPU [0] UID 1002 comm: gen_fast, count: 967436
CPU [0] UID 1002 comm: gen_fast, count: 967499
CPU [0] UID 1002 comm: gen_fast, count: 967599
CPU [0] UID 1002 comm: gen_fast, count: 967699
CPU [0] UID 1002 comm: gen_fast, count: 967824
CPU [0] UID 1002 comm: gen_fast, count: 967899
CPU [0] UID 1002 comm: gen_fast, count: 968049
CPU [0] UID 1002 comm: gen_fast, count: 968168
CPU [0] UID 1002 comm: gen_fast, count: 968199
CPU [0] UID 1002 comm: gen_fast, count: 968299
CPU [0] UID 1002 comm: gen_fast, count: 968422
CPU [0] UID 1002 comm: gen_fast, count: 968595
CPU [0] UID 1002 comm: gen_fast, count: 968599
CPU [0] UID 1002 comm: gen_fast, count: 968699
CPU [0] UID 1002 comm: gen_fast, count: 968891
CPU [0] UID 1002 comm: gen_fast, count: 968969
CPU [0] UID 1002 comm: gen_fast, count: 968999
CPU [0] UID 1002 comm: gen_fast, count: 969099
CPU [0] UID 1002 comm: gen_fast, count: 969208
CPU [0] UID 1002 comm: gen_fast, count: 969351
CPU [0] UID 1002 comm: gen_fast, count: 969399
CPU [0] UID 1002 comm: gen_fast, count: 969499
CPU [0] UID 1002 comm: gen_fast, count: 969599
CPU [0] UID 1002 comm: gen_fast, count: 969699
CPU [0] UID 1002 comm: gen_fast, count: 969799
CPU [0] UID 1002 comm: gen_fast, count: 969938
CPU [0] UID 1002 comm: gen_fast, count: 970128
CPU [0] UID 1002 comm: gen_fast, count: 970128
CPU [0] UID 1002 comm: gen_fast, count: 970199
CPU [0] UID 1002 comm: gen_fast, count: 970395
CPU [0] UID 1002 comm: gen_fast, count: 970399
CPU [0] UID 1002 comm: gen_fast, count: 970623
CPU [0] UID 1002 comm: gen_fast, count: 970623
CPU [0] UID 1002 comm: gen_fast, count: 970699
CPU [0] UID 1002 comm: gen_fast, count: 970883
CPU [0] UID 1002 comm: gen_fast, count: 970899
CPU [0] UID 1002 comm: gen_fast, count: 971140
CPU [0] UID 1002 comm: gen_fast, count: 971140
CPU [0] UID 1002 comm: gen_fast, count: 971199
CPU [0] UID 1002 comm: gen_fast, count: 971405
CPU [0] UID 1002 comm: gen_fast, count: 971405
CPU [0] UID 1002 comm: gen_fast, count: 971499
CPU [0] UID 1002 comm: gen_fast, count: 971642
CPU [0] UID 1002 comm: gen_fast, count: 971699
CPU [0] UID 1002 comm: gen_fast, count: 971908
CPU [0] UID 1002 comm: gen_fast, count: 971908
CPU [0] UID 1002 comm: gen_fast, count: 972108
CPU [0] UID 1002 comm: gen_fast, count: 972108
CPU [0] UID 1002 comm: gen_fast, count: 972199
CPU [0] UID 1002 comm: gen_fast, count: 972299
CPU [0] UID 1002 comm: gen_fast, count: 972404
CPU [0] UID 1002 comm: gen_fast, count: 972499
CPU [0] UID 1002 comm: gen_fast, count: 972599
CPU [0] UID 1002 comm: gen_fast, count: 972699
CPU [0] UID 1002 comm: gen_fast, count: 972799
CPU [0] UID 1002 comm: gen_fast, count: 972926
CPU [0] UID 1002 comm: gen_fast, count: 973041
CPU [0] UID 1002 comm: gen_fast, count: 973157
CPU [0] UID 1002 comm: gen_fast, count: 973199
CPU [0] UID 1002 comm: gen_fast, count: 973302
CPU [0] UID 1002 comm: gen_fast, count: 973399
CPU [0] UID 1002 comm: gen_fast, count: 973499
CPU [0] UID 1002 comm: gen_fast, count: 973603
CPU [0] UID 1002 comm: gen_fast, count: 973702
CPU [0] UID 1002 comm: gen_fast, count: 973841
CPU [0] UID 1002 comm: gen_fast, count: 973899
CPU [0] UID 1002 comm: gen_fast, count: 974016
CPU [0] UID 1002 comm: gen_fast, count: 974123
CPU [0] UID 1002 comm: gen_fast, count: 974237
CPU [0] UID 1002 comm: gen_fast, count: 974375
CPU [0] UID 1002 comm: gen_fast, count: 974399
CPU [0] UID 1002 comm: gen_fast, count: 974499
CPU [0] UID 1002 comm: gen_fast, count: 974609
CPU [0] UID 1002 comm: gen_fast, count: 974721
CPU [0] UID 1002 comm: gen_fast, count: 974821
CPU [0] UID 1002 comm: gen_fast, count: 974957
CPU [0] UID 1002 comm: gen_fast, count: 974999
CPU [0] UID 1002 comm: gen_fast, count: 975116
CPU [0] UID 1002 comm: gen_fast, count: 975202
CPU [0] UID 1002 comm: gen_fast, count: 975301
CPU [0] UID 1002 comm: gen_fast, count: 975399
CPU [0] UID 1002 comm: gen_fast, count: 975506
CPU [0] UID 1002 comm: gen_fast, count: 975610
CPU [0] UID 1002 comm: gen_fast, count: 975734
CPU [0] UID 1002 comm: gen_fast, count: 975815
CPU [0] UID 1002 comm: gen_fast, count: 975977
CPU [0] UID 1002 comm: gen_fast, count: 975999
CPU [0] UID 1002 comm: gen_fast, count: 976170
CPU [0] UID 1002 comm: gen_fast, count: 976199
CPU [0] UID 1002 comm: gen_fast, count: 976429
CPU [0] UID 1002 comm: gen_fast, count: 976429
CPU [0] UID 1002 comm: gen_fast, count: 976499
CPU [0] UID 1002 comm: gen_fast, count: 976699
CPU [0] UID 1002 comm: gen_fast, count: 976699
CPU [0] UID 1002 comm: gen_fast, count: 976799
CPU [0] UID 1002 comm: gen_fast, count: 976908
CPU [0] UID 1002 comm: gen_fast, count: 976999
CPU [0] UID 1002 comm: gen_fast, count: 977099
CPU [0] UID 1002 comm: gen_fast, count: 977283
CPU [0] UID 1002 comm: gen_fast, count: 977299
CPU [0] UID 1002 comm: gen_fast, count: 977399
CPU [0] UID 1002 comm: gen_fast, count: 977544
CPU [0] UID 1002 comm: gen_fast, count: 977599
CPU [0] UID 1002 comm: gen_fast, count: 977699
CPU [0] UID 1002 comm: gen_fast, count: 977799
CPU [0] UID 1002 comm: gen_fast, count: 977901
CPU [0] UID 1002 comm: gen_fast, count: 978036
CPU [0] UID 1002 comm: gen_fast, count: 978099
CPU [0] UID 1002 comm: gen_fast, count: 978208
CPU [0] UID 1002 comm: gen_fast, count: 978304
CPU [0] UID 1002 comm: gen_fast, count: 978426
CPU [0] UID 1002 comm: gen_fast, count: 978522
CPU [0] UID 1002 comm: gen_fast, count: 978661
CPU [0] UID 1002 comm: gen_fast, count: 978699
CPU [0] UID 1002 comm: gen_fast, count: 978799
CPU [0] UID 1002 comm: gen_fast, count: 978899
CPU [0] UID 1002 comm: gen_fast, count: 979000
CPU [0] UID 1002 comm: gen_fast, count: 979099
CPU [0] UID 1002 comm: gen_fast, count: 979199
CPU [0] UID 1002 comm: gen_fast, count: 979299
CPU [0] UID 1002 comm: gen_fast, count: 979499
CPU [0] UID 1002 comm: gen_fast, count: 979499
CPU [0] UID 1002 comm: gen_fast, count: 979650
CPU [0] UID 1002 comm: gen_fast, count: 979699
CPU [0] UID 1002 comm: gen_fast, count: 979863
CPU [0] UID 1002 comm: gen_fast, count: 979899
CPU [0] UID 1002 comm: gen_fast, count: 980046
CPU [0] UID 1002 comm: gen_fast, count: 980099
CPU [0] UID 1002 comm: gen_fast, count: 980199
CPU [0] UID 1002 comm: gen_fast, count: 980314
CPU [0] UID 1002 comm: gen_fast, count: 980466
CPU [0] UID 1002 comm: gen_fast, count: 980499
CPU [0] UID 1002 comm: gen_fast, count: 980621
CPU [0] UID 1002 comm: gen_fast, count: 980699
CPU [0] UID 1002 comm: gen_fast, count: 980799
CPU [0] UID 1002 comm: gen_fast, count: 980954
CPU [0] UID 1002 comm: gen_fast, count: 980999
CPU [0] UID 1002 comm: gen_fast, count: 981099
CPU [0] UID 1002 comm: gen_fast, count: 981199
CPU [0] UID 1002 comm: gen_fast, count: 981299
CPU [0] UID 1002 comm: gen_fast, count: 981399
CPU [0] UID 1002 comm: gen_fast, count: 981499
CPU [0] UID 1002 comm: gen_fast, count: 981639
CPU [0] UID 1002 comm: gen_fast, count: 981699
CPU [0] UID 1002 comm: gen_fast, count: 981901
CPU [0] UID 1002 comm: gen_fast, count: 981901
CPU [0] UID 1002 comm: gen_fast, count: 981999
CPU [0] UID 1002 comm: gen_fast, count: 982122
CPU [0] UID 1002 comm: gen_fast, count: 982246
CPU [0] UID 1002 comm: gen_fast, count: 982390
CPU [0] UID 1002 comm: gen_fast, count: 982399
CPU [0] UID 1002 comm: gen_fast, count: 982499
CPU [0] UID 1002 comm: gen_fast, count: 982698
CPU [0] UID 1002 comm: gen_fast, count: 982699
CPU [0] UID 1002 comm: gen_fast, count: 982838
CPU [0] UID 1002 comm: gen_fast, count: 982899
CPU [0] UID 1002 comm: gen_fast, count: 983048
CPU [0] UID 1002 comm: gen_fast, count: 983099
CPU [0] UID 1002 comm: gen_fast, count: 983274
CPU [0] UID 1002 comm: gen_fast, count: 983299
CPU [0] UID 1002 comm: gen_fast, count: 983422
CPU [0] UID 1002 comm: gen_fast, count: 983499
CPU [0] UID 1002 comm: gen_fast, count: 983608
CPU [0] UID 1002 comm: gen_fast, count: 983738
CPU [0] UID 1002 comm: gen_fast, count: 983893
CPU [0] UID 1002 comm: gen_fast, count: 983899
CPU [0] UID 1002 comm: gen_fast, count: 983999
CPU [0] UID 1002 comm: gen_fast, count: 984100
CPU [0] UID 1002 comm: gen_fast, count: 984199
CPU [0] UID 1002 comm: gen_fast, count: 984314
CPU [0] UID 1002 comm: gen_fast, count: 984414
CPU [0] UID 1002 comm: gen_fast, count: 984502
CPU [0] UID 1002 comm: gen_fast, count: 984677
CPU [0] UID 1002 comm: gen_fast, count: 984699
CPU [0] UID 1002 comm: gen_fast, count: 984799
CPU [0] UID 1002 comm: gen_fast, count: 984903
CPU [0] UID 1002 comm: gen_fast, count: 984999
CPU [0] UID 1002 comm: gen_fast, count: 985203
CPU [0] UID 1002 comm: gen_fast, count: 985203
CPU [0] UID 1002 comm: gen_fast, count: 985337
CPU [0] UID 1002 comm: gen_fast, count: 985488
CPU [0] UID 1002 comm: gen_fast, count: 985499
CPU [0] UID 1002 comm: gen_fast, count: 985599
CPU [0] UID 1002 comm: gen_fast, count: 985699
CPU [0] UID 1002 comm: gen_fast, count: 985875
CPU [0] UID 1002 comm: gen_fast, count: 985899
CPU [0] UID 1002 comm: gen_fast, count: 985999
CPU [0] UID 1002 comm: gen_fast, count: 986099
CPU [0] UID 1002 comm: gen_fast, count: 986199
CPU [0] UID 1002 comm: gen_fast, count: 986324
CPU [0] UID 1002 comm: gen_fast, count: 986427
CPU [0] UID 1002 comm: gen_fast, count: 986499
CPU [0] UID 1002 comm: gen_fast, count: 986610
CPU [0] UID 1002 comm: gen_fast, count: 986706
CPU [0] UID 1002 comm: gen_fast, count: 986840
CPU [0] UID 1002 comm: gen_fast, count: 986972
CPU [0] UID 1002 comm: gen_fast, count: 986999
CPU [0] UID 1002 comm: gen_fast, count: 987131
CPU [0] UID 1002 comm: gen_fast, count: 987199
CPU [0] UID 1002 comm: gen_fast, count: 987299
CPU [0] UID 1002 comm: gen_fast, count: 987399
CPU [0] UID 1002 comm: gen_fast, count: 987522
CPU [0] UID 1002 comm: gen_fast, count: 987599
CPU [0] UID 1002 comm: gen_fast, count: 987727
CPU [0] UID 1002 comm: gen_fast, count: 987799
CPU [0] UID 1002 comm: gen_fast, count: 987974
CPU [0] UID 1002 comm: gen_fast, count: 987999
CPU [0] UID 1002 comm: gen_fast, count: 988116
CPU [0] UID 1002 comm: gen_fast, count: 988249
CPU [0] UID 1002 comm: gen_fast, count: 988299
CPU [0] UID 1002 comm: gen_fast, count: 988443
CPU [0] UID 1002 comm: gen_fast, count: 988499
CPU [0] UID 1002 comm: gen_fast, count: 988599
CPU [0] UID 1002 comm: gen_fast, count: 988734
CPU [0] UID 1002 comm: gen_fast, count: 988827
CPU [0] UID 1002 comm: gen_fast, count: 988978
CPU [0] UID 1002 comm: gen_fast, count: 988999
CPU [0] UID 1002 comm: gen_fast, count: 989166
CPU [0] UID 1002 comm: gen_fast, count: 989199
CPU [0] UID 1002 comm: gen_fast, count: 989349
CPU [0] UID 1002 comm: gen_fast, count: 989399
CPU [0] UID 1002 comm: gen_fast, count: 989597
CPU [0] UID 1002 comm: gen_fast, count: 989599
CPU [0] UID 1002 comm: gen_fast, count: 989699
CPU [0] UID 1002 comm: gen_fast, count: 989862
CPU [0] UID 1002 comm: gen_fast, count: 989899
CPU [0] UID 1002 comm: gen_fast, count: 990118
CPU [0] UID 1002 comm: gen_fast, count: 990118
CPU [0] UID 1002 comm: gen_fast, count: 990311
CPU [0] UID 1002 comm: gen_fast, count: 990311
CPU [0] UID 1002 comm: gen_fast, count: 990509
CPU [0] UID 1002 comm: gen_fast, count: 990509
CPU [0] UID 1002 comm: gen_fast, count: 990599
CPU [0] UID 1002 comm: gen_fast, count: 990771
CPU [0] UID 1002 comm: gen_fast, count: 990799
CPU [0] UID 1002 comm: gen_fast, count: 990899
CPU [0] UID 1002 comm: gen_fast, count: 991022
CPU [0] UID 1002 comm: gen_fast, count: 991130
CPU [0] UID 1002 comm: gen_fast, count: 991276
CPU [0] UID 1002 comm: gen_fast, count: 991299
CPU [0] UID 1002 comm: gen_fast, count: 991411
CPU [0] UID 1002 comm: gen_fast, count: 991598
CPU [0] UID 1002 comm: gen_fast, count: 991599
CPU [0] UID 1002 comm: gen_fast, count: 991725
CPU [0] UID 1002 comm: gen_fast, count: 991799
CPU [0] UID 1002 comm: gen_fast, count: 991899
CPU [0] UID 1002 comm: gen_fast, count: 992083
CPU [0] UID 1002 comm: gen_fast, count: 992099
CPU [0] UID 1002 comm: gen_fast, count: 992210
CPU [0] UID 1002 comm: gen_fast, count: 992340
CPU [0] UID 1002 comm: gen_fast, count: 992503
CPU [0] UID 1002 comm: gen_fast, count: 992503
CPU [0] UID 1002 comm: gen_fast, count: 992663
CPU [0] UID 1002 comm: gen_fast, count: 992796
CPU [0] UID 1002 comm: gen_fast, count: 992799
CPU [0] UID 1002 comm: gen_fast, count: 992934
CPU [0] UID 1002 comm: gen_fast, count: 993075
CPU [0] UID 1002 comm: gen_fast, count: 993099
CPU [0] UID 1002 comm: gen_fast, count: 993221
CPU [0] UID 1002 comm: gen_fast, count: 993299
CPU [0] UID 1002 comm: gen_fast, count: 993424
CPU [0] UID 1002 comm: gen_fast, count: 993551
CPU [0] UID 1002 comm: gen_fast, count: 993599
CPU [0] UID 1002 comm: gen_fast, count: 993699
CPU [0] UID 1002 comm: gen_fast, count: 993799
CPU [0] UID 1002 comm: gen_fast, count: 993938
CPU [0] UID 1002 comm: gen_fast, count: 994105
CPU [0] UID 1002 comm: gen_fast, count: 994105
CPU [0] UID 1002 comm: gen_fast, count: 994216
CPU [0] UID 1002 comm: gen_fast, count: 994299
CPU [0] UID 1002 comm: gen_fast, count: 994399
CPU [0] UID 1002 comm: gen_fast, count: 994500
CPU [0] UID 1002 comm: gen_fast, count: 994714
CPU [0] UID 1002 comm: gen_fast, count: 994714
CPU [0] UID 1002 comm: gen_fast, count: 994799
CPU [0] UID 1002 comm: gen_fast, count: 994899
CPU [0] UID 1002 comm: gen_fast, count: 995071
CPU [0] UID 1002 comm: gen_fast, count: 995099
CPU [0] UID 1002 comm: gen_fast, count: 995257
CPU [0] UID 1002 comm: gen_fast, count: 995299
CPU [0] UID 1002 comm: gen_fast, count: 995399
CPU [0] UID 1002 comm: gen_fast, count: 995615
CPU [0] UID 1002 comm: gen_fast, count: 995615
CPU [0] UID 1002 comm: gen_fast, count: 995699
CPU [0] UID 1002 comm: gen_fast, count: 995865
CPU [0] UID 1002 comm: gen_fast, count: 995899
CPU [0] UID 1002 comm: gen_fast, count: 996012
CPU [0] UID 1002 comm: gen_fast, count: 996225
CPU [0] UID 1002 comm: gen_fast, count: 996225
CPU [0] UID 1002 comm: gen_fast, count: 996299
CPU [0] UID 1002 comm: gen_fast, count: 996426
CPU [0] UID 1002 comm: gen_fast, count: 996507
CPU [0] UID 1002 comm: gen_fast, count: 996599
CPU [0] UID 1002 comm: gen_fast, count: 996699
CPU [0] UID 1002 comm: gen_fast, count: 996852
CPU [0] UID 1002 comm: gen_fast, count: 996899
CPU [0] UID 1002 comm: gen_fast, count: 996999
CPU [0] UID 1002 comm: gen_fast, count: 997190
CPU [0] UID 1002 comm: gen_fast, count: 997199
CPU [0] UID 1002 comm: gen_fast, count: 997376
CPU [0] UID 1002 comm: gen_fast, count: 997399
CPU [0] UID 1002 comm: gen_fast, count: 997499
CPU [0] UID 1002 comm: gen_fast, count: 997599
CPU [0] UID 1002 comm: gen_fast, count: 997699
CPU [0] UID 1002 comm: gen_fast, count: 997843
CPU [0] UID 1002 comm: gen_fast, count: 997899
CPU [0] UID 1002 comm: gen_fast, count: 998073
CPU [0] UID 1002 comm: gen_fast, count: 998099
CPU [0] UID 1002 comm: gen_fast, count: 998216
CPU [0] UID 1002 comm: gen_fast, count: 998299
CPU [0] UID 1002 comm: gen_fast, count: 998418
CPU [0] UID 1002 comm: gen_fast, count: 998541
CPU [0] UID 1002 comm: gen_fast, count: 998599
CPU [0] UID 1002 comm: gen_fast, count: 998739
CPU [0] UID 1002 comm: gen_fast, count: 998825
CPU [0] UID 1002 comm: gen_fast, count: 998913
CPU [0] UID 1002 comm: gen_fast, count: 999121
CPU [0] UID 1002 comm: gen_fast, count: 999121
CPU [0] UID 1002 comm: gen_fast, count: 999199
CPU [0] UID 1002 comm: gen_fast, count: 999299
CPU [0] UID 1002 comm: gen_fast, count: 999400
CPU [0] UID 1002 comm: gen_fast, count: 999507
CPU [0] UID 1002 comm: gen_fast, count: 999669
CPU [0] UID 1002 comm: gen_fast, count: 999699
CPU [0] UID 1002 comm: gen_fast, count: 999800
CPU [0] UID 1002 comm: gen_fast, count: 1000006
CPU [0] UID 1002 comm: gen_fast, count: 1000006
CPU [0] UID 1002 comm: gen_fast, count: 1000099
CPU [0] UID 1002 comm: gen_fast, count: 1000199
CPU [0] UID 1002 comm: gen_fast, count: 1000307
CPU [0] UID 1002 comm: gen_fast, count: 1000399
CPU [0] UID 1002 comm: gen_fast, count: 1000499
CPU [0] UID 1002 comm: gen_fast, count: 1000599
CPU [0] UID 1002 comm: gen_fast, count: 1000737
CPU [0] UID 1002 comm: gen_fast, count: 1000917
CPU [0] UID 1002 comm: gen_fast, count: 1000917
CPU [0] UID 1002 comm: gen_fast, count: 1000999
CPU [0] UID 1002 comm: gen_fast, count: 1001202
CPU [0] UID 1002 comm: gen_fast, count: 1001202
CPU [0] UID 1002 comm: gen_fast, count: 1001323
CPU [0] UID 1002 comm: gen_fast, count: 1001408
CPU [0] UID 1002 comm: gen_fast, count: 1001622
CPU [0] UID 1002 comm: gen_fast, count: 1001622
CPU [0] UID 1002 comm: gen_fast, count: 1001702
CPU [0] UID 1002 comm: gen_fast, count: 1001799
CPU [0] UID 1002 comm: gen_fast, count: 1001913
CPU [0] UID 1002 comm: gen_fast, count: 1001999
CPU [0] UID 1002 comm: gen_fast, count: 1002120
CPU [0] UID 1002 comm: gen_fast, count: 1002230
CPU [0] UID 1002 comm: gen_fast, count: 1002349
CPU [0] UID 1002 comm: gen_fast, count: 1002399
CPU [0] UID 1002 comm: gen_fast, count: 1002499
CPU [0] UID 1002 comm: gen_fast, count: 1002660
CPU [0] UID 1002 comm: gen_fast, count: 1002699
CPU [0] UID 1002 comm: gen_fast, count: 1002814
CPU [0] UID 1002 comm: gen_fast, count: 1002899
CPU [0] UID 1002 comm: gen_fast, count: 1002999
CPU [0] UID 1002 comm: gen_fast, count: 1003147
CPU [0] UID 1002 comm: gen_fast, count: 1003199
CPU [0] UID 1002 comm: gen_fast, count: 1003315
CPU [0] UID 1002 comm: gen_fast, count: 1003503
CPU [0] UID 1002 comm: gen_fast, count: 1003503
CPU [0] UID 1002 comm: gen_fast, count: 1003708
CPU [0] UID 1002 comm: gen_fast, count: 1003708
CPU [0] UID 1002 comm: gen_fast, count: 1003799
CPU [0] UID 1002 comm: gen_fast, count: 1003944
CPU [0] UID 1002 comm: gen_fast, count: 1003999
CPU [0] UID 1002 comm: gen_fast, count: 1004219
CPU [0] UID 1002 comm: gen_fast, count: 1004219
CPU [0] UID 1002 comm: gen_fast, count: 1004424
CPU [0] UID 1002 comm: gen_fast, count: 1004424
CPU [0] UID 1002 comm: gen_fast, count: 1004499
CPU [0] UID 1002 comm: gen_fast, count: 1004625
CPU [0] UID 1002 comm: gen_fast, count: 1004699
CPU [0] UID 1002 comm: gen_fast, count: 1004799
CPU [0] UID 1002 comm: gen_fast, count: 1004957
CPU [0] UID 1002 comm: gen_fast, count: 1004999
CPU [0] UID 1002 comm: gen_fast, count: 1005104
CPU [0] UID 1002 comm: gen_fast, count: 1005308
CPU [0] UID 1002 comm: gen_fast, count: 1005308
CPU [0] UID 1002 comm: gen_fast, count: 1005430
CPU [0] UID 1002 comm: gen_fast, count: 1005514
CPU [0] UID 1002 comm: gen_fast, count: 1005685
CPU [0] UID 1002 comm: gen_fast, count: 1005699
CPU [0] UID 1002 comm: gen_fast, count: 1005827
CPU [0] UID 1002 comm: gen_fast, count: 1006026
CPU [0] UID 1002 comm: gen_fast, count: 1006026
CPU [0] UID 1002 comm: gen_fast, count: 1006099
CPU [0] UID 1002 comm: gen_fast, count: 1006291
CPU [0] UID 1002 comm: gen_fast, count: 1006299
CPU [0] UID 1002 comm: gen_fast, count: 1006399
CPU [0] UID 1002 comm: gen_fast, count: 1006499
CPU [0] UID 1002 comm: gen_fast, count: 1006599
CPU [0] UID 1002 comm: gen_fast, count: 1006699
CPU [0] UID 1002 comm: gen_fast, count: 1006804
CPU [0] UID 1002 comm: gen_fast, count: 1006914
CPU [0] UID 1002 comm: gen_fast, count: 1007045
CPU [0] UID 1002 comm: gen_fast, count: 1007099
CPU [0] UID 1002 comm: gen_fast, count: 1007203
CPU [0] UID 1002 comm: gen_fast, count: 1007330
CPU [0] UID 1002 comm: gen_fast, count: 1007454
CPU [0] UID 1002 comm: gen_fast, count: 1007614
CPU [0] UID 1002 comm: gen_fast, count: 1007614
CPU [0] UID 1002 comm: gen_fast, count: 1007767
CPU [0] UID 1002 comm: gen_fast, count: 1007799
CPU [0] UID 1002 comm: gen_fast, count: 1007899
CPU [0] UID 1002 comm: gen_fast, count: 1007999
CPU [0] UID 1002 comm: gen_fast, count: 1008099
CPU [0] UID 1002 comm: gen_fast, count: 1008199
CPU [0] UID 1002 comm: gen_fast, count: 1008333
CPU [0] UID 1002 comm: gen_fast, count: 1008399
CPU [0] UID 1002 comm: gen_fast, count: 1008499
CPU [0] UID 1002 comm: gen_fast, count: 1008599
CPU [0] UID 1002 comm: gen_fast, count: 1008699
CPU [0] UID 1002 comm: gen_fast, count: 1008799
CPU [0] UID 1002 comm: gen_fast, count: 1008975
CPU [0] UID 1002 comm: gen_fast, count: 1008999
CPU [0] UID 1002 comm: gen_fast, count: 1009172
CPU [0] UID 1002 comm: gen_fast, count: 1009199
CPU [0] UID 1002 comm: gen_fast, count: 1009299
CPU [0] UID 1002 comm: gen_fast, count: 1009407
CPU [0] UID 1002 comm: gen_fast, count: 1009524
CPU [0] UID 1002 comm: gen_fast, count: 1009669
CPU [0] UID 1002 comm: gen_fast, count: 1009699
CPU [0] UID 1002 comm: gen_fast, count: 1009799
CPU [0] UID 1002 comm: gen_fast, count: 1009899
CPU [0] UID 1002 comm: gen_fast, count: 1009999
CPU [0] UID 1002 comm: gen_fast, count: 1010099
CPU [0] UID 1002 comm: gen_fast, count: 1010223
CPU [0] UID 1002 comm: gen_fast, count: 1010299
CPU [0] UID 1002 comm: gen_fast, count: 1010419
CPU [0] UID 1002 comm: gen_fast, count: 1010576
CPU [0] UID 1002 comm: gen_fast, count: 1010599
CPU [0] UID 1002 comm: gen_fast, count: 1010699
CPU [0] UID 1002 comm: gen_fast, count: 1010908
CPU [0] UID 1002 comm: gen_fast, count: 1010908
CPU [0] UID 1002 comm: gen_fast, count: 1011110
CPU [0] UID 1002 comm: gen_fast, count: 1011110
CPU [0] UID 1002 comm: gen_fast, count: 1011199
CPU [0] UID 1002 comm: gen_fast, count: 1011370
CPU [0] UID 1002 comm: gen_fast, count: 1011399
CPU [0] UID 1002 comm: gen_fast, count: 1011624
CPU [0] UID 1002 comm: gen_fast, count: 1011624
CPU [0] UID 1002 comm: gen_fast, count: 1011738
CPU [0] UID 1002 comm: gen_fast, count: 1011825
CPU [0] UID 1002 comm: gen_fast, count: 1011899
CPU [0] UID 1002 comm: gen_fast, count: 1012026
CPU [0] UID 1002 comm: gen_fast, count: 1012099
CPU [0] UID 1002 comm: gen_fast, count: 1012257
CPU [0] UID 1002 comm: gen_fast, count: 1012299
CPU [0] UID 1002 comm: gen_fast, count: 1012539
CPU [0] UID 1002 comm: gen_fast, count: 1012539
CPU [0] UID 1002 comm: gen_fast, count: 1012741
CPU [0] UID 1002 comm: gen_fast, count: 1012741
CPU [0] UID 1002 comm: gen_fast, count: 1012799
CPU [0] UID 1002 comm: gen_fast, count: 1012899
CPU [0] UID 1002 comm: gen_fast, count: 1013015
CPU [0] UID 1002 comm: gen_fast, count: 1013209
CPU [0] UID 1002 comm: gen_fast, count: 1013209
CPU [0] UID 1002 comm: gen_fast, count: 1013299
CPU [0] UID 1002 comm: gen_fast, count: 1013399
CPU [0] UID 1002 comm: gen_fast, count: 1013580
CPU [0] UID 1002 comm: gen_fast, count: 1013599
CPU [0] UID 1002 comm: gen_fast, count: 1013699
CPU [0] UID 1002 comm: gen_fast, count: 1013799
CPU [0] UID 1002 comm: gen_fast, count: 1013917
CPU [0] UID 1002 comm: gen_fast, count: 1014072
CPU [0] UID 1002 comm: gen_fast, count: 1014099
CPU [0] UID 1002 comm: gen_fast, count: 1014199
CPU [0] UID 1002 comm: gen_fast, count: 1014299
CPU [0] UID 1002 comm: gen_fast, count: 1014469
CPU [0] UID 1002 comm: gen_fast, count: 1014499
CPU [0] UID 1002 comm: gen_fast, count: 1014599
CPU [0] UID 1002 comm: gen_fast, count: 1014781
CPU [0] UID 1002 comm: gen_fast, count: 1014799
CPU [0] UID 1002 comm: gen_fast, count: 1014899
CPU [0] UID 1002 comm: gen_fast, count: 1015096
CPU [0] UID 1002 comm: gen_fast, count: 1015099
CPU [0] UID 1002 comm: gen_fast, count: 1015296
CPU [0] UID 1002 comm: gen_fast, count: 1015299
CPU [0] UID 1002 comm: gen_fast, count: 1015399
CPU [0] UID 1002 comm: gen_fast, count: 1015601
CPU [0] UID 1002 comm: gen_fast, count: 1015601
CPU [0] UID 1002 comm: gen_fast, count: 1015699
CPU [0] UID 1002 comm: gen_fast, count: 1015799
CPU [0] UID 1002 comm: gen_fast, count: 1015977
CPU [0] UID 1002 comm: gen_fast, count: 1016040
CPU [0] UID 1002 comm: gen_fast, count: 1016199
CPU [0] UID 1002 comm: gen_fast, count: 1016199
CPU [0] UID 1002 comm: gen_fast, count: 1016332
CPU [0] UID 1002 comm: gen_fast, count: 1016399
CPU [0] UID 1002 comm: gen_fast, count: 1016499
CPU [0] UID 1002 comm: gen_fast, count: 1016599
CPU [0] UID 1002 comm: gen_fast, count: 1016712
CPU [0] UID 1002 comm: gen_fast, count: 1016823
CPU [0] UID 1002 comm: gen_fast, count: 1016984
CPU [0] UID 1002 comm: gen_fast, count: 1016999
CPU [0] UID 1002 comm: gen_fast, count: 1017099
CPU [0] UID 1002 comm: gen_fast, count: 1017305
CPU [0] UID 1002 comm: gen_fast, count: 1017305
CPU [0] UID 1002 comm: gen_fast, count: 1017399
CPU [0] UID 1002 comm: gen_fast, count: 1017499
CPU [0] UID 1002 comm: gen_fast, count: 1017599
CPU [0] UID 1002 comm: gen_fast, count: 1017732
CPU [0] UID 1002 comm: gen_fast, count: 1017799
CPU [0] UID 1002 comm: gen_fast, count: 1017899
CPU [0] UID 1002 comm: gen_fast, count: 1018018
CPU [0] UID 1002 comm: gen_fast, count: 1018099
CPU [0] UID 1002 comm: gen_fast, count: 1018279
CPU [0] UID 1002 comm: gen_fast, count: 1018299
CPU [0] UID 1002 comm: gen_fast, count: 1018551
CPU [0] UID 1002 comm: gen_fast, count: 1018551
CPU [0] UID 1002 comm: gen_fast, count: 1018599
CPU [0] UID 1002 comm: gen_fast, count: 1018798
CPU [0] UID 1002 comm: gen_fast, count: 1018799
CPU [0] UID 1002 comm: gen_fast, count: 1018993
CPU [0] UID 1002 comm: gen_fast, count: 1018999
CPU [0] UID 1002 comm: gen_fast, count: 1019171
CPU [0] UID 1002 comm: gen_fast, count: 1019199
CPU [0] UID 1002 comm: gen_fast, count: 1019414
CPU [0] UID 1002 comm: gen_fast, count: 1019414
CPU [0] UID 1002 comm: gen_fast, count: 1019513
CPU [0] UID 1002 comm: gen_fast, count: 1019619
CPU [0] UID 1002 comm: gen_fast, count: 1019699
CPU [0] UID 1002 comm: gen_fast, count: 1019799
CPU [0] UID 1002 comm: gen_fast, count: 1019904
CPU [0] UID 1002 comm: gen_fast, count: 1020011
CPU [0] UID 1002 comm: gen_fast, count: 1020113
CPU [0] UID 1002 comm: gen_fast, count: 1020215
CPU [0] UID 1002 comm: gen_fast, count: 1020299
CPU [0] UID 1002 comm: gen_fast, count: 1020413
CPU [0] UID 1002 comm: gen_fast, count: 1020499
CPU [0] UID 1002 comm: gen_fast, count: 1020680
CPU [0] UID 1002 comm: gen_fast, count: 1020699
CPU [0] UID 1002 comm: gen_fast, count: 1020835
CPU [0] UID 1002 comm: gen_fast, count: 1020925
CPU [0] UID 1002 comm: gen_fast, count: 1020999
CPU [0] UID 1002 comm: gen_fast, count: 1021099
CPU [0] UID 1002 comm: gen_fast, count: 1021199
CPU [0] UID 1002 comm: gen_fast, count: 1021299
CPU [0] UID 1002 comm: gen_fast, count: 1021416
CPU [0] UID 1002 comm: gen_fast, count: 1021513
CPU [0] UID 1002 comm: gen_fast, count: 1021660
CPU [0] UID 1002 comm: gen_fast, count: 1021699
CPU [0] UID 1002 comm: gen_fast, count: 1021799
CPU [0] UID 1002 comm: gen_fast, count: 1021991
CPU [0] UID 1002 comm: gen_fast, count: 1021999
CPU [0] UID 1002 comm: gen_fast, count: 1022184
CPU [0] UID 1002 comm: gen_fast, count: 1022199
CPU [0] UID 1002 comm: gen_fast, count: 1022299
CPU [0] UID 1002 comm: gen_fast, count: 1022407
CPU [0] UID 1002 comm: gen_fast, count: 1022525
CPU [0] UID 1002 comm: gen_fast, count: 1022599
CPU [0] UID 1002 comm: gen_fast, count: 1022780
CPU [0] UID 1002 comm: gen_fast, count: 1022825
CPU [0] UID 1002 comm: gen_fast, count: 1022910
CPU [0] UID 1002 comm: gen_fast, count: 1023131
CPU [0] UID 1002 comm: gen_fast, count: 1023131
CPU [0] UID 1002 comm: gen_fast, count: 1023199
CPU [0] UID 1002 comm: gen_fast, count: 1023397
CPU [0] UID 1002 comm: gen_fast, count: 1023399
CPU [0] UID 1002 comm: gen_fast, count: 1023499
CPU [0] UID 1002 comm: gen_fast, count: 1023667
CPU [0] UID 1002 comm: gen_fast, count: 1023699
CPU [0] UID 1002 comm: gen_fast, count: 1023799
CPU [0] UID 1002 comm: gen_fast, count: 1023907
CPU [0] UID 1002 comm: gen_fast, count: 1024063
CPU [0] UID 1002 comm: gen_fast, count: 1024099
CPU [0] UID 1002 comm: gen_fast, count: 1024274
CPU [0] UID 1002 comm: gen_fast, count: 1024299
CPU [0] UID 1002 comm: gen_fast, count: 1024468
CPU [0] UID 1002 comm: gen_fast, count: 1024499
CPU [0] UID 1002 comm: gen_fast, count: 1024638
CPU [0] UID 1002 comm: gen_fast, count: 1024699
CPU [0] UID 1002 comm: gen_fast, count: 1024799
CPU [0] UID 1002 comm: gen_fast, count: 1024899
CPU [0] UID 1002 comm: gen_fast, count: 1025087
CPU [0] UID 1002 comm: gen_fast, count: 1025099
CPU [0] UID 1002 comm: gen_fast, count: 1025199
CPU [0] UID 1002 comm: gen_fast, count: 1025335
CPU [0] UID 1002 comm: gen_fast, count: 1025399
CPU [0] UID 1002 comm: gen_fast, count: 1025607
CPU [0] UID 1002 comm: gen_fast, count: 1025607
CPU [0] UID 1002 comm: gen_fast, count: 1025699
CPU [0] UID 1002 comm: gen_fast, count: 1025799
CPU [0] UID 1002 comm: gen_fast, count: 1025922
CPU [0] UID 1002 comm: gen_fast, count: 1026124
CPU [0] UID 1002 comm: gen_fast, count: 1026124
CPU [0] UID 1002 comm: gen_fast, count: 1026199
CPU [0] UID 1002 comm: gen_fast, count: 1026299
CPU [0] UID 1002 comm: gen_fast, count: 1026419
CPU [0] UID 1002 comm: gen_fast, count: 1026499
CPU [0] UID 1002 comm: gen_fast, count: 1026700
CPU [0] UID 1002 comm: gen_fast, count: 1026700
CPU [0] UID 1002 comm: gen_fast, count: 1026849
CPU [0] UID 1002 comm: gen_fast, count: 1026899
CPU [0] UID 1002 comm: gen_fast, count: 1026999
CPU [0] UID 1002 comm: gen_fast, count: 1027187
CPU [0] UID 1002 comm: gen_fast, count: 1027199
CPU [0] UID 1002 comm: gen_fast, count: 1027304
CPU [0] UID 1002 comm: gen_fast, count: 1027399
CPU [0] UID 1002 comm: gen_fast, count: 1027508
CPU [0] UID 1002 comm: gen_fast, count: 1027599
CPU [0] UID 1002 comm: gen_fast, count: 1027699
CPU [0] UID 1002 comm: gen_fast, count: 1027822
CPU [0] UID 1002 comm: gen_fast, count: 1027902
CPU [0] UID 1002 comm: gen_fast, count: 1028041
CPU [0] UID 1002 comm: gen_fast, count: 1028169
CPU [0] UID 1002 comm: gen_fast, count: 1028199
CPU [0] UID 1002 comm: gen_fast, count: 1028320
CPU [0] UID 1002 comm: gen_fast, count: 1028460
CPU [0] UID 1002 comm: gen_fast, count: 1028534
CPU [0] UID 1002 comm: gen_fast, count: 1028599
CPU [0] UID 1002 comm: gen_fast, count: 1028746
CPU [0] UID 1002 comm: gen_fast, count: 1028799
CPU [0] UID 1002 comm: gen_fast, count: 1028930
CPU [0] UID 1002 comm: gen_fast, count: 1029107
CPU [0] UID 1002 comm: gen_fast, count: 1029107
CPU [0] UID 1002 comm: gen_fast, count: 1029251
CPU [0] UID 1002 comm: gen_fast, count: 1029390
CPU [0] UID 1002 comm: gen_fast, count: 1029399
CPU [0] UID 1002 comm: gen_fast, count: 1029560
CPU [0] UID 1002 comm: gen_fast, count: 1029599
CPU [0] UID 1002 comm: gen_fast, count: 1029699
CPU [0] UID 1002 comm: gen_fast, count: 1029799
CPU [0] UID 1002 comm: gen_fast, count: 1029942
CPU [0] UID 1002 comm: gen_fast, count: 1029999
CPU [0] UID 1002 comm: gen_fast, count: 1030099
CPU [0] UID 1002 comm: gen_fast, count: 1030199
CPU [0] UID 1002 comm: gen_fast, count: 1030299
CPU [0] UID 1002 comm: gen_fast, count: 1030440
CPU [0] UID 1002 comm: gen_fast, count: 1030526
CPU [0] UID 1002 comm: gen_fast, count: 1030701
CPU [0] UID 1002 comm: gen_fast, count: 1030701
CPU [0] UID 1002 comm: gen_fast, count: 1030864
CPU [0] UID 1002 comm: gen_fast, count: 1030899
CPU [0] UID 1002 comm: gen_fast, count: 1031081
CPU [0] UID 1002 comm: gen_fast, count: 1031099
CPU [0] UID 1002 comm: gen_fast, count: 1031327
CPU [0] UID 1002 comm: gen_fast, count: 1031327
CPU [0] UID 1002 comm: gen_fast, count: 1031399
CPU [0] UID 1002 comm: gen_fast, count: 1031581
CPU [0] UID 1002 comm: gen_fast, count: 1031599
CPU [0] UID 1002 comm: gen_fast, count: 1031699
CPU [0] UID 1002 comm: gen_fast, count: 1031799
CPU [0] UID 1002 comm: gen_fast, count: 1031957
CPU [0] UID 1002 comm: gen_fast, count: 1031999
CPU [0] UID 1002 comm: gen_fast, count: 1032115
CPU [0] UID 1002 comm: gen_fast, count: 1032199
CPU [0] UID 1002 comm: gen_fast, count: 1032326
CPU [0] UID 1002 comm: gen_fast, count: 1032399
CPU [0] UID 1002 comm: gen_fast, count: 1032499
CPU [0] UID 1002 comm: gen_fast, count: 1032625
CPU [0] UID 1002 comm: gen_fast, count: 1032815
CPU [0] UID 1002 comm: gen_fast, count: 1032815
CPU [0] UID 1002 comm: gen_fast, count: 1032899
CPU [0] UID 1002 comm: gen_fast, count: 1032999
CPU [0] UID 1002 comm: gen_fast, count: 1033187
CPU [0] UID 1002 comm: gen_fast, count: 1033199
CPU [0] UID 1002 comm: gen_fast, count: 1033432
CPU [0] UID 1002 comm: gen_fast, count: 1033432
CPU [0] UID 1002 comm: gen_fast, count: 1033499
CPU [0] UID 1002 comm: gen_fast, count: 1033608
CPU [0] UID 1002 comm: gen_fast, count: 1033783
CPU [0] UID 1002 comm: gen_fast, count: 1033799
CPU [0] UID 1002 comm: gen_fast, count: 1033921
CPU [0] UID 1002 comm: gen_fast, count: 1033999
CPU [0] UID 1002 comm: gen_fast, count: 1034196
CPU [0] UID 1002 comm: gen_fast, count: 1034199
CPU [0] UID 1002 comm: gen_fast, count: 1034304
CPU [0] UID 1002 comm: gen_fast, count: 1036324
CPU [0] UID 1002 comm: gen_fast, count: 1036324
CPU [0] UID 1002 comm: gen_fast, count: 1036324
CPU [0] UID 1002 comm: gen_fast, count: 1036324
CPU [0] UID 1002 comm: gen_fast, count: 1036703
CPU [0] UID 1002 comm: gen_fast, count: 1036703
CPU [0] UID 1002 comm: gen_fast, count: 1036703
CPU [0] UID 1002 comm: gen_fast, count: 1036703
CPU [0] UID 1002 comm: gen_fast, count: 1037016
CPU [0] UID 1002 comm: gen_fast, count: 1037016
CPU [0] UID 1002 comm: gen_fast, count: 1037064
CPU [0] UID 1002 comm: gen_fast, count: 1037164
CPU [0] UID 1002 comm: gen_fast, count: 1037288
CPU [0] UID 1002 comm: gen_fast, count: 1037364
CPU [0] UID 1002 comm: gen_fast, count: 1037464
CPU [0] UID 1002 comm: gen_fast, count: 1037564
CPU [0] UID 1002 comm: gen_fast, count: 1037664
CPU [0] UID 1002 comm: gen_fast, count: 1037764
CPU [0] UID 1002 comm: gen_fast, count: 1037864
CPU [0] UID 1002 comm: gen_fast, count: 1037964
CPU [0] UID 1002 comm: gen_fast, count: 1038064
CPU [0] UID 1002 comm: gen_fast, count: 1038164
CPU [0] UID 1002 comm: gen_fast, count: 1038316
CPU [0] UID 1002 comm: gen_fast, count: 1038364
CPU [0] UID 1002 comm: gen_fast, count: 1038464
CPU [0] UID 1002 comm: gen_fast, count: 1038573
CPU [0] UID 1002 comm: gen_fast, count: 1038664
CPU [0] UID 1002 comm: gen_fast, count: 1038764
CPU [0] UID 1002 comm: gen_fast, count: 1038874
CPU [0] UID 1002 comm: gen_fast, count: 1038964
CPU [0] UID 1002 comm: gen_fast, count: 1039116
CPU [0] UID 1002 comm: gen_fast, count: 1039164
CPU [0] UID 1002 comm: gen_fast, count: 1039281
CPU [0] UID 1002 comm: gen_fast, count: 1039471
CPU [0] UID 1002 comm: gen_fast, count: 1039471
CPU [0] UID 1002 comm: gen_fast, count: 1039624
CPU [0] UID 1002 comm: gen_fast, count: 1039664
CPU [0] UID 1002 comm: gen_fast, count: 1039784
CPU [0] UID 1002 comm: gen_fast, count: 1039969
CPU [0] UID 1002 comm: gen_fast, count: 1039969
CPU [0] UID 1002 comm: gen_fast, count: 1040064
CPU [0] UID 1002 comm: gen_fast, count: 1040164
CPU [0] UID 1002 comm: gen_fast, count: 1040342
CPU [0] UID 1002 comm: gen_fast, count: 1040364
CPU [0] UID 1002 comm: gen_fast, count: 1040464
CPU [0] UID 1002 comm: gen_fast, count: 1040585
CPU [0] UID 1002 comm: gen_fast, count: 1040664
CPU [0] UID 1002 comm: gen_fast, count: 1040765
CPU [0] UID 1002 comm: gen_fast, count: 1040925
CPU [0] UID 1002 comm: gen_fast, count: 1040964
CPU [0] UID 1002 comm: gen_fast, count: 1041198
CPU [0] UID 1002 comm: gen_fast, count: 1041198
CPU [0] UID 1002 comm: gen_fast, count: 1041264
CPU [0] UID 1002 comm: gen_fast, count: 1041470
CPU [0] UID 1002 comm: gen_fast, count: 1041470
CPU [0] UID 1002 comm: gen_fast, count: 1041564
CPU [0] UID 1002 comm: gen_fast, count: 1041732
CPU [0] UID 1002 comm: gen_fast, count: 1041764
CPU [0] UID 1002 comm: gen_fast, count: 1041864
CPU [0] UID 1002 comm: gen_fast, count: 1041964
CPU [0] UID 1002 comm: gen_fast, count: 1042075
CPU [0] UID 1002 comm: gen_fast, count: 1042164
CPU [0] UID 1002 comm: gen_fast, count: 1042304
CPU [0] UID 1002 comm: gen_fast, count: 1042395
CPU [0] UID 1002 comm: gen_fast, count: 1042473
CPU [0] UID 1002 comm: gen_fast, count: 1042685
CPU [0] UID 1002 comm: gen_fast, count: 1042685
CPU [0] UID 1002 comm: gen_fast, count: 1042764
CPU [0] UID 1002 comm: gen_fast, count: 1042947
CPU [0] UID 1002 comm: gen_fast, count: 1042964
CPU [0] UID 1002 comm: gen_fast, count: 1043064
CPU [0] UID 1002 comm: gen_fast, count: 1043174
CPU [0] UID 1002 comm: gen_fast, count: 1043264
CPU [0] UID 1002 comm: gen_fast, count: 1043364
CPU [0] UID 1002 comm: gen_fast, count: 1043510
CPU [0] UID 1002 comm: gen_fast, count: 1043708
CPU [0] UID 1002 comm: gen_fast, count: 1043708
CPU [0] UID 1002 comm: gen_fast, count: 1043764
CPU [0] UID 1002 comm: gen_fast, count: 1043864
CPU [0] UID 1002 comm: gen_fast, count: 1043964
CPU [0] UID 1002 comm: gen_fast, count: 1044104
CPU [0] UID 1002 comm: gen_fast, count: 1044164
CPU [0] UID 1002 comm: gen_fast, count: 1044368
CPU [0] UID 1002 comm: gen_fast, count: 1044368
CPU [0] UID 1002 comm: gen_fast, count: 1044464
CPU [0] UID 1002 comm: gen_fast, count: 1044602
CPU [0] UID 1002 comm: gen_fast, count: 1044664
CPU [0] UID 1002 comm: gen_fast, count: 1044764
CPU [0] UID 1002 comm: gen_fast, count: 1044910
CPU [0] UID 1002 comm: gen_fast, count: 1045083
CPU [0] UID 1002 comm: gen_fast, count: 1045083
CPU [0] UID 1002 comm: gen_fast, count: 1045179
CPU [0] UID 1002 comm: gen_fast, count: 1045264
CPU [0] UID 1002 comm: gen_fast, count: 1045364
CPU [0] UID 1002 comm: gen_fast, count: 1045472
CPU [0] UID 1002 comm: gen_fast, count: 1045631
CPU [0] UID 1002 comm: gen_fast, count: 1045664
CPU [0] UID 1002 comm: gen_fast, count: 1045764
CPU [0] UID 1002 comm: gen_fast, count: 1045864
CPU [0] UID 1002 comm: gen_fast, count: 1045973
CPU [0] UID 1002 comm: gen_fast, count: 1046164
CPU [0] UID 1002 comm: gen_fast, count: 1046164
CPU [0] UID 1002 comm: gen_fast, count: 1046264
CPU [0] UID 1002 comm: gen_fast, count: 1046364
CPU [0] UID 1002 comm: gen_fast, count: 1046533
CPU [0] UID 1002 comm: gen_fast, count: 1046564
CPU [0] UID 1002 comm: gen_fast, count: 1046664
CPU [0] UID 1002 comm: gen_fast, count: 1046865
CPU [0] UID 1002 comm: gen_fast, count: 1046865
CPU [0] UID 1002 comm: gen_fast, count: 1046964
CPU [0] UID 1002 comm: gen_fast, count: 1047129
CPU [0] UID 1002 comm: gen_fast, count: 1047164
CPU [0] UID 1002 comm: gen_fast, count: 1047383
CPU [0] UID 1002 comm: gen_fast, count: 1047383
CPU [0] UID 1002 comm: gen_fast, count: 1047464
CPU [0] UID 1002 comm: gen_fast, count: 1047572
CPU [0] UID 1002 comm: gen_fast, count: 1047664
CPU [0] UID 1002 comm: gen_fast, count: 1047764
CPU [0] UID 1002 comm: gen_fast, count: 1047932
CPU [0] UID 1002 comm: gen_fast, count: 1047964
CPU [0] UID 1002 comm: gen_fast, count: 1048190
CPU [0] UID 1002 comm: gen_fast, count: 1048190
CPU [0] UID 1002 comm: gen_fast, count: 1048264
CPU [0] UID 1002 comm: gen_fast, count: 1048424
CPU [0] UID 1002 comm: gen_fast, count: 1048464
CPU [0] UID 1002 comm: gen_fast, count: 1048569
CPU [0] UID 1002 comm: gen_fast, count: 1048664
CPU [0] UID 1002 comm: gen_fast, count: 1048764
CPU [0] UID 1002 comm: gen_fast, count: 1048956
CPU [0] UID 1002 comm: gen_fast, count: 1048964
CPU [0] UID 1002 comm: gen_fast, count: 1049208
CPU [0] UID 1002 comm: gen_fast, count: 1049208
CPU [0] UID 1002 comm: gen_fast, count: 1049264
CPU [0] UID 1002 comm: gen_fast, count: 1049364
CPU [0] UID 1002 comm: gen_fast, count: 1049523
CPU [0] UID 1002 comm: gen_fast, count: 1049564
CPU [0] UID 1002 comm: gen_fast, count: 1049664
CPU [0] UID 1002 comm: gen_fast, count: 1049764
CPU [0] UID 1002 comm: gen_fast, count: 1049925
CPU [0] UID 1002 comm: gen_fast, count: 1050061
CPU [0] UID 1002 comm: gen_fast, count: 1050064
CPU [0] UID 1002 comm: gen_fast, count: 1050200
CPU [0] UID 1002 comm: gen_fast, count: 1050325
CPU [0] UID 1002 comm: gen_fast, count: 1050364
CPU [0] UID 1002 comm: gen_fast, count: 1050487
CPU [0] UID 1002 comm: gen_fast, count: 1050626
CPU [0] UID 1002 comm: gen_fast, count: 1050664
CPU [0] UID 1002 comm: gen_fast, count: 1050782
CPU [0] UID 1002 comm: gen_fast, count: 1050883
CPU [0] UID 1002 comm: gen_fast, count: 1051059
CPU [0] UID 1002 comm: gen_fast, count: 1051064
CPU [0] UID 1002 comm: gen_fast, count: 1051226
CPU [0] UID 1002 comm: gen_fast, count: 1051264
CPU [0] UID 1002 comm: gen_fast, count: 1051364
CPU [0] UID 1002 comm: gen_fast, count: 1051464
CPU [0] UID 1002 comm: gen_fast, count: 1051580
CPU [0] UID 1002 comm: gen_fast, count: 1051691
CPU [0] UID 1002 comm: gen_fast, count: 1051764
CPU [0] UID 1002 comm: gen_fast, count: 1051864
CPU [0] UID 1002 comm: gen_fast, count: 1052024
CPU [0] UID 1002 comm: gen_fast, count: 1052076
CPU [0] UID 1002 comm: gen_fast, count: 1052164
CPU [0] UID 1002 comm: gen_fast, count: 1052264
CPU [0] UID 1002 comm: gen_fast, count: 1052364
CPU [0] UID 1002 comm: gen_fast, count: 1052464
CPU [0] UID 1002 comm: gen_fast, count: 1052564
CPU [0] UID 1002 comm: gen_fast, count: 1052664
CPU [0] UID 1002 comm: gen_fast, count: 1052764
CPU [0] UID 1002 comm: gen_fast, count: 1052877
CPU [0] UID 1002 comm: gen_fast, count: 1053093
CPU [0] UID 1002 comm: gen_fast, count: 1053093
CPU [0] UID 1002 comm: gen_fast, count: 1053164
CPU [0] UID 1002 comm: gen_fast, count: 1053264
CPU [0] UID 1002 comm: gen_fast, count: 1053364
CPU [0] UID 1002 comm: gen_fast, count: 1053535
CPU [0] UID 1002 comm: gen_fast, count: 1053564
CPU [0] UID 1002 comm: gen_fast, count: 1053664
CPU [0] UID 1002 comm: gen_fast, count: 1053832
CPU [0] UID 1002 comm: gen_fast, count: 1053864
CPU [0] UID 1002 comm: gen_fast, count: 1054102
CPU [0] UID 1002 comm: gen_fast, count: 1054102
CPU [0] UID 1002 comm: gen_fast, count: 1054164
CPU [0] UID 1002 comm: gen_fast, count: 1054373
CPU [0] UID 1002 comm: gen_fast, count: 1054373
CPU [0] UID 1002 comm: gen_fast, count: 1054464
CPU [0] UID 1002 comm: gen_fast, count: 1054573
CPU [0] UID 1002 comm: gen_fast, count: 1054664
CPU [0] UID 1002 comm: gen_fast, count: 1054879
CPU [0] UID 1002 comm: gen_fast, count: 1054879
CPU [0] UID 1002 comm: gen_fast, count: 1054964
CPU [0] UID 1002 comm: gen_fast, count: 1055106
CPU [0] UID 1002 comm: gen_fast, count: 1055164
CPU [0] UID 1002 comm: gen_fast, count: 1055264
CPU [0] UID 1002 comm: gen_fast, count: 1055471
CPU [0] UID 1002 comm: gen_fast, count: 1055471
CPU [0] UID 1002 comm: gen_fast, count: 1055564
CPU [0] UID 1002 comm: gen_fast, count: 1055696
CPU [0] UID 1002 comm: gen_fast, count: 1055787
CPU [0] UID 1002 comm: gen_fast, count: 1055874
CPU [0] UID 1002 comm: gen_fast, count: 1055964
CPU [0] UID 1002 comm: gen_fast, count: 1056064
CPU [0] UID 1002 comm: gen_fast, count: 1056164
CPU [0] UID 1002 comm: gen_fast, count: 1056344
CPU [0] UID 1002 comm: gen_fast, count: 1056364
CPU [0] UID 1002 comm: gen_fast, count: 1056464
CPU [0] UID 1002 comm: gen_fast, count: 1056609
CPU [0] UID 1002 comm: gen_fast, count: 1056664
CPU [0] UID 1002 comm: gen_fast, count: 1056772
CPU [0] UID 1002 comm: gen_fast, count: 1056864
CPU [0] UID 1002 comm: gen_fast, count: 1056964
CPU [0] UID 1002 comm: gen_fast, count: 1057064
CPU [0] UID 1002 comm: gen_fast, count: 1057202
CPU [0] UID 1002 comm: gen_fast, count: 1057275
CPU [0] UID 1002 comm: gen_fast, count: 1057391
CPU [0] UID 1002 comm: gen_fast, count: 1057467
CPU [0] UID 1002 comm: gen_fast, count: 1057586
CPU [0] UID 1002 comm: gen_fast, count: 1057664
CPU [0] UID 1002 comm: gen_fast, count: 1057764
CPU [0] UID 1002 comm: gen_fast, count: 1057891
CPU [0] UID 1002 comm: gen_fast, count: 1057969
CPU [0] UID 1002 comm: gen_fast, count: 1058081
CPU [0] UID 1002 comm: gen_fast, count: 1058231
CPU [0] UID 1002 comm: gen_fast, count: 1058264
CPU [0] UID 1002 comm: gen_fast, count: 1058364
CPU [0] UID 1002 comm: gen_fast, count: 1058471
CPU [0] UID 1002 comm: gen_fast, count: 1058666
CPU [0] UID 1002 comm: gen_fast, count: 1058666
CPU [0] UID 1002 comm: gen_fast, count: 1058764
CPU [0] UID 1002 comm: gen_fast, count: 1058864
CPU [0] UID 1002 comm: gen_fast, count: 1059008
CPU [0] UID 1002 comm: gen_fast, count: 1059064
CPU [0] UID 1002 comm: gen_fast, count: 1059217
CPU [0] UID 1002 comm: gen_fast, count: 1059367
CPU [0] UID 1002 comm: gen_fast, count: 1059367
CPU [0] UID 1002 comm: gen_fast, count: 1059464
CPU [0] UID 1002 comm: gen_fast, count: 1059567
CPU [0] UID 1002 comm: gen_fast, count: 1059664
CPU [0] UID 1002 comm: gen_fast, count: 1059787
CPU [0] UID 1002 comm: gen_fast, count: 1059864
CPU [0] UID 1002 comm: gen_fast, count: 1060004
CPU [0] UID 1002 comm: gen_fast, count: 1060087
CPU [0] UID 1002 comm: gen_fast, count: 1060164
CPU [0] UID 1002 comm: gen_fast, count: 1060322
CPU [0] UID 1002 comm: gen_fast, count: 1060364
CPU [0] UID 1002 comm: gen_fast, count: 1060509
CPU [0] UID 1002 comm: gen_fast, count: 1060676
CPU [0] UID 1002 comm: gen_fast, count: 1060676
CPU [0] UID 1002 comm: gen_fast, count: 1060837
CPU [0] UID 1002 comm: gen_fast, count: 1060864
CPU [0] UID 1002 comm: gen_fast, count: 1061014
CPU [0] UID 1002 comm: gen_fast, count: 1061064
CPU [0] UID 1002 comm: gen_fast, count: 1061184
CPU [0] UID 1002 comm: gen_fast, count: 1061271
CPU [0] UID 1002 comm: gen_fast, count: 1061364
CPU [0] UID 1002 comm: gen_fast, count: 1061464
CPU [0] UID 1002 comm: gen_fast, count: 1061617
CPU [0] UID 1002 comm: gen_fast, count: 1061664
CPU [0] UID 1002 comm: gen_fast, count: 1061823
CPU [0] UID 1002 comm: gen_fast, count: 1061864
CPU [0] UID 1002 comm: gen_fast, count: 1062090
CPU [0] UID 1002 comm: gen_fast, count: 1062090
CPU [0] UID 1002 comm: gen_fast, count: 1062164
CPU [0] UID 1002 comm: gen_fast, count: 1062326
CPU [0] UID 1002 comm: gen_fast, count: 1062364
CPU [0] UID 1002 comm: gen_fast, count: 1062485
CPU [0] UID 1002 comm: gen_fast, count: 1062701
CPU [0] UID 1002 comm: gen_fast, count: 1062701
CPU [0] UID 1002 comm: gen_fast, count: 1062764
CPU [0] UID 1002 comm: gen_fast, count: 1062950
CPU [0] UID 1002 comm: gen_fast, count: 1062964
CPU [0] UID 1002 comm: gen_fast, count: 1063096
CPU [0] UID 1002 comm: gen_fast, count: 1063184
CPU [0] UID 1002 comm: gen_fast, count: 1063273
CPU [0] UID 1002 comm: gen_fast, count: 1063364
CPU [0] UID 1002 comm: gen_fast, count: 1063464
CPU [0] UID 1002 comm: gen_fast, count: 1063564
CPU [0] UID 1002 comm: gen_fast, count: 1063665
CPU [0] UID 1002 comm: gen_fast, count: 1063764
CPU [0] UID 1002 comm: gen_fast, count: 1063937
CPU [0] UID 1002 comm: gen_fast, count: 1063964
CPU [0] UID 1002 comm: gen_fast, count: 1064078
CPU [0] UID 1002 comm: gen_fast, count: 1064281
CPU [0] UID 1002 comm: gen_fast, count: 1064281
CPU [0] UID 1002 comm: gen_fast, count: 1064364
CPU [0] UID 1002 comm: gen_fast, count: 1064464
CPU [0] UID 1002 comm: gen_fast, count: 1064643
CPU [0] UID 1002 comm: gen_fast, count: 1064664
CPU [0] UID 1002 comm: gen_fast, count: 1064838
CPU [0] UID 1002 comm: gen_fast, count: 1064864
CPU [0] UID 1002 comm: gen_fast, count: 1065105
CPU [0] UID 1002 comm: gen_fast, count: 1065105
CPU [0] UID 1002 comm: gen_fast, count: 1065164
CPU [0] UID 1002 comm: gen_fast, count: 1065364
CPU [0] UID 1002 comm: gen_fast, count: 1065364
CPU [0] UID 1002 comm: gen_fast, count: 1065479
CPU [0] UID 1002 comm: gen_fast, count: 1065594
CPU [0] UID 1002 comm: gen_fast, count: 1065664
CPU [0] UID 1002 comm: gen_fast, count: 1065764
CPU [0] UID 1002 comm: gen_fast, count: 1065872
CPU [0] UID 1002 comm: gen_fast, count: 1065972
CPU [0] UID 1002 comm: gen_fast, count: 1066172
CPU [0] UID 1002 comm: gen_fast, count: 1066172
CPU [0] UID 1002 comm: gen_fast, count: 1066264
CPU [0] UID 1002 comm: gen_fast, count: 1066436
CPU [0] UID 1002 comm: gen_fast, count: 1066464
CPU [0] UID 1002 comm: gen_fast, count: 1066564
CPU [0] UID 1002 comm: gen_fast, count: 1066664
CPU [0] UID 1002 comm: gen_fast, count: 1066764
CPU [0] UID 1002 comm: gen_fast, count: 1066864
CPU [0] UID 1002 comm: gen_fast, count: 1066974
CPU [0] UID 1002 comm: gen_fast, count: 1067110
CPU [0] UID 1002 comm: gen_fast, count: 1067164
CPU [0] UID 1002 comm: gen_fast, count: 1067264
CPU [0] UID 1002 comm: gen_fast, count: 1067364
CPU [0] UID 1002 comm: gen_fast, count: 1067545
CPU [0] UID 1002 comm: gen_fast, count: 1067564
CPU [0] UID 1002 comm: gen_fast, count: 1067664
CPU [0] UID 1002 comm: gen_fast, count: 1067871
CPU [0] UID 1002 comm: gen_fast, count: 1067871
CPU [0] UID 1002 comm: gen_fast, count: 1067964
CPU [0] UID 1002 comm: gen_fast, count: 1068064
CPU [0] UID 1002 comm: gen_fast, count: 1068164
CPU [0] UID 1002 comm: gen_fast, count: 1068304
CPU [0] UID 1002 comm: gen_fast, count: 1068364
CPU [0] UID 1002 comm: gen_fast, count: 1068493
CPU [0] UID 1002 comm: gen_fast, count: 1068564
CPU [0] UID 1002 comm: gen_fast, count: 1068736
CPU [0] UID 1002 comm: gen_fast, count: 1068764
CPU [0] UID 1002 comm: gen_fast, count: 1068881
CPU [0] UID 1002 comm: gen_fast, count: 1069092
CPU [0] UID 1002 comm: gen_fast, count: 1069092
CPU [0] UID 1002 comm: gen_fast, count: 1069164
CPU [0] UID 1002 comm: gen_fast, count: 1069365
CPU [0] UID 1002 comm: gen_fast, count: 1069365
CPU [0] UID 1002 comm: gen_fast, count: 1069464
CPU [0] UID 1002 comm: gen_fast, count: 1069577
CPU [0] UID 1002 comm: gen_fast, count: 1069668
CPU [0] UID 1002 comm: gen_fast, count: 1069843
CPU [0] UID 1002 comm: gen_fast, count: 1069864
CPU [0] UID 1002 comm: gen_fast, count: 1069964
CPU [0] UID 1002 comm: gen_fast, count: 1070064
CPU [0] UID 1002 comm: gen_fast, count: 1070178
CPU [0] UID 1002 comm: gen_fast, count: 1070269
CPU [0] UID 1002 comm: gen_fast, count: 1070364
CPU [0] UID 1002 comm: gen_fast, count: 1070464
CPU [0] UID 1002 comm: gen_fast, count: 1070652
CPU [0] UID 1002 comm: gen_fast, count: 1070664
CPU [0] UID 1002 comm: gen_fast, count: 1070787
CPU [0] UID 1002 comm: gen_fast, count: 1070864
CPU [0] UID 1002 comm: gen_fast, count: 1071073
CPU [0] UID 1002 comm: gen_fast, count: 1071073
CPU [0] UID 1002 comm: gen_fast, count: 1071164
CPU [0] UID 1002 comm: gen_fast, count: 1071264
CPU [0] UID 1002 comm: gen_fast, count: 1071385
CPU [0] UID 1002 comm: gen_fast, count: 1071478
CPU [0] UID 1002 comm: gen_fast, count: 1071564
CPU [0] UID 1002 comm: gen_fast, count: 1071664
CPU [0] UID 1002 comm: gen_fast, count: 1071835
CPU [0] UID 1002 comm: gen_fast, count: 1071864
CPU [0] UID 1002 comm: gen_fast, count: 1071991
CPU [0] UID 1002 comm: gen_fast, count: 1072187
CPU [0] UID 1002 comm: gen_fast, count: 1072187
CPU [0] UID 1002 comm: gen_fast, count: 1072264
CPU [0] UID 1002 comm: gen_fast, count: 1072364
CPU [0] UID 1002 comm: gen_fast, count: 1072464
CPU [0] UID 1002 comm: gen_fast, count: 1072599
CPU [0] UID 1002 comm: gen_fast, count: 1072664
CPU [0] UID 1002 comm: gen_fast, count: 1072773
CPU [0] UID 1002 comm: gen_fast, count: 1072867
CPU [0] UID 1002 comm: gen_fast, count: 1073000
CPU [0] UID 1002 comm: gen_fast, count: 1073155
CPU [0] UID 1002 comm: gen_fast, count: 1073164
CPU [0] UID 1002 comm: gen_fast, count: 1073293
CPU [0] UID 1002 comm: gen_fast, count: 1073364
CPU [0] UID 1002 comm: gen_fast, count: 1073471
CPU [0] UID 1002 comm: gen_fast, count: 1073589
CPU [0] UID 1002 comm: gen_fast, count: 1073664
CPU [0] UID 1002 comm: gen_fast, count: 1073764
CPU [0] UID 1002 comm: gen_fast, count: 1073864
CPU [0] UID 1002 comm: gen_fast, count: 1073969
CPU [0] UID 1002 comm: gen_fast, count: 1074160
CPU [0] UID 1002 comm: gen_fast, count: 1074164
CPU [0] UID 1002 comm: gen_fast, count: 1074264
CPU [0] UID 1002 comm: gen_fast, count: 1074365
CPU [0] UID 1002 comm: gen_fast, count: 1074497
CPU [0] UID 1002 comm: gen_fast, count: 1074566
CPU [0] UID 1002 comm: gen_fast, count: 1074664
CPU [0] UID 1002 comm: gen_fast, count: 1074773
CPU [0] UID 1002 comm: gen_fast, count: 1074864
CPU [0] UID 1002 comm: gen_fast, count: 1075000
CPU [0] UID 1002 comm: gen_fast, count: 1075072
CPU [0] UID 1002 comm: gen_fast, count: 1075274
CPU [0] UID 1002 comm: gen_fast, count: 1075274
CPU [0] UID 1002 comm: gen_fast, count: 1075364
CPU [0] UID 1002 comm: gen_fast, count: 1075512
CPU [0] UID 1002 comm: gen_fast, count: 1075710
CPU [0] UID 1002 comm: gen_fast, count: 1075710
CPU [0] UID 1002 comm: gen_fast, count: 1075764
CPU [0] UID 1002 comm: gen_fast, count: 1075943
CPU [0] UID 1002 comm: gen_fast, count: 1075964
CPU [0] UID 1002 comm: gen_fast, count: 1076064
CPU [0] UID 1002 comm: gen_fast, count: 1076165
CPU [0] UID 1002 comm: gen_fast, count: 1076330
CPU [0] UID 1002 comm: gen_fast, count: 1076364
CPU [0] UID 1002 comm: gen_fast, count: 1076493
CPU [0] UID 1002 comm: gen_fast, count: 1076672
CPU [0] UID 1002 comm: gen_fast, count: 1076672
CPU [0] UID 1002 comm: gen_fast, count: 1076764
CPU [0] UID 1002 comm: gen_fast, count: 1076890
CPU [0] UID 1002 comm: gen_fast, count: 1076967
CPU [0] UID 1002 comm: gen_fast, count: 1077064
CPU [0] UID 1002 comm: gen_fast, count: 1077204
CPU [0] UID 1002 comm: gen_fast, count: 1077264
CPU [0] UID 1002 comm: gen_fast, count: 1077389
CPU [0] UID 1002 comm: gen_fast, count: 1077605
CPU [0] UID 1002 comm: gen_fast, count: 1077605
CPU [0] UID 1002 comm: gen_fast, count: 1077681
CPU [0] UID 1002 comm: gen_fast, count: 1077764
CPU [0] UID 1002 comm: gen_fast, count: 1077864
CPU [0] UID 1002 comm: gen_fast, count: 1077964
CPU [0] UID 1002 comm: gen_fast, count: 1078110
CPU [0] UID 1002 comm: gen_fast, count: 1078164
CPU [0] UID 1002 comm: gen_fast, count: 1078300
CPU [0] UID 1002 comm: gen_fast, count: 1078364
CPU [0] UID 1002 comm: gen_fast, count: 1078518
CPU [0] UID 1002 comm: gen_fast, count: 1078564
CPU [0] UID 1002 comm: gen_fast, count: 1078664
CPU [0] UID 1002 comm: gen_fast, count: 1078771
CPU [0] UID 1002 comm: gen_fast, count: 1078925
CPU [0] UID 1002 comm: gen_fast, count: 1078964
CPU [0] UID 1002 comm: gen_fast, count: 1079075
CPU [0] UID 1002 comm: gen_fast, count: 1079164
CPU [0] UID 1002 comm: gen_fast, count: 1079302
CPU [0] UID 1002 comm: gen_fast, count: 1079364
CPU [0] UID 1002 comm: gen_fast, count: 1079498
CPU [0] UID 1002 comm: gen_fast, count: 1079569
CPU [0] UID 1002 comm: gen_fast, count: 1079664
CPU [0] UID 1002 comm: gen_fast, count: 1079764
CPU [0] UID 1002 comm: gen_fast, count: 1079864
CPU [0] UID 1002 comm: gen_fast, count: 1079984
CPU [0] UID 1002 comm: gen_fast, count: 1080064
CPU [0] UID 1002 comm: gen_fast, count: 1080280
CPU [0] UID 1002 comm: gen_fast, count: 1080280
CPU [0] UID 1002 comm: gen_fast, count: 1080364
CPU [0] UID 1002 comm: gen_fast, count: 1080535
CPU [0] UID 1002 comm: gen_fast, count: 1080564
CPU [0] UID 1002 comm: gen_fast, count: 1080664
CPU [0] UID 1002 comm: gen_fast, count: 1080837
CPU [0] UID 1002 comm: gen_fast, count: 1080864
CPU [0] UID 1002 comm: gen_fast, count: 1081041
CPU [0] UID 1002 comm: gen_fast, count: 1081064
CPU [0] UID 1002 comm: gen_fast, count: 1081164
CPU [0] UID 1002 comm: gen_fast, count: 1081264
CPU [0] UID 1002 comm: gen_fast, count: 1081394
CPU [0] UID 1002 comm: gen_fast, count: 1081611
CPU [0] UID 1002 comm: gen_fast, count: 1081611
CPU [0] UID 1002 comm: gen_fast, count: 1081664
CPU [0] UID 1002 comm: gen_fast, count: 1081764
CPU [0] UID 1002 comm: gen_fast, count: 1081864
CPU [0] UID 1002 comm: gen_fast, count: 1082047
CPU [0] UID 1002 comm: gen_fast, count: 1082064
CPU [0] UID 1002 comm: gen_fast, count: 1082164
CPU [0] UID 1002 comm: gen_fast, count: 1082311
CPU [0] UID 1002 comm: gen_fast, count: 1082364
CPU [0] UID 1002 comm: gen_fast, count: 1082577
CPU [0] UID 1002 comm: gen_fast, count: 1082577
CPU [0] UID 1002 comm: gen_fast, count: 1082664
CPU [0] UID 1002 comm: gen_fast, count: 1082834
CPU [0] UID 1002 comm: gen_fast, count: 1082864
CPU [0] UID 1002 comm: gen_fast, count: 1082969
CPU [0] UID 1002 comm: gen_fast, count: 1083090
CPU [0] UID 1002 comm: gen_fast, count: 1083164
CPU [0] UID 1002 comm: gen_fast, count: 1083264
CPU [0] UID 1002 comm: gen_fast, count: 1083430
CPU [0] UID 1002 comm: gen_fast, count: 1083464
CPU [0] UID 1002 comm: gen_fast, count: 1083675
CPU [0] UID 1002 comm: gen_fast, count: 1083675
CPU [0] UID 1002 comm: gen_fast, count: 1083764
CPU [0] UID 1002 comm: gen_fast, count: 1083941
CPU [0] UID 1002 comm: gen_fast, count: 1083964
CPU [0] UID 1002 comm: gen_fast, count: 1084100
CPU [0] UID 1002 comm: gen_fast, count: 1084166
CPU [0] UID 1002 comm: gen_fast, count: 1084271
CPU [0] UID 1002 comm: gen_fast, count: 1084386
CPU [0] UID 1002 comm: gen_fast, count: 1084464
CPU [0] UID 1002 comm: gen_fast, count: 1084564
CPU [0] UID 1002 comm: gen_fast, count: 1084664
CPU [0] UID 1002 comm: gen_fast, count: 1084791
CPU [0] UID 1002 comm: gen_fast, count: 1084864
CPU [0] UID 1002 comm: gen_fast, count: 1084964
CPU [0] UID 1002 comm: gen_fast, count: 1085064
CPU [0] UID 1002 comm: gen_fast, count: 1085164
CPU [0] UID 1002 comm: gen_fast, count: 1085285
CPU [0] UID 1002 comm: gen_fast, count: 1085364
CPU [0] UID 1002 comm: gen_fast, count: 1085467
CPU [0] UID 1002 comm: gen_fast, count: 1085566
CPU [0] UID 1002 comm: gen_fast, count: 1085664
CPU [0] UID 1002 comm: gen_fast, count: 1085764
CPU [0] UID 1002 comm: gen_fast, count: 1085881
CPU [0] UID 1002 comm: gen_fast, count: 1085977
CPU [0] UID 1002 comm: gen_fast, count: 1086190
CPU [0] UID 1002 comm: gen_fast, count: 1086190
CPU [0] UID 1002 comm: gen_fast, count: 1086386
CPU [0] UID 1002 comm: gen_fast, count: 1086386
CPU [0] UID 1002 comm: gen_fast, count: 1086565
CPU [0] UID 1002 comm: gen_fast, count: 1086565
CPU [0] UID 1002 comm: gen_fast, count: 1086695
CPU [0] UID 1002 comm: gen_fast, count: 1086904
CPU [0] UID 1002 comm: gen_fast, count: 1086904
CPU [0] UID 1002 comm: gen_fast, count: 1086964
CPU [0] UID 1002 comm: gen_fast, count: 1087088
CPU [0] UID 1002 comm: gen_fast, count: 1087164
CPU [0] UID 1002 comm: gen_fast, count: 1087264
CPU [0] UID 1002 comm: gen_fast, count: 1087420
CPU [0] UID 1002 comm: gen_fast, count: 1087464
CPU [0] UID 1002 comm: gen_fast, count: 1087581
CPU [0] UID 1002 comm: gen_fast, count: 1087664
CPU [0] UID 1002 comm: gen_fast, count: 1087764
CPU [0] UID 1002 comm: gen_fast, count: 1087943
CPU [0] UID 1002 comm: gen_fast, count: 1087964
CPU [0] UID 1002 comm: gen_fast, count: 1088143
CPU [0] UID 1002 comm: gen_fast, count: 1088164
CPU [0] UID 1002 comm: gen_fast, count: 1088264
CPU [0] UID 1002 comm: gen_fast, count: 1088382
CPU [0] UID 1002 comm: gen_fast, count: 1088464
CPU [0] UID 1002 comm: gen_fast, count: 1088599
CPU [0] UID 1002 comm: gen_fast, count: 1088664
CPU [0] UID 1002 comm: gen_fast, count: 1088779
CPU [0] UID 1002 comm: gen_fast, count: 1088881
CPU [0] UID 1002 comm: gen_fast, count: 1088964
CPU [0] UID 1002 comm: gen_fast, count: 1089081
CPU [0] UID 1002 comm: gen_fast, count: 1089164
CPU [0] UID 1002 comm: gen_fast, count: 1089302
CPU [0] UID 1002 comm: gen_fast, count: 1089393
CPU [0] UID 1002 comm: gen_fast, count: 1089464
CPU [0] UID 1002 comm: gen_fast, count: 1089579
CPU [0] UID 1002 comm: gen_fast, count: 1089664
CPU [0] UID 1002 comm: gen_fast, count: 1089764
CPU [0] UID 1002 comm: gen_fast, count: 1089888
CPU [0] UID 1002 comm: gen_fast, count: 1089994
CPU [0] UID 1002 comm: gen_fast, count: 1090064
CPU [0] UID 1002 comm: gen_fast, count: 1090170
CPU [0] UID 1002 comm: gen_fast, count: 1090264
CPU [0] UID 1002 comm: gen_fast, count: 1090364
CPU [0] UID 1002 comm: gen_fast, count: 1090464
CPU [0] UID 1002 comm: gen_fast, count: 1090657
CPU [0] UID 1002 comm: gen_fast, count: 1090733
CPU [0] UID 1002 comm: gen_fast, count: 1090764
CPU [0] UID 1002 comm: gen_fast, count: 1090895
CPU [0] UID 1002 comm: gen_fast, count: 1091070
CPU [0] UID 1002 comm: gen_fast, count: 1091070
CPU [0] UID 1002 comm: gen_fast, count: 1091164
CPU [0] UID 1002 comm: gen_fast, count: 1091264
CPU [0] UID 1002 comm: gen_fast, count: 1091364
CPU [0] UID 1002 comm: gen_fast, count: 1091464
CPU [0] UID 1002 comm: gen_fast, count: 1091582
CPU [0] UID 1002 comm: gen_fast, count: 1091665
CPU [0] UID 1002 comm: gen_fast, count: 1091866
CPU [0] UID 1002 comm: gen_fast, count: 1091866
CPU [0] UID 1002 comm: gen_fast, count: 1091964
CPU [0] UID 1002 comm: gen_fast, count: 1092180
CPU [0] UID 1002 comm: gen_fast, count: 1092180
CPU [0] UID 1002 comm: gen_fast, count: 1092264
CPU [0] UID 1002 comm: gen_fast, count: 1092364
CPU [0] UID 1002 comm: gen_fast, count: 1092526
CPU [0] UID 1002 comm: gen_fast, count: 1092564
CPU [0] UID 1002 comm: gen_fast, count: 1092665
CPU [0] UID 1002 comm: gen_fast, count: 1092840
CPU [0] UID 1002 comm: gen_fast, count: 1092864
CPU [0] UID 1002 comm: gen_fast, count: 1093063
CPU [0] UID 1002 comm: gen_fast, count: 1093064
CPU [0] UID 1002 comm: gen_fast, count: 1093223
CPU [0] UID 1002 comm: gen_fast, count: 1093264
CPU [0] UID 1002 comm: gen_fast, count: 1093388
CPU [0] UID 1002 comm: gen_fast, count: 1093464
CPU [0] UID 1002 comm: gen_fast, count: 1093564
CPU [0] UID 1002 comm: gen_fast, count: 1093688
CPU [0] UID 1002 comm: gen_fast, count: 1093871
CPU [0] UID 1002 comm: gen_fast, count: 1093871
CPU [0] UID 1002 comm: gen_fast, count: 1093964
CPU [0] UID 1002 comm: gen_fast, count: 1094064
CPU [0] UID 1002 comm: gen_fast, count: 1094183
CPU [0] UID 1002 comm: gen_fast, count: 1094264
CPU [0] UID 1002 comm: gen_fast, count: 1094407
CPU [0] UID 1002 comm: gen_fast, count: 1094558
CPU [0] UID 1002 comm: gen_fast, count: 1094564
CPU [0] UID 1002 comm: gen_fast, count: 1094664
CPU [0] UID 1002 comm: gen_fast, count: 1094793
CPU [0] UID 1002 comm: gen_fast, count: 1094901
CPU [0] UID 1002 comm: gen_fast, count: 1095032
CPU [0] UID 1002 comm: gen_fast, count: 1095064
CPU [0] UID 1002 comm: gen_fast, count: 1095188
CPU [0] UID 1002 comm: gen_fast, count: 1095264
CPU [0] UID 1002 comm: gen_fast, count: 1095366
CPU [0] UID 1002 comm: gen_fast, count: 1095560
CPU [0] UID 1002 comm: gen_fast, count: 1095564
CPU [0] UID 1002 comm: gen_fast, count: 1095697
CPU [0] UID 1002 comm: gen_fast, count: 1095874
CPU [0] UID 1002 comm: gen_fast, count: 1095874
CPU [0] UID 1002 comm: gen_fast, count: 1095964
CPU [0] UID 1002 comm: gen_fast, count: 1096092
CPU [0] UID 1002 comm: gen_fast, count: 1096198
CPU [0] UID 1002 comm: gen_fast, count: 1096273
CPU [0] UID 1002 comm: gen_fast, count: 1096470
CPU [0] UID 1002 comm: gen_fast, count: 1096470
CPU [0] UID 1002 comm: gen_fast, count: 1096564
CPU [0] UID 1002 comm: gen_fast, count: 1096712
CPU [0] UID 1002 comm: gen_fast, count: 1096764
CPU [0] UID 1002 comm: gen_fast, count: 1096933
CPU [0] UID 1002 comm: gen_fast, count: 1096964
CPU [0] UID 1002 comm: gen_fast, count: 1097085
CPU [0] UID 1002 comm: gen_fast, count: 1097164
CPU [0] UID 1002 comm: gen_fast, count: 1097366
CPU [0] UID 1002 comm: gen_fast, count: 1097366
CPU [0] UID 1002 comm: gen_fast, count: 1097464
CPU [0] UID 1002 comm: gen_fast, count: 1097564
CPU [0] UID 1002 comm: gen_fast, count: 1097737
CPU [0] UID 1002 comm: gen_fast, count: 1097764
CPU [0] UID 1002 comm: gen_fast, count: 1097945
CPU [0] UID 1002 comm: gen_fast, count: 1097964
CPU [0] UID 1002 comm: gen_fast, count: 1098071
CPU [0] UID 1002 comm: gen_fast, count: 1098204
CPU [0] UID 1002 comm: gen_fast, count: 1098264
CPU [0] UID 1002 comm: gen_fast, count: 1098364
CPU [0] UID 1002 comm: gen_fast, count: 1098464
CPU [0] UID 1002 comm: gen_fast, count: 1098564
CPU [0] UID 1002 comm: gen_fast, count: 1098726
CPU [0] UID 1002 comm: gen_fast, count: 1098764
CPU [0] UID 1002 comm: gen_fast, count: 1098918
CPU [0] UID 1002 comm: gen_fast, count: 1098964
CPU [0] UID 1002 comm: gen_fast, count: 1099078
CPU [0] UID 1002 comm: gen_fast, count: 1099164
CPU [0] UID 1002 comm: gen_fast, count: 1099330
CPU [0] UID 1002 comm: gen_fast, count: 1099364
CPU [0] UID 1002 comm: gen_fast, count: 1099507
CPU [0] UID 1002 comm: gen_fast, count: 1099675
CPU [0] UID 1002 comm: gen_fast, count: 1099675
CPU [0] UID 1002 comm: gen_fast, count: 1099834
CPU [0] UID 1002 comm: gen_fast, count: 1099864
CPU [0] UID 1002 comm: gen_fast, count: 1100033
CPU [0] UID 1002 comm: gen_fast, count: 1100064
CPU [0] UID 1002 comm: gen_fast, count: 1100164
CPU [0] UID 1002 comm: gen_fast, count: 1100264
CPU [0] UID 1002 comm: gen_fast, count: 1100364
CPU [0] UID 1002 comm: gen_fast, count: 1100508
CPU [0] UID 1002 comm: gen_fast, count: 1100666
CPU [0] UID 1002 comm: gen_fast, count: 1100666
CPU [0] UID 1002 comm: gen_fast, count: 1100764
CPU [0] UID 1002 comm: gen_fast, count: 1100864
CPU [0] UID 1002 comm: gen_fast, count: 1101078
CPU [0] UID 1002 comm: gen_fast, count: 1101078
CPU [0] UID 1002 comm: gen_fast, count: 1101164
CPU [0] UID 1002 comm: gen_fast, count: 1101272
CPU [0] UID 1002 comm: gen_fast, count: 1101364
CPU [0] UID 1002 comm: gen_fast, count: 1101464
CPU [0] UID 1002 comm: gen_fast, count: 1101584
CPU [0] UID 1002 comm: gen_fast, count: 1101735
CPU [0] UID 1002 comm: gen_fast, count: 1101764
CPU [0] UID 1002 comm: gen_fast, count: 1101896
CPU [0] UID 1002 comm: gen_fast, count: 1102057
CPU [0] UID 1002 comm: gen_fast, count: 1102064
CPU [0] UID 1002 comm: gen_fast, count: 1102164
CPU [0] UID 1002 comm: gen_fast, count: 1102264
CPU [0] UID 1002 comm: gen_fast, count: 1102364
CPU [0] UID 1002 comm: gen_fast, count: 1102464
CPU [0] UID 1002 comm: gen_fast, count: 1102564
CPU [0] UID 1002 comm: gen_fast, count: 1102694
CPU [0] UID 1002 comm: gen_fast, count: 1102764
CPU [0] UID 1002 comm: gen_fast, count: 1102938
CPU [0] UID 1002 comm: gen_fast, count: 1102964
CPU [0] UID 1002 comm: gen_fast, count: 1103119
CPU [0] UID 1002 comm: gen_fast, count: 1103164
CPU [0] UID 1002 comm: gen_fast, count: 1103342
CPU [0] UID 1002 comm: gen_fast, count: 1103364
CPU [0] UID 1002 comm: gen_fast, count: 1103610
CPU [0] UID 1002 comm: gen_fast, count: 1103610
CPU [0] UID 1002 comm: gen_fast, count: 1103664
CPU [0] UID 1002 comm: gen_fast, count: 1103764
CPU [0] UID 1002 comm: gen_fast, count: 1103898
CPU [0] UID 1002 comm: gen_fast, count: 1104056
CPU [0] UID 1002 comm: gen_fast, count: 1104064
CPU [0] UID 1002 comm: gen_fast, count: 1104164
CPU [0] UID 1002 comm: gen_fast, count: 1104265
CPU [0] UID 1002 comm: gen_fast, count: 1104400
CPU [0] UID 1002 comm: gen_fast, count: 1104464
CPU [0] UID 1002 comm: gen_fast, count: 1104564
CPU [0] UID 1002 comm: gen_fast, count: 1104664
CPU [0] UID 1002 comm: gen_fast, count: 1104789
CPU [0] UID 1002 comm: gen_fast, count: 1104864
CPU [0] UID 1002 comm: gen_fast, count: 1104982
CPU [0] UID 1002 comm: gen_fast, count: 1105128
CPU [0] UID 1002 comm: gen_fast, count: 1105164
CPU [0] UID 1002 comm: gen_fast, count: 1105268
CPU [0] UID 1002 comm: gen_fast, count: 1105364
CPU [0] UID 1002 comm: gen_fast, count: 1105464
CPU [0] UID 1002 comm: gen_fast, count: 1105564
CPU [0] UID 1002 comm: gen_fast, count: 1105664
CPU [0] UID 1002 comm: gen_fast, count: 1105781
CPU [0] UID 1002 comm: gen_fast, count: 1105982
CPU [0] UID 1002 comm: gen_fast, count: 1105982
CPU [0] UID 1002 comm: gen_fast, count: 1106064
CPU [0] UID 1002 comm: gen_fast, count: 1106281
CPU [0] UID 1002 comm: gen_fast, count: 1106281
CPU [0] UID 1002 comm: gen_fast, count: 1106364
CPU [0] UID 1002 comm: gen_fast, count: 1106478
CPU [0] UID 1002 comm: gen_fast, count: 1106564
CPU [0] UID 1002 comm: gen_fast, count: 1106710
CPU [0] UID 1002 comm: gen_fast, count: 1106847
CPU [0] UID 1002 comm: gen_fast, count: 1106864
CPU [0] UID 1002 comm: gen_fast, count: 1106976
CPU [0] UID 1002 comm: gen_fast, count: 1107064
CPU [0] UID 1002 comm: gen_fast, count: 1107184
CPU [0] UID 1002 comm: gen_fast, count: 1107264
CPU [0] UID 1002 comm: gen_fast, count: 1107364
CPU [0] UID 1002 comm: gen_fast, count: 1107483
CPU [0] UID 1002 comm: gen_fast, count: 1107645
CPU [0] UID 1002 comm: gen_fast, count: 1107664
CPU [0] UID 1002 comm: gen_fast, count: 1107767
CPU [0] UID 1002 comm: gen_fast, count: 1107950
CPU [0] UID 1002 comm: gen_fast, count: 1107964
CPU [0] UID 1002 comm: gen_fast, count: 1108117
CPU [0] UID 1002 comm: gen_fast, count: 1108187
CPU [0] UID 1002 comm: gen_fast, count: 1108283
CPU [0] UID 1002 comm: gen_fast, count: 1108465
CPU [0] UID 1002 comm: gen_fast, count: 1108465
CPU [0] UID 1002 comm: gen_fast, count: 1108564
CPU [0] UID 1002 comm: gen_fast, count: 1108664
CPU [0] UID 1002 comm: gen_fast, count: 1108764
CPU [0] UID 1002 comm: gen_fast, count: 1108922
CPU [0] UID 1002 comm: gen_fast, count: 1108964
CPU [0] UID 1002 comm: gen_fast, count: 1109064
CPU [0] UID 1002 comm: gen_fast, count: 1109174
CPU [0] UID 1002 comm: gen_fast, count: 1109279
CPU [0] UID 1002 comm: gen_fast, count: 1109472
CPU [0] UID 1002 comm: gen_fast, count: 1109472
CPU [0] UID 1002 comm: gen_fast, count: 1109564
CPU [0] UID 1002 comm: gen_fast, count: 1109691
CPU [0] UID 1002 comm: gen_fast, count: 1109765
CPU [0] UID 1002 comm: gen_fast, count: 1109910
CPU [0] UID 1002 comm: gen_fast, count: 1109964
CPU [0] UID 1002 comm: gen_fast, count: 1110064
CPU [0] UID 1002 comm: gen_fast, count: 1110178
CPU [0] UID 1002 comm: gen_fast, count: 1110271
CPU [0] UID 1002 comm: gen_fast, count: 1110364
CPU [0] UID 1002 comm: gen_fast, count: 1110599
CPU [0] UID 1002 comm: gen_fast, count: 1110599
CPU [0] UID 1002 comm: gen_fast, count: 1110664
CPU [0] UID 1002 comm: gen_fast, count: 1110867
CPU [0] UID 1002 comm: gen_fast, count: 1110867
CPU [0] UID 1002 comm: gen_fast, count: 1110964
CPU [0] UID 1002 comm: gen_fast, count: 1111147
CPU [0] UID 1002 comm: gen_fast, count: 1111164
CPU [0] UID 1002 comm: gen_fast, count: 1111337
CPU [0] UID 1002 comm: gen_fast, count: 1111364
CPU [0] UID 1002 comm: gen_fast, count: 1111477
CPU [0] UID 1002 comm: gen_fast, count: 1111569
CPU [0] UID 1002 comm: gen_fast, count: 1111664
CPU [0] UID 1002 comm: gen_fast, count: 1111874
CPU [0] UID 1002 comm: gen_fast, count: 1111874
CPU [0] UID 1002 comm: gen_fast, count: 1111964
CPU [0] UID 1002 comm: gen_fast, count: 1112064
CPU [0] UID 1002 comm: gen_fast, count: 1112205
CPU [0] UID 1002 comm: gen_fast, count: 1112264
CPU [0] UID 1002 comm: gen_fast, count: 1112476
CPU [0] UID 1002 comm: gen_fast, count: 1112476
CPU [0] UID 1002 comm: gen_fast, count: 1112564
CPU [0] UID 1002 comm: gen_fast, count: 1112748
CPU [0] UID 1002 comm: gen_fast, count: 1112764
CPU [0] UID 1002 comm: gen_fast, count: 1112864
CPU [0] UID 1002 comm: gen_fast, count: 1112982
CPU [0] UID 1002 comm: gen_fast, count: 1113064
CPU [0] UID 1002 comm: gen_fast, count: 1113164
CPU [0] UID 1002 comm: gen_fast, count: 1113264
CPU [0] UID 1002 comm: gen_fast, count: 1113406
CPU [0] UID 1002 comm: gen_fast, count: 1113464
CPU [0] UID 1002 comm: gen_fast, count: 1113564
CPU [0] UID 1002 comm: gen_fast, count: 1113664
CPU [0] UID 1002 comm: gen_fast, count: 1113790
CPU [0] UID 1002 comm: gen_fast, count: 1113864
CPU [0] UID 1002 comm: gen_fast, count: 1113976
CPU [0] UID 1002 comm: gen_fast, count: 1114064
CPU [0] UID 1002 comm: gen_fast, count: 1114171
CPU [0] UID 1002 comm: gen_fast, count: 1114319
CPU [0] UID 1002 comm: gen_fast, count: 1114466
CPU [0] UID 1002 comm: gen_fast, count: 1114466
CPU [0] UID 1002 comm: gen_fast, count: 1114564
CPU [0] UID 1002 comm: gen_fast, count: 1114710
CPU [0] UID 1002 comm: gen_fast, count: 1114764
CPU [0] UID 1002 comm: gen_fast, count: 1114875
CPU [0] UID 1002 comm: gen_fast, count: 1114989
CPU [0] UID 1002 comm: gen_fast, count: 1115123
CPU [0] UID 1002 comm: gen_fast, count: 1115164
CPU [0] UID 1002 comm: gen_fast, count: 1115281
CPU [0] UID 1002 comm: gen_fast, count: 1115431
CPU [0] UID 1002 comm: gen_fast, count: 1115464
CPU [0] UID 1002 comm: gen_fast, count: 1115564
CPU [0] UID 1002 comm: gen_fast, count: 1115742
CPU [0] UID 1002 comm: gen_fast, count: 1115764
CPU [0] UID 1002 comm: gen_fast, count: 1115883
CPU [0] UID 1002 comm: gen_fast, count: 1115964
CPU [0] UID 1002 comm: gen_fast, count: 1116080
CPU [0] UID 1002 comm: gen_fast, count: 1116164
CPU [0] UID 1002 comm: gen_fast, count: 1116264
CPU [0] UID 1002 comm: gen_fast, count: 1116364
CPU [0] UID 1002 comm: gen_fast, count: 1116464
CPU [0] UID 1002 comm: gen_fast, count: 1116579
CPU [0] UID 1002 comm: gen_fast, count: 1116768
CPU [0] UID 1002 comm: gen_fast, count: 1116768
CPU [0] UID 1002 comm: gen_fast, count: 1116892
CPU [0] UID 1002 comm: gen_fast, count: 1116988
CPU [0] UID 1002 comm: gen_fast, count: 1117182
CPU [0] UID 1002 comm: gen_fast, count: 1117182
CPU [0] UID 1002 comm: gen_fast, count: 1117264
CPU [0] UID 1002 comm: gen_fast, count: 1117431
CPU [0] UID 1002 comm: gen_fast, count: 1117464
CPU [0] UID 1002 comm: gen_fast, count: 1117572
CPU [0] UID 1002 comm: gen_fast, count: 1117760
CPU [0] UID 1002 comm: gen_fast, count: 1117764
CPU [0] UID 1002 comm: gen_fast, count: 1117994
CPU [0] UID 1002 comm: gen_fast, count: 1117994
CPU [0] UID 1002 comm: gen_fast, count: 1118086
CPU [0] UID 1002 comm: gen_fast, count: 1118164
CPU [0] UID 1002 comm: gen_fast, count: 1118334
CPU [0] UID 1002 comm: gen_fast, count: 1118364
CPU [0] UID 1002 comm: gen_fast, count: 1118464
CPU [0] UID 1002 comm: gen_fast, count: 1118672
CPU [0] UID 1002 comm: gen_fast, count: 1118672
CPU [0] UID 1002 comm: gen_fast, count: 1118796
CPU [0] UID 1002 comm: gen_fast, count: 1118962
CPU [0] UID 1002 comm: gen_fast, count: 1118964
CPU [0] UID 1002 comm: gen_fast, count: 1119195
CPU [0] UID 1002 comm: gen_fast, count: 1119195
CPU [0] UID 1002 comm: gen_fast, count: 1119372
CPU [0] UID 1002 comm: gen_fast, count: 1119372
CPU [0] UID 1002 comm: gen_fast, count: 1119464
CPU [0] UID 1002 comm: gen_fast, count: 1119579
CPU [0] UID 1002 comm: gen_fast, count: 1119664
CPU [0] UID 1002 comm: gen_fast, count: 1119798
CPU [0] UID 1002 comm: gen_fast, count: 1119883
CPU [0] UID 1002 comm: gen_fast, count: 1120016
CPU [0] UID 1002 comm: gen_fast, count: 1120093
CPU [0] UID 1002 comm: gen_fast, count: 1120164
CPU [0] UID 1002 comm: gen_fast, count: 1120264
CPU [0] UID 1002 comm: gen_fast, count: 1120390
CPU [0] UID 1002 comm: gen_fast, count: 1120569
CPU [0] UID 1002 comm: gen_fast, count: 1120569
CPU [0] UID 1002 comm: gen_fast, count: 1120664
CPU [0] UID 1002 comm: gen_fast, count: 1120791
CPU [0] UID 1002 comm: gen_fast, count: 1120864
CPU [0] UID 1002 comm: gen_fast, count: 1121070
CPU [0] UID 1002 comm: gen_fast, count: 1121070
CPU [0] UID 1002 comm: gen_fast, count: 1121164
CPU [0] UID 1002 comm: gen_fast, count: 1121264
CPU [0] UID 1002 comm: gen_fast, count: 1121364
CPU [0] UID 1002 comm: gen_fast, count: 1121506
CPU [0] UID 1002 comm: gen_fast, count: 1121564
CPU [0] UID 1002 comm: gen_fast, count: 1121664
CPU [0] UID 1002 comm: gen_fast, count: 1121764
CPU [0] UID 1002 comm: gen_fast, count: 1121864
CPU [0] UID 1002 comm: gen_fast, count: 1121964
CPU [0] UID 1002 comm: gen_fast, count: 1122067
CPU [0] UID 1002 comm: gen_fast, count: 1122164
CPU [0] UID 1002 comm: gen_fast, count: 1122265
CPU [0] UID 1002 comm: gen_fast, count: 1122393
CPU [0] UID 1002 comm: gen_fast, count: 1122543
CPU [0] UID 1002 comm: gen_fast, count: 1122564
CPU [0] UID 1002 comm: gen_fast, count: 1122685
CPU [0] UID 1002 comm: gen_fast, count: 1122764
CPU [0] UID 1002 comm: gen_fast, count: 1122864
CPU [0] UID 1002 comm: gen_fast, count: 1122964
CPU [0] UID 1002 comm: gen_fast, count: 1123066
CPU [0] UID 1002 comm: gen_fast, count: 1123164
CPU [0] UID 1002 comm: gen_fast, count: 1123274
CPU [0] UID 1002 comm: gen_fast, count: 1123364
CPU [0] UID 1002 comm: gen_fast, count: 1123464
CPU [0] UID 1002 comm: gen_fast, count: 1123664
CPU [0] UID 1002 comm: gen_fast, count: 1123664
CPU [0] UID 1002 comm: gen_fast, count: 1123764
CPU [0] UID 1002 comm: gen_fast, count: 1123864
CPU [0] UID 1002 comm: gen_fast, count: 1124075
CPU [0] UID 1002 comm: gen_fast, count: 1124075
CPU [0] UID 1002 comm: gen_fast, count: 1124274
CPU [0] UID 1002 comm: gen_fast, count: 1124274
CPU [0] UID 1002 comm: gen_fast, count: 1124484
CPU [0] UID 1002 comm: gen_fast, count: 1124484
CPU [0] UID 1002 comm: gen_fast, count: 1124564
CPU [0] UID 1002 comm: gen_fast, count: 1124790
CPU [0] UID 1002 comm: gen_fast, count: 1124790
CPU [0] UID 1002 comm: gen_fast, count: 1124864
CPU [0] UID 1002 comm: gen_fast, count: 1125047
CPU [0] UID 1002 comm: gen_fast, count: 1125064
CPU [0] UID 1002 comm: gen_fast, count: 1125293
CPU [0] UID 1002 comm: gen_fast, count: 1125293
CPU [0] UID 1002 comm: gen_fast, count: 1125364
CPU [0] UID 1002 comm: gen_fast, count: 1125561
CPU [0] UID 1002 comm: gen_fast, count: 1125564
CPU [0] UID 1002 comm: gen_fast, count: 1125664
CPU [0] UID 1002 comm: gen_fast, count: 1125818
CPU [0] UID 1002 comm: gen_fast, count: 1125864
CPU [0] UID 1002 comm: gen_fast, count: 1125964
CPU [0] UID 1002 comm: gen_fast, count: 1126066
CPU [0] UID 1002 comm: gen_fast, count: 1126164
CPU [0] UID 1002 comm: gen_fast, count: 1126264
CPU [0] UID 1002 comm: gen_fast, count: 1126377
CPU [0] UID 1002 comm: gen_fast, count: 1126464
CPU [0] UID 1002 comm: gen_fast, count: 1126580
CPU [0] UID 1002 comm: gen_fast, count: 1126664
CPU [0] UID 1002 comm: gen_fast, count: 1126772
CPU [0] UID 1002 comm: gen_fast, count: 1126904
CPU [0] UID 1002 comm: gen_fast, count: 1126979
CPU [0] UID 1002 comm: gen_fast, count: 1127064
CPU [0] UID 1002 comm: gen_fast, count: 1127164
CPU [0] UID 1002 comm: gen_fast, count: 1127350
CPU [0] UID 1002 comm: gen_fast, count: 1127364
CPU [0] UID 1002 comm: gen_fast, count: 1127485
CPU [0] UID 1002 comm: gen_fast, count: 1127564
CPU [0] UID 1002 comm: gen_fast, count: 1127726
CPU [0] UID 1002 comm: gen_fast, count: 1127764
CPU [0] UID 1002 comm: gen_fast, count: 1127911
CPU [0] UID 1002 comm: gen_fast, count: 1127987
CPU [0] UID 1002 comm: gen_fast, count: 1128064
CPU [0] UID 1002 comm: gen_fast, count: 1128174
CPU [0] UID 1002 comm: gen_fast, count: 1128272
CPU [0] UID 1002 comm: gen_fast, count: 1128393
CPU [0] UID 1002 comm: gen_fast, count: 1128542
CPU [0] UID 1002 comm: gen_fast, count: 1128564
CPU [0] UID 1002 comm: gen_fast, count: 1128718
CPU [0] UID 1002 comm: gen_fast, count: 1128764
CPU [0] UID 1002 comm: gen_fast, count: 1128956
CPU [0] UID 1002 comm: gen_fast, count: 1128964
CPU [0] UID 1002 comm: gen_fast, count: 1129070
CPU [0] UID 1002 comm: gen_fast, count: 1129264
CPU [0] UID 1002 comm: gen_fast, count: 1129264
CPU [0] UID 1002 comm: gen_fast, count: 1129364
CPU [0] UID 1002 comm: gen_fast, count: 1129561
CPU [0] UID 1002 comm: gen_fast, count: 1129564
CPU [0] UID 1002 comm: gen_fast, count: 1129673
CPU [0] UID 1002 comm: gen_fast, count: 1129764
CPU [0] UID 1002 comm: gen_fast, count: 1129864
CPU [0] UID 1002 comm: gen_fast, count: 1130055
CPU [0] UID 1002 comm: gen_fast, count: 1130064
CPU [0] UID 1002 comm: gen_fast, count: 1130214
CPU [0] UID 1002 comm: gen_fast, count: 1130369
CPU [0] UID 1002 comm: gen_fast, count: 1130369
CPU [0] UID 1002 comm: gen_fast, count: 1130464
CPU [0] UID 1002 comm: gen_fast, count: 1130590
CPU [0] UID 1002 comm: gen_fast, count: 1130754
CPU [0] UID 1002 comm: gen_fast, count: 1130764
CPU [0] UID 1002 comm: gen_fast, count: 1130900
CPU [0] UID 1002 comm: gen_fast, count: 1131097
CPU [0] UID 1002 comm: gen_fast, count: 1131097
CPU [0] UID 1002 comm: gen_fast, count: 1131294
CPU [0] UID 1002 comm: gen_fast, count: 1131294
CPU [0] UID 1002 comm: gen_fast, count: 1131364
CPU [0] UID 1002 comm: gen_fast, count: 1131557
CPU [0] UID 1002 comm: gen_fast, count: 1131564
CPU [0] UID 1002 comm: gen_fast, count: 1131777
CPU [0] UID 1002 comm: gen_fast, count: 1131777
CPU [0] UID 1002 comm: gen_fast, count: 1131864
CPU [0] UID 1002 comm: gen_fast, count: 1131997
CPU [0] UID 1002 comm: gen_fast, count: 1132074
CPU [0] UID 1002 comm: gen_fast, count: 1132275
CPU [0] UID 1002 comm: gen_fast, count: 1132275
CPU [0] UID 1002 comm: gen_fast, count: 1132398
CPU [0] UID 1002 comm: gen_fast, count: 1132478
CPU [0] UID 1002 comm: gen_fast, count: 1132564
CPU [0] UID 1002 comm: gen_fast, count: 1132664
CPU [0] UID 1002 comm: gen_fast, count: 1132764
CPU [0] UID 1002 comm: gen_fast, count: 1132924
CPU [0] UID 1002 comm: gen_fast, count: 1132964
CPU [0] UID 1002 comm: gen_fast, count: 1133064
CPU [0] UID 1002 comm: gen_fast, count: 1133231
CPU [0] UID 1002 comm: gen_fast, count: 1133312
CPU [0] UID 1002 comm: gen_fast, count: 1133364
CPU [0] UID 1002 comm: gen_fast, count: 1133496
CPU [0] UID 1002 comm: gen_fast, count: 1133564
CPU [0] UID 1002 comm: gen_fast, count: 1133664
CPU [0] UID 1002 comm: gen_fast, count: 1133764
CPU [0] UID 1002 comm: gen_fast, count: 1133934
CPU [0] UID 1002 comm: gen_fast, count: 1133964
CPU [0] UID 1002 comm: gen_fast, count: 1134064
CPU [0] UID 1002 comm: gen_fast, count: 1134166
CPU [0] UID 1002 comm: gen_fast, count: 1134264
CPU [0] UID 1002 comm: gen_fast, count: 1134381
CPU [0] UID 1002 comm: gen_fast, count: 1134549
CPU [0] UID 1002 comm: gen_fast, count: 1134564
CPU [0] UID 1002 comm: gen_fast, count: 1134664
CPU [0] UID 1002 comm: gen_fast, count: 1134777
CPU [0] UID 1002 comm: gen_fast, count: 1134864
CPU [0] UID 1002 comm: gen_fast, count: 1135029
CPU [0] UID 1002 comm: gen_fast, count: 1135064
CPU [0] UID 1002 comm: gen_fast, count: 1135179
CPU [0] UID 1002 comm: gen_fast, count: 1135264
CPU [0] UID 1002 comm: gen_fast, count: 1135364
CPU [0] UID 1002 comm: gen_fast, count: 1135474
CPU [0] UID 1002 comm: gen_fast, count: 1135564
CPU [0] UID 1002 comm: gen_fast, count: 1135664
CPU [0] UID 1002 comm: gen_fast, count: 1135764
CPU [0] UID 1002 comm: gen_fast, count: 1135976
CPU [0] UID 1002 comm: gen_fast, count: 1135976
CPU [0] UID 1002 comm: gen_fast, count: 1136176
CPU [0] UID 1002 comm: gen_fast, count: 1136176
CPU [0] UID 1002 comm: gen_fast, count: 1136317
CPU [0] UID 1002 comm: gen_fast, count: 1136364
CPU [0] UID 1002 comm: gen_fast, count: 1136499
CPU [0] UID 1002 comm: gen_fast, count: 1136564
CPU [0] UID 1002 comm: gen_fast, count: 1136667
CPU [0] UID 1002 comm: gen_fast, count: 1136767
CPU [0] UID 1002 comm: gen_fast, count: 1136882
CPU [0] UID 1002 comm: gen_fast, count: 1137074
CPU [0] UID 1002 comm: gen_fast, count: 1137074
CPU [0] UID 1002 comm: gen_fast, count: 1137186
CPU [0] UID 1002 comm: gen_fast, count: 1137291
CPU [0] UID 1002 comm: gen_fast, count: 1137364
CPU [0] UID 1002 comm: gen_fast, count: 1137511
CPU [0] UID 1002 comm: gen_fast, count: 1137564
CPU [0] UID 1002 comm: gen_fast, count: 1137696
CPU [0] UID 1002 comm: gen_fast, count: 1137837
CPU [0] UID 1002 comm: gen_fast, count: 1137864
CPU [0] UID 1002 comm: gen_fast, count: 1137987
CPU [0] UID 1002 comm: gen_fast, count: 1138110
CPU [0] UID 1002 comm: gen_fast, count: 1138164
CPU [0] UID 1002 comm: gen_fast, count: 1138264
CPU [0] UID 1002 comm: gen_fast, count: 1138367
CPU [0] UID 1002 comm: gen_fast, count: 1138544
CPU [0] UID 1002 comm: gen_fast, count: 1138564
CPU [0] UID 1002 comm: gen_fast, count: 1138697
CPU [0] UID 1002 comm: gen_fast, count: 1138909
CPU [0] UID 1002 comm: gen_fast, count: 1138909
CPU [0] UID 1002 comm: gen_fast, count: 1138964
CPU [0] UID 1002 comm: gen_fast, count: 1139064
CPU [0] UID 1002 comm: gen_fast, count: 1139164
CPU [0] UID 1002 comm: gen_fast, count: 1139398
CPU [0] UID 1002 comm: gen_fast, count: 1139398
CPU [0] UID 1002 comm: gen_fast, count: 1139523
CPU [0] UID 1002 comm: gen_fast, count: 1139564
CPU [0] UID 1002 comm: gen_fast, count: 1139810
CPU [0] UID 1002 comm: gen_fast, count: 1139810
CPU [0] UID 1002 comm: gen_fast, count: 1139892
CPU [0] UID 1002 comm: gen_fast, count: 1140085
CPU [0] UID 1002 comm: gen_fast, count: 1140085
CPU [0] UID 1002 comm: gen_fast, count: 1140164
CPU [0] UID 1002 comm: gen_fast, count: 1140319
CPU [0] UID 1002 comm: gen_fast, count: 1140364
CPU [0] UID 1002 comm: gen_fast, count: 1140582
CPU [0] UID 1002 comm: gen_fast, count: 1140582
CPU [0] UID 1002 comm: gen_fast, count: 1140664
CPU [0] UID 1002 comm: gen_fast, count: 1140834
CPU [0] UID 1002 comm: gen_fast, count: 1140864
CPU [0] UID 1002 comm: gen_fast, count: 1141060
CPU [0] UID 1002 comm: gen_fast, count: 1141064
CPU [0] UID 1002 comm: gen_fast, count: 1141249
CPU [0] UID 1002 comm: gen_fast, count: 1141264
CPU [0] UID 1002 comm: gen_fast, count: 1141500
CPU [0] UID 1002 comm: gen_fast, count: 1141500
CPU [0] UID 1002 comm: gen_fast, count: 1141696
CPU [0] UID 1002 comm: gen_fast, count: 1141696
CPU [0] UID 1002 comm: gen_fast, count: 1141764
CPU [0] UID 1002 comm: gen_fast, count: 1141978
CPU [0] UID 1002 comm: gen_fast, count: 1141978
CPU [0] UID 1002 comm: gen_fast, count: 1142118
CPU [0] UID 1002 comm: gen_fast, count: 1142164
CPU [0] UID 1002 comm: gen_fast, count: 1142307
CPU [0] UID 1002 comm: gen_fast, count: 1142364
CPU [0] UID 1002 comm: gen_fast, count: 1142464
CPU [0] UID 1002 comm: gen_fast, count: 1142564
CPU [0] UID 1002 comm: gen_fast, count: 1142664
CPU [0] UID 1002 comm: gen_fast, count: 1142846
CPU [0] UID 1002 comm: gen_fast, count: 1142864
CPU [0] UID 1002 comm: gen_fast, count: 1142986
CPU [0] UID 1002 comm: gen_fast, count: 1143067
CPU [0] UID 1002 comm: gen_fast, count: 1143164
CPU [0] UID 1002 comm: gen_fast, count: 1143264
CPU [0] UID 1002 comm: gen_fast, count: 1143370
CPU [0] UID 1002 comm: gen_fast, count: 1143464
CPU [0] UID 1002 comm: gen_fast, count: 1143564
CPU [0] UID 1002 comm: gen_fast, count: 1143682
CPU [0] UID 1002 comm: gen_fast, count: 1143867
CPU [0] UID 1002 comm: gen_fast, count: 1143867
CPU [0] UID 1002 comm: gen_fast, count: 1143969
CPU [0] UID 1002 comm: gen_fast, count: 1144117
CPU [0] UID 1002 comm: gen_fast, count: 1144164
CPU [0] UID 1002 comm: gen_fast, count: 1144297
CPU [0] UID 1002 comm: gen_fast, count: 1144364
CPU [0] UID 1002 comm: gen_fast, count: 1144464
CPU [0] UID 1002 comm: gen_fast, count: 1144578
CPU [0] UID 1002 comm: gen_fast, count: 1144664
CPU [0] UID 1002 comm: gen_fast, count: 1144764
CPU [0] UID 1002 comm: gen_fast, count: 1144901
CPU [0] UID 1002 comm: gen_fast, count: 1144964
CPU [0] UID 1002 comm: gen_fast, count: 1145082
CPU [0] UID 1002 comm: gen_fast, count: 1145164
CPU [0] UID 1002 comm: gen_fast, count: 1145264
CPU [0] UID 1002 comm: gen_fast, count: 1145435
CPU [0] UID 1002 comm: gen_fast, count: 1145464
CPU [0] UID 1002 comm: gen_fast, count: 1145628
CPU [0] UID 1002 comm: gen_fast, count: 1145664
CPU [0] UID 1002 comm: gen_fast, count: 1145863
CPU [0] UID 1002 comm: gen_fast, count: 1145864
CPU [0] UID 1002 comm: gen_fast, count: 1145964
CPU [0] UID 1002 comm: gen_fast, count: 1146064
CPU [0] UID 1002 comm: gen_fast, count: 1146164
CPU [0] UID 1002 comm: gen_fast, count: 1146312
CPU [0] UID 1002 comm: gen_fast, count: 1146364
CPU [0] UID 1002 comm: gen_fast, count: 1146601
CPU [0] UID 1002 comm: gen_fast, count: 1146601
CPU [0] UID 1002 comm: gen_fast, count: 1146664
CPU [0] UID 1002 comm: gen_fast, count: 1146816
CPU [0] UID 1002 comm: gen_fast, count: 1146864
CPU [0] UID 1002 comm: gen_fast, count: 1146968
CPU [0] UID 1002 comm: gen_fast, count: 1147064
CPU [0] UID 1002 comm: gen_fast, count: 1147208
CPU [0] UID 1002 comm: gen_fast, count: 1147264
CPU [0] UID 1002 comm: gen_fast, count: 1147365
CPU [0] UID 1002 comm: gen_fast, count: 1147464
CPU [0] UID 1002 comm: gen_fast, count: 1147564
CPU [0] UID 1002 comm: gen_fast, count: 1147664
CPU [0] UID 1002 comm: gen_fast, count: 1147798
CPU [0] UID 1002 comm: gen_fast, count: 1148013
CPU [0] UID 1002 comm: gen_fast, count: 1148013
CPU [0] UID 1002 comm: gen_fast, count: 1148064
CPU [0] UID 1002 comm: gen_fast, count: 1148195
CPU [0] UID 1002 comm: gen_fast, count: 1148264
CPU [0] UID 1002 comm: gen_fast, count: 1148461
CPU [0] UID 1002 comm: gen_fast, count: 1148464
CPU [0] UID 1002 comm: gen_fast, count: 1148592
CPU [0] UID 1002 comm: gen_fast, count: 1148801
CPU [0] UID 1002 comm: gen_fast, count: 1148801
CPU [0] UID 1002 comm: gen_fast, count: 1148864
CPU [0] UID 1002 comm: gen_fast, count: 1149058
CPU [0] UID 1002 comm: gen_fast, count: 1149064
CPU [0] UID 1002 comm: gen_fast, count: 1149164
CPU [0] UID 1002 comm: gen_fast, count: 1149273
CPU [0] UID 1002 comm: gen_fast, count: 1149481
CPU [0] UID 1002 comm: gen_fast, count: 1149481
CPU [0] UID 1002 comm: gen_fast, count: 1149564
CPU [0] UID 1002 comm: gen_fast, count: 1149747
CPU [0] UID 1002 comm: gen_fast, count: 1149764
CPU [0] UID 1002 comm: gen_fast, count: 1149949
CPU [0] UID 1002 comm: gen_fast, count: 1149964
CPU [0] UID 1002 comm: gen_fast, count: 1150064
CPU [0] UID 1002 comm: gen_fast, count: 1150197
CPU [0] UID 1002 comm: gen_fast, count: 1150264
CPU [0] UID 1002 comm: gen_fast, count: 1150465
CPU [0] UID 1002 comm: gen_fast, count: 1150465
CPU [0] UID 1002 comm: gen_fast, count: 1150564
CPU [0] UID 1002 comm: gen_fast, count: 1150725
CPU [0] UID 1002 comm: gen_fast, count: 1150764
CPU [0] UID 1002 comm: gen_fast, count: 1150927
CPU [0] UID 1002 comm: gen_fast, count: 1150964
CPU [0] UID 1002 comm: gen_fast, count: 1151064
CPU [0] UID 1002 comm: gen_fast, count: 1151164
CPU [0] UID 1002 comm: gen_fast, count: 1151323
CPU [0] UID 1002 comm: gen_fast, count: 1151364
CPU [0] UID 1002 comm: gen_fast, count: 1151470
CPU [0] UID 1002 comm: gen_fast, count: 1151564
CPU [0] UID 1002 comm: gen_fast, count: 1151664
CPU [0] UID 1002 comm: gen_fast, count: 1151767
CPU [0] UID 1002 comm: gen_fast, count: 1151870
CPU [0] UID 1002 comm: gen_fast, count: 1151981
CPU [0] UID 1002 comm: gen_fast, count: 1152114
CPU [0] UID 1002 comm: gen_fast, count: 1152164
CPU [0] UID 1002 comm: gen_fast, count: 1152265
CPU [0] UID 1002 comm: gen_fast, count: 1152409
CPU [0] UID 1002 comm: gen_fast, count: 1152486
CPU [0] UID 1002 comm: gen_fast, count: 1152600
CPU [0] UID 1002 comm: gen_fast, count: 1152664
CPU [0] UID 1002 comm: gen_fast, count: 1152772
CPU [0] UID 1002 comm: gen_fast, count: 1152887
CPU [0] UID 1002 comm: gen_fast, count: 1152964
CPU [0] UID 1002 comm: gen_fast, count: 1153151
CPU [0] UID 1002 comm: gen_fast, count: 1153164
CPU [0] UID 1002 comm: gen_fast, count: 1153281
CPU [0] UID 1002 comm: gen_fast, count: 1153389
CPU [0] UID 1002 comm: gen_fast, count: 1153530
CPU [0] UID 1002 comm: gen_fast, count: 1153564
CPU [0] UID 1002 comm: gen_fast, count: 1153672
CPU [0] UID 1002 comm: gen_fast, count: 1153764
CPU [0] UID 1002 comm: gen_fast, count: 1153864
CPU [0] UID 1002 comm: gen_fast, count: 1153991
CPU [0] UID 1002 comm: gen_fast, count: 1154136
CPU [0] UID 1002 comm: gen_fast, count: 1154164
CPU [0] UID 1002 comm: gen_fast, count: 1154290
CPU [0] UID 1002 comm: gen_fast, count: 1154426
CPU [0] UID 1002 comm: gen_fast, count: 1154546
CPU [0] UID 1002 comm: gen_fast, count: 1154592
CPU [0] UID 1002 comm: gen_fast, count: 1154695
CPU [0] UID 1002 comm: gen_fast, count: 1154764
CPU [0] UID 1002 comm: gen_fast, count: 1154950
CPU [0] UID 1002 comm: gen_fast, count: 1155022
CPU [0] UID 1002 comm: gen_fast, count: 1155064
CPU [0] UID 1002 comm: gen_fast, count: 1155248
CPU [0] UID 1002 comm: gen_fast, count: 1155264
CPU [0] UID 1002 comm: gen_fast, count: 1155382
CPU [0] UID 1002 comm: gen_fast, count: 1155464
CPU [0] UID 1002 comm: gen_fast, count: 1155612
CPU [0] UID 1002 comm: gen_fast, count: 1155664
CPU [0] UID 1002 comm: gen_fast, count: 1155764
CPU [0] UID 1002 comm: gen_fast, count: 1155882
CPU [0] UID 1002 comm: gen_fast, count: 1156085
CPU [0] UID 1002 comm: gen_fast, count: 1156085
CPU [0] UID 1002 comm: gen_fast, count: 1156293
CPU [0] UID 1002 comm: gen_fast, count: 1156293
CPU [0] UID 1002 comm: gen_fast, count: 1156364
CPU [0] UID 1002 comm: gen_fast, count: 1156507
CPU [0] UID 1002 comm: gen_fast, count: 1156564
CPU [0] UID 1002 comm: gen_fast, count: 1156681
CPU [0] UID 1002 comm: gen_fast, count: 1156764
CPU [0] UID 1002 comm: gen_fast, count: 1156864
CPU [0] UID 1002 comm: gen_fast, count: 1156993
CPU [0] UID 1002 comm: gen_fast, count: 1157064
CPU [0] UID 1002 comm: gen_fast, count: 1157164
CPU [0] UID 1002 comm: gen_fast, count: 1157264
CPU [0] UID 1002 comm: gen_fast, count: 1157396
CPU [0] UID 1002 comm: gen_fast, count: 1157465
CPU [0] UID 1002 comm: gen_fast, count: 1157564
CPU [0] UID 1002 comm: gen_fast, count: 1157680
CPU [0] UID 1002 comm: gen_fast, count: 1157821
CPU [0] UID 1002 comm: gen_fast, count: 1157866
CPU [0] UID 1002 comm: gen_fast, count: 1158000
CPU [0] UID 1002 comm: gen_fast, count: 1158074
CPU [0] UID 1002 comm: gen_fast, count: 1158164
CPU [0] UID 1002 comm: gen_fast, count: 1158298
CPU [0] UID 1002 comm: gen_fast, count: 1158364
CPU [0] UID 1002 comm: gen_fast, count: 1158464
CPU [0] UID 1002 comm: gen_fast, count: 1158564
CPU [0] UID 1002 comm: gen_fast, count: 1158664
CPU [0] UID 1002 comm: gen_fast, count: 1158764
CPU [0] UID 1002 comm: gen_fast, count: 1158963
CPU [0] UID 1002 comm: gen_fast, count: 1158964
CPU [0] UID 1002 comm: gen_fast, count: 1159064
CPU [0] UID 1002 comm: gen_fast, count: 1159164
CPU [0] UID 1002 comm: gen_fast, count: 1159264
CPU [0] UID 1002 comm: gen_fast, count: 1159448
CPU [0] UID 1002 comm: gen_fast, count: 1159464
CPU [0] UID 1002 comm: gen_fast, count: 1159592
CPU [0] UID 1002 comm: gen_fast, count: 1159664
CPU [0] UID 1002 comm: gen_fast, count: 1159764
CPU [0] UID 1002 comm: gen_fast, count: 1159891
CPU [0] UID 1002 comm: gen_fast, count: 1160036
CPU [0] UID 1002 comm: gen_fast, count: 1160064
CPU [0] UID 1002 comm: gen_fast, count: 1160164
CPU [0] UID 1002 comm: gen_fast, count: 1160268
CPU [0] UID 1002 comm: gen_fast, count: 1160437
CPU [0] UID 1002 comm: gen_fast, count: 1160464
CPU [0] UID 1002 comm: gen_fast, count: 1160697
CPU [0] UID 1002 comm: gen_fast, count: 1160697
CPU [0] UID 1002 comm: gen_fast, count: 1160764
CPU [0] UID 1002 comm: gen_fast, count: 1160905
CPU [0] UID 1002 comm: gen_fast, count: 1160964
CPU [0] UID 1002 comm: gen_fast, count: 1161090
CPU [0] UID 1002 comm: gen_fast, count: 1161200
CPU [0] UID 1002 comm: gen_fast, count: 1161346
CPU [0] UID 1002 comm: gen_fast, count: 1161364
CPU [0] UID 1002 comm: gen_fast, count: 1161503
CPU [0] UID 1002 comm: gen_fast, count: 1161564
CPU [0] UID 1002 comm: gen_fast, count: 1161664
CPU [0] UID 1002 comm: gen_fast, count: 1161764
CPU [0] UID 1002 comm: gen_fast, count: 1161880
CPU [0] UID 1002 comm: gen_fast, count: 1161979
CPU [0] UID 1002 comm: gen_fast, count: 1162115
CPU [0] UID 1002 comm: gen_fast, count: 1162186
CPU [0] UID 1002 comm: gen_fast, count: 1162276
CPU [0] UID 1002 comm: gen_fast, count: 1162372
CPU [0] UID 1002 comm: gen_fast, count: 1162490
CPU [0] UID 1002 comm: gen_fast, count: 1162653
CPU [0] UID 1002 comm: gen_fast, count: 1162664
CPU [0] UID 1002 comm: gen_fast, count: 1162799
CPU [0] UID 1002 comm: gen_fast, count: 1162864
CPU [0] UID 1002 comm: gen_fast, count: 1162964
CPU [0] UID 1002 comm: gen_fast, count: 1163067
CPU [0] UID 1002 comm: gen_fast, count: 1163190
CPU [0] UID 1002 comm: gen_fast, count: 1163264
CPU [0] UID 1002 comm: gen_fast, count: 1163364
CPU [0] UID 1002 comm: gen_fast, count: 1163497
CPU [0] UID 1002 comm: gen_fast, count: 1163564
CPU [0] UID 1002 comm: gen_fast, count: 1163724
CPU [0] UID 1002 comm: gen_fast, count: 1163764
CPU [0] UID 1002 comm: gen_fast, count: 1163871
CPU [0] UID 1002 comm: gen_fast, count: 1164056
CPU [0] UID 1002 comm: gen_fast, count: 1164064
CPU [0] UID 1002 comm: gen_fast, count: 1164196
CPU [0] UID 1002 comm: gen_fast, count: 1164264
CPU [0] UID 1002 comm: gen_fast, count: 1164364
CPU [0] UID 1002 comm: gen_fast, count: 1164464
CPU [0] UID 1002 comm: gen_fast, count: 1164577
CPU [0] UID 1002 comm: gen_fast, count: 1164708
CPU [0] UID 1002 comm: gen_fast, count: 1164864
CPU [0] UID 1002 comm: gen_fast, count: 1164864
CPU [0] UID 1002 comm: gen_fast, count: 1164964
CPU [0] UID 1002 comm: gen_fast, count: 1165074
CPU [0] UID 1002 comm: gen_fast, count: 1165254
CPU [0] UID 1002 comm: gen_fast, count: 1165264
CPU [0] UID 1002 comm: gen_fast, count: 1165364
CPU [0] UID 1002 comm: gen_fast, count: 1165518
CPU [0] UID 1002 comm: gen_fast, count: 1165564
CPU [0] UID 1002 comm: gen_fast, count: 1165664
CPU [0] UID 1002 comm: gen_fast, count: 1165764
CPU [0] UID 1002 comm: gen_fast, count: 1165936
CPU [0] UID 1002 comm: gen_fast, count: 1165964
CPU [0] UID 1002 comm: gen_fast, count: 1166064
CPU [0] UID 1002 comm: gen_fast, count: 1166164
CPU [0] UID 1002 comm: gen_fast, count: 1166280
CPU [0] UID 1002 comm: gen_fast, count: 1166481
CPU [0] UID 1002 comm: gen_fast, count: 1166481
CPU [0] UID 1002 comm: gen_fast, count: 1166564
CPU [0] UID 1002 comm: gen_fast, count: 1166664
CPU [0] UID 1002 comm: gen_fast, count: 1166764
CPU [0] UID 1002 comm: gen_fast, count: 1166918
CPU [0] UID 1002 comm: gen_fast, count: 1166964
CPU [0] UID 1002 comm: gen_fast, count: 1167064
CPU [0] UID 1002 comm: gen_fast, count: 1167208
CPU [0] UID 1002 comm: gen_fast, count: 1167365
CPU [0] UID 1002 comm: gen_fast, count: 1167365
CPU [0] UID 1002 comm: gen_fast, count: 1167500
CPU [0] UID 1002 comm: gen_fast, count: 1167649
CPU [0] UID 1002 comm: gen_fast, count: 1167664
CPU [0] UID 1002 comm: gen_fast, count: 1167815
CPU [0] UID 1002 comm: gen_fast, count: 1167955
CPU [0] UID 1002 comm: gen_fast, count: 1167964
CPU [0] UID 1002 comm: gen_fast, count: 1168064
CPU [0] UID 1002 comm: gen_fast, count: 1168164
CPU [0] UID 1002 comm: gen_fast, count: 1168264
CPU [0] UID 1002 comm: gen_fast, count: 1168364
CPU [0] UID 1002 comm: gen_fast, count: 1168565
CPU [0] UID 1002 comm: gen_fast, count: 1168565
CPU [0] UID 1002 comm: gen_fast, count: 1168773
CPU [0] UID 1002 comm: gen_fast, count: 1168773
CPU [0] UID 1002 comm: gen_fast, count: 1168970
CPU [0] UID 1002 comm: gen_fast, count: 1168970
CPU [0] UID 1002 comm: gen_fast, count: 1169080
CPU [0] UID 1002 comm: gen_fast, count: 1169227
CPU [0] UID 1002 comm: gen_fast, count: 1169264
CPU [0] UID 1002 comm: gen_fast, count: 1169420
CPU [0] UID 1002 comm: gen_fast, count: 1169464
CPU [0] UID 1002 comm: gen_fast, count: 1169618
CPU [0] UID 1002 comm: gen_fast, count: 1169664
CPU [0] UID 1002 comm: gen_fast, count: 1169796
CPU [0] UID 1002 comm: gen_fast, count: 1169864
CPU [0] UID 1002 comm: gen_fast, count: 1169964
CPU [0] UID 1002 comm: gen_fast, count: 1170130
CPU [0] UID 1002 comm: gen_fast, count: 1170164
CPU [0] UID 1002 comm: gen_fast, count: 1170380
CPU [0] UID 1002 comm: gen_fast, count: 1170380
CPU [0] UID 1002 comm: gen_fast, count: 1170504
CPU [0] UID 1002 comm: gen_fast, count: 1170646
CPU [0] UID 1002 comm: gen_fast, count: 1170664
CPU [0] UID 1002 comm: gen_fast, count: 1170764
CPU [0] UID 1002 comm: gen_fast, count: 1170896
CPU [0] UID 1002 comm: gen_fast, count: 1170995
CPU [0] UID 1002 comm: gen_fast, count: 1171115
CPU [0] UID 1002 comm: gen_fast, count: 1171164
CPU [0] UID 1002 comm: gen_fast, count: 1171264
CPU [0] UID 1002 comm: gen_fast, count: 1171439
CPU [0] UID 1002 comm: gen_fast, count: 1171464
CPU [0] UID 1002 comm: gen_fast, count: 1171586
CPU [0] UID 1002 comm: gen_fast, count: 1171714
CPU [0] UID 1002 comm: gen_fast, count: 1171822
CPU [0] UID 1002 comm: gen_fast, count: 1171961
CPU [0] UID 1002 comm: gen_fast, count: 1171964
CPU [0] UID 1002 comm: gen_fast, count: 1172064
CPU [0] UID 1002 comm: gen_fast, count: 1172249
CPU [0] UID 1002 comm: gen_fast, count: 1172264
CPU [0] UID 1002 comm: gen_fast, count: 1172364
CPU [0] UID 1002 comm: gen_fast, count: 1172566
CPU [0] UID 1002 comm: gen_fast, count: 1172566
CPU [0] UID 1002 comm: gen_fast, count: 1172752
CPU [0] UID 1002 comm: gen_fast, count: 1172764
CPU [0] UID 1002 comm: gen_fast, count: 1172864
CPU [0] UID 1002 comm: gen_fast, count: 1172964
CPU [0] UID 1002 comm: gen_fast, count: 1173152
CPU [0] UID 1002 comm: gen_fast, count: 1173229
CPU [0] UID 1002 comm: gen_fast, count: 1173264
CPU [0] UID 1002 comm: gen_fast, count: 1173364
CPU [0] UID 1002 comm: gen_fast, count: 1173464
CPU [0] UID 1002 comm: gen_fast, count: 1173616
CPU [0] UID 1002 comm: gen_fast, count: 1173756
CPU [0] UID 1002 comm: gen_fast, count: 1173764
CPU [0] UID 1002 comm: gen_fast, count: 1173864
CPU [0] UID 1002 comm: gen_fast, count: 1173975
CPU [0] UID 1002 comm: gen_fast, count: 1174064
CPU [0] UID 1002 comm: gen_fast, count: 1174164
CPU [0] UID 1002 comm: gen_fast, count: 1174275
CPU [0] UID 1002 comm: gen_fast, count: 1174364
CPU [0] UID 1002 comm: gen_fast, count: 1174464
CPU [0] UID 1002 comm: gen_fast, count: 1174589
CPU [0] UID 1002 comm: gen_fast, count: 1174708
CPU [0] UID 1002 comm: gen_fast, count: 1174764
CPU [0] UID 1002 comm: gen_fast, count: 1174864
CPU [0] UID 1002 comm: gen_fast, count: 1174999
CPU [0] UID 1002 comm: gen_fast, count: 1175093
CPU [0] UID 1002 comm: gen_fast, count: 1175189
CPU [0] UID 1002 comm: gen_fast, count: 1175303
CPU [0] UID 1002 comm: gen_fast, count: 1175450
CPU [0] UID 1002 comm: gen_fast, count: 1175464
CPU [0] UID 1002 comm: gen_fast, count: 1175564
CPU [0] UID 1002 comm: gen_fast, count: 1175664
CPU [0] UID 1002 comm: gen_fast, count: 1175833
CPU [0] UID 1002 comm: gen_fast, count: 1175864
CPU [0] UID 1002 comm: gen_fast, count: 1176030
CPU [0] UID 1002 comm: gen_fast, count: 1176064
CPU [0] UID 1002 comm: gen_fast, count: 1176280
CPU [0] UID 1002 comm: gen_fast, count: 1176280
CPU [0] UID 1002 comm: gen_fast, count: 1176364
CPU [0] UID 1002 comm: gen_fast, count: 1176468
CPU [0] UID 1002 comm: gen_fast, count: 1176665
CPU [0] UID 1002 comm: gen_fast, count: 1176665
CPU [0] UID 1002 comm: gen_fast, count: 1176921
CPU [0] UID 1002 comm: gen_fast, count: 1176921
CPU [0] UID 1002 comm: gen_fast, count: 1176964
CPU [0] UID 1002 comm: gen_fast, count: 1177064
CPU [0] UID 1002 comm: gen_fast, count: 1177164
CPU [0] UID 1002 comm: gen_fast, count: 1177311
CPU [0] UID 1002 comm: gen_fast, count: 1177364
CPU [0] UID 1002 comm: gen_fast, count: 1177487
CPU [0] UID 1002 comm: gen_fast, count: 1177564
CPU [0] UID 1002 comm: gen_fast, count: 1177664
CPU [0] UID 1002 comm: gen_fast, count: 1177764
CPU [0] UID 1002 comm: gen_fast, count: 1177936
CPU [0] UID 1002 comm: gen_fast, count: 1177964
CPU [0] UID 1002 comm: gen_fast, count: 1178096
CPU [0] UID 1002 comm: gen_fast, count: 1178164
CPU [0] UID 1002 comm: gen_fast, count: 1178287
CPU [0] UID 1002 comm: gen_fast, count: 1178364
CPU [0] UID 1002 comm: gen_fast, count: 1178464
CPU [0] UID 1002 comm: gen_fast, count: 1178564
CPU [0] UID 1002 comm: gen_fast, count: 1178664
CPU [0] UID 1002 comm: gen_fast, count: 1178840
CPU [0] UID 1002 comm: gen_fast, count: 1178959
CPU [0] UID 1002 comm: gen_fast, count: 1178964
CPU [0] UID 1002 comm: gen_fast, count: 1179105
CPU [0] UID 1002 comm: gen_fast, count: 1179198
CPU [0] UID 1002 comm: gen_fast, count: 1179272
CPU [0] UID 1002 comm: gen_fast, count: 1179364
CPU [0] UID 1002 comm: gen_fast, count: 1179464
CPU [0] UID 1002 comm: gen_fast, count: 1179610
CPU [0] UID 1002 comm: gen_fast, count: 1179691
CPU [0] UID 1002 comm: gen_fast, count: 1179886
CPU [0] UID 1002 comm: gen_fast, count: 1179886
CPU [0] UID 1002 comm: gen_fast, count: 1179964
CPU [0] UID 1002 comm: gen_fast, count: 1180101
CPU [0] UID 1002 comm: gen_fast, count: 1180164
CPU [0] UID 1002 comm: gen_fast, count: 1180271
CPU [0] UID 1002 comm: gen_fast, count: 1180364
CPU [0] UID 1002 comm: gen_fast, count: 1180484
CPU [0] UID 1002 comm: gen_fast, count: 1180564
CPU [0] UID 1002 comm: gen_fast, count: 1180664
CPU [0] UID 1002 comm: gen_fast, count: 1180780
CPU [0] UID 1002 comm: gen_fast, count: 1180915
CPU [0] UID 1002 comm: gen_fast, count: 1180964
CPU [0] UID 1002 comm: gen_fast, count: 1181064
CPU [0] UID 1002 comm: gen_fast, count: 1181200
CPU [0] UID 1002 comm: gen_fast, count: 1181342
CPU [0] UID 1002 comm: gen_fast, count: 1181364
CPU [0] UID 1002 comm: gen_fast, count: 1181522
CPU [0] UID 1002 comm: gen_fast, count: 1181564
CPU [0] UID 1002 comm: gen_fast, count: 1181705
CPU [0] UID 1002 comm: gen_fast, count: 1181764
CPU [0] UID 1002 comm: gen_fast, count: 1181966
CPU [0] UID 1002 comm: gen_fast, count: 1181966
CPU [0] UID 1002 comm: gen_fast, count: 1182107
CPU [0] UID 1002 comm: gen_fast, count: 1182164
CPU [0] UID 1002 comm: gen_fast, count: 1182312
CPU [0] UID 1002 comm: gen_fast, count: 1182364
CPU [0] UID 1002 comm: gen_fast, count: 1182464
CPU [0] UID 1002 comm: gen_fast, count: 1182564
CPU [0] UID 1002 comm: gen_fast, count: 1182687
CPU [0] UID 1002 comm: gen_fast, count: 1182794
CPU [0] UID 1002 comm: gen_fast, count: 1182864
CPU [0] UID 1002 comm: gen_fast, count: 1182965
CPU [0] UID 1002 comm: gen_fast, count: 1183108
CPU [0] UID 1002 comm: gen_fast, count: 1183252
CPU [0] UID 1002 comm: gen_fast, count: 1183264
CPU [0] UID 1002 comm: gen_fast, count: 1183437
CPU [0] UID 1002 comm: gen_fast, count: 1183464
CPU [0] UID 1002 comm: gen_fast, count: 1183564
CPU [0] UID 1002 comm: gen_fast, count: 1183679
CPU [0] UID 1002 comm: gen_fast, count: 1183764
CPU [0] UID 1002 comm: gen_fast, count: 1183883
CPU [0] UID 1002 comm: gen_fast, count: 1184029
CPU [0] UID 1002 comm: gen_fast, count: 1184064
CPU [0] UID 1002 comm: gen_fast, count: 1184164
CPU [0] UID 1002 comm: gen_fast, count: 1184264
CPU [0] UID 1002 comm: gen_fast, count: 1184444
CPU [0] UID 1002 comm: gen_fast, count: 1184464
CPU [0] UID 1002 comm: gen_fast, count: 1184603
CPU [0] UID 1002 comm: gen_fast, count: 1184715
CPU [0] UID 1002 comm: gen_fast, count: 1184764
CPU [0] UID 1002 comm: gen_fast, count: 1184864
CPU [0] UID 1002 comm: gen_fast, count: 1184994
CPU [0] UID 1002 comm: gen_fast, count: 1185064
CPU [0] UID 1002 comm: gen_fast, count: 1185164
CPU [0] UID 1002 comm: gen_fast, count: 1185277
CPU [0] UID 1002 comm: gen_fast, count: 1185364
CPU [0] UID 1002 comm: gen_fast, count: 1185506
CPU [0] UID 1002 comm: gen_fast, count: 1185635
CPU [0] UID 1002 comm: gen_fast, count: 1185664
CPU [0] UID 1002 comm: gen_fast, count: 1185906
CPU [0] UID 1002 comm: gen_fast, count: 1185906
CPU [0] UID 1002 comm: gen_fast, count: 1185964
CPU [0] UID 1002 comm: gen_fast, count: 1186173
CPU [0] UID 1002 comm: gen_fast, count: 1186173
CPU [0] UID 1002 comm: gen_fast, count: 1186264
CPU [0] UID 1002 comm: gen_fast, count: 1186441
CPU [0] UID 1002 comm: gen_fast, count: 1186464
CPU [0] UID 1002 comm: gen_fast, count: 1186588
CPU [0] UID 1002 comm: gen_fast, count: 1186664
CPU [0] UID 1002 comm: gen_fast, count: 1186764
CPU [0] UID 1002 comm: gen_fast, count: 1186946
CPU [0] UID 1002 comm: gen_fast, count: 1186964
CPU [0] UID 1002 comm: gen_fast, count: 1187064
CPU [0] UID 1002 comm: gen_fast, count: 1187212
CPU [0] UID 1002 comm: gen_fast, count: 1187264
CPU [0] UID 1002 comm: gen_fast, count: 1187364
CPU [0] UID 1002 comm: gen_fast, count: 1187465
CPU [0] UID 1002 comm: gen_fast, count: 1187564
CPU [0] UID 1002 comm: gen_fast, count: 1187664
CPU [0] UID 1002 comm: gen_fast, count: 1187862
CPU [0] UID 1002 comm: gen_fast, count: 1187864
CPU [0] UID 1002 comm: gen_fast, count: 1188015
CPU [0] UID 1002 comm: gen_fast, count: 1188064
CPU [0] UID 1002 comm: gen_fast, count: 1188164
CPU [0] UID 1002 comm: gen_fast, count: 1188264
CPU [0] UID 1002 comm: gen_fast, count: 1188402
CPU [0] UID 1002 comm: gen_fast, count: 1188464
CPU [0] UID 1002 comm: gen_fast, count: 1188564
CPU [0] UID 1002 comm: gen_fast, count: 1188664
CPU [0] UID 1002 comm: gen_fast, count: 1188764
CPU [0] UID 1002 comm: gen_fast, count: 1188864
CPU [0] UID 1002 comm: gen_fast, count: 1188964
CPU [0] UID 1002 comm: gen_fast, count: 1189113
CPU [0] UID 1002 comm: gen_fast, count: 1189164
CPU [0] UID 1002 comm: gen_fast, count: 1189314
CPU [0] UID 1002 comm: gen_fast, count: 1189364
CPU [0] UID 1002 comm: gen_fast, count: 1189582
CPU [0] UID 1002 comm: gen_fast, count: 1189582
CPU [0] UID 1002 comm: gen_fast, count: 1189664
CPU [0] UID 1002 comm: gen_fast, count: 1189838
CPU [0] UID 1002 comm: gen_fast, count: 1189864
CPU [0] UID 1002 comm: gen_fast, count: 1189964
CPU [0] UID 1002 comm: gen_fast, count: 1190065
CPU [0] UID 1002 comm: gen_fast, count: 1190186
CPU [0] UID 1002 comm: gen_fast, count: 1190265
CPU [0] UID 1002 comm: gen_fast, count: 1190387
CPU [0] UID 1002 comm: gen_fast, count: 1190496
CPU [0] UID 1002 comm: gen_fast, count: 1190654
CPU [0] UID 1002 comm: gen_fast, count: 1190664
CPU [0] UID 1002 comm: gen_fast, count: 1190764
CPU [0] UID 1002 comm: gen_fast, count: 1190864
CPU [0] UID 1002 comm: gen_fast, count: 1190964
CPU [0] UID 1002 comm: gen_fast, count: 1191070
CPU [0] UID 1002 comm: gen_fast, count: 1191218
CPU [0] UID 1002 comm: gen_fast, count: 1191270
CPU [0] UID 1002 comm: gen_fast, count: 1191364
CPU [0] UID 1002 comm: gen_fast, count: 1191464
CPU [0] UID 1002 comm: gen_fast, count: 1191619
CPU [0] UID 1002 comm: gen_fast, count: 1191680
CPU [0] UID 1002 comm: gen_fast, count: 1191764
CPU [0] UID 1002 comm: gen_fast, count: 1191923
CPU [0] UID 1002 comm: gen_fast, count: 1191964
CPU [0] UID 1002 comm: gen_fast, count: 1192135
CPU [0] UID 1002 comm: gen_fast, count: 1192164
CPU [0] UID 1002 comm: gen_fast, count: 1192276
CPU [0] UID 1002 comm: gen_fast, count: 1192364
CPU [0] UID 1002 comm: gen_fast, count: 1192464
CPU [0] UID 1002 comm: gen_fast, count: 1192570
CPU [0] UID 1002 comm: gen_fast, count: 1192664
CPU [0] UID 1002 comm: gen_fast, count: 1192764
CPU [0] UID 1002 comm: gen_fast, count: 1192882
CPU [0] UID 1002 comm: gen_fast, count: 1192997
CPU [0] UID 1002 comm: gen_fast, count: 1193064
CPU [0] UID 1002 comm: gen_fast, count: 1193256
CPU [0] UID 1002 comm: gen_fast, count: 1193264
CPU [0] UID 1002 comm: gen_fast, count: 1193391
CPU [0] UID 1002 comm: gen_fast, count: 1193535
CPU [0] UID 1002 comm: gen_fast, count: 1193564
CPU [0] UID 1002 comm: gen_fast, count: 1193720
CPU [0] UID 1002 comm: gen_fast, count: 1193764
CPU [0] UID 1002 comm: gen_fast, count: 1193907
CPU [0] UID 1002 comm: gen_fast, count: 1193964
CPU [0] UID 1002 comm: gen_fast, count: 1194079
CPU [0] UID 1002 comm: gen_fast, count: 1194176
CPU [0] UID 1002 comm: gen_fast, count: 1194293
CPU [0] UID 1002 comm: gen_fast, count: 1194364
CPU [0] UID 1002 comm: gen_fast, count: 1194464
CPU [0] UID 1002 comm: gen_fast, count: 1194564
CPU [0] UID 1002 comm: gen_fast, count: 1194696
CPU [0] UID 1002 comm: gen_fast, count: 1194764
CPU [0] UID 1002 comm: gen_fast, count: 1194870
CPU [0] UID 1002 comm: gen_fast, count: 1194964
CPU [0] UID 1002 comm: gen_fast, count: 1195080
CPU [0] UID 1002 comm: gen_fast, count: 1195164
CPU [0] UID 1002 comm: gen_fast, count: 1195373
CPU [0] UID 1002 comm: gen_fast, count: 1195373
CPU [0] UID 1002 comm: gen_fast, count: 1195528
CPU [0] UID 1002 comm: gen_fast, count: 1195564
CPU [0] UID 1002 comm: gen_fast, count: 1195664
CPU [0] UID 1002 comm: gen_fast, count: 1195799
CPU [0] UID 1002 comm: gen_fast, count: 1195907
CPU [0] UID 1002 comm: gen_fast, count: 1196024
CPU [0] UID 1002 comm: gen_fast, count: 1196064
CPU [0] UID 1002 comm: gen_fast, count: 1196164
CPU [0] UID 1002 comm: gen_fast, count: 1196264
CPU [0] UID 1002 comm: gen_fast, count: 1196393
CPU [0] UID 1002 comm: gen_fast, count: 1196512
CPU [0] UID 1002 comm: gen_fast, count: 1196564
CPU [0] UID 1002 comm: gen_fast, count: 1196770
CPU [0] UID 1002 comm: gen_fast, count: 1196770
CPU [0] UID 1002 comm: gen_fast, count: 1196911
CPU [0] UID 1002 comm: gen_fast, count: 1196993
CPU [0] UID 1002 comm: gen_fast, count: 1197134
CPU [0] UID 1002 comm: gen_fast, count: 1197164
CPU [0] UID 1002 comm: gen_fast, count: 1197293
CPU [0] UID 1002 comm: gen_fast, count: 1197425
CPU [0] UID 1002 comm: gen_fast, count: 1197464
CPU [0] UID 1002 comm: gen_fast, count: 1197638
CPU [0] UID 1002 comm: gen_fast, count: 1197664
CPU [0] UID 1002 comm: gen_fast, count: 1197825
CPU [0] UID 1002 comm: gen_fast, count: 1197922
CPU [0] UID 1002 comm: gen_fast, count: 1197964
CPU [0] UID 1002 comm: gen_fast, count: 1198159
CPU [0] UID 1002 comm: gen_fast, count: 1198164
CPU [0] UID 1002 comm: gen_fast, count: 1198320
CPU [0] UID 1002 comm: gen_fast, count: 1198364
CPU [0] UID 1002 comm: gen_fast, count: 1198464
CPU [0] UID 1002 comm: gen_fast, count: 1198602
CPU [0] UID 1002 comm: gen_fast, count: 1198664
CPU [0] UID 1002 comm: gen_fast, count: 1198804
CPU [0] UID 1002 comm: gen_fast, count: 1198942
CPU [0] UID 1002 comm: gen_fast, count: 1198964
CPU [0] UID 1002 comm: gen_fast, count: 1199070
CPU [0] UID 1002 comm: gen_fast, count: 1199164
CPU [0] UID 1002 comm: gen_fast, count: 1199264
CPU [0] UID 1002 comm: gen_fast, count: 1199384
CPU [0] UID 1002 comm: gen_fast, count: 1199557
CPU [0] UID 1002 comm: gen_fast, count: 1199564
CPU [0] UID 1002 comm: gen_fast, count: 1199664
CPU [0] UID 1002 comm: gen_fast, count: 1199764
CPU [0] UID 1002 comm: gen_fast, count: 1199948
CPU [0] UID 1002 comm: gen_fast, count: 1199964
CPU [0] UID 1002 comm: gen_fast, count: 1200064
CPU [0] UID 1002 comm: gen_fast, count: 1200253
CPU [0] UID 1002 comm: gen_fast, count: 1200264
CPU [0] UID 1002 comm: gen_fast, count: 1200484
CPU [0] UID 1002 comm: gen_fast, count: 1200484
CPU [0] UID 1002 comm: gen_fast, count: 1200564
CPU [0] UID 1002 comm: gen_fast, count: 1200697
CPU [0] UID 1002 comm: gen_fast, count: 1200785
CPU [0] UID 1002 comm: gen_fast, count: 1200981
CPU [0] UID 1002 comm: gen_fast, count: 1200981
CPU [0] UID 1002 comm: gen_fast, count: 1201064
CPU [0] UID 1002 comm: gen_fast, count: 1201182
CPU [0] UID 1002 comm: gen_fast, count: 1201266
CPU [0] UID 1002 comm: gen_fast, count: 1201405
CPU [0] UID 1002 comm: gen_fast, count: 1201612
CPU [0] UID 1002 comm: gen_fast, count: 1201612
CPU [0] UID 1002 comm: gen_fast, count: 1201664
CPU [0] UID 1002 comm: gen_fast, count: 1201859
CPU [0] UID 1002 comm: gen_fast, count: 1201864
CPU [0] UID 1002 comm: gen_fast, count: 1201964
CPU [0] UID 1002 comm: gen_fast, count: 1202102
CPU [0] UID 1002 comm: gen_fast, count: 1202164
CPU [0] UID 1002 comm: gen_fast, count: 1202307
CPU [0] UID 1002 comm: gen_fast, count: 1202390
CPU [0] UID 1002 comm: gen_fast, count: 1202586
CPU [0] UID 1002 comm: gen_fast, count: 1202586
CPU [0] UID 1002 comm: gen_fast, count: 1202778
CPU [0] UID 1002 comm: gen_fast, count: 1202778
CPU [0] UID 1002 comm: gen_fast, count: 1202864
CPU [0] UID 1002 comm: gen_fast, count: 1202964
CPU [0] UID 1002 comm: gen_fast, count: 1203149
CPU [0] UID 1002 comm: gen_fast, count: 1203164
CPU [0] UID 1002 comm: gen_fast, count: 1203393
CPU [0] UID 1002 comm: gen_fast, count: 1203393
CPU [0] UID 1002 comm: gen_fast, count: 1203464
CPU [0] UID 1002 comm: gen_fast, count: 1203632
CPU [0] UID 1002 comm: gen_fast, count: 1203664
CPU [0] UID 1002 comm: gen_fast, count: 1203788
CPU [0] UID 1002 comm: gen_fast, count: 1203872
CPU [0] UID 1002 comm: gen_fast, count: 1203964
CPU [0] UID 1002 comm: gen_fast, count: 1204129
CPU [0] UID 1002 comm: gen_fast, count: 1204164
CPU [0] UID 1002 comm: gen_fast, count: 1204302
CPU [0] UID 1002 comm: gen_fast, count: 1204364
CPU [0] UID 1002 comm: gen_fast, count: 1204508
CPU [0] UID 1002 comm: gen_fast, count: 1204595
CPU [0] UID 1002 comm: gen_fast, count: 1204677
CPU [0] UID 1002 comm: gen_fast, count: 1204764
CPU [0] UID 1002 comm: gen_fast, count: 1204864
CPU [0] UID 1002 comm: gen_fast, count: 1205007
CPU [0] UID 1002 comm: gen_fast, count: 1205203
CPU [0] UID 1002 comm: gen_fast, count: 1205203
CPU [0] UID 1002 comm: gen_fast, count: 1205384
CPU [0] UID 1002 comm: gen_fast, count: 1205384
CPU [0] UID 1002 comm: gen_fast, count: 1205464
CPU [0] UID 1002 comm: gen_fast, count: 1205622
CPU [0] UID 1002 comm: gen_fast, count: 1205664
CPU [0] UID 1002 comm: gen_fast, count: 1205764
CPU [0] UID 1002 comm: gen_fast, count: 1205864
CPU [0] UID 1002 comm: gen_fast, count: 1205966
CPU [0] UID 1002 comm: gen_fast, count: 1206091
CPU [0] UID 1002 comm: gen_fast, count: 1206279
CPU [0] UID 1002 comm: gen_fast, count: 1206279
CPU [0] UID 1002 comm: gen_fast, count: 1206370
CPU [0] UID 1002 comm: gen_fast, count: 1206565
CPU [0] UID 1002 comm: gen_fast, count: 1206565
CPU [0] UID 1002 comm: gen_fast, count: 1206664
CPU [0] UID 1002 comm: gen_fast, count: 1206806
CPU [0] UID 1002 comm: gen_fast, count: 1206864
CPU [0] UID 1002 comm: gen_fast, count: 1206964
CPU [0] UID 1002 comm: gen_fast, count: 1207064
CPU [0] UID 1002 comm: gen_fast, count: 1207164
CPU [0] UID 1002 comm: gen_fast, count: 1207334
CPU [0] UID 1002 comm: gen_fast, count: 1207364
CPU [0] UID 1002 comm: gen_fast, count: 1207556
CPU [0] UID 1002 comm: gen_fast, count: 1207564
CPU [0] UID 1002 comm: gen_fast, count: 1207738
CPU [0] UID 1002 comm: gen_fast, count: 1207764
CPU [0] UID 1002 comm: gen_fast, count: 1207864
CPU [0] UID 1002 comm: gen_fast, count: 1207964
CPU [0] UID 1002 comm: gen_fast, count: 1208089
CPU [0] UID 1002 comm: gen_fast, count: 1208164
CPU [0] UID 1002 comm: gen_fast, count: 1208264
CPU [0] UID 1002 comm: gen_fast, count: 1208364
CPU [0] UID 1002 comm: gen_fast, count: 1208464
CPU [0] UID 1002 comm: gen_fast, count: 1208627
CPU [0] UID 1002 comm: gen_fast, count: 1208664
CPU [0] UID 1002 comm: gen_fast, count: 1208826
CPU [0] UID 1002 comm: gen_fast, count: 1208864
CPU [0] UID 1002 comm: gen_fast, count: 1208982
CPU [0] UID 1002 comm: gen_fast, count: 1209157
CPU [0] UID 1002 comm: gen_fast, count: 1209164
CPU [0] UID 1002 comm: gen_fast, count: 1209271
CPU [0] UID 1002 comm: gen_fast, count: 1209364
CPU [0] UID 1002 comm: gen_fast, count: 1209498
CPU [0] UID 1002 comm: gen_fast, count: 1209564
CPU [0] UID 1002 comm: gen_fast, count: 1209664
CPU [0] UID 1002 comm: gen_fast, count: 1209764
CPU [0] UID 1002 comm: gen_fast, count: 1209870
CPU [0] UID 1002 comm: gen_fast, count: 1210003
CPU [0] UID 1002 comm: gen_fast, count: 1210076
CPU [0] UID 1002 comm: gen_fast, count: 1210164
CPU [0] UID 1002 comm: gen_fast, count: 1210264
CPU [0] UID 1002 comm: gen_fast, count: 1210364
CPU [0] UID 1002 comm: gen_fast, count: 1210476
CPU [0] UID 1002 comm: gen_fast, count: 1210676
CPU [0] UID 1002 comm: gen_fast, count: 1210676
CPU [0] UID 1002 comm: gen_fast, count: 1210764
CPU [0] UID 1002 comm: gen_fast, count: 1210864
CPU [0] UID 1002 comm: gen_fast, count: 1211028
CPU [0] UID 1002 comm: gen_fast, count: 1211064
CPU [0] UID 1002 comm: gen_fast, count: 1211239
CPU [0] UID 1002 comm: gen_fast, count: 1211264
CPU [0] UID 1002 comm: gen_fast, count: 1211379
CPU [0] UID 1002 comm: gen_fast, count: 1211528
CPU [0] UID 1002 comm: gen_fast, count: 1211564
CPU [0] UID 1002 comm: gen_fast, count: 1211664
CPU [0] UID 1002 comm: gen_fast, count: 1211842
CPU [0] UID 1002 comm: gen_fast, count: 1211929
CPU [0] UID 1002 comm: gen_fast, count: 1211964
CPU [0] UID 1002 comm: gen_fast, count: 1212075
CPU [0] UID 1002 comm: gen_fast, count: 1212188
CPU [0] UID 1002 comm: gen_fast, count: 1212363
CPU [0] UID 1002 comm: gen_fast, count: 1212364
CPU [0] UID 1002 comm: gen_fast, count: 1212568
CPU [0] UID 1002 comm: gen_fast, count: 1212568
CPU [0] UID 1002 comm: gen_fast, count: 1212664
CPU [0] UID 1002 comm: gen_fast, count: 1212797
CPU [0] UID 1002 comm: gen_fast, count: 1212864
CPU [0] UID 1002 comm: gen_fast, count: 1213027
CPU [0] UID 1002 comm: gen_fast, count: 1213064
CPU [0] UID 1002 comm: gen_fast, count: 1213251
CPU [0] UID 1002 comm: gen_fast, count: 1213264
CPU [0] UID 1002 comm: gen_fast, count: 1213364
CPU [0] UID 1002 comm: gen_fast, count: 1213472
CPU [0] UID 1002 comm: gen_fast, count: 1213657
CPU [0] UID 1002 comm: gen_fast, count: 1213664
CPU [0] UID 1002 comm: gen_fast, count: 1213764
CPU [0] UID 1002 comm: gen_fast, count: 1213864
CPU [0] UID 1002 comm: gen_fast, count: 1214077
CPU [0] UID 1002 comm: gen_fast, count: 1214077
CPU [0] UID 1002 comm: gen_fast, count: 1214164
CPU [0] UID 1002 comm: gen_fast, count: 1214264
CPU [0] UID 1002 comm: gen_fast, count: 1214388
CPU [0] UID 1002 comm: gen_fast, count: 1214487
CPU [0] UID 1002 comm: gen_fast, count: 1214631
CPU [0] UID 1002 comm: gen_fast, count: 1214664
CPU [0] UID 1002 comm: gen_fast, count: 1214767
CPU [0] UID 1002 comm: gen_fast, count: 1214962
CPU [0] UID 1002 comm: gen_fast, count: 1214964
CPU [0] UID 1002 comm: gen_fast, count: 1215182
CPU [0] UID 1002 comm: gen_fast, count: 1215182
CPU [0] UID 1002 comm: gen_fast, count: 1215264
CPU [0] UID 1002 comm: gen_fast, count: 1215364
CPU [0] UID 1002 comm: gen_fast, count: 1215464
CPU [0] UID 1002 comm: gen_fast, count: 1215564
CPU [0] UID 1002 comm: gen_fast, count: 1215672
CPU [0] UID 1002 comm: gen_fast, count: 1215764
CPU [0] UID 1002 comm: gen_fast, count: 1215867
CPU [0] UID 1002 comm: gen_fast, count: 1215974
CPU [0] UID 1002 comm: gen_fast, count: 1216073
CPU [0] UID 1002 comm: gen_fast, count: 1216164
CPU [0] UID 1002 comm: gen_fast, count: 1216360
CPU [0] UID 1002 comm: gen_fast, count: 1216364
CPU [0] UID 1002 comm: gen_fast, count: 1216589
CPU [0] UID 1002 comm: gen_fast, count: 1216589
CPU [0] UID 1002 comm: gen_fast, count: 1216775
CPU [0] UID 1002 comm: gen_fast, count: 1216775
CPU [0] UID 1002 comm: gen_fast, count: 1216864
CPU [0] UID 1002 comm: gen_fast, count: 1217085
CPU [0] UID 1002 comm: gen_fast, count: 1217085
CPU [0] UID 1002 comm: gen_fast, count: 1217164
CPU [0] UID 1002 comm: gen_fast, count: 1217264
CPU [0] UID 1002 comm: gen_fast, count: 1217410
CPU [0] UID 1002 comm: gen_fast, count: 1217464
CPU [0] UID 1002 comm: gen_fast, count: 1217651
CPU [0] UID 1002 comm: gen_fast, count: 1217664
CPU [0] UID 1002 comm: gen_fast, count: 1217835
CPU [0] UID 1002 comm: gen_fast, count: 1217864
CPU [0] UID 1002 comm: gen_fast, count: 1217964
CPU [0] UID 1002 comm: gen_fast, count: 1218081
CPU [0] UID 1002 comm: gen_fast, count: 1218168
CPU [0] UID 1002 comm: gen_fast, count: 1218373
CPU [0] UID 1002 comm: gen_fast, count: 1218373
CPU [0] UID 1002 comm: gen_fast, count: 1218464
CPU [0] UID 1002 comm: gen_fast, count: 1218564
CPU [0] UID 1002 comm: gen_fast, count: 1218697
CPU [0] UID 1002 comm: gen_fast, count: 1218856
CPU [0] UID 1002 comm: gen_fast, count: 1218864
CPU [0] UID 1002 comm: gen_fast, count: 1218968
CPU [0] UID 1002 comm: gen_fast, count: 1219064
CPU [0] UID 1002 comm: gen_fast, count: 1219164
CPU [0] UID 1002 comm: gen_fast, count: 1219313
CPU [0] UID 1002 comm: gen_fast, count: 1219364
CPU [0] UID 1002 comm: gen_fast, count: 1219478
CPU [0] UID 1002 comm: gen_fast, count: 1219611
CPU [0] UID 1002 comm: gen_fast, count: 1219688
CPU [0] UID 1002 comm: gen_fast, count: 1219764
CPU [0] UID 1002 comm: gen_fast, count: 1219899
CPU [0] UID 1002 comm: gen_fast, count: 1220089
CPU [0] UID 1002 comm: gen_fast, count: 1220089
CPU [0] UID 1002 comm: gen_fast, count: 1220245
CPU [0] UID 1002 comm: gen_fast, count: 1220264
CPU [0] UID 1002 comm: gen_fast, count: 1220364
CPU [0] UID 1002 comm: gen_fast, count: 1220510
CPU [0] UID 1002 comm: gen_fast, count: 1220564
CPU [0] UID 1002 comm: gen_fast, count: 1220664
CPU [0] UID 1002 comm: gen_fast, count: 1220802
CPU [0] UID 1002 comm: gen_fast, count: 1220864
CPU [0] UID 1002 comm: gen_fast, count: 1220964
CPU [0] UID 1002 comm: gen_fast, count: 1221120
CPU [0] UID 1002 comm: gen_fast, count: 1221164
CPU [0] UID 1002 comm: gen_fast, count: 1221264
CPU [0] UID 1002 comm: gen_fast, count: 1221364
CPU [0] UID 1002 comm: gen_fast, count: 1221518
CPU [0] UID 1002 comm: gen_fast, count: 1221564
CPU [0] UID 1002 comm: gen_fast, count: 1221682
CPU [0] UID 1002 comm: gen_fast, count: 1221764
CPU [0] UID 1002 comm: gen_fast, count: 1221864
CPU [0] UID 1002 comm: gen_fast, count: 1221997
CPU [0] UID 1002 comm: gen_fast, count: 1222064
CPU [0] UID 1002 comm: gen_fast, count: 1222233
CPU [0] UID 1002 comm: gen_fast, count: 1222264
CPU [0] UID 1002 comm: gen_fast, count: 1222470
CPU [0] UID 1002 comm: gen_fast, count: 1222470
CPU [0] UID 1002 comm: gen_fast, count: 1222577
CPU [0] UID 1002 comm: gen_fast, count: 1222664
CPU [0] UID 1002 comm: gen_fast, count: 1222764
CPU [0] UID 1002 comm: gen_fast, count: 1222864
CPU [0] UID 1002 comm: gen_fast, count: 1222969
CPU [0] UID 1002 comm: gen_fast, count: 1223096
CPU [0] UID 1002 comm: gen_fast, count: 1223164
CPU [0] UID 1002 comm: gen_fast, count: 1223264
CPU [0] UID 1002 comm: gen_fast, count: 1223387
CPU [0] UID 1002 comm: gen_fast, count: 1223470
CPU [0] UID 1002 comm: gen_fast, count: 1223564
CPU [0] UID 1002 comm: gen_fast, count: 1223664
CPU [0] UID 1002 comm: gen_fast, count: 1223764
CPU [0] UID 1002 comm: gen_fast, count: 1224012
CPU [0] UID 1002 comm: gen_fast, count: 1224012
CPU [0] UID 1002 comm: gen_fast, count: 1224064
CPU [0] UID 1002 comm: gen_fast, count: 1224204
CPU [0] UID 1002 comm: gen_fast, count: 1224264
CPU [0] UID 1002 comm: gen_fast, count: 1224448
CPU [0] UID 1002 comm: gen_fast, count: 1224464
CPU [0] UID 1002 comm: gen_fast, count: 1224564
CPU [0] UID 1002 comm: gen_fast, count: 1224706
CPU [0] UID 1002 comm: gen_fast, count: 1224764
CPU [0] UID 1002 comm: gen_fast, count: 1224972
CPU [0] UID 1002 comm: gen_fast, count: 1224972
CPU [0] UID 1002 comm: gen_fast, count: 1225064
CPU [0] UID 1002 comm: gen_fast, count: 1225167
CPU [0] UID 1002 comm: gen_fast, count: 1225264
CPU [0] UID 1002 comm: gen_fast, count: 1225400
CPU [0] UID 1002 comm: gen_fast, count: 1225483
CPU [0] UID 1002 comm: gen_fast, count: 1225662
CPU [0] UID 1002 comm: gen_fast, count: 1225664
CPU [0] UID 1002 comm: gen_fast, count: 1225805
CPU [0] UID 1002 comm: gen_fast, count: 1225864
CPU [0] UID 1002 comm: gen_fast, count: 1225985
CPU [0] UID 1002 comm: gen_fast, count: 1226064
CPU [0] UID 1002 comm: gen_fast, count: 1226164
CPU [0] UID 1002 comm: gen_fast, count: 1226264
CPU [0] UID 1002 comm: gen_fast, count: 1226383
CPU [0] UID 1002 comm: gen_fast, count: 1226464
CPU [0] UID 1002 comm: gen_fast, count: 1226564
CPU [0] UID 1002 comm: gen_fast, count: 1226684
CPU [0] UID 1002 comm: gen_fast, count: 1226766
CPU [0] UID 1002 comm: gen_fast, count: 1226974
CPU [0] UID 1002 comm: gen_fast, count: 1226974
CPU [0] UID 1002 comm: gen_fast, count: 1227136
CPU [0] UID 1002 comm: gen_fast, count: 1227164
CPU [0] UID 1002 comm: gen_fast, count: 1227365
CPU [0] UID 1002 comm: gen_fast, count: 1227365
CPU [0] UID 1002 comm: gen_fast, count: 1227464
CPU [0] UID 1002 comm: gen_fast, count: 1227564
CPU [0] UID 1002 comm: gen_fast, count: 1227686
CPU [0] UID 1002 comm: gen_fast, count: 1227780
CPU [0] UID 1002 comm: gen_fast, count: 1227864
CPU [0] UID 1002 comm: gen_fast, count: 1227992
CPU [0] UID 1002 comm: gen_fast, count: 1228093
CPU [0] UID 1002 comm: gen_fast, count: 1228164
CPU [0] UID 1002 comm: gen_fast, count: 1228316
CPU [0] UID 1002 comm: gen_fast, count: 1228364
CPU [0] UID 1002 comm: gen_fast, count: 1228491
CPU [0] UID 1002 comm: gen_fast, count: 1228564
CPU [0] UID 1002 comm: gen_fast, count: 1228771
CPU [0] UID 1002 comm: gen_fast, count: 1228771
CPU [0] UID 1002 comm: gen_fast, count: 1228864
CPU [0] UID 1002 comm: gen_fast, count: 1229026
CPU [0] UID 1002 comm: gen_fast, count: 1229165
CPU [0] UID 1002 comm: gen_fast, count: 1229165
CPU [0] UID 1002 comm: gen_fast, count: 1229367
CPU [0] UID 1002 comm: gen_fast, count: 1229367
CPU [0] UID 1002 comm: gen_fast, count: 1229550
CPU [0] UID 1002 comm: gen_fast, count: 1229564
CPU [0] UID 1002 comm: gen_fast, count: 1229664
CPU [0] UID 1002 comm: gen_fast, count: 1229764
CPU [0] UID 1002 comm: gen_fast, count: 1229864
CPU [0] UID 1002 comm: gen_fast, count: 1229964
CPU [0] UID 1002 comm: gen_fast, count: 1230087
CPU [0] UID 1002 comm: gen_fast, count: 1230168
CPU [0] UID 1002 comm: gen_fast, count: 1230284
CPU [0] UID 1002 comm: gen_fast, count: 1230426
CPU [0] UID 1002 comm: gen_fast, count: 1230464
CPU [0] UID 1002 comm: gen_fast, count: 1230678
CPU [0] UID 1002 comm: gen_fast, count: 1230678
CPU [0] UID 1002 comm: gen_fast, count: 1230866
CPU [0] UID 1002 comm: gen_fast, count: 1230866
CPU [0] UID 1002 comm: gen_fast, count: 1231043
CPU [0] UID 1002 comm: gen_fast, count: 1231064
CPU [0] UID 1002 comm: gen_fast, count: 1231187
CPU [0] UID 1002 comm: gen_fast, count: 1231264
CPU [0] UID 1002 comm: gen_fast, count: 1231364
CPU [0] UID 1002 comm: gen_fast, count: 1231545
CPU [0] UID 1002 comm: gen_fast, count: 1231564
CPU [0] UID 1002 comm: gen_fast, count: 1231665
CPU [0] UID 1002 comm: gen_fast, count: 1231797
CPU [0] UID 1002 comm: gen_fast, count: 1231883
CPU [0] UID 1002 comm: gen_fast, count: 1231964
CPU [0] UID 1002 comm: gen_fast, count: 1232064
CPU [0] UID 1002 comm: gen_fast, count: 1232164
CPU [0] UID 1002 comm: gen_fast, count: 1232321
CPU [0] UID 1002 comm: gen_fast, count: 1232434
CPU [0] UID 1002 comm: gen_fast, count: 1232464
CPU [0] UID 1002 comm: gen_fast, count: 1232564
CPU [0] UID 1002 comm: gen_fast, count: 1232664
CPU [0] UID 1002 comm: gen_fast, count: 1232770
CPU [0] UID 1002 comm: gen_fast, count: 1232894
CPU [0] UID 1002 comm: gen_fast, count: 1233070
CPU [0] UID 1002 comm: gen_fast, count: 1233070
CPU [0] UID 1002 comm: gen_fast, count: 1233189
CPU [0] UID 1002 comm: gen_fast, count: 1233281
CPU [0] UID 1002 comm: gen_fast, count: 1233364
CPU [0] UID 1002 comm: gen_fast, count: 1233490
CPU [0] UID 1002 comm: gen_fast, count: 1233592
CPU [0] UID 1002 comm: gen_fast, count: 1233736
CPU [0] UID 1002 comm: gen_fast, count: 1233764
CPU [0] UID 1002 comm: gen_fast, count: 1233945
CPU [0] UID 1002 comm: gen_fast, count: 1233997
CPU [0] UID 1002 comm: gen_fast, count: 1234064
CPU [0] UID 1002 comm: gen_fast, count: 1234164
CPU [0] UID 1002 comm: gen_fast, count: 1234264
CPU [0] UID 1002 comm: gen_fast, count: 1234421
CPU [0] UID 1002 comm: gen_fast, count: 1234475
CPU [0] UID 1002 comm: gen_fast, count: 1234564
CPU [0] UID 1002 comm: gen_fast, count: 1234669
CPU [0] UID 1002 comm: gen_fast, count: 1234786
CPU [0] UID 1002 comm: gen_fast, count: 1234896
CPU [0] UID 1002 comm: gen_fast, count: 1234964
CPU [0] UID 1002 comm: gen_fast, count: 1235075
CPU [0] UID 1002 comm: gen_fast, count: 1235233
CPU [0] UID 1002 comm: gen_fast, count: 1235264
CPU [0] UID 1002 comm: gen_fast, count: 1235364
CPU [0] UID 1002 comm: gen_fast, count: 1235477
CPU [0] UID 1002 comm: gen_fast, count: 1235651
CPU [0] UID 1002 comm: gen_fast, count: 1235664
CPU [0] UID 1002 comm: gen_fast, count: 1235788
CPU [0] UID 1002 comm: gen_fast, count: 1235864
CPU [0] UID 1002 comm: gen_fast, count: 1236010
CPU [0] UID 1002 comm: gen_fast, count: 1236140
CPU [0] UID 1002 comm: gen_fast, count: 1236164
CPU [0] UID 1002 comm: gen_fast, count: 1236283
CPU [0] UID 1002 comm: gen_fast, count: 1236463
CPU [0] UID 1002 comm: gen_fast, count: 1236464
CPU [0] UID 1002 comm: gen_fast, count: 1236616
CPU [0] UID 1002 comm: gen_fast, count: 1236756
CPU [0] UID 1002 comm: gen_fast, count: 1236764
CPU [0] UID 1002 comm: gen_fast, count: 1236924
CPU [0] UID 1002 comm: gen_fast, count: 1236964
CPU [0] UID 1002 comm: gen_fast, count: 1237085
CPU [0] UID 1002 comm: gen_fast, count: 1237231
CPU [0] UID 1002 comm: gen_fast, count: 1237297
CPU [0] UID 1002 comm: gen_fast, count: 1237375
CPU [0] UID 1002 comm: gen_fast, count: 1237492
CPU [0] UID 1002 comm: gen_fast, count: 1237564
CPU [0] UID 1002 comm: gen_fast, count: 1237664
CPU [0] UID 1002 comm: gen_fast, count: 1237764
CPU [0] UID 1002 comm: gen_fast, count: 1237880
CPU [0] UID 1002 comm: gen_fast, count: 1237995
CPU [0] UID 1002 comm: gen_fast, count: 1238108
CPU [0] UID 1002 comm: gen_fast, count: 1238251
CPU [0] UID 1002 comm: gen_fast, count: 1238264
CPU [0] UID 1002 comm: gen_fast, count: 1238389
CPU [0] UID 1002 comm: gen_fast, count: 1238494
CPU [0] UID 1002 comm: gen_fast, count: 1238564
CPU [0] UID 1002 comm: gen_fast, count: 1238664
CPU [0] UID 1002 comm: gen_fast, count: 1238770
CPU [0] UID 1002 comm: gen_fast, count: 1238864
CPU [0] UID 1002 comm: gen_fast, count: 1238994
CPU [0] UID 1002 comm: gen_fast, count: 1239069
CPU [0] UID 1002 comm: gen_fast, count: 1239164
CPU [0] UID 1002 comm: gen_fast, count: 1239264
CPU [0] UID 1002 comm: gen_fast, count: 1239387
CPU [0] UID 1002 comm: gen_fast, count: 1239464
CPU [0] UID 1002 comm: gen_fast, count: 1239597
CPU [0] UID 1002 comm: gen_fast, count: 1239671
CPU [0] UID 1002 comm: gen_fast, count: 1239764
CPU [0] UID 1002 comm: gen_fast, count: 1239898
CPU [0] UID 1002 comm: gen_fast, count: 1239964
CPU [0] UID 1002 comm: gen_fast, count: 1240071
CPU [0] UID 1002 comm: gen_fast, count: 1240210
CPU [0] UID 1002 comm: gen_fast, count: 1240264
CPU [0] UID 1002 comm: gen_fast, count: 1240364
CPU [0] UID 1002 comm: gen_fast, count: 1240477
CPU [0] UID 1002 comm: gen_fast, count: 1240582
CPU [0] UID 1002 comm: gen_fast, count: 1240733
CPU [0] UID 1002 comm: gen_fast, count: 1240764
CPU [0] UID 1002 comm: gen_fast, count: 1240891
CPU [0] UID 1002 comm: gen_fast, count: 1240964
CPU [0] UID 1002 comm: gen_fast, count: 1241064
CPU [0] UID 1002 comm: gen_fast, count: 1241174
CPU [0] UID 1002 comm: gen_fast, count: 1241264
CPU [0] UID 1002 comm: gen_fast, count: 1241385
CPU [0] UID 1002 comm: gen_fast, count: 1241474
CPU [0] UID 1002 comm: gen_fast, count: 1241639
CPU [0] UID 1002 comm: gen_fast, count: 1241664
CPU [0] UID 1002 comm: gen_fast, count: 1241776
CPU [0] UID 1002 comm: gen_fast, count: 1241867
CPU [0] UID 1002 comm: gen_fast, count: 1242013
CPU [0] UID 1002 comm: gen_fast, count: 1242064
CPU [0] UID 1002 comm: gen_fast, count: 1242193
CPU [0] UID 1002 comm: gen_fast, count: 1242341
CPU [0] UID 1002 comm: gen_fast, count: 1242364
CPU [0] UID 1002 comm: gen_fast, count: 1242532
CPU [0] UID 1002 comm: gen_fast, count: 1242564
CPU [0] UID 1002 comm: gen_fast, count: 1242697
CPU [0] UID 1002 comm: gen_fast, count: 1242764
CPU [0] UID 1002 comm: gen_fast, count: 1242864
CPU [0] UID 1002 comm: gen_fast, count: 1242975
CPU [0] UID 1002 comm: gen_fast, count: 1243089
CPU [0] UID 1002 comm: gen_fast, count: 1243197
CPU [0] UID 1002 comm: gen_fast, count: 1243264
CPU [0] UID 1002 comm: gen_fast, count: 1243364
CPU [0] UID 1002 comm: gen_fast, count: 1243464
CPU [0] UID 1002 comm: gen_fast, count: 1243590
CPU [0] UID 1002 comm: gen_fast, count: 1243681
CPU [0] UID 1002 comm: gen_fast, count: 1243791
CPU [0] UID 1002 comm: gen_fast, count: 1243937
CPU [0] UID 1002 comm: gen_fast, count: 1243964
CPU [0] UID 1002 comm: gen_fast, count: 1244158
CPU [0] UID 1002 comm: gen_fast, count: 1244164
CPU [0] UID 1002 comm: gen_fast, count: 1244282
CPU [0] UID 1002 comm: gen_fast, count: 1244392
CPU [0] UID 1002 comm: gen_fast, count: 1244519
CPU [0] UID 1002 comm: gen_fast, count: 1244564
CPU [0] UID 1002 comm: gen_fast, count: 1244743
CPU [0] UID 1002 comm: gen_fast, count: 1244764
CPU [0] UID 1002 comm: gen_fast, count: 1244914
CPU [0] UID 1002 comm: gen_fast, count: 1244998
CPU [0] UID 1002 comm: gen_fast, count: 1245064
CPU [0] UID 1002 comm: gen_fast, count: 1245256
CPU [0] UID 1002 comm: gen_fast, count: 1245264
CPU [0] UID 1002 comm: gen_fast, count: 1245425
CPU [0] UID 1002 comm: gen_fast, count: 1245464
CPU [0] UID 1002 comm: gen_fast, count: 1245599
CPU [0] UID 1002 comm: gen_fast, count: 1245669
CPU [0] UID 1002 comm: gen_fast, count: 1245796
CPU [0] UID 1002 comm: gen_fast, count: 1245864
CPU [0] UID 1002 comm: gen_fast, count: 1245968
CPU [0] UID 1002 comm: gen_fast, count: 1246064
CPU [0] UID 1002 comm: gen_fast, count: 1246164
CPU [0] UID 1002 comm: gen_fast, count: 1246264
CPU [0] UID 1002 comm: gen_fast, count: 1246364
CPU [0] UID 1002 comm: gen_fast, count: 1246464
CPU [0] UID 1002 comm: gen_fast, count: 1246564
CPU [0] UID 1002 comm: gen_fast, count: 1246664
CPU [0] UID 1002 comm: gen_fast, count: 1246764
CPU [0] UID 1002 comm: gen_fast, count: 1246958
CPU [0] UID 1002 comm: gen_fast, count: 1246964
CPU [0] UID 1002 comm: gen_fast, count: 1247088
CPU [0] UID 1002 comm: gen_fast, count: 1247164
CPU [0] UID 1002 comm: gen_fast, count: 1247264
CPU [0] UID 1002 comm: gen_fast, count: 1247364
CPU [0] UID 1002 comm: gen_fast, count: 1247495
CPU [0] UID 1002 comm: gen_fast, count: 1247586
CPU [0] UID 1002 comm: gen_fast, count: 1247697
CPU [0] UID 1002 comm: gen_fast, count: 1247802
CPU [0] UID 1002 comm: gen_fast, count: 1247880
CPU [0] UID 1002 comm: gen_fast, count: 1247997
CPU [0] UID 1002 comm: gen_fast, count: 1248139
CPU [0] UID 1002 comm: gen_fast, count: 1248196
CPU [0] UID 1002 comm: gen_fast, count: 1248264
CPU [0] UID 1002 comm: gen_fast, count: 1248449
CPU [0] UID 1002 comm: gen_fast, count: 1248464
CPU [0] UID 1002 comm: gen_fast, count: 1248653
CPU [0] UID 1002 comm: gen_fast, count: 1248664
CPU [0] UID 1002 comm: gen_fast, count: 1248808
CPU [0] UID 1002 comm: gen_fast, count: 1248864
CPU [0] UID 1002 comm: gen_fast, count: 1248975
CPU [0] UID 1002 comm: gen_fast, count: 1249064
CPU [0] UID 1002 comm: gen_fast, count: 1249260
CPU [0] UID 1002 comm: gen_fast, count: 1249264
CPU [0] UID 1002 comm: gen_fast, count: 1249364
CPU [0] UID 1002 comm: gen_fast, count: 1249464
CPU [0] UID 1002 comm: gen_fast, count: 1249590
CPU [0] UID 1002 comm: gen_fast, count: 1249664
CPU [0] UID 1002 comm: gen_fast, count: 1249849
CPU [0] UID 1002 comm: gen_fast, count: 1249864
CPU [0] UID 1002 comm: gen_fast, count: 1250049
CPU [0] UID 1002 comm: gen_fast, count: 1250064
CPU [0] UID 1002 comm: gen_fast, count: 1250164
CPU [0] UID 1002 comm: gen_fast, count: 1250264
CPU [0] UID 1002 comm: gen_fast, count: 1250467
CPU [0] UID 1002 comm: gen_fast, count: 1250467
CPU [0] UID 1002 comm: gen_fast, count: 1250598
CPU [0] UID 1002 comm: gen_fast, count: 1250664
CPU [0] UID 1002 comm: gen_fast, count: 1250874
CPU [0] UID 1002 comm: gen_fast, count: 1250874
CPU [0] UID 1002 comm: gen_fast, count: 1251070
CPU [0] UID 1002 comm: gen_fast, count: 1251070
CPU [0] UID 1002 comm: gen_fast, count: 1251164
CPU [0] UID 1002 comm: gen_fast, count: 1251268
CPU [0] UID 1002 comm: gen_fast, count: 1251404
CPU [0] UID 1002 comm: gen_fast, count: 1251476
CPU [0] UID 1002 comm: gen_fast, count: 1251639
CPU [0] UID 1002 comm: gen_fast, count: 1251699
CPU [0] UID 1002 comm: gen_fast, count: 1251768
CPU [0] UID 1002 comm: gen_fast, count: 1251864
CPU [0] UID 1002 comm: gen_fast, count: 1251964
CPU [0] UID 1002 comm: gen_fast, count: 1252064
CPU [0] UID 1002 comm: gen_fast, count: 1252171
CPU [0] UID 1002 comm: gen_fast, count: 1252264
CPU [0] UID 1002 comm: gen_fast, count: 1252366
CPU [0] UID 1002 comm: gen_fast, count: 1252472
CPU [0] UID 1002 comm: gen_fast, count: 1252591
CPU [0] UID 1002 comm: gen_fast, count: 1252664
CPU [0] UID 1002 comm: gen_fast, count: 1252764
CPU [0] UID 1002 comm: gen_fast, count: 1252864
CPU [0] UID 1002 comm: gen_fast, count: 1252978
CPU [0] UID 1002 comm: gen_fast, count: 1253064
CPU [0] UID 1002 comm: gen_fast, count: 1253164
CPU [0] UID 1002 comm: gen_fast, count: 1253282
CPU [0] UID 1002 comm: gen_fast, count: 1253364
CPU [0] UID 1002 comm: gen_fast, count: 1253464
CPU [0] UID 1002 comm: gen_fast, count: 1253564
CPU [0] UID 1002 comm: gen_fast, count: 1253697
CPU [0] UID 1002 comm: gen_fast, count: 1253764
CPU [0] UID 1002 comm: gen_fast, count: 1253864
CPU [0] UID 1002 comm: gen_fast, count: 1254006
CPU [0] UID 1002 comm: gen_fast, count: 1254093
CPU [0] UID 1002 comm: gen_fast, count: 1254176
CPU [0] UID 1002 comm: gen_fast, count: 1254264
CPU [0] UID 1002 comm: gen_fast, count: 1254364
CPU [0] UID 1002 comm: gen_fast, count: 1254464
CPU [0] UID 1002 comm: gen_fast, count: 1254571
CPU [0] UID 1002 comm: gen_fast, count: 1254664
CPU [0] UID 1002 comm: gen_fast, count: 1254764
CPU [0] UID 1002 comm: gen_fast, count: 1254958
CPU [0] UID 1002 comm: gen_fast, count: 1254964
CPU [0] UID 1002 comm: gen_fast, count: 1255110
CPU [0] UID 1002 comm: gen_fast, count: 1255164
CPU [0] UID 1002 comm: gen_fast, count: 1255264
CPU [0] UID 1002 comm: gen_fast, count: 1255390
CPU [0] UID 1002 comm: gen_fast, count: 1255601
CPU [0] UID 1002 comm: gen_fast, count: 1255601
CPU [0] UID 1002 comm: gen_fast, count: 1255664
CPU [0] UID 1002 comm: gen_fast, count: 1255764
CPU [0] UID 1002 comm: gen_fast, count: 1255864
CPU [0] UID 1002 comm: gen_fast, count: 1255991
CPU [0] UID 1002 comm: gen_fast, count: 1256064
CPU [0] UID 1002 comm: gen_fast, count: 1256184
CPU [0] UID 1002 comm: gen_fast, count: 1256264
CPU [0] UID 1002 comm: gen_fast, count: 1256364
CPU [0] UID 1002 comm: gen_fast, count: 1256464
CPU [0] UID 1002 comm: gen_fast, count: 1256608
CPU [0] UID 1002 comm: gen_fast, count: 1256701
CPU [0] UID 1002 comm: gen_fast, count: 1256764
CPU [0] UID 1002 comm: gen_fast, count: 1256916
CPU [0] UID 1002 comm: gen_fast, count: 1256964
CPU [0] UID 1002 comm: gen_fast, count: 1257097
CPU [0] UID 1002 comm: gen_fast, count: 1257164
CPU [0] UID 1002 comm: gen_fast, count: 1257347
CPU [0] UID 1002 comm: gen_fast, count: 1257364
CPU [0] UID 1002 comm: gen_fast, count: 1257495
CPU [0] UID 1002 comm: gen_fast, count: 1257584
CPU [0] UID 1002 comm: gen_fast, count: 1257677
CPU [0] UID 1002 comm: gen_fast, count: 1257764
CPU [0] UID 1002 comm: gen_fast, count: 1257903
CPU [0] UID 1002 comm: gen_fast, count: 1257995
CPU [0] UID 1002 comm: gen_fast, count: 1258064
CPU [0] UID 1002 comm: gen_fast, count: 1258167
CPU [0] UID 1002 comm: gen_fast, count: 1258264
CPU [0] UID 1002 comm: gen_fast, count: 1258364
CPU [0] UID 1002 comm: gen_fast, count: 1258475
CPU [0] UID 1002 comm: gen_fast, count: 1258564
CPU [0] UID 1002 comm: gen_fast, count: 1258664
CPU [0] UID 1002 comm: gen_fast, count: 1258764
CPU [0] UID 1002 comm: gen_fast, count: 1258935
CPU [0] UID 1002 comm: gen_fast, count: 1259031
CPU [0] UID 1002 comm: gen_fast, count: 1259064
CPU [0] UID 1002 comm: gen_fast, count: 1259229
CPU [0] UID 1002 comm: gen_fast, count: 1259264
CPU [0] UID 1002 comm: gen_fast, count: 1259369
CPU [0] UID 1002 comm: gen_fast, count: 1259464
CPU [0] UID 1002 comm: gen_fast, count: 1259657
CPU [0] UID 1002 comm: gen_fast, count: 1259664
CPU [0] UID 1002 comm: gen_fast, count: 1259764
CPU [0] UID 1002 comm: gen_fast, count: 1259911
CPU [0] UID 1002 comm: gen_fast, count: 1259964
CPU [0] UID 1002 comm: gen_fast, count: 1260150
CPU [0] UID 1002 comm: gen_fast, count: 1260164
CPU [0] UID 1002 comm: gen_fast, count: 1260307
CPU [0] UID 1002 comm: gen_fast, count: 1260364
CPU [0] UID 1002 comm: gen_fast, count: 1260494
CPU [0] UID 1002 comm: gen_fast, count: 1260564
CPU [0] UID 1002 comm: gen_fast, count: 1260697
CPU [0] UID 1002 comm: gen_fast, count: 1260780
CPU [0] UID 1002 comm: gen_fast, count: 1260866
CPU [0] UID 1002 comm: gen_fast, count: 1260964
CPU [0] UID 1002 comm: gen_fast, count: 1261166
CPU [0] UID 1002 comm: gen_fast, count: 1261166
CPU [0] UID 1002 comm: gen_fast, count: 1261264
CPU [0] UID 1002 comm: gen_fast, count: 1261364
CPU [0] UID 1002 comm: gen_fast, count: 1261509
CPU [0] UID 1002 comm: gen_fast, count: 1261593
CPU [0] UID 1002 comm: gen_fast, count: 1261794
CPU [0] UID 1002 comm: gen_fast, count: 1261794
CPU [0] UID 1002 comm: gen_fast, count: 1261864
CPU [0] UID 1002 comm: gen_fast, count: 1261964
CPU [0] UID 1002 comm: gen_fast, count: 1262103
CPU [0] UID 1002 comm: gen_fast, count: 1262290
CPU [0] UID 1002 comm: gen_fast, count: 1262290
CPU [0] UID 1002 comm: gen_fast, count: 1262364
CPU [0] UID 1002 comm: gen_fast, count: 1262528
CPU [0] UID 1002 comm: gen_fast, count: 1262564
CPU [0] UID 1002 comm: gen_fast, count: 1262664
CPU [0] UID 1002 comm: gen_fast, count: 1262827
CPU [0] UID 1002 comm: gen_fast, count: 1262864
CPU [0] UID 1002 comm: gen_fast, count: 1263061
CPU [0] UID 1002 comm: gen_fast, count: 1263064
CPU [0] UID 1002 comm: gen_fast, count: 1263164
CPU [0] UID 1002 comm: gen_fast, count: 1263264
CPU [0] UID 1002 comm: gen_fast, count: 1263457
CPU [0] UID 1002 comm: gen_fast, count: 1263464
CPU [0] UID 1002 comm: gen_fast, count: 1263567
CPU [0] UID 1002 comm: gen_fast, count: 1263676
CPU [0] UID 1002 comm: gen_fast, count: 1263764
CPU [0] UID 1002 comm: gen_fast, count: 1263874
CPU [0] UID 1002 comm: gen_fast, count: 1264075
CPU [0] UID 1002 comm: gen_fast, count: 1264075
CPU [0] UID 1002 comm: gen_fast, count: 1264164
CPU [0] UID 1002 comm: gen_fast, count: 1264264
CPU [0] UID 1002 comm: gen_fast, count: 1264415
CPU [0] UID 1002 comm: gen_fast, count: 1264464
CPU [0] UID 1002 comm: gen_fast, count: 1264564
CPU [0] UID 1002 comm: gen_fast, count: 1264682
CPU [0] UID 1002 comm: gen_fast, count: 1264888
CPU [0] UID 1002 comm: gen_fast, count: 1264888
CPU [0] UID 1002 comm: gen_fast, count: 1264964
CPU [0] UID 1002 comm: gen_fast, count: 1265082
CPU [0] UID 1002 comm: gen_fast, count: 1265165
CPU [0] UID 1002 comm: gen_fast, count: 1265359
CPU [0] UID 1002 comm: gen_fast, count: 1265364
CPU [0] UID 1002 comm: gen_fast, count: 1265535
CPU [0] UID 1002 comm: gen_fast, count: 1265564
CPU [0] UID 1002 comm: gen_fast, count: 1265664
CPU [0] UID 1002 comm: gen_fast, count: 1265912
CPU [0] UID 1002 comm: gen_fast, count: 1265912
CPU [0] UID 1002 comm: gen_fast, count: 1266090
CPU [0] UID 1002 comm: gen_fast, count: 1266090
CPU [0] UID 1002 comm: gen_fast, count: 1266164
CPU [0] UID 1002 comm: gen_fast, count: 1266301
CPU [0] UID 1002 comm: gen_fast, count: 1266446
CPU [0] UID 1002 comm: gen_fast, count: 1266464
CPU [0] UID 1002 comm: gen_fast, count: 1266564
CPU [0] UID 1002 comm: gen_fast, count: 1266774
CPU [0] UID 1002 comm: gen_fast, count: 1266774
CPU [0] UID 1002 comm: gen_fast, count: 1266913
CPU [0] UID 1002 comm: gen_fast, count: 1266982
CPU [0] UID 1002 comm: gen_fast, count: 1267151
CPU [0] UID 1002 comm: gen_fast, count: 1267164
CPU [0] UID 1002 comm: gen_fast, count: 1267370
CPU [0] UID 1002 comm: gen_fast, count: 1267370
CPU [0] UID 1002 comm: gen_fast, count: 1267515
CPU [0] UID 1002 comm: gen_fast, count: 1267665
CPU [0] UID 1002 comm: gen_fast, count: 1267665
CPU [0] UID 1002 comm: gen_fast, count: 1267858
CPU [0] UID 1002 comm: gen_fast, count: 1267864
CPU [0] UID 1002 comm: gen_fast, count: 1267964
CPU [0] UID 1002 comm: gen_fast, count: 1268103
CPU [0] UID 1002 comm: gen_fast, count: 1268164
CPU [0] UID 1002 comm: gen_fast, count: 1268340
CPU [0] UID 1002 comm: gen_fast, count: 1268364
CPU [0] UID 1002 comm: gen_fast, count: 1268464
CPU [0] UID 1002 comm: gen_fast, count: 1268564
CPU [0] UID 1002 comm: gen_fast, count: 1268692
CPU [0] UID 1002 comm: gen_fast, count: 1268888
CPU [0] UID 1002 comm: gen_fast, count: 1268888
CPU [0] UID 1002 comm: gen_fast, count: 1268977
CPU [0] UID 1002 comm: gen_fast, count: 1269064
CPU [0] UID 1002 comm: gen_fast, count: 1269164
CPU [0] UID 1002 comm: gen_fast, count: 1269277
CPU [0] UID 1002 comm: gen_fast, count: 1269392
CPU [0] UID 1002 comm: gen_fast, count: 1269464
CPU [0] UID 1002 comm: gen_fast, count: 1269564
CPU [0] UID 1002 comm: gen_fast, count: 1269715
CPU [0] UID 1002 comm: gen_fast, count: 1269764
CPU [0] UID 1002 comm: gen_fast, count: 1269968
CPU [0] UID 1002 comm: gen_fast, count: 1269968
CPU [0] UID 1002 comm: gen_fast, count: 1270064
CPU [0] UID 1002 comm: gen_fast, count: 1270198
CPU [0] UID 1002 comm: gen_fast, count: 1270264
CPU [0] UID 1002 comm: gen_fast, count: 1270364
CPU [0] UID 1002 comm: gen_fast, count: 1270592
CPU [0] UID 1002 comm: gen_fast, count: 1270592
CPU [0] UID 1002 comm: gen_fast, count: 1270664
CPU [0] UID 1002 comm: gen_fast, count: 1270783
CPU [0] UID 1002 comm: gen_fast, count: 1270981
CPU [0] UID 1002 comm: gen_fast, count: 1270981
CPU [0] UID 1002 comm: gen_fast, count: 1271064
CPU [0] UID 1002 comm: gen_fast, count: 1271236
CPU [0] UID 1002 comm: gen_fast, count: 1271309
CPU [0] UID 1002 comm: gen_fast, count: 1271386
CPU [0] UID 1002 comm: gen_fast, count: 1271464
CPU [0] UID 1002 comm: gen_fast, count: 1271564
CPU [0] UID 1002 comm: gen_fast, count: 1271755
CPU [0] UID 1002 comm: gen_fast, count: 1271764
CPU [0] UID 1002 comm: gen_fast, count: 1271864
CPU [0] UID 1002 comm: gen_fast, count: 1272013
CPU [0] UID 1002 comm: gen_fast, count: 1272064
CPU [0] UID 1002 comm: gen_fast, count: 1272236
CPU [0] UID 1002 comm: gen_fast, count: 1272264
CPU [0] UID 1002 comm: gen_fast, count: 1272369
CPU [0] UID 1002 comm: gen_fast, count: 1272571
CPU [0] UID 1002 comm: gen_fast, count: 1272571
CPU [0] UID 1002 comm: gen_fast, count: 1272664
CPU [0] UID 1002 comm: gen_fast, count: 1272764
CPU [0] UID 1002 comm: gen_fast, count: 1272864
CPU [0] UID 1002 comm: gen_fast, count: 1272964
CPU [0] UID 1002 comm: gen_fast, count: 1273064
CPU [0] UID 1002 comm: gen_fast, count: 1273203
CPU [0] UID 1002 comm: gen_fast, count: 1273264
CPU [0] UID 1002 comm: gen_fast, count: 1273366
CPU [0] UID 1002 comm: gen_fast, count: 1273513
CPU [0] UID 1002 comm: gen_fast, count: 1273712
CPU [0] UID 1002 comm: gen_fast, count: 1273712
CPU [0] UID 1002 comm: gen_fast, count: 1273764
CPU [0] UID 1002 comm: gen_fast, count: 1273884
CPU [0] UID 1002 comm: gen_fast, count: 1273984
CPU [0] UID 1002 comm: gen_fast, count: 1274183
CPU [0] UID 1002 comm: gen_fast, count: 1274183
CPU [0] UID 1002 comm: gen_fast, count: 1274281
CPU [0] UID 1002 comm: gen_fast, count: 1274381
CPU [0] UID 1002 comm: gen_fast, count: 1274464
CPU [0] UID 1002 comm: gen_fast, count: 1274564
CPU [0] UID 1002 comm: gen_fast, count: 1274692
CPU [0] UID 1002 comm: gen_fast, count: 1274764
CPU [0] UID 1002 comm: gen_fast, count: 1274864
CPU [0] UID 1002 comm: gen_fast, count: 1274975
CPU [0] UID 1002 comm: gen_fast, count: 1275064
CPU [0] UID 1002 comm: gen_fast, count: 1275164
CPU [0] UID 1002 comm: gen_fast, count: 1275346
CPU [0] UID 1002 comm: gen_fast, count: 1275448
CPU [0] UID 1002 comm: gen_fast, count: 1275464
CPU [0] UID 1002 comm: gen_fast, count: 1275571
CPU [0] UID 1002 comm: gen_fast, count: 1275751
CPU [0] UID 1002 comm: gen_fast, count: 1275764
CPU [0] UID 1002 comm: gen_fast, count: 1275891
CPU [0] UID 1002 comm: gen_fast, count: 1276096
CPU [0] UID 1002 comm: gen_fast, count: 1276096
CPU [0] UID 1002 comm: gen_fast, count: 1276164
CPU [0] UID 1002 comm: gen_fast, count: 1276297
CPU [0] UID 1002 comm: gen_fast, count: 1276364
CPU [0] UID 1002 comm: gen_fast, count: 1276520
CPU [0] UID 1002 comm: gen_fast, count: 1276564
CPU [0] UID 1002 comm: gen_fast, count: 1276664
CPU [0] UID 1002 comm: gen_fast, count: 1276769
CPU [0] UID 1002 comm: gen_fast, count: 1276902
CPU [0] UID 1002 comm: gen_fast, count: 1276981
CPU [0] UID 1002 comm: gen_fast, count: 1277064
CPU [0] UID 1002 comm: gen_fast, count: 1277164
CPU [0] UID 1002 comm: gen_fast, count: 1277264
CPU [0] UID 1002 comm: gen_fast, count: 1277364
CPU [0] UID 1002 comm: gen_fast, count: 1277475
CPU [0] UID 1002 comm: gen_fast, count: 1277616
CPU [0] UID 1002 comm: gen_fast, count: 1277664
CPU [0] UID 1002 comm: gen_fast, count: 1277804
CPU [0] UID 1002 comm: gen_fast, count: 1277864
CPU [0] UID 1002 comm: gen_fast, count: 1277964
CPU [0] UID 1002 comm: gen_fast, count: 1278082
CPU [0] UID 1002 comm: gen_fast, count: 1278197
CPU [0] UID 1002 comm: gen_fast, count: 1278264
CPU [0] UID 1002 comm: gen_fast, count: 1278385
CPU [0] UID 1002 comm: gen_fast, count: 1278464
CPU [0] UID 1002 comm: gen_fast, count: 1278603
CPU [0] UID 1002 comm: gen_fast, count: 1278686
CPU [0] UID 1002 comm: gen_fast, count: 1278795
CPU [0] UID 1002 comm: gen_fast, count: 1278945
CPU [0] UID 1002 comm: gen_fast, count: 1278964
CPU [0] UID 1002 comm: gen_fast, count: 1279084
CPU [0] UID 1002 comm: gen_fast, count: 1279164
CPU [0] UID 1002 comm: gen_fast, count: 1279278
CPU [0] UID 1002 comm: gen_fast, count: 1279364
CPU [0] UID 1002 comm: gen_fast, count: 1279464
CPU [0] UID 1002 comm: gen_fast, count: 1279576
CPU [0] UID 1002 comm: gen_fast, count: 1279664
CPU [0] UID 1002 comm: gen_fast, count: 1279804
CPU [0] UID 1002 comm: gen_fast, count: 1279864
CPU [0] UID 1002 comm: gen_fast, count: 1280054
CPU [0] UID 1002 comm: gen_fast, count: 1280064
CPU [0] UID 1002 comm: gen_fast, count: 1280278
CPU [0] UID 1002 comm: gen_fast, count: 1280278
CPU [0] UID 1002 comm: gen_fast, count: 1280364
CPU [0] UID 1002 comm: gen_fast, count: 1280531
CPU [0] UID 1002 comm: gen_fast, count: 1280564
CPU [0] UID 1002 comm: gen_fast, count: 1280764
CPU [0] UID 1002 comm: gen_fast, count: 1280764
CPU [0] UID 1002 comm: gen_fast, count: 1280881
CPU [0] UID 1002 comm: gen_fast, count: 1280979
CPU [0] UID 1002 comm: gen_fast, count: 1281142
CPU [0] UID 1002 comm: gen_fast, count: 1281164
CPU [0] UID 1002 comm: gen_fast, count: 1281285
CPU [0] UID 1002 comm: gen_fast, count: 1281473
CPU [0] UID 1002 comm: gen_fast, count: 1281473
CPU [0] UID 1002 comm: gen_fast, count: 1281571
CPU [0] UID 1002 comm: gen_fast, count: 1281664
CPU [0] UID 1002 comm: gen_fast, count: 1281788
CPU [0] UID 1002 comm: gen_fast, count: 1281940
CPU [0] UID 1002 comm: gen_fast, count: 1281964
CPU [0] UID 1002 comm: gen_fast, count: 1282091
CPU [0] UID 1002 comm: gen_fast, count: 1282164
CPU [0] UID 1002 comm: gen_fast, count: 1282343
CPU [0] UID 1002 comm: gen_fast, count: 1282396
CPU [0] UID 1002 comm: gen_fast, count: 1282464
CPU [0] UID 1002 comm: gen_fast, count: 1282588
CPU [0] UID 1002 comm: gen_fast, count: 1282664
CPU [0] UID 1002 comm: gen_fast, count: 1282779
CPU [0] UID 1002 comm: gen_fast, count: 1282938
CPU [0] UID 1002 comm: gen_fast, count: 1282964
CPU [0] UID 1002 comm: gen_fast, count: 1283089
CPU [0] UID 1002 comm: gen_fast, count: 1283164
CPU [0] UID 1002 comm: gen_fast, count: 1283285
CPU [0] UID 1002 comm: gen_fast, count: 1283364
CPU [0] UID 1002 comm: gen_fast, count: 1283537
CPU [0] UID 1002 comm: gen_fast, count: 1283564
CPU [0] UID 1002 comm: gen_fast, count: 1283688
CPU [0] UID 1002 comm: gen_fast, count: 1283764
CPU [0] UID 1002 comm: gen_fast, count: 1283864
CPU [0] UID 1002 comm: gen_fast, count: 1284074
CPU [0] UID 1002 comm: gen_fast, count: 1284074
CPU [0] UID 1002 comm: gen_fast, count: 1284164
CPU [0] UID 1002 comm: gen_fast, count: 1284264
CPU [0] UID 1002 comm: gen_fast, count: 1284368
CPU [0] UID 1002 comm: gen_fast, count: 1284483
CPU [0] UID 1002 comm: gen_fast, count: 1284564
CPU [0] UID 1002 comm: gen_fast, count: 1284769
CPU [0] UID 1002 comm: gen_fast, count: 1284769
CPU [0] UID 1002 comm: gen_fast, count: 1284920
CPU [0] UID 1002 comm: gen_fast, count: 1284964
CPU [0] UID 1002 comm: gen_fast, count: 1285077
CPU [0] UID 1002 comm: gen_fast, count: 1285218
CPU [0] UID 1002 comm: gen_fast, count: 1285264
CPU [0] UID 1002 comm: gen_fast, count: 1285364
CPU [0] UID 1002 comm: gen_fast, count: 1285464
CPU [0] UID 1002 comm: gen_fast, count: 1285587
CPU [0] UID 1002 comm: gen_fast, count: 1285664
CPU [0] UID 1002 comm: gen_fast, count: 1285876
CPU [0] UID 1002 comm: gen_fast, count: 1285876
CPU [0] UID 1002 comm: gen_fast, count: 1286026
CPU [0] UID 1002 comm: gen_fast, count: 1286064
CPU [0] UID 1002 comm: gen_fast, count: 1286296
CPU [0] UID 1002 comm: gen_fast, count: 1286296
CPU [0] UID 1002 comm: gen_fast, count: 1286364
CPU [0] UID 1002 comm: gen_fast, count: 1286578
CPU [0] UID 1002 comm: gen_fast, count: 1286578
CPU [0] UID 1002 comm: gen_fast, count: 1286664
CPU [0] UID 1002 comm: gen_fast, count: 1286847
CPU [0] UID 1002 comm: gen_fast, count: 1286864
CPU [0] UID 1002 comm: gen_fast, count: 1287120
CPU [0] UID 1002 comm: gen_fast, count: 1287120
CPU [0] UID 1002 comm: gen_fast, count: 1287164
CPU [0] UID 1002 comm: gen_fast, count: 1287299
CPU [0] UID 1002 comm: gen_fast, count: 1287433
CPU [0] UID 1002 comm: gen_fast, count: 1287464
CPU [0] UID 1002 comm: gen_fast, count: 1287564
CPU [0] UID 1002 comm: gen_fast, count: 1287676
CPU [0] UID 1002 comm: gen_fast, count: 1287779
CPU [0] UID 1002 comm: gen_fast, count: 1287864
CPU [0] UID 1002 comm: gen_fast, count: 1287965
CPU [0] UID 1002 comm: gen_fast, count: 1288088
CPU [0] UID 1002 comm: gen_fast, count: 1288165
CPU [0] UID 1002 comm: gen_fast, count: 1288293
CPU [0] UID 1002 comm: gen_fast, count: 1288470
CPU [0] UID 1002 comm: gen_fast, count: 1288470
CPU [0] UID 1002 comm: gen_fast, count: 1288640
CPU [0] UID 1002 comm: gen_fast, count: 1288664
CPU [0] UID 1002 comm: gen_fast, count: 1288791
CPU [0] UID 1002 comm: gen_fast, count: 1288864
CPU [0] UID 1002 comm: gen_fast, count: 1288965
CPU [0] UID 1002 comm: gen_fast, count: 1289105
CPU [0] UID 1002 comm: gen_fast, count: 1289223
CPU [0] UID 1002 comm: gen_fast, count: 1289365
CPU [0] UID 1002 comm: gen_fast, count: 1289365
CPU [0] UID 1002 comm: gen_fast, count: 1289464
CPU [0] UID 1002 comm: gen_fast, count: 1289591
CPU [0] UID 1002 comm: gen_fast, count: 1289678
CPU [0] UID 1002 comm: gen_fast, count: 1289893
CPU [0] UID 1002 comm: gen_fast, count: 1289893
CPU [0] UID 1002 comm: gen_fast, count: 1289964
CPU [0] UID 1002 comm: gen_fast, count: 1290088
CPU [0] UID 1002 comm: gen_fast, count: 1290164
CPU [0] UID 1002 comm: gen_fast, count: 1290290
CPU [0] UID 1002 comm: gen_fast, count: 1290409
CPU [0] UID 1002 comm: gen_fast, count: 1290573
CPU [0] UID 1002 comm: gen_fast, count: 1290573
CPU [0] UID 1002 comm: gen_fast, count: 1290679
CPU [0] UID 1002 comm: gen_fast, count: 1290838
CPU [0] UID 1002 comm: gen_fast, count: 1290864
CPU [0] UID 1002 comm: gen_fast, count: 1290989
CPU [0] UID 1002 comm: gen_fast, count: 1291104
CPU [0] UID 1002 comm: gen_fast, count: 1291249
CPU [0] UID 1002 comm: gen_fast, count: 1291264
CPU [0] UID 1002 comm: gen_fast, count: 1291391
CPU [0] UID 1002 comm: gen_fast, count: 1291469
CPU [0] UID 1002 comm: gen_fast, count: 1291626
CPU [0] UID 1002 comm: gen_fast, count: 1291664
CPU [0] UID 1002 comm: gen_fast, count: 1291764
CPU [0] UID 1002 comm: gen_fast, count: 1291878
CPU [0] UID 1002 comm: gen_fast, count: 1291964
CPU [0] UID 1002 comm: gen_fast, count: 1292064
CPU [0] UID 1002 comm: gen_fast, count: 1292174
CPU [0] UID 1002 comm: gen_fast, count: 1292335
CPU [0] UID 1002 comm: gen_fast, count: 1292364
CPU [0] UID 1002 comm: gen_fast, count: 1292464
CPU [0] UID 1002 comm: gen_fast, count: 1292564
CPU [0] UID 1002 comm: gen_fast, count: 1292664
CPU [0] UID 1002 comm: gen_fast, count: 1292791
CPU [0] UID 1002 comm: gen_fast, count: 1292941
CPU [0] UID 1002 comm: gen_fast, count: 1292964
CPU [0] UID 1002 comm: gen_fast, count: 1293064
CPU [0] UID 1002 comm: gen_fast, count: 1293271
CPU [0] UID 1002 comm: gen_fast, count: 1293271
CPU [0] UID 1002 comm: gen_fast, count: 1293399
CPU [0] UID 1002 comm: gen_fast, count: 1293546
CPU [0] UID 1002 comm: gen_fast, count: 1293564
CPU [0] UID 1002 comm: gen_fast, count: 1293693
CPU [0] UID 1002 comm: gen_fast, count: 1293764
CPU [0] UID 1002 comm: gen_fast, count: 1293864
CPU [0] UID 1002 comm: gen_fast, count: 1293964
CPU [0] UID 1002 comm: gen_fast, count: 1294082
CPU [0] UID 1002 comm: gen_fast, count: 1294187
CPU [0] UID 1002 comm: gen_fast, count: 1294322
CPU [0] UID 1002 comm: gen_fast, count: 1294454
CPU [0] UID 1002 comm: gen_fast, count: 1294527
CPU [0] UID 1002 comm: gen_fast, count: 1294564
CPU [0] UID 1002 comm: gen_fast, count: 1294664
CPU [0] UID 1002 comm: gen_fast, count: 1294856
CPU [0] UID 1002 comm: gen_fast, count: 1294864
CPU [0] UID 1002 comm: gen_fast, count: 1295031
CPU [0] UID 1002 comm: gen_fast, count: 1295064
CPU [0] UID 1002 comm: gen_fast, count: 1295164
CPU [0] UID 1002 comm: gen_fast, count: 1295290
CPU [0] UID 1002 comm: gen_fast, count: 1295391
CPU [0] UID 1002 comm: gen_fast, count: 1295464
CPU [0] UID 1002 comm: gen_fast, count: 1295564
CPU [0] UID 1002 comm: gen_fast, count: 1295698
CPU [0] UID 1002 comm: gen_fast, count: 1295768
CPU [0] UID 1002 comm: gen_fast, count: 1295864
CPU [0] UID 1002 comm: gen_fast, count: 1295964
CPU [0] UID 1002 comm: gen_fast, count: 1296181
CPU [0] UID 1002 comm: gen_fast, count: 1296181
CPU [0] UID 1002 comm: gen_fast, count: 1296322
CPU [0] UID 1002 comm: gen_fast, count: 1296364
CPU [0] UID 1002 comm: gen_fast, count: 1296464
CPU [0] UID 1002 comm: gen_fast, count: 1296575
CPU [0] UID 1002 comm: gen_fast, count: 1296664
CPU [0] UID 1002 comm: gen_fast, count: 1296811
CPU [0] UID 1002 comm: gen_fast, count: 1296864
CPU [0] UID 1002 comm: gen_fast, count: 1297013
CPU [0] UID 1002 comm: gen_fast, count: 1297064
CPU [0] UID 1002 comm: gen_fast, count: 1297220
CPU [0] UID 1002 comm: gen_fast, count: 1297264
CPU [0] UID 1002 comm: gen_fast, count: 1297473
CPU [0] UID 1002 comm: gen_fast, count: 1297473
CPU [0] UID 1002 comm: gen_fast, count: 1297564
CPU [0] UID 1002 comm: gen_fast, count: 1297695
CPU [0] UID 1002 comm: gen_fast, count: 1297774
CPU [0] UID 1002 comm: gen_fast, count: 1297916
CPU [0] UID 1002 comm: gen_fast, count: 1297964
CPU [0] UID 1002 comm: gen_fast, count: 1298064
CPU [0] UID 1002 comm: gen_fast, count: 1298259
CPU [0] UID 1002 comm: gen_fast, count: 1298264
CPU [0] UID 1002 comm: gen_fast, count: 1298369
CPU [0] UID 1002 comm: gen_fast, count: 1298510
CPU [0] UID 1002 comm: gen_fast, count: 1298564
CPU [0] UID 1002 comm: gen_fast, count: 1298664
CPU [0] UID 1002 comm: gen_fast, count: 1298778
CPU [0] UID 1002 comm: gen_fast, count: 1298864
CPU [0] UID 1002 comm: gen_fast, count: 1299001
CPU [0] UID 1002 comm: gen_fast, count: 1299084
CPU [0] UID 1002 comm: gen_fast, count: 1299164
CPU [0] UID 1002 comm: gen_fast, count: 1299265
CPU [0] UID 1002 comm: gen_fast, count: 1299364
CPU [0] UID 1002 comm: gen_fast, count: 1299546
CPU [0] UID 1002 comm: gen_fast, count: 1299564
CPU [0] UID 1002 comm: gen_fast, count: 1299729
CPU [0] UID 1002 comm: gen_fast, count: 1299844
CPU [0] UID 1002 comm: gen_fast, count: 1299864
CPU [0] UID 1002 comm: gen_fast, count: 1299974
CPU [0] UID 1002 comm: gen_fast, count: 1300064
CPU [0] UID 1002 comm: gen_fast, count: 1300223
CPU [0] UID 1002 comm: gen_fast, count: 1300264
CPU [0] UID 1002 comm: gen_fast, count: 1300364
CPU [0] UID 1002 comm: gen_fast, count: 1300464
CPU [0] UID 1002 comm: gen_fast, count: 1300580
CPU [0] UID 1002 comm: gen_fast, count: 1300679
CPU [0] UID 1002 comm: gen_fast, count: 1300795
CPU [0] UID 1002 comm: gen_fast, count: 1300864
CPU [0] UID 1002 comm: gen_fast, count: 1300964
CPU [0] UID 1002 comm: gen_fast, count: 1301064
CPU [0] UID 1002 comm: gen_fast, count: 1301164
CPU [0] UID 1002 comm: gen_fast, count: 1301264
CPU [0] UID 1002 comm: gen_fast, count: 1301462
CPU [0] UID 1002 comm: gen_fast, count: 1301464
CPU [0] UID 1002 comm: gen_fast, count: 1301590
CPU [0] UID 1002 comm: gen_fast, count: 1301748
CPU [0] UID 1002 comm: gen_fast, count: 1301764
CPU [0] UID 1002 comm: gen_fast, count: 1301896
CPU [0] UID 1002 comm: gen_fast, count: 1301964
CPU [0] UID 1002 comm: gen_fast, count: 1302075
CPU [0] UID 1002 comm: gen_fast, count: 1302164
CPU [0] UID 1002 comm: gen_fast, count: 1302264
CPU [0] UID 1002 comm: gen_fast, count: 1302364
CPU [0] UID 1002 comm: gen_fast, count: 1302539
CPU [0] UID 1002 comm: gen_fast, count: 1302564
CPU [0] UID 1002 comm: gen_fast, count: 1302677
CPU [0] UID 1002 comm: gen_fast, count: 1302787
CPU [0] UID 1002 comm: gen_fast, count: 1302885
CPU [0] UID 1002 comm: gen_fast, count: 1303022
CPU [0] UID 1002 comm: gen_fast, count: 1303064
CPU [0] UID 1002 comm: gen_fast, count: 1303189
CPU [0] UID 1002 comm: gen_fast, count: 1303264
CPU [0] UID 1002 comm: gen_fast, count: 1303378
CPU [0] UID 1002 comm: gen_fast, count: 1303572
CPU [0] UID 1002 comm: gen_fast, count: 1303572
CPU [0] UID 1002 comm: gen_fast, count: 1303770
CPU [0] UID 1002 comm: gen_fast, count: 1303770
CPU [0] UID 1002 comm: gen_fast, count: 1303864
CPU [0] UID 1002 comm: gen_fast, count: 1304030
CPU [0] UID 1002 comm: gen_fast, count: 1304064
CPU [0] UID 1002 comm: gen_fast, count: 1304219
CPU [0] UID 1002 comm: gen_fast, count: 1304306
CPU [0] UID 1002 comm: gen_fast, count: 1304364
CPU [0] UID 1002 comm: gen_fast, count: 1304464
CPU [0] UID 1002 comm: gen_fast, count: 1304571
CPU [0] UID 1002 comm: gen_fast, count: 1304664
CPU [0] UID 1002 comm: gen_fast, count: 1304810
CPU [0] UID 1002 comm: gen_fast, count: 1304874
CPU [0] UID 1002 comm: gen_fast, count: 1304964
CPU [0] UID 1002 comm: gen_fast, count: 1305064
CPU [0] UID 1002 comm: gen_fast, count: 1305187
CPU [0] UID 1002 comm: gen_fast, count: 1305355
CPU [0] UID 1002 comm: gen_fast, count: 1305364
CPU [0] UID 1002 comm: gen_fast, count: 1305517
CPU [0] UID 1002 comm: gen_fast, count: 1305564
CPU [0] UID 1002 comm: gen_fast, count: 1305675
CPU [0] UID 1002 comm: gen_fast, count: 1305846
CPU [0] UID 1002 comm: gen_fast, count: 1305864
CPU [0] UID 1002 comm: gen_fast, count: 1305979
CPU [0] UID 1002 comm: gen_fast, count: 1306064
CPU [0] UID 1002 comm: gen_fast, count: 1306164
CPU [0] UID 1002 comm: gen_fast, count: 1306273
CPU [0] UID 1002 comm: gen_fast, count: 1306454
CPU [0] UID 1002 comm: gen_fast, count: 1306464
CPU [0] UID 1002 comm: gen_fast, count: 1306645
CPU [0] UID 1002 comm: gen_fast, count: 1306664
CPU [0] UID 1002 comm: gen_fast, count: 1306764
CPU [0] UID 1002 comm: gen_fast, count: 1306877
CPU [0] UID 1002 comm: gen_fast, count: 1306964
CPU [0] UID 1002 comm: gen_fast, count: 1307064
CPU [0] UID 1002 comm: gen_fast, count: 1307185
CPU [0] UID 1002 comm: gen_fast, count: 1307264
CPU [0] UID 1002 comm: gen_fast, count: 1307364
CPU [0] UID 1002 comm: gen_fast, count: 1307464
CPU [0] UID 1002 comm: gen_fast, count: 1307573
CPU [0] UID 1002 comm: gen_fast, count: 1307664
CPU [0] UID 1002 comm: gen_fast, count: 1307764
CPU [0] UID 1002 comm: gen_fast, count: 1307887
CPU [0] UID 1002 comm: gen_fast, count: 1307974
CPU [0] UID 1002 comm: gen_fast, count: 1308064
CPU [0] UID 1002 comm: gen_fast, count: 1308164
CPU [0] UID 1002 comm: gen_fast, count: 1308264
CPU [0] UID 1002 comm: gen_fast, count: 1308412
CPU [0] UID 1002 comm: gen_fast, count: 1308464
CPU [0] UID 1002 comm: gen_fast, count: 1308564
CPU [0] UID 1002 comm: gen_fast, count: 1308664
CPU [0] UID 1002 comm: gen_fast, count: 1308776
CPU [0] UID 1002 comm: gen_fast, count: 1308968
CPU [0] UID 1002 comm: gen_fast, count: 1308968
CPU [0] UID 1002 comm: gen_fast, count: 1309155
CPU [0] UID 1002 comm: gen_fast, count: 1309164
CPU [0] UID 1002 comm: gen_fast, count: 1309346
CPU [0] UID 1002 comm: gen_fast, count: 1309364
CPU [0] UID 1002 comm: gen_fast, count: 1309591
CPU [0] UID 1002 comm: gen_fast, count: 1309591
CPU [0] UID 1002 comm: gen_fast, count: 1309664
CPU [0] UID 1002 comm: gen_fast, count: 1309844
CPU [0] UID 1002 comm: gen_fast, count: 1309864
CPU [0] UID 1002 comm: gen_fast, count: 1309964
CPU [0] UID 1002 comm: gen_fast, count: 1310064
CPU [0] UID 1002 comm: gen_fast, count: 1310164
CPU [0] UID 1002 comm: gen_fast, count: 1310264
CPU [0] UID 1002 comm: gen_fast, count: 1310364
CPU [0] UID 1002 comm: gen_fast, count: 1310464
CPU [0] UID 1002 comm: gen_fast, count: 1310598
CPU [0] UID 1002 comm: gen_fast, count: 1310664
CPU [0] UID 1002 comm: gen_fast, count: 1310764
CPU [0] UID 1002 comm: gen_fast, count: 1310864
CPU [0] UID 1002 comm: gen_fast, count: 1310964
CPU [0] UID 1002 comm: gen_fast, count: 1311064
CPU [0] UID 1002 comm: gen_fast, count: 1311164
CPU [0] UID 1002 comm: gen_fast, count: 1311264
CPU [0] UID 1002 comm: gen_fast, count: 1311378
CPU [0] UID 1002 comm: gen_fast, count: 1311483
CPU [0] UID 1002 comm: gen_fast, count: 1311564
CPU [0] UID 1002 comm: gen_fast, count: 1311664
CPU [0] UID 1002 comm: gen_fast, count: 1311793
CPU [0] UID 1002 comm: gen_fast, count: 1312003
CPU [0] UID 1002 comm: gen_fast, count: 1312003
CPU [0] UID 1002 comm: gen_fast, count: 1312064
CPU [0] UID 1002 comm: gen_fast, count: 1312164
CPU [0] UID 1002 comm: gen_fast, count: 1312264
CPU [0] UID 1002 comm: gen_fast, count: 1312416
CPU [0] UID 1002 comm: gen_fast, count: 1312464
CPU [0] UID 1002 comm: gen_fast, count: 1312564
CPU [0] UID 1002 comm: gen_fast, count: 1312664
CPU [0] UID 1002 comm: gen_fast, count: 1312764
CPU [0] UID 1002 comm: gen_fast, count: 1312864
CPU [0] UID 1002 comm: gen_fast, count: 1312986
CPU [0] UID 1002 comm: gen_fast, count: 1313064
CPU [0] UID 1002 comm: gen_fast, count: 1313164
CPU [0] UID 1002 comm: gen_fast, count: 1313345
CPU [0] UID 1002 comm: gen_fast, count: 1313364
CPU [0] UID 1002 comm: gen_fast, count: 1313582
CPU [0] UID 1002 comm: gen_fast, count: 1313582
CPU [0] UID 1002 comm: gen_fast, count: 1313664
CPU [0] UID 1002 comm: gen_fast, count: 1313908
CPU [0] UID 1002 comm: gen_fast, count: 1313908
CPU [0] UID 1002 comm: gen_fast, count: 1314095
CPU [0] UID 1002 comm: gen_fast, count: 1314095
CPU [0] UID 1002 comm: gen_fast, count: 1314164
CPU [0] UID 1002 comm: gen_fast, count: 1314291
CPU [0] UID 1002 comm: gen_fast, count: 1314364
CPU [0] UID 1002 comm: gen_fast, count: 1314476
CPU [0] UID 1002 comm: gen_fast, count: 1314622
CPU [0] UID 1002 comm: gen_fast, count: 1314664
CPU [0] UID 1002 comm: gen_fast, count: 1314823
CPU [0] UID 1002 comm: gen_fast, count: 1314864
CPU [0] UID 1002 comm: gen_fast, count: 1315089
CPU [0] UID 1002 comm: gen_fast, count: 1315089
CPU [0] UID 1002 comm: gen_fast, count: 1315264
CPU [0] UID 1002 comm: gen_fast, count: 1315264
CPU [0] UID 1002 comm: gen_fast, count: 1315398
CPU [0] UID 1002 comm: gen_fast, count: 1315600
CPU [0] UID 1002 comm: gen_fast, count: 1315600
CPU [0] UID 1002 comm: gen_fast, count: 1315664
CPU [0] UID 1002 comm: gen_fast, count: 1315834
CPU [0] UID 1002 comm: gen_fast, count: 1315864
CPU [0] UID 1002 comm: gen_fast, count: 1316088
CPU [0] UID 1002 comm: gen_fast, count: 1316088
CPU [0] UID 1002 comm: gen_fast, count: 1316164
CPU [0] UID 1002 comm: gen_fast, count: 1316348
CPU [0] UID 1002 comm: gen_fast, count: 1316364
CPU [0] UID 1002 comm: gen_fast, count: 1316606
CPU [0] UID 1002 comm: gen_fast, count: 1316606
CPU [0] UID 1002 comm: gen_fast, count: 1316664
CPU [0] UID 1002 comm: gen_fast, count: 1316801
CPU [0] UID 1002 comm: gen_fast, count: 1316864
CPU [0] UID 1002 comm: gen_fast, count: 1316964
CPU [0] UID 1002 comm: gen_fast, count: 1317064
CPU [0] UID 1002 comm: gen_fast, count: 1317230
CPU [0] UID 1002 comm: gen_fast, count: 1317264
CPU [0] UID 1002 comm: gen_fast, count: 1317364
CPU [0] UID 1002 comm: gen_fast, count: 1317503
CPU [0] UID 1002 comm: gen_fast, count: 1317591
CPU [0] UID 1002 comm: gen_fast, count: 1317792
CPU [0] UID 1002 comm: gen_fast, count: 1317792
CPU [0] UID 1002 comm: gen_fast, count: 1317982
CPU [0] UID 1002 comm: gen_fast, count: 1317982
CPU [0] UID 1002 comm: gen_fast, count: 1318064
CPU [0] UID 1002 comm: gen_fast, count: 1318218
CPU [0] UID 1002 comm: gen_fast, count: 1318264
CPU [0] UID 1002 comm: gen_fast, count: 1318466
CPU [0] UID 1002 comm: gen_fast, count: 1318466
CPU [0] UID 1002 comm: gen_fast, count: 1318564
CPU [0] UID 1002 comm: gen_fast, count: 1318707
CPU [0] UID 1002 comm: gen_fast, count: 1318764
CPU [0] UID 1002 comm: gen_fast, count: 1318864
CPU [0] UID 1002 comm: gen_fast, count: 1319050
CPU [0] UID 1002 comm: gen_fast, count: 1319064
CPU [0] UID 1002 comm: gen_fast, count: 1319164
CPU [0] UID 1002 comm: gen_fast, count: 1319293
CPU [0] UID 1002 comm: gen_fast, count: 1319495
CPU [0] UID 1002 comm: gen_fast, count: 1319495
CPU [0] UID 1002 comm: gen_fast, count: 1319564
CPU [0] UID 1002 comm: gen_fast, count: 1319747
CPU [0] UID 1002 comm: gen_fast, count: 1319764
CPU [0] UID 1002 comm: gen_fast, count: 1319940
CPU [0] UID 1002 comm: gen_fast, count: 1319964
CPU [0] UID 1002 comm: gen_fast, count: 1320176
CPU [0] UID 1002 comm: gen_fast, count: 1320176
CPU [0] UID 1002 comm: gen_fast, count: 1320264
CPU [0] UID 1002 comm: gen_fast, count: 1320364
CPU [0] UID 1002 comm: gen_fast, count: 1320605
CPU [0] UID 1002 comm: gen_fast, count: 1320605
CPU [0] UID 1002 comm: gen_fast, count: 1320664
CPU [0] UID 1002 comm: gen_fast, count: 1320836
CPU [0] UID 1002 comm: gen_fast, count: 1320864
CPU [0] UID 1002 comm: gen_fast, count: 1320964
CPU [0] UID 1002 comm: gen_fast, count: 1321071
CPU [0] UID 1002 comm: gen_fast, count: 1321215
CPU [0] UID 1002 comm: gen_fast, count: 1321406
CPU [0] UID 1002 comm: gen_fast, count: 1321406
CPU [0] UID 1002 comm: gen_fast, count: 1321468
CPU [0] UID 1002 comm: gen_fast, count: 1321564
CPU [0] UID 1002 comm: gen_fast, count: 1321664
CPU [0] UID 1002 comm: gen_fast, count: 1321889
CPU [0] UID 1002 comm: gen_fast, count: 1321889
CPU [0] UID 1002 comm: gen_fast, count: 1321964
CPU [0] UID 1002 comm: gen_fast, count: 1322115
CPU [0] UID 1002 comm: gen_fast, count: 1322164
CPU [0] UID 1002 comm: gen_fast, count: 1322264
CPU [0] UID 1002 comm: gen_fast, count: 1322414
CPU [0] UID 1002 comm: gen_fast, count: 1322464
CPU [0] UID 1002 comm: gen_fast, count: 1322575
CPU [0] UID 1002 comm: gen_fast, count: 1322664
CPU [0] UID 1002 comm: gen_fast, count: 1322764
CPU [0] UID 1002 comm: gen_fast, count: 1322902
CPU [0] UID 1002 comm: gen_fast, count: 1322964
CPU [0] UID 1002 comm: gen_fast, count: 1323068
CPU [0] UID 1002 comm: gen_fast, count: 1323201
CPU [0] UID 1002 comm: gen_fast, count: 1323286
CPU [0] UID 1002 comm: gen_fast, count: 1323492
CPU [0] UID 1002 comm: gen_fast, count: 1323492
CPU [0] UID 1002 comm: gen_fast, count: 1323655
CPU [0] UID 1002 comm: gen_fast, count: 1323664
CPU [0] UID 1002 comm: gen_fast, count: 1323808
CPU [0] UID 1002 comm: gen_fast, count: 1323864
CPU [0] UID 1002 comm: gen_fast, count: 1323967
CPU [0] UID 1002 comm: gen_fast, count: 1324120
CPU [0] UID 1002 comm: gen_fast, count: 1324164
CPU [0] UID 1002 comm: gen_fast, count: 1324265
CPU [0] UID 1002 comm: gen_fast, count: 1324364
CPU [0] UID 1002 comm: gen_fast, count: 1324464
CPU [0] UID 1002 comm: gen_fast, count: 1324636
CPU [0] UID 1002 comm: gen_fast, count: 1324664
CPU [0] UID 1002 comm: gen_fast, count: 1324871
CPU [0] UID 1002 comm: gen_fast, count: 1324871
CPU [0] UID 1002 comm: gen_fast, count: 1324964
CPU [0] UID 1002 comm: gen_fast, count: 1325112
CPU [0] UID 1002 comm: gen_fast, count: 1325164
CPU [0] UID 1002 comm: gen_fast, count: 1325325
CPU [0] UID 1002 comm: gen_fast, count: 1325364
CPU [0] UID 1002 comm: gen_fast, count: 1325541
CPU [0] UID 1002 comm: gen_fast, count: 1325564
CPU [0] UID 1002 comm: gen_fast, count: 1325738
CPU [0] UID 1002 comm: gen_fast, count: 1325764
CPU [0] UID 1002 comm: gen_fast, count: 1325864
CPU [0] UID 1002 comm: gen_fast, count: 1325964
CPU [0] UID 1002 comm: gen_fast, count: 1326120
CPU [0] UID 1002 comm: gen_fast, count: 1326164
CPU [0] UID 1002 comm: gen_fast, count: 1326305
CPU [0] UID 1002 comm: gen_fast, count: 1326364
CPU [0] UID 1002 comm: gen_fast, count: 1326548
CPU [0] UID 1002 comm: gen_fast, count: 1326564
CPU [0] UID 1002 comm: gen_fast, count: 1326752
CPU [0] UID 1002 comm: gen_fast, count: 1326764
CPU [0] UID 1002 comm: gen_fast, count: 1326864
CPU [0] UID 1002 comm: gen_fast, count: 1327013
CPU [0] UID 1002 comm: gen_fast, count: 1327064
CPU [0] UID 1002 comm: gen_fast, count: 1327250
CPU [0] UID 1002 comm: gen_fast, count: 1327264
CPU [0] UID 1002 comm: gen_fast, count: 1327364
CPU [0] UID 1002 comm: gen_fast, count: 1327512
CPU [0] UID 1002 comm: gen_fast, count: 1327564
CPU [0] UID 1002 comm: gen_fast, count: 1327664
CPU [0] UID 1002 comm: gen_fast, count: 1327764
CPU [0] UID 1002 comm: gen_fast, count: 1327920
CPU [0] UID 1002 comm: gen_fast, count: 1327964
CPU [0] UID 1002 comm: gen_fast, count: 1328175
CPU [0] UID 1002 comm: gen_fast, count: 1328175
CPU [0] UID 1002 comm: gen_fast, count: 1328264
CPU [0] UID 1002 comm: gen_fast, count: 1328496
CPU [0] UID 1002 comm: gen_fast, count: 1328496
CPU [0] UID 1002 comm: gen_fast, count: 1328564
CPU [0] UID 1002 comm: gen_fast, count: 1328737
CPU [0] UID 1002 comm: gen_fast, count: 1328764
CPU [0] UID 1002 comm: gen_fast, count: 1328864
CPU [0] UID 1002 comm: gen_fast, count: 1328964
CPU [0] UID 1002 comm: gen_fast, count: 1329084
CPU [0] UID 1002 comm: gen_fast, count: 1329172
CPU [0] UID 1002 comm: gen_fast, count: 1329264
CPU [0] UID 1002 comm: gen_fast, count: 1329364
CPU [0] UID 1002 comm: gen_fast, count: 1329464
CPU [0] UID 1002 comm: gen_fast, count: 1329580
CPU [0] UID 1002 comm: gen_fast, count: 1329664
CPU [0] UID 1002 comm: gen_fast, count: 1329764
CPU [0] UID 1002 comm: gen_fast, count: 1329864
CPU [0] UID 1002 comm: gen_fast, count: 1329986
CPU [0] UID 1002 comm: gen_fast, count: 1330067
CPU [0] UID 1002 comm: gen_fast, count: 1330265
CPU [0] UID 1002 comm: gen_fast, count: 1330265
CPU [0] UID 1002 comm: gen_fast, count: 1330457
CPU [0] UID 1002 comm: gen_fast, count: 1330464
CPU [0] UID 1002 comm: gen_fast, count: 1330564
CPU [0] UID 1002 comm: gen_fast, count: 1330697
CPU [0] UID 1002 comm: gen_fast, count: 1330764
CPU [0] UID 1002 comm: gen_fast, count: 1330902
CPU [0] UID 1002 comm: gen_fast, count: 1331112
CPU [0] UID 1002 comm: gen_fast, count: 1331112
CPU [0] UID 1002 comm: gen_fast, count: 1331164
CPU [0] UID 1002 comm: gen_fast, count: 1331302
CPU [0] UID 1002 comm: gen_fast, count: 1331382
CPU [0] UID 1002 comm: gen_fast, count: 1331474
CPU [0] UID 1002 comm: gen_fast, count: 1331694
CPU [0] UID 1002 comm: gen_fast, count: 1331694
CPU [0] UID 1002 comm: gen_fast, count: 1331764
CPU [0] UID 1002 comm: gen_fast, count: 1331912
CPU [0] UID 1002 comm: gen_fast, count: 1331964
CPU [0] UID 1002 comm: gen_fast, count: 1332083
CPU [0] UID 1002 comm: gen_fast, count: 1332164
CPU [0] UID 1002 comm: gen_fast, count: 1332264
CPU [0] UID 1002 comm: gen_fast, count: 1332364
CPU [0] UID 1002 comm: gen_fast, count: 1332487
CPU [0] UID 1002 comm: gen_fast, count: 1332571
CPU [0] UID 1002 comm: gen_fast, count: 1332782
CPU [0] UID 1002 comm: gen_fast, count: 1332782
CPU [0] UID 1002 comm: gen_fast, count: 1332864
CPU [0] UID 1002 comm: gen_fast, count: 1332964
CPU [0] UID 1002 comm: gen_fast, count: 1333211
CPU [0] UID 1002 comm: gen_fast, count: 1333211
CPU [0] UID 1002 comm: gen_fast, count: 1333419
CPU [0] UID 1002 comm: gen_fast, count: 1333419
CPU [0] UID 1002 comm: gen_fast, count: 1333464
CPU [0] UID 1002 comm: gen_fast, count: 1333691
CPU [0] UID 1002 comm: gen_fast, count: 1333691
CPU [0] UID 1002 comm: gen_fast, count: 1333764
CPU [0] UID 1002 comm: gen_fast, count: 1333883
CPU [0] UID 1002 comm: gen_fast, count: 1333965
CPU [0] UID 1002 comm: gen_fast, count: 1334064
CPU [0] UID 1002 comm: gen_fast, count: 1334164
CPU [0] UID 1002 comm: gen_fast, count: 1334264
CPU [0] UID 1002 comm: gen_fast, count: 1334397
CPU [0] UID 1002 comm: gen_fast, count: 1334598
CPU [0] UID 1002 comm: gen_fast, count: 1334598
CPU [0] UID 1002 comm: gen_fast, count: 1334664
CPU [0] UID 1002 comm: gen_fast, count: 1334787
CPU [0] UID 1002 comm: gen_fast, count: 1334864
CPU [0] UID 1002 comm: gen_fast, count: 1334967
CPU [0] UID 1002 comm: gen_fast, count: 1335064
CPU [0] UID 1002 comm: gen_fast, count: 1335189
CPU [0] UID 1002 comm: gen_fast, count: 1335272
CPU [0] UID 1002 comm: gen_fast, count: 1335364
CPU [0] UID 1002 comm: gen_fast, count: 1335504
CPU [0] UID 1002 comm: gen_fast, count: 1335586
CPU [0] UID 1002 comm: gen_fast, count: 1335673
CPU [0] UID 1002 comm: gen_fast, count: 1335764
CPU [0] UID 1002 comm: gen_fast, count: 1335864
CPU [0] UID 1002 comm: gen_fast, count: 1336052
CPU [0] UID 1002 comm: gen_fast, count: 1336064
CPU [0] UID 1002 comm: gen_fast, count: 1336238
CPU [0] UID 1002 comm: gen_fast, count: 1336264
CPU [0] UID 1002 comm: gen_fast, count: 1336430
CPU [0] UID 1002 comm: gen_fast, count: 1336464
CPU [0] UID 1002 comm: gen_fast, count: 1336564
CPU [0] UID 1002 comm: gen_fast, count: 1336664
CPU [0] UID 1002 comm: gen_fast, count: 1336803
CPU [0] UID 1002 comm: gen_fast, count: 1336864
CPU [0] UID 1002 comm: gen_fast, count: 1336989
CPU [0] UID 1002 comm: gen_fast, count: 1337064
CPU [0] UID 1002 comm: gen_fast, count: 1337242
CPU [0] UID 1002 comm: gen_fast, count: 1337264
CPU [0] UID 1002 comm: gen_fast, count: 1337383
CPU [0] UID 1002 comm: gen_fast, count: 1337466
CPU [0] UID 1002 comm: gen_fast, count: 1337564
CPU [0] UID 1002 comm: gen_fast, count: 1337664
CPU [0] UID 1002 comm: gen_fast, count: 1337851
CPU [0] UID 1002 comm: gen_fast, count: 1337864
CPU [0] UID 1002 comm: gen_fast, count: 1338055
CPU [0] UID 1002 comm: gen_fast, count: 1338064
CPU [0] UID 1002 comm: gen_fast, count: 1338164
CPU [0] UID 1002 comm: gen_fast, count: 1338273
CPU [0] UID 1002 comm: gen_fast, count: 1338364
CPU [0] UID 1002 comm: gen_fast, count: 1338484
CPU [0] UID 1002 comm: gen_fast, count: 1338569
CPU [0] UID 1002 comm: gen_fast, count: 1338664
CPU [0] UID 1002 comm: gen_fast, count: 1338764
CPU [0] UID 1002 comm: gen_fast, count: 1338918
CPU [0] UID 1002 comm: gen_fast, count: 1338964
CPU [0] UID 1002 comm: gen_fast, count: 1339168
CPU [0] UID 1002 comm: gen_fast, count: 1339168
CPU [0] UID 1002 comm: gen_fast, count: 1339355
CPU [0] UID 1002 comm: gen_fast, count: 1339364
CPU [0] UID 1002 comm: gen_fast, count: 1339464
CPU [0] UID 1002 comm: gen_fast, count: 1339564
CPU [0] UID 1002 comm: gen_fast, count: 1339681
CPU [0] UID 1002 comm: gen_fast, count: 1339833
CPU [0] UID 1002 comm: gen_fast, count: 1339864
CPU [0] UID 1002 comm: gen_fast, count: 1339964
CPU [0] UID 1002 comm: gen_fast, count: 1340064
CPU [0] UID 1002 comm: gen_fast, count: 1340218
CPU [0] UID 1002 comm: gen_fast, count: 1340311
CPU [0] UID 1002 comm: gen_fast, count: 1340364
CPU [0] UID 1002 comm: gen_fast, count: 1340557
CPU [0] UID 1002 comm: gen_fast, count: 1340564
CPU [0] UID 1002 comm: gen_fast, count: 1340761
CPU [0] UID 1002 comm: gen_fast, count: 1340764
CPU [0] UID 1002 comm: gen_fast, count: 1340864
CPU [0] UID 1002 comm: gen_fast, count: 1340964
CPU [0] UID 1002 comm: gen_fast, count: 1341064
CPU [0] UID 1002 comm: gen_fast, count: 1341221
CPU [0] UID 1002 comm: gen_fast, count: 1341264
CPU [0] UID 1002 comm: gen_fast, count: 1341369
CPU [0] UID 1002 comm: gen_fast, count: 1341561
CPU [0] UID 1002 comm: gen_fast, count: 1341564
CPU [0] UID 1002 comm: gen_fast, count: 1341745
CPU [0] UID 1002 comm: gen_fast, count: 1341764
CPU [0] UID 1002 comm: gen_fast, count: 1341882
CPU [0] UID 1002 comm: gen_fast, count: 1341964
CPU [0] UID 1002 comm: gen_fast, count: 1342122
CPU [0] UID 1002 comm: gen_fast, count: 1342164
CPU [0] UID 1002 comm: gen_fast, count: 1342270
CPU [0] UID 1002 comm: gen_fast, count: 1342364
CPU [0] UID 1002 comm: gen_fast, count: 1342464
CPU [0] UID 1002 comm: gen_fast, count: 1342645
CPU [0] UID 1002 comm: gen_fast, count: 1342664
CPU [0] UID 1002 comm: gen_fast, count: 1342796
CPU [0] UID 1002 comm: gen_fast, count: 1342864
CPU [0] UID 1002 comm: gen_fast, count: 1343045
CPU [0] UID 1002 comm: gen_fast, count: 1343064
CPU [0] UID 1002 comm: gen_fast, count: 1343224
CPU [0] UID 1002 comm: gen_fast, count: 1343264
CPU [0] UID 1002 comm: gen_fast, count: 1343398
CPU [0] UID 1002 comm: gen_fast, count: 1343464
CPU [0] UID 1002 comm: gen_fast, count: 1343595
CPU [0] UID 1002 comm: gen_fast, count: 1343717
CPU [0] UID 1002 comm: gen_fast, count: 1343764
CPU [0] UID 1002 comm: gen_fast, count: 1343864
CPU [0] UID 1002 comm: gen_fast, count: 1343964
CPU [0] UID 1002 comm: gen_fast, count: 1344064
CPU [0] UID 1002 comm: gen_fast, count: 1344164
CPU [0] UID 1002 comm: gen_fast, count: 1344264
CPU [0] UID 1002 comm: gen_fast, count: 1344364
CPU [0] UID 1002 comm: gen_fast, count: 1344504
CPU [0] UID 1002 comm: gen_fast, count: 1344595
CPU [0] UID 1002 comm: gen_fast, count: 1344664
CPU [0] UID 1002 comm: gen_fast, count: 1344764
CPU [0] UID 1002 comm: gen_fast, count: 1344864
CPU [0] UID 1002 comm: gen_fast, count: 1344986
CPU [0] UID 1002 comm: gen_fast, count: 1345100
CPU [0] UID 1002 comm: gen_fast, count: 1345164
CPU [0] UID 1002 comm: gen_fast, count: 1345267
CPU [0] UID 1002 comm: gen_fast, count: 1345409
CPU [0] UID 1002 comm: gen_fast, count: 1345464
CPU [0] UID 1002 comm: gen_fast, count: 1345642
CPU [0] UID 1002 comm: gen_fast, count: 1345664
CPU [0] UID 1002 comm: gen_fast, count: 1345776
CPU [0] UID 1002 comm: gen_fast, count: 1345913
CPU [0] UID 1002 comm: gen_fast, count: 1346024
CPU [0] UID 1002 comm: gen_fast, count: 1346064
CPU [0] UID 1002 comm: gen_fast, count: 1346164
CPU [0] UID 1002 comm: gen_fast, count: 1346264
CPU [0] UID 1002 comm: gen_fast, count: 1346364
CPU [0] UID 1002 comm: gen_fast, count: 1346464
CPU [0] UID 1002 comm: gen_fast, count: 1346646
CPU [0] UID 1002 comm: gen_fast, count: 1346664
CPU [0] UID 1002 comm: gen_fast, count: 1346764
CPU [0] UID 1002 comm: gen_fast, count: 1346864
CPU [0] UID 1002 comm: gen_fast, count: 1346996
CPU [0] UID 1002 comm: gen_fast, count: 1347064
CPU [0] UID 1002 comm: gen_fast, count: 1347164
CPU [0] UID 1002 comm: gen_fast, count: 1347283
CPU [0] UID 1002 comm: gen_fast, count: 1347364
CPU [0] UID 1002 comm: gen_fast, count: 1347464
CPU [0] UID 1002 comm: gen_fast, count: 1347569
CPU [0] UID 1002 comm: gen_fast, count: 1347665
CPU [0] UID 1002 comm: gen_fast, count: 1347788
CPU [0] UID 1002 comm: gen_fast, count: 1347925
CPU [0] UID 1002 comm: gen_fast, count: 1347964
CPU [0] UID 1002 comm: gen_fast, count: 1348064
CPU [0] UID 1002 comm: gen_fast, count: 1348164
CPU [0] UID 1002 comm: gen_fast, count: 1348282
CPU [0] UID 1002 comm: gen_fast, count: 1348371
CPU [0] UID 1002 comm: gen_fast, count: 1348464
CPU [0] UID 1002 comm: gen_fast, count: 1348564
CPU [0] UID 1002 comm: gen_fast, count: 1348718
CPU [0] UID 1002 comm: gen_fast, count: 1348807
CPU [0] UID 1002 comm: gen_fast, count: 1348864
CPU [0] UID 1002 comm: gen_fast, count: 1348964
CPU [0] UID 1002 comm: gen_fast, count: 1349094
CPU [0] UID 1002 comm: gen_fast, count: 1349164
CPU [0] UID 1002 comm: gen_fast, count: 1349276
CPU [0] UID 1002 comm: gen_fast, count: 1349364
CPU [0] UID 1002 comm: gen_fast, count: 1349464
CPU [0] UID 1002 comm: gen_fast, count: 1349564
CPU [0] UID 1002 comm: gen_fast, count: 1349681
CPU [0] UID 1002 comm: gen_fast, count: 1349764
CPU [0] UID 1002 comm: gen_fast, count: 1349917
CPU [0] UID 1002 comm: gen_fast, count: 1349964
CPU [0] UID 1002 comm: gen_fast, count: 1350088
CPU [0] UID 1002 comm: gen_fast, count: 1350164
CPU [0] UID 1002 comm: gen_fast, count: 1350264
CPU [0] UID 1002 comm: gen_fast, count: 1350373
CPU [0] UID 1002 comm: gen_fast, count: 1350506
CPU [0] UID 1002 comm: gen_fast, count: 1350582
CPU [0] UID 1002 comm: gen_fast, count: 1350664
CPU [0] UID 1002 comm: gen_fast, count: 1350764
CPU [0] UID 1002 comm: gen_fast, count: 1350888
CPU [0] UID 1002 comm: gen_fast, count: 1350964
CPU [0] UID 1002 comm: gen_fast, count: 1351093
CPU [0] UID 1002 comm: gen_fast, count: 1351266
CPU [0] UID 1002 comm: gen_fast, count: 1351266
CPU [0] UID 1002 comm: gen_fast, count: 1351460
CPU [0] UID 1002 comm: gen_fast, count: 1351464
CPU [0] UID 1002 comm: gen_fast, count: 1351564
CPU [0] UID 1002 comm: gen_fast, count: 1351700
CPU [0] UID 1002 comm: gen_fast, count: 1351764
CPU [0] UID 1002 comm: gen_fast, count: 1351923
CPU [0] UID 1002 comm: gen_fast, count: 1351964
CPU [0] UID 1002 comm: gen_fast, count: 1352071
CPU [0] UID 1002 comm: gen_fast, count: 1352199
CPU [0] UID 1002 comm: gen_fast, count: 1352400
CPU [0] UID 1002 comm: gen_fast, count: 1352400
CPU [0] UID 1002 comm: gen_fast, count: 1352464
CPU [0] UID 1002 comm: gen_fast, count: 1352638
CPU [0] UID 1002 comm: gen_fast, count: 1352664
CPU [0] UID 1002 comm: gen_fast, count: 1352817
CPU [0] UID 1002 comm: gen_fast, count: 1352864
CPU [0] UID 1002 comm: gen_fast, count: 1352964
CPU [0] UID 1002 comm: gen_fast, count: 1353077
CPU [0] UID 1002 comm: gen_fast, count: 1353164
CPU [0] UID 1002 comm: gen_fast, count: 1353337
CPU [0] UID 1002 comm: gen_fast, count: 1353364
CPU [0] UID 1002 comm: gen_fast, count: 1353467
CPU [0] UID 1002 comm: gen_fast, count: 1353642
CPU [0] UID 1002 comm: gen_fast, count: 1353664
CPU [0] UID 1002 comm: gen_fast, count: 1353770
CPU [0] UID 1002 comm: gen_fast, count: 1353898
CPU [0] UID 1002 comm: gen_fast, count: 1354035
CPU [0] UID 1002 comm: gen_fast, count: 1354064
CPU [0] UID 1002 comm: gen_fast, count: 1354189
CPU [0] UID 1002 comm: gen_fast, count: 1354302
CPU [0] UID 1002 comm: gen_fast, count: 1354504
CPU [0] UID 1002 comm: gen_fast, count: 1354504
CPU [0] UID 1002 comm: gen_fast, count: 1354564
CPU [0] UID 1002 comm: gen_fast, count: 1354664
CPU [0] UID 1002 comm: gen_fast, count: 1354777
CPU [0] UID 1002 comm: gen_fast, count: 1354941
CPU [0] UID 1002 comm: gen_fast, count: 1354964
CPU [0] UID 1002 comm: gen_fast, count: 1355064
CPU [0] UID 1002 comm: gen_fast, count: 1355164
CPU [0] UID 1002 comm: gen_fast, count: 1355326
CPU [0] UID 1002 comm: gen_fast, count: 1355364
CPU [0] UID 1002 comm: gen_fast, count: 1355482
CPU [0] UID 1002 comm: gen_fast, count: 1355564
CPU [0] UID 1002 comm: gen_fast, count: 1355664
CPU [0] UID 1002 comm: gen_fast, count: 1355764
CPU [0] UID 1002 comm: gen_fast, count: 1355888
CPU [0] UID 1002 comm: gen_fast, count: 1355964
CPU [0] UID 1002 comm: gen_fast, count: 1356064
CPU [0] UID 1002 comm: gen_fast, count: 1356248
CPU [0] UID 1002 comm: gen_fast, count: 1356264
CPU [0] UID 1002 comm: gen_fast, count: 1356384
CPU [0] UID 1002 comm: gen_fast, count: 1356549
CPU [0] UID 1002 comm: gen_fast, count: 1356564
CPU [0] UID 1002 comm: gen_fast, count: 1356673
CPU [0] UID 1002 comm: gen_fast, count: 1356799
CPU [0] UID 1002 comm: gen_fast, count: 1356875
CPU [0] UID 1002 comm: gen_fast, count: 1357075
CPU [0] UID 1002 comm: gen_fast, count: 1357075
CPU [0] UID 1002 comm: gen_fast, count: 1357217
CPU [0] UID 1002 comm: gen_fast, count: 1357264
CPU [0] UID 1002 comm: gen_fast, count: 1357404
CPU [0] UID 1002 comm: gen_fast, count: 1357464
CPU [0] UID 1002 comm: gen_fast, count: 1357564
CPU [0] UID 1002 comm: gen_fast, count: 1357664
CPU [0] UID 1002 comm: gen_fast, count: 1357764
CPU [0] UID 1002 comm: gen_fast, count: 1357873
CPU [0] UID 1002 comm: gen_fast, count: 1358077
CPU [0] UID 1002 comm: gen_fast, count: 1358077
CPU [0] UID 1002 comm: gen_fast, count: 1358164
CPU [0] UID 1002 comm: gen_fast, count: 1358340
CPU [0] UID 1002 comm: gen_fast, count: 1358364
CPU [0] UID 1002 comm: gen_fast, count: 1358464
CPU [0] UID 1002 comm: gen_fast, count: 1358581
CPU [0] UID 1002 comm: gen_fast, count: 1358664
CPU [0] UID 1002 comm: gen_fast, count: 1358764
CPU [0] UID 1002 comm: gen_fast, count: 1358879
CPU [0] UID 1002 comm: gen_fast, count: 1358964
CPU [0] UID 1002 comm: gen_fast, count: 1359064
CPU [0] UID 1002 comm: gen_fast, count: 1359164
CPU [0] UID 1002 comm: gen_fast, count: 1359264
CPU [0] UID 1002 comm: gen_fast, count: 1359505
CPU [0] UID 1002 comm: gen_fast, count: 1359505
CPU [0] UID 1002 comm: gen_fast, count: 1359564
CPU [0] UID 1002 comm: gen_fast, count: 1359664
CPU [0] UID 1002 comm: gen_fast, count: 1359784
CPU [0] UID 1002 comm: gen_fast, count: 1359864
CPU [0] UID 1002 comm: gen_fast, count: 1359964
CPU [0] UID 1002 comm: gen_fast, count: 1360064
CPU [0] UID 1002 comm: gen_fast, count: 1360205
CPU [0] UID 1002 comm: gen_fast, count: 1360264
CPU [0] UID 1002 comm: gen_fast, count: 1360364
CPU [0] UID 1002 comm: gen_fast, count: 1360464
CPU [0] UID 1002 comm: gen_fast, count: 1360632
CPU [0] UID 1002 comm: gen_fast, count: 1360664
CPU [0] UID 1002 comm: gen_fast, count: 1360764
CPU [0] UID 1002 comm: gen_fast, count: 1360865
CPU [0] UID 1002 comm: gen_fast, count: 1360964
CPU [0] UID 1002 comm: gen_fast, count: 1361085
CPU [0] UID 1002 comm: gen_fast, count: 1361302
CPU [0] UID 1002 comm: gen_fast, count: 1361302
CPU [0] UID 1002 comm: gen_fast, count: 1361386
CPU [0] UID 1002 comm: gen_fast, count: 1361464
CPU [0] UID 1002 comm: gen_fast, count: 1361564
CPU [0] UID 1002 comm: gen_fast, count: 1361745
CPU [0] UID 1002 comm: gen_fast, count: 1361764
CPU [0] UID 1002 comm: gen_fast, count: 1361901
CPU [0] UID 1002 comm: gen_fast, count: 1362116
CPU [0] UID 1002 comm: gen_fast, count: 1362116
CPU [0] UID 1002 comm: gen_fast, count: 1362164
CPU [0] UID 1002 comm: gen_fast, count: 1362369
CPU [0] UID 1002 comm: gen_fast, count: 1362369
CPU [0] UID 1002 comm: gen_fast, count: 1362545
CPU [0] UID 1002 comm: gen_fast, count: 1362564
CPU [0] UID 1002 comm: gen_fast, count: 1362696
CPU [0] UID 1002 comm: gen_fast, count: 1362785
CPU [0] UID 1002 comm: gen_fast, count: 1362864
CPU [0] UID 1002 comm: gen_fast, count: 1362974
CPU [0] UID 1002 comm: gen_fast, count: 1363064
CPU [0] UID 1002 comm: gen_fast, count: 1363164
CPU [0] UID 1002 comm: gen_fast, count: 1363322
CPU [0] UID 1002 comm: gen_fast, count: 1363364
CPU [0] UID 1002 comm: gen_fast, count: 1363470
CPU [0] UID 1002 comm: gen_fast, count: 1363564
CPU [0] UID 1002 comm: gen_fast, count: 1363664
CPU [0] UID 1002 comm: gen_fast, count: 1363806
CPU [0] UID 1002 comm: gen_fast, count: 1363951
CPU [0] UID 1002 comm: gen_fast, count: 1363964
CPU [0] UID 1002 comm: gen_fast, count: 1364096
CPU [0] UID 1002 comm: gen_fast, count: 1364319
CPU [0] UID 1002 comm: gen_fast, count: 1364319
CPU [0] UID 1002 comm: gen_fast, count: 1364364
CPU [0] UID 1002 comm: gen_fast, count: 1364512
CPU [0] UID 1002 comm: gen_fast, count: 1364564
CPU [0] UID 1002 comm: gen_fast, count: 1364727
CPU [0] UID 1002 comm: gen_fast, count: 1364764
CPU [0] UID 1002 comm: gen_fast, count: 1364926
CPU [0] UID 1002 comm: gen_fast, count: 1364964
CPU [0] UID 1002 comm: gen_fast, count: 1365090
CPU [0] UID 1002 comm: gen_fast, count: 1365164
CPU [0] UID 1002 comm: gen_fast, count: 1365272
CPU [0] UID 1002 comm: gen_fast, count: 1365364
CPU [0] UID 1002 comm: gen_fast, count: 1365464
CPU [0] UID 1002 comm: gen_fast, count: 1365564
CPU [0] UID 1002 comm: gen_fast, count: 1365689
CPU [0] UID 1002 comm: gen_fast, count: 1365764
CPU [0] UID 1002 comm: gen_fast, count: 1365885
CPU [0] UID 1002 comm: gen_fast, count: 1366011
CPU [0] UID 1002 comm: gen_fast, count: 1366083
CPU [0] UID 1002 comm: gen_fast, count: 1366164
CPU [0] UID 1002 comm: gen_fast, count: 1366264
CPU [0] UID 1002 comm: gen_fast, count: 1366382
CPU [0] UID 1002 comm: gen_fast, count: 1366464
CPU [0] UID 1002 comm: gen_fast, count: 1366564
CPU [0] UID 1002 comm: gen_fast, count: 1366773
CPU [0] UID 1002 comm: gen_fast, count: 1366773
CPU [0] UID 1002 comm: gen_fast, count: 1366884
CPU [0] UID 1002 comm: gen_fast, count: 1366964
CPU [0] UID 1002 comm: gen_fast, count: 1367104
CPU [0] UID 1002 comm: gen_fast, count: 1367297
CPU [0] UID 1002 comm: gen_fast, count: 1367297
CPU [0] UID 1002 comm: gen_fast, count: 1367364
CPU [0] UID 1002 comm: gen_fast, count: 1367577
CPU [0] UID 1002 comm: gen_fast, count: 1367577
CPU [0] UID 1002 comm: gen_fast, count: 1367673
CPU [0] UID 1002 comm: gen_fast, count: 1367764
CPU [0] UID 1002 comm: gen_fast, count: 1367864
CPU [0] UID 1002 comm: gen_fast, count: 1367964
CPU [0] UID 1002 comm: gen_fast, count: 1368080
CPU [0] UID 1002 comm: gen_fast, count: 1368251
CPU [0] UID 1002 comm: gen_fast, count: 1368264
CPU [0] UID 1002 comm: gen_fast, count: 1368374
CPU [0] UID 1002 comm: gen_fast, count: 1368529
CPU [0] UID 1002 comm: gen_fast, count: 1368564
CPU [0] UID 1002 comm: gen_fast, count: 1368735
CPU [0] UID 1002 comm: gen_fast, count: 1368810
CPU [0] UID 1002 comm: gen_fast, count: 1368995
CPU [0] UID 1002 comm: gen_fast, count: 1368995
CPU [0] UID 1002 comm: gen_fast, count: 1369064
CPU [0] UID 1002 comm: gen_fast, count: 1369244
CPU [0] UID 1002 comm: gen_fast, count: 1369264
CPU [0] UID 1002 comm: gen_fast, count: 1369399
CPU [0] UID 1002 comm: gen_fast, count: 1369566
CPU [0] UID 1002 comm: gen_fast, count: 1369566
CPU [0] UID 1002 comm: gen_fast, count: 1369664
CPU [0] UID 1002 comm: gen_fast, count: 1369764
CPU [0] UID 1002 comm: gen_fast, count: 1369864
CPU [0] UID 1002 comm: gen_fast, count: 1369980
CPU [0] UID 1002 comm: gen_fast, count: 1370064
CPU [0] UID 1002 comm: gen_fast, count: 1370186
CPU [0] UID 1002 comm: gen_fast, count: 1370387
CPU [0] UID 1002 comm: gen_fast, count: 1370387
CPU [0] UID 1002 comm: gen_fast, count: 1370464
CPU [0] UID 1002 comm: gen_fast, count: 1370581
CPU [0] UID 1002 comm: gen_fast, count: 1370733
CPU [0] UID 1002 comm: gen_fast, count: 1370764
CPU [0] UID 1002 comm: gen_fast, count: 1370864
CPU [0] UID 1002 comm: gen_fast, count: 1370990
CPU [0] UID 1002 comm: gen_fast, count: 1371064
CPU [0] UID 1002 comm: gen_fast, count: 1371164
CPU [0] UID 1002 comm: gen_fast, count: 1371302
CPU [0] UID 1002 comm: gen_fast, count: 1371364
CPU [0] UID 1002 comm: gen_fast, count: 1371571
CPU [0] UID 1002 comm: gen_fast, count: 1371571
CPU [0] UID 1002 comm: gen_fast, count: 1371757
CPU [0] UID 1002 comm: gen_fast, count: 1371764
CPU [0] UID 1002 comm: gen_fast, count: 1371944
CPU [0] UID 1002 comm: gen_fast, count: 1371964
CPU [0] UID 1002 comm: gen_fast, count: 1372117
CPU [0] UID 1002 comm: gen_fast, count: 1372164
CPU [0] UID 1002 comm: gen_fast, count: 1372264
CPU [0] UID 1002 comm: gen_fast, count: 1372364
CPU [0] UID 1002 comm: gen_fast, count: 1372464
CPU [0] UID 1002 comm: gen_fast, count: 1372564
CPU [0] UID 1002 comm: gen_fast, count: 1372664
CPU [0] UID 1002 comm: gen_fast, count: 1372836
CPU [0] UID 1002 comm: gen_fast, count: 1372864
CPU [0] UID 1002 comm: gen_fast, count: 1372975
CPU [0] UID 1002 comm: gen_fast, count: 1373064
CPU [0] UID 1002 comm: gen_fast, count: 1373164
CPU [0] UID 1002 comm: gen_fast, count: 1373264
CPU [0] UID 1002 comm: gen_fast, count: 1373396
CPU [0] UID 1002 comm: gen_fast, count: 1373472
CPU [0] UID 1002 comm: gen_fast, count: 1373575
CPU [0] UID 1002 comm: gen_fast, count: 1373725
CPU [0] UID 1002 comm: gen_fast, count: 1373764
CPU [0] UID 1002 comm: gen_fast, count: 1373881
CPU [0] UID 1002 comm: gen_fast, count: 1374026
CPU [0] UID 1002 comm: gen_fast, count: 1374064
CPU [0] UID 1002 comm: gen_fast, count: 1374165
CPU [0] UID 1002 comm: gen_fast, count: 1374294
CPU [0] UID 1002 comm: gen_fast, count: 1374364
CPU [0] UID 1002 comm: gen_fast, count: 1374464
CPU [0] UID 1002 comm: gen_fast, count: 1374652
CPU [0] UID 1002 comm: gen_fast, count: 1374664
CPU [0] UID 1002 comm: gen_fast, count: 1374764
CPU [0] UID 1002 comm: gen_fast, count: 1375006
CPU [0] UID 1002 comm: gen_fast, count: 1375006
CPU [0] UID 1002 comm: gen_fast, count: 1375064
CPU [0] UID 1002 comm: gen_fast, count: 1375226
CPU [0] UID 1002 comm: gen_fast, count: 1375264
CPU [0] UID 1002 comm: gen_fast, count: 1375388
CPU [0] UID 1002 comm: gen_fast, count: 1375547
CPU [0] UID 1002 comm: gen_fast, count: 1375564
CPU [0] UID 1002 comm: gen_fast, count: 1375664
CPU [0] UID 1002 comm: gen_fast, count: 1375813
CPU [0] UID 1002 comm: gen_fast, count: 1375984
CPU [0] UID 1002 comm: gen_fast, count: 1375984
CPU [0] UID 1002 comm: gen_fast, count: 1376098
CPU [0] UID 1002 comm: gen_fast, count: 1376305
CPU [0] UID 1002 comm: gen_fast, count: 1376305
CPU [0] UID 1002 comm: gen_fast, count: 1376364
CPU [0] UID 1002 comm: gen_fast, count: 1376577
CPU [0] UID 1002 comm: gen_fast, count: 1376577
CPU [0] UID 1002 comm: gen_fast, count: 1376664
CPU [0] UID 1002 comm: gen_fast, count: 1376771
CPU [0] UID 1002 comm: gen_fast, count: 1376952
CPU [0] UID 1002 comm: gen_fast, count: 1376964
CPU [0] UID 1002 comm: gen_fast, count: 1377064
CPU [0] UID 1002 comm: gen_fast, count: 1377178
CPU [0] UID 1002 comm: gen_fast, count: 1377315
CPU [0] UID 1002 comm: gen_fast, count: 1377364
CPU [0] UID 1002 comm: gen_fast, count: 1377548
CPU [0] UID 1002 comm: gen_fast, count: 1377564
CPU [0] UID 1002 comm: gen_fast, count: 1377678
CPU [0] UID 1002 comm: gen_fast, count: 1377764
CPU [0] UID 1002 comm: gen_fast, count: 1377864
CPU [0] UID 1002 comm: gen_fast, count: 1377964
CPU [0] UID 1002 comm: gen_fast, count: 1378100
CPU [0] UID 1002 comm: gen_fast, count: 1378164
CPU [0] UID 1002 comm: gen_fast, count: 1378279
CPU [0] UID 1002 comm: gen_fast, count: 1378364
CPU [0] UID 1002 comm: gen_fast, count: 1378464
CPU [0] UID 1002 comm: gen_fast, count: 1378635
CPU [0] UID 1002 comm: gen_fast, count: 1378664
CPU [0] UID 1002 comm: gen_fast, count: 1378804
CPU [0] UID 1002 comm: gen_fast, count: 1378864
CPU [0] UID 1002 comm: gen_fast, count: 1378988
CPU [0] UID 1002 comm: gen_fast, count: 1379064
CPU [0] UID 1002 comm: gen_fast, count: 1379164
CPU [0] UID 1002 comm: gen_fast, count: 1379289
CPU [0] UID 1002 comm: gen_fast, count: 1379364
CPU [0] UID 1002 comm: gen_fast, count: 1379474
CPU [0] UID 1002 comm: gen_fast, count: 1379564
CPU [0] UID 1002 comm: gen_fast, count: 1379701
CPU [0] UID 1002 comm: gen_fast, count: 1379766
CPU [0] UID 1002 comm: gen_fast, count: 1379864
CPU [0] UID 1002 comm: gen_fast, count: 1380029
CPU [0] UID 1002 comm: gen_fast, count: 1380064
CPU [0] UID 1002 comm: gen_fast, count: 1380164
CPU [0] UID 1002 comm: gen_fast, count: 1380301
CPU [0] UID 1002 comm: gen_fast, count: 1380508
CPU [0] UID 1002 comm: gen_fast, count: 1380508
CPU [0] UID 1002 comm: gen_fast, count: 1380564
CPU [0] UID 1002 comm: gen_fast, count: 1380761
CPU [0] UID 1002 comm: gen_fast, count: 1380764
CPU [0] UID 1002 comm: gen_fast, count: 1380864
CPU [0] UID 1002 comm: gen_fast, count: 1381006
CPU [0] UID 1002 comm: gen_fast, count: 1381064
CPU [0] UID 1002 comm: gen_fast, count: 1381164
CPU [0] UID 1002 comm: gen_fast, count: 1381264
CPU [0] UID 1002 comm: gen_fast, count: 1381438
CPU [0] UID 1002 comm: gen_fast, count: 1381464
CPU [0] UID 1002 comm: gen_fast, count: 1381564
CPU [0] UID 1002 comm: gen_fast, count: 1381664
CPU [0] UID 1002 comm: gen_fast, count: 1381810
CPU [0] UID 1002 comm: gen_fast, count: 1381890
CPU [0] UID 1002 comm: gen_fast, count: 1381969
CPU [0] UID 1002 comm: gen_fast, count: 1382176
CPU [0] UID 1002 comm: gen_fast, count: 1382176
CPU [0] UID 1002 comm: gen_fast, count: 1382340
CPU [0] UID 1002 comm: gen_fast, count: 1382364
CPU [0] UID 1002 comm: gen_fast, count: 1382482
CPU [0] UID 1002 comm: gen_fast, count: 1382564
CPU [0] UID 1002 comm: gen_fast, count: 1382664
CPU [0] UID 1002 comm: gen_fast, count: 1382791
CPU [0] UID 1002 comm: gen_fast, count: 1382992
CPU [0] UID 1002 comm: gen_fast, count: 1382992
CPU [0] UID 1002 comm: gen_fast, count: 1383064
CPU [0] UID 1002 comm: gen_fast, count: 1383164
CPU [0] UID 1002 comm: gen_fast, count: 1383310
CPU [0] UID 1002 comm: gen_fast, count: 1383461
CPU [0] UID 1002 comm: gen_fast, count: 1383464
CPU [0] UID 1002 comm: gen_fast, count: 1383564
CPU [0] UID 1002 comm: gen_fast, count: 1383682
CPU [0] UID 1002 comm: gen_fast, count: 1383808
CPU [0] UID 1002 comm: gen_fast, count: 1383864
CPU [0] UID 1002 comm: gen_fast, count: 1383964
CPU [0] UID 1002 comm: gen_fast, count: 1384142
CPU [0] UID 1002 comm: gen_fast, count: 1384164
CPU [0] UID 1002 comm: gen_fast, count: 1384392
CPU [0] UID 1002 comm: gen_fast, count: 1384392
CPU [0] UID 1002 comm: gen_fast, count: 1384464
CPU [0] UID 1002 comm: gen_fast, count: 1384579
CPU [0] UID 1002 comm: gen_fast, count: 1384765
CPU [0] UID 1002 comm: gen_fast, count: 1384765
CPU [0] UID 1002 comm: gen_fast, count: 1384864
CPU [0] UID 1002 comm: gen_fast, count: 1384976
CPU [0] UID 1002 comm: gen_fast, count: 1385064
CPU [0] UID 1002 comm: gen_fast, count: 1385179
CPU [0] UID 1002 comm: gen_fast, count: 1385273
CPU [0] UID 1002 comm: gen_fast, count: 1385415
CPU [0] UID 1002 comm: gen_fast, count: 1385464
CPU [0] UID 1002 comm: gen_fast, count: 1385571
CPU [0] UID 1002 comm: gen_fast, count: 1385664
CPU [0] UID 1002 comm: gen_fast, count: 1385764
CPU [0] UID 1002 comm: gen_fast, count: 1385946
CPU [0] UID 1002 comm: gen_fast, count: 1385964
CPU [0] UID 1002 comm: gen_fast, count: 1386188
CPU [0] UID 1002 comm: gen_fast, count: 1386188
CPU [0] UID 1002 comm: gen_fast, count: 1386319
CPU [0] UID 1002 comm: gen_fast, count: 1386364
CPU [0] UID 1002 comm: gen_fast, count: 1386464
CPU [0] UID 1002 comm: gen_fast, count: 1386564
CPU [0] UID 1002 comm: gen_fast, count: 1386691
CPU [0] UID 1002 comm: gen_fast, count: 1386764
CPU [0] UID 1002 comm: gen_fast, count: 1386864
CPU [0] UID 1002 comm: gen_fast, count: 1387024
CPU [0] UID 1002 comm: gen_fast, count: 1387064
CPU [0] UID 1002 comm: gen_fast, count: 1387218
CPU [0] UID 1002 comm: gen_fast, count: 1387264
CPU [0] UID 1002 comm: gen_fast, count: 1387457
CPU [0] UID 1002 comm: gen_fast, count: 1387464
CPU [0] UID 1002 comm: gen_fast, count: 1387581
CPU [0] UID 1002 comm: gen_fast, count: 1387752
CPU [0] UID 1002 comm: gen_fast, count: 1387764
CPU [0] UID 1002 comm: gen_fast, count: 1387902
CPU [0] UID 1002 comm: gen_fast, count: 1388080
CPU [0] UID 1002 comm: gen_fast, count: 1388080
CPU [0] UID 1002 comm: gen_fast, count: 1388193
CPU [0] UID 1002 comm: gen_fast, count: 1388362
CPU [0] UID 1002 comm: gen_fast, count: 1388364
CPU [0] UID 1002 comm: gen_fast, count: 1388606
CPU [0] UID 1002 comm: gen_fast, count: 1388606
CPU [0] UID 1002 comm: gen_fast, count: 1388664
CPU [0] UID 1002 comm: gen_fast, count: 1388798
CPU [0] UID 1002 comm: gen_fast, count: 1388875
CPU [0] UID 1002 comm: gen_fast, count: 1389076
CPU [0] UID 1002 comm: gen_fast, count: 1389076
CPU [0] UID 1002 comm: gen_fast, count: 1389164
CPU [0] UID 1002 comm: gen_fast, count: 1389304
CPU [0] UID 1002 comm: gen_fast, count: 1389499
CPU [0] UID 1002 comm: gen_fast, count: 1389499
CPU [0] UID 1002 comm: gen_fast, count: 1389571
CPU [0] UID 1002 comm: gen_fast, count: 1389685
CPU [0] UID 1002 comm: gen_fast, count: 1389764
CPU [0] UID 1002 comm: gen_fast, count: 1389889
CPU [0] UID 1002 comm: gen_fast, count: 1389972
CPU [0] UID 1002 comm: gen_fast, count: 1390064
CPU [0] UID 1002 comm: gen_fast, count: 1390209
CPU [0] UID 1002 comm: gen_fast, count: 1390264
CPU [0] UID 1002 comm: gen_fast, count: 1390407
CPU [0] UID 1002 comm: gen_fast, count: 1390464
CPU [0] UID 1002 comm: gen_fast, count: 1390597
CPU [0] UID 1002 comm: gen_fast, count: 1390667
CPU [0] UID 1002 comm: gen_fast, count: 1390764
CPU [0] UID 1002 comm: gen_fast, count: 1390864
CPU [0] UID 1002 comm: gen_fast, count: 1390976
CPU [0] UID 1002 comm: gen_fast, count: 1391064
CPU [0] UID 1002 comm: gen_fast, count: 1391164
CPU [0] UID 1002 comm: gen_fast, count: 1391359
CPU [0] UID 1002 comm: gen_fast, count: 1391364
CPU [0] UID 1002 comm: gen_fast, count: 1391594
CPU [0] UID 1002 comm: gen_fast, count: 1391594
CPU [0] UID 1002 comm: gen_fast, count: 1391664
CPU [0] UID 1002 comm: gen_fast, count: 1391873
CPU [0] UID 1002 comm: gen_fast, count: 1391873
CPU [0] UID 1002 comm: gen_fast, count: 1392032
CPU [0] UID 1002 comm: gen_fast, count: 1392064
CPU [0] UID 1002 comm: gen_fast, count: 1392199
CPU [0] UID 1002 comm: gen_fast, count: 1392264
CPU [0] UID 1002 comm: gen_fast, count: 1392364
CPU [0] UID 1002 comm: gen_fast, count: 1392544
CPU [0] UID 1002 comm: gen_fast, count: 1392564
CPU [0] UID 1002 comm: gen_fast, count: 1392664
CPU [0] UID 1002 comm: gen_fast, count: 1392764
CPU [0] UID 1002 comm: gen_fast, count: 1392864
CPU [0] UID 1002 comm: gen_fast, count: 1392992
CPU [0] UID 1002 comm: gen_fast, count: 1393064
CPU [0] UID 1002 comm: gen_fast, count: 1393167
CPU [0] UID 1002 comm: gen_fast, count: 1393371
CPU [0] UID 1002 comm: gen_fast, count: 1393371
CPU [0] UID 1002 comm: gen_fast, count: 1393513
CPU [0] UID 1002 comm: gen_fast, count: 1393564
CPU [0] UID 1002 comm: gen_fast, count: 1393770
CPU [0] UID 1002 comm: gen_fast, count: 1393770
CPU [0] UID 1002 comm: gen_fast, count: 1393864
CPU [0] UID 1002 comm: gen_fast, count: 1393974
CPU [0] UID 1002 comm: gen_fast, count: 1394064
CPU [0] UID 1002 comm: gen_fast, count: 1394164
CPU [0] UID 1002 comm: gen_fast, count: 1394318
CPU [0] UID 1002 comm: gen_fast, count: 1394364
CPU [0] UID 1002 comm: gen_fast, count: 1394493
CPU [0] UID 1002 comm: gen_fast, count: 1394564
CPU [0] UID 1002 comm: gen_fast, count: 1394664
CPU [0] UID 1002 comm: gen_fast, count: 1394883
CPU [0] UID 1002 comm: gen_fast, count: 1394883
CPU [0] UID 1002 comm: gen_fast, count: 1395061
CPU [0] UID 1002 comm: gen_fast, count: 1395064
CPU [0] UID 1002 comm: gen_fast, count: 1395164
CPU [0] UID 1002 comm: gen_fast, count: 1395280
CPU [0] UID 1002 comm: gen_fast, count: 1395364
CPU [0] UID 1002 comm: gen_fast, count: 1395464
CPU [0] UID 1002 comm: gen_fast, count: 1395597
CPU [0] UID 1002 comm: gen_fast, count: 1395795
CPU [0] UID 1002 comm: gen_fast, count: 1395795
CPU [0] UID 1002 comm: gen_fast, count: 1395864
CPU [0] UID 1002 comm: gen_fast, count: 1396040
CPU [0] UID 1002 comm: gen_fast, count: 1396064
CPU [0] UID 1002 comm: gen_fast, count: 1396164
CPU [0] UID 1002 comm: gen_fast, count: 1396272
CPU [0] UID 1002 comm: gen_fast, count: 1396364
CPU [0] UID 1002 comm: gen_fast, count: 1396496
CPU [0] UID 1002 comm: gen_fast, count: 1396564
CPU [0] UID 1002 comm: gen_fast, count: 1396665
CPU [0] UID 1002 comm: gen_fast, count: 1396861
CPU [0] UID 1002 comm: gen_fast, count: 1396864
CPU [0] UID 1002 comm: gen_fast, count: 1397034
CPU [0] UID 1002 comm: gen_fast, count: 1397064
CPU [0] UID 1002 comm: gen_fast, count: 1397164
CPU [0] UID 1002 comm: gen_fast, count: 1397268
CPU [0] UID 1002 comm: gen_fast, count: 1397442
CPU [0] UID 1002 comm: gen_fast, count: 1397464
CPU [0] UID 1002 comm: gen_fast, count: 1397604
CPU [0] UID 1002 comm: gen_fast, count: 1397664
CPU [0] UID 1002 comm: gen_fast, count: 1397781
CPU [0] UID 1002 comm: gen_fast, count: 1397864
CPU [0] UID 1002 comm: gen_fast, count: 1397964
CPU [0] UID 1002 comm: gen_fast, count: 1398066
CPU [0] UID 1002 comm: gen_fast, count: 1398164
CPU [0] UID 1002 comm: gen_fast, count: 1398386
CPU [0] UID 1002 comm: gen_fast, count: 1398386
CPU [0] UID 1002 comm: gen_fast, count: 1398464
CPU [0] UID 1002 comm: gen_fast, count: 1398564
CPU [0] UID 1002 comm: gen_fast, count: 1398739
CPU [0] UID 1002 comm: gen_fast, count: 1398764
CPU [0] UID 1002 comm: gen_fast, count: 1398876
CPU [0] UID 1002 comm: gen_fast, count: 1399081
CPU [0] UID 1002 comm: gen_fast, count: 1399081
CPU [0] UID 1002 comm: gen_fast, count: 1399164
CPU [0] UID 1002 comm: gen_fast, count: 1399405
CPU [0] UID 1002 comm: gen_fast, count: 1399405
CPU [0] UID 1002 comm: gen_fast, count: 1399464
CPU [0] UID 1002 comm: gen_fast, count: 1399657
CPU [0] UID 1002 comm: gen_fast, count: 1399767
CPU [0] UID 1002 comm: gen_fast, count: 1399767
CPU [0] UID 1002 comm: gen_fast, count: 1399926
CPU [0] UID 1002 comm: gen_fast, count: 1399964
CPU [0] UID 1002 comm: gen_fast, count: 1400070
CPU [0] UID 1002 comm: gen_fast, count: 1400164
CPU [0] UID 1002 comm: gen_fast, count: 1400264
CPU [0] UID 1002 comm: gen_fast, count: 1400436
CPU [0] UID 1002 comm: gen_fast, count: 1400464
CPU [0] UID 1002 comm: gen_fast, count: 1400672
CPU [0] UID 1002 comm: gen_fast, count: 1400672
CPU [0] UID 1002 comm: gen_fast, count: 1400809
CPU [0] UID 1002 comm: gen_fast, count: 1401000
CPU [0] UID 1002 comm: gen_fast, count: 1401000
CPU [0] UID 1002 comm: gen_fast, count: 1401064
CPU [0] UID 1002 comm: gen_fast, count: 1401166
CPU [0] UID 1002 comm: gen_fast, count: 1401264
CPU [0] UID 1002 comm: gen_fast, count: 1401390
CPU [0] UID 1002 comm: gen_fast, count: 1401464
CPU [0] UID 1002 comm: gen_fast, count: 1401564
CPU [0] UID 1002 comm: gen_fast, count: 1401706
CPU [0] UID 1002 comm: gen_fast, count: 1401764
CPU [0] UID 1002 comm: gen_fast, count: 1401864
CPU [0] UID 1002 comm: gen_fast, count: 1402051
CPU [0] UID 1002 comm: gen_fast, count: 1402064
CPU [0] UID 1002 comm: gen_fast, count: 1402200
CPU [0] UID 1002 comm: gen_fast, count: 1402264
CPU [0] UID 1002 comm: gen_fast, count: 1402376
CPU [0] UID 1002 comm: gen_fast, count: 1402503
CPU [0] UID 1002 comm: gen_fast, count: 1402589
CPU [0] UID 1002 comm: gen_fast, count: 1402670
CPU [0] UID 1002 comm: gen_fast, count: 1402764
CPU [0] UID 1002 comm: gen_fast, count: 1402902
CPU [0] UID 1002 comm: gen_fast, count: 1402978
CPU [0] UID 1002 comm: gen_fast, count: 1403154
CPU [0] UID 1002 comm: gen_fast, count: 1403164
CPU [0] UID 1002 comm: gen_fast, count: 1403399
CPU [0] UID 1002 comm: gen_fast, count: 1403399
CPU [0] UID 1002 comm: gen_fast, count: 1403464
CPU [0] UID 1002 comm: gen_fast, count: 1403584
CPU [0] UID 1002 comm: gen_fast, count: 1403757
CPU [0] UID 1002 comm: gen_fast, count: 1403764
CPU [0] UID 1002 comm: gen_fast, count: 1403888
CPU [0] UID 1002 comm: gen_fast, count: 1403964
CPU [0] UID 1002 comm: gen_fast, count: 1404067
CPU [0] UID 1002 comm: gen_fast, count: 1404188
CPU [0] UID 1002 comm: gen_fast, count: 1404289
CPU [0] UID 1002 comm: gen_fast, count: 1404364
CPU [0] UID 1002 comm: gen_fast, count: 1404472
CPU [0] UID 1002 comm: gen_fast, count: 1404689
CPU [0] UID 1002 comm: gen_fast, count: 1404689
CPU [0] UID 1002 comm: gen_fast, count: 1404764
CPU [0] UID 1002 comm: gen_fast, count: 1404864
CPU [0] UID 1002 comm: gen_fast, count: 1405106
CPU [0] UID 1002 comm: gen_fast, count: 1405106
CPU [0] UID 1002 comm: gen_fast, count: 1405164
CPU [0] UID 1002 comm: gen_fast, count: 1405326
CPU [0] UID 1002 comm: gen_fast, count: 1405364
CPU [0] UID 1002 comm: gen_fast, count: 1405464
CPU [0] UID 1002 comm: gen_fast, count: 1405564
CPU [0] UID 1002 comm: gen_fast, count: 1405703
CPU [0] UID 1002 comm: gen_fast, count: 1405912
CPU [0] UID 1002 comm: gen_fast, count: 1405912
CPU [0] UID 1002 comm: gen_fast, count: 1405964
CPU [0] UID 1002 comm: gen_fast, count: 1406064
CPU [0] UID 1002 comm: gen_fast, count: 1406170
CPU [0] UID 1002 comm: gen_fast, count: 1406264
CPU [0] UID 1002 comm: gen_fast, count: 1406364
CPU [0] UID 1002 comm: gen_fast, count: 1406492
CPU [0] UID 1002 comm: gen_fast, count: 1406583
CPU [0] UID 1002 comm: gen_fast, count: 1406668
CPU [0] UID 1002 comm: gen_fast, count: 1406764
CPU [0] UID 1002 comm: gen_fast, count: 1406879
CPU [0] UID 1002 comm: gen_fast, count: 1407094
CPU [0] UID 1002 comm: gen_fast, count: 1407094
CPU [0] UID 1002 comm: gen_fast, count: 1407299
CPU [0] UID 1002 comm: gen_fast, count: 1407299
CPU [0] UID 1002 comm: gen_fast, count: 1407364
CPU [0] UID 1002 comm: gen_fast, count: 1407516
CPU [0] UID 1002 comm: gen_fast, count: 1407564
CPU [0] UID 1002 comm: gen_fast, count: 1407702
CPU [0] UID 1002 comm: gen_fast, count: 1407764
CPU [0] UID 1002 comm: gen_fast, count: 1407869
CPU [0] UID 1002 comm: gen_fast, count: 1408055
CPU [0] UID 1002 comm: gen_fast, count: 1408064
CPU [0] UID 1002 comm: gen_fast, count: 1408210
CPU [0] UID 1002 comm: gen_fast, count: 1408334
CPU [0] UID 1002 comm: gen_fast, count: 1408364
CPU [0] UID 1002 comm: gen_fast, count: 1408464
CPU [0] UID 1002 comm: gen_fast, count: 1408593
CPU [0] UID 1002 comm: gen_fast, count: 1408664
CPU [0] UID 1002 comm: gen_fast, count: 1408764
CPU [0] UID 1002 comm: gen_fast, count: 1408864
CPU [0] UID 1002 comm: gen_fast, count: 1408977
CPU [0] UID 1002 comm: gen_fast, count: 1409064
CPU [0] UID 1002 comm: gen_fast, count: 1409164
CPU [0] UID 1002 comm: gen_fast, count: 1409264
CPU [0] UID 1002 comm: gen_fast, count: 1409364
CPU [0] UID 1002 comm: gen_fast, count: 1409464
CPU [0] UID 1002 comm: gen_fast, count: 1409566
CPU [0] UID 1002 comm: gen_fast, count: 1409664
CPU [0] UID 1002 comm: gen_fast, count: 1409791
CPU [0] UID 1002 comm: gen_fast, count: 1409944
CPU [0] UID 1002 comm: gen_fast, count: 1409964
CPU [0] UID 1002 comm: gen_fast, count: 1410085
CPU [0] UID 1002 comm: gen_fast, count: 1410164
CPU [0] UID 1002 comm: gen_fast, count: 1410312
CPU [0] UID 1002 comm: gen_fast, count: 1410364
CPU [0] UID 1002 comm: gen_fast, count: 1410469
CPU [0] UID 1002 comm: gen_fast, count: 1410564
CPU [0] UID 1002 comm: gen_fast, count: 1410664
CPU [0] UID 1002 comm: gen_fast, count: 1410764
CPU [0] UID 1002 comm: gen_fast, count: 1410911
CPU [0] UID 1002 comm: gen_fast, count: 1410964
CPU [0] UID 1002 comm: gen_fast, count: 1411084
CPU [0] UID 1002 comm: gen_fast, count: 1411184
CPU [0] UID 1002 comm: gen_fast, count: 1411264
CPU [0] UID 1002 comm: gen_fast, count: 1411380
CPU [0] UID 1002 comm: gen_fast, count: 1411468
CPU [0] UID 1002 comm: gen_fast, count: 1411570
CPU [0] UID 1002 comm: gen_fast, count: 1411709
CPU [0] UID 1002 comm: gen_fast, count: 1411830
CPU [0] UID 1002 comm: gen_fast, count: 1411864
CPU [0] UID 1002 comm: gen_fast, count: 1411964
CPU [0] UID 1002 comm: gen_fast, count: 1412064
CPU [0] UID 1002 comm: gen_fast, count: 1412204
CPU [0] UID 1002 comm: gen_fast, count: 1412264
CPU [0] UID 1002 comm: gen_fast, count: 1412364
CPU [0] UID 1002 comm: gen_fast, count: 1412464
CPU [0] UID 1002 comm: gen_fast, count: 1412618
CPU [0] UID 1002 comm: gen_fast, count: 1412664
CPU [0] UID 1002 comm: gen_fast, count: 1412764
CPU [0] UID 1002 comm: gen_fast, count: 1412864
CPU [0] UID 1002 comm: gen_fast, count: 1412978
CPU [0] UID 1002 comm: gen_fast, count: 1413064
CPU [0] UID 1002 comm: gen_fast, count: 1413185
CPU [0] UID 1002 comm: gen_fast, count: 1413319
CPU [0] UID 1002 comm: gen_fast, count: 1413364
CPU [0] UID 1002 comm: gen_fast, count: 1413566
CPU [0] UID 1002 comm: gen_fast, count: 1413566
CPU [0] UID 1002 comm: gen_fast, count: 1413664
CPU [0] UID 1002 comm: gen_fast, count: 1413764
CPU [0] UID 1002 comm: gen_fast, count: 1413864
CPU [0] UID 1002 comm: gen_fast, count: 1413964
CPU [0] UID 1002 comm: gen_fast, count: 1414080
CPU [0] UID 1002 comm: gen_fast, count: 1414172
CPU [0] UID 1002 comm: gen_fast, count: 1414393
CPU [0] UID 1002 comm: gen_fast, count: 1414393
CPU [0] UID 1002 comm: gen_fast, count: 1414464
CPU [0] UID 1002 comm: gen_fast, count: 1414570
CPU [0] UID 1002 comm: gen_fast, count: 1414664
CPU [0] UID 1002 comm: gen_fast, count: 1414764
CPU [0] UID 1002 comm: gen_fast, count: 1414921
CPU [0] UID 1002 comm: gen_fast, count: 1414964
CPU [0] UID 1002 comm: gen_fast, count: 1415064
CPU [0] UID 1002 comm: gen_fast, count: 1415164
CPU [0] UID 1002 comm: gen_fast, count: 1415264
CPU [0] UID 1002 comm: gen_fast, count: 1415396
CPU [0] UID 1002 comm: gen_fast, count: 1415464
CPU [0] UID 1002 comm: gen_fast, count: 1415583
CPU [0] UID 1002 comm: gen_fast, count: 1415664
CPU [0] UID 1002 comm: gen_fast, count: 1415764
CPU [0] UID 1002 comm: gen_fast, count: 1415864
CPU [0] UID 1002 comm: gen_fast, count: 1415992
CPU [0] UID 1002 comm: gen_fast, count: 1416080
CPU [0] UID 1002 comm: gen_fast, count: 1416164
CPU [0] UID 1002 comm: gen_fast, count: 1416366
CPU [0] UID 1002 comm: gen_fast, count: 1416366
CPU [0] UID 1002 comm: gen_fast, count: 1416573
CPU [0] UID 1002 comm: gen_fast, count: 1416573
CPU [0] UID 1002 comm: gen_fast, count: 1416664
CPU [0] UID 1002 comm: gen_fast, count: 1416781
CPU [0] UID 1002 comm: gen_fast, count: 1416864
CPU [0] UID 1002 comm: gen_fast, count: 1416970
CPU [0] UID 1002 comm: gen_fast, count: 1417064
CPU [0] UID 1002 comm: gen_fast, count: 1417164
CPU [0] UID 1002 comm: gen_fast, count: 1417341
CPU [0] UID 1002 comm: gen_fast, count: 1417364
CPU [0] UID 1002 comm: gen_fast, count: 1417507
CPU [0] UID 1002 comm: gen_fast, count: 1417564
CPU [0] UID 1002 comm: gen_fast, count: 1417667
CPU [0] UID 1002 comm: gen_fast, count: 1417882
CPU [0] UID 1002 comm: gen_fast, count: 1417882
CPU [0] UID 1002 comm: gen_fast, count: 1417964
CPU [0] UID 1002 comm: gen_fast, count: 1418093
CPU [0] UID 1002 comm: gen_fast, count: 1418181
CPU [0] UID 1002 comm: gen_fast, count: 1418268
CPU [0] UID 1002 comm: gen_fast, count: 1418364
CPU [0] UID 1002 comm: gen_fast, count: 1418464
CPU [0] UID 1002 comm: gen_fast, count: 1418584
CPU [0] UID 1002 comm: gen_fast, count: 1418772
CPU [0] UID 1002 comm: gen_fast, count: 1418772
CPU [0] UID 1002 comm: gen_fast, count: 1418864
CPU [0] UID 1002 comm: gen_fast, count: 1418964
CPU [0] UID 1002 comm: gen_fast, count: 1419067
CPU [0] UID 1002 comm: gen_fast, count: 1419200
CPU [0] UID 1002 comm: gen_fast, count: 1419264
CPU [0] UID 1002 comm: gen_fast, count: 1419364
CPU [0] UID 1002 comm: gen_fast, count: 1419464
CPU [0] UID 1002 comm: gen_fast, count: 1419670
CPU [0] UID 1002 comm: gen_fast, count: 1419670
CPU [0] UID 1002 comm: gen_fast, count: 1419843
CPU [0] UID 1002 comm: gen_fast, count: 1419864
CPU [0] UID 1002 comm: gen_fast, count: 1419964
CPU [0] UID 1002 comm: gen_fast, count: 1420085
CPU [0] UID 1002 comm: gen_fast, count: 1420164
CPU [0] UID 1002 comm: gen_fast, count: 1420298
CPU [0] UID 1002 comm: gen_fast, count: 1420364
CPU [0] UID 1002 comm: gen_fast, count: 1420573
CPU [0] UID 1002 comm: gen_fast, count: 1420573
CPU [0] UID 1002 comm: gen_fast, count: 1420664
CPU [0] UID 1002 comm: gen_fast, count: 1420764
CPU [0] UID 1002 comm: gen_fast, count: 1420864
CPU [0] UID 1002 comm: gen_fast, count: 1420981
CPU [0] UID 1002 comm: gen_fast, count: 1421087
CPU [0] UID 1002 comm: gen_fast, count: 1421164
CPU [0] UID 1002 comm: gen_fast, count: 1421276
CPU [0] UID 1002 comm: gen_fast, count: 1421364
CPU [0] UID 1002 comm: gen_fast, count: 1421544
CPU [0] UID 1002 comm: gen_fast, count: 1421564
CPU [0] UID 1002 comm: gen_fast, count: 1421670
CPU [0] UID 1002 comm: gen_fast, count: 1421765
CPU [0] UID 1002 comm: gen_fast, count: 1421864
CPU [0] UID 1002 comm: gen_fast, count: 1421964
CPU [0] UID 1002 comm: gen_fast, count: 1422073
CPU [0] UID 1002 comm: gen_fast, count: 1422164
CPU [0] UID 1002 comm: gen_fast, count: 1422264
CPU [0] UID 1002 comm: gen_fast, count: 1422364
CPU [0] UID 1002 comm: gen_fast, count: 1422506
CPU [0] UID 1002 comm: gen_fast, count: 1422664
CPU [0] UID 1002 comm: gen_fast, count: 1422664
CPU [0] UID 1002 comm: gen_fast, count: 1422914
CPU [0] UID 1002 comm: gen_fast, count: 1422914
CPU [0] UID 1002 comm: gen_fast, count: 1422964
CPU [0] UID 1002 comm: gen_fast, count: 1423122
CPU [0] UID 1002 comm: gen_fast, count: 1423164
CPU [0] UID 1002 comm: gen_fast, count: 1423373
CPU [0] UID 1002 comm: gen_fast, count: 1423373
CPU [0] UID 1002 comm: gen_fast, count: 1423563
CPU [0] UID 1002 comm: gen_fast, count: 1423564
CPU [0] UID 1002 comm: gen_fast, count: 1423703
CPU [0] UID 1002 comm: gen_fast, count: 1423764
CPU [0] UID 1002 comm: gen_fast, count: 1423883
CPU [0] UID 1002 comm: gen_fast, count: 1423964
CPU [0] UID 1002 comm: gen_fast, count: 1424064
CPU [0] UID 1002 comm: gen_fast, count: 1424168
CPU [0] UID 1002 comm: gen_fast, count: 1424372
CPU [0] UID 1002 comm: gen_fast, count: 1424372
CPU [0] UID 1002 comm: gen_fast, count: 1424464
CPU [0] UID 1002 comm: gen_fast, count: 1424564
CPU [0] UID 1002 comm: gen_fast, count: 1424664
CPU [0] UID 1002 comm: gen_fast, count: 1424764
CPU [0] UID 1002 comm: gen_fast, count: 1424864
CPU [0] UID 1002 comm: gen_fast, count: 1425050
CPU [0] UID 1002 comm: gen_fast, count: 1425064
CPU [0] UID 1002 comm: gen_fast, count: 1425226
CPU [0] UID 1002 comm: gen_fast, count: 1425264
CPU [0] UID 1002 comm: gen_fast, count: 1425384
CPU [0] UID 1002 comm: gen_fast, count: 1425586
CPU [0] UID 1002 comm: gen_fast, count: 1425586
CPU [0] UID 1002 comm: gen_fast, count: 1425664
CPU [0] UID 1002 comm: gen_fast, count: 1425829
CPU [0] UID 1002 comm: gen_fast, count: 1425864
CPU [0] UID 1002 comm: gen_fast, count: 1425964
CPU [0] UID 1002 comm: gen_fast, count: 1426064
CPU [0] UID 1002 comm: gen_fast, count: 1426227
CPU [0] UID 1002 comm: gen_fast, count: 1426264
CPU [0] UID 1002 comm: gen_fast, count: 1426398
CPU [0] UID 1002 comm: gen_fast, count: 1426517
CPU [0] UID 1002 comm: gen_fast, count: 1426564
CPU [0] UID 1002 comm: gen_fast, count: 1426758
CPU [0] UID 1002 comm: gen_fast, count: 1426764
CPU [0] UID 1002 comm: gen_fast, count: 1426882
CPU [0] UID 1002 comm: gen_fast, count: 1427054
CPU [0] UID 1002 comm: gen_fast, count: 1427064
CPU [0] UID 1002 comm: gen_fast, count: 1427214
CPU [0] UID 1002 comm: gen_fast, count: 1427306
CPU [0] UID 1002 comm: gen_fast, count: 1427446
CPU [0] UID 1002 comm: gen_fast, count: 1427519
CPU [0] UID 1002 comm: gen_fast, count: 1427564
CPU [0] UID 1002 comm: gen_fast, count: 1427664
CPU [0] UID 1002 comm: gen_fast, count: 1427879
CPU [0] UID 1002 comm: gen_fast, count: 1427879
CPU [0] UID 1002 comm: gen_fast, count: 1427964
CPU [0] UID 1002 comm: gen_fast, count: 1428142
CPU [0] UID 1002 comm: gen_fast, count: 1428164
CPU [0] UID 1002 comm: gen_fast, count: 1428404
CPU [0] UID 1002 comm: gen_fast, count: 1428404
CPU [0] UID 1002 comm: gen_fast, count: 1428464
CPU [0] UID 1002 comm: gen_fast, count: 1428638
CPU [0] UID 1002 comm: gen_fast, count: 1428664
CPU [0] UID 1002 comm: gen_fast, count: 1428872
CPU [0] UID 1002 comm: gen_fast, count: 1428872
CPU [0] UID 1002 comm: gen_fast, count: 1428964
CPU [0] UID 1002 comm: gen_fast, count: 1429064
CPU [0] UID 1002 comm: gen_fast, count: 1429213
CPU [0] UID 1002 comm: gen_fast, count: 1429264
CPU [0] UID 1002 comm: gen_fast, count: 1429467
CPU [0] UID 1002 comm: gen_fast, count: 1429467
CPU [0] UID 1002 comm: gen_fast, count: 1429592
CPU [0] UID 1002 comm: gen_fast, count: 1429715
CPU [0] UID 1002 comm: gen_fast, count: 1429901
CPU [0] UID 1002 comm: gen_fast, count: 1429901
CPU [0] UID 1002 comm: gen_fast, count: 1429964
CPU [0] UID 1002 comm: gen_fast, count: 1430149
CPU [0] UID 1002 comm: gen_fast, count: 1430164
CPU [0] UID 1002 comm: gen_fast, count: 1430362
CPU [0] UID 1002 comm: gen_fast, count: 1430364
CPU [0] UID 1002 comm: gen_fast, count: 1430464
CPU [0] UID 1002 comm: gen_fast, count: 1430575
CPU [0] UID 1002 comm: gen_fast, count: 1430664
CPU [0] UID 1002 comm: gen_fast, count: 1430764
CPU [0] UID 1002 comm: gen_fast, count: 1430864
CPU [0] UID 1002 comm: gen_fast, count: 1431016
CPU [0] UID 1002 comm: gen_fast, count: 1431064
CPU [0] UID 1002 comm: gen_fast, count: 1431214
CPU [0] UID 1002 comm: gen_fast, count: 1431264
CPU [0] UID 1002 comm: gen_fast, count: 1431484
CPU [0] UID 1002 comm: gen_fast, count: 1431484
CPU [0] UID 1002 comm: gen_fast, count: 1431564
CPU [0] UID 1002 comm: gen_fast, count: 1431735
CPU [0] UID 1002 comm: gen_fast, count: 1431764
CPU [0] UID 1002 comm: gen_fast, count: 1431864
CPU [0] UID 1002 comm: gen_fast, count: 1432062
CPU [0] UID 1002 comm: gen_fast, count: 1432064
CPU [0] UID 1002 comm: gen_fast, count: 1432297
CPU [0] UID 1002 comm: gen_fast, count: 1432297
CPU [0] UID 1002 comm: gen_fast, count: 1432364
CPU [0] UID 1002 comm: gen_fast, count: 1432464
CPU [0] UID 1002 comm: gen_fast, count: 1432564
CPU [0] UID 1002 comm: gen_fast, count: 1432664
CPU [0] UID 1002 comm: gen_fast, count: 1432764
CPU [0] UID 1002 comm: gen_fast, count: 1432880
CPU [0] UID 1002 comm: gen_fast, count: 1432964
CPU [0] UID 1002 comm: gen_fast, count: 1433064
CPU [0] UID 1002 comm: gen_fast, count: 1433183
CPU [0] UID 1002 comm: gen_fast, count: 1433270
CPU [0] UID 1002 comm: gen_fast, count: 1433364
CPU [0] UID 1002 comm: gen_fast, count: 1433496
CPU [0] UID 1002 comm: gen_fast, count: 1433593
CPU [0] UID 1002 comm: gen_fast, count: 1433664
CPU [0] UID 1002 comm: gen_fast, count: 1433775
CPU [0] UID 1002 comm: gen_fast, count: 1433864
CPU [0] UID 1002 comm: gen_fast, count: 1433964
CPU [0] UID 1002 comm: gen_fast, count: 1434134
CPU [0] UID 1002 comm: gen_fast, count: 1434164
CPU [0] UID 1002 comm: gen_fast, count: 1434274
CPU [0] UID 1002 comm: gen_fast, count: 1434364
CPU [0] UID 1002 comm: gen_fast, count: 1434464
CPU [0] UID 1002 comm: gen_fast, count: 1434564
CPU [0] UID 1002 comm: gen_fast, count: 1434664
CPU [0] UID 1002 comm: gen_fast, count: 1434764
CPU [0] UID 1002 comm: gen_fast, count: 1434864
CPU [0] UID 1002 comm: gen_fast, count: 1435025
CPU [0] UID 1002 comm: gen_fast, count: 1435064
CPU [0] UID 1002 comm: gen_fast, count: 1435216
CPU [0] UID 1002 comm: gen_fast, count: 1435264
CPU [0] UID 1002 comm: gen_fast, count: 1435364
CPU [0] UID 1002 comm: gen_fast, count: 1435464
CPU [0] UID 1002 comm: gen_fast, count: 1435572
CPU [0] UID 1002 comm: gen_fast, count: 1435664
CPU [0] UID 1002 comm: gen_fast, count: 1435821
CPU [0] UID 1002 comm: gen_fast, count: 1435864
CPU [0] UID 1002 comm: gen_fast, count: 1436001
CPU [0] UID 1002 comm: gen_fast, count: 1436064
CPU [0] UID 1002 comm: gen_fast, count: 1436200
CPU [0] UID 1002 comm: gen_fast, count: 1436271
CPU [0] UID 1002 comm: gen_fast, count: 1436475
CPU [0] UID 1002 comm: gen_fast, count: 1436475
CPU [0] UID 1002 comm: gen_fast, count: 1436630
CPU [0] UID 1002 comm: gen_fast, count: 1436664
CPU [0] UID 1002 comm: gen_fast, count: 1436783
CPU [0] UID 1002 comm: gen_fast, count: 1436915
CPU [0] UID 1002 comm: gen_fast, count: 1436964
CPU [0] UID 1002 comm: gen_fast, count: 1437170
CPU [0] UID 1002 comm: gen_fast, count: 1437170
CPU [0] UID 1002 comm: gen_fast, count: 1437399
CPU [0] UID 1002 comm: gen_fast, count: 1437399
CPU [0] UID 1002 comm: gen_fast, count: 1437464
CPU [0] UID 1002 comm: gen_fast, count: 1437583
CPU [0] UID 1002 comm: gen_fast, count: 1437664
CPU [0] UID 1002 comm: gen_fast, count: 1437768
CPU [0] UID 1002 comm: gen_fast, count: 1437864
CPU [0] UID 1002 comm: gen_fast, count: 1437964
CPU [0] UID 1002 comm: gen_fast, count: 1438186
CPU [0] UID 1002 comm: gen_fast, count: 1438186
CPU [0] UID 1002 comm: gen_fast, count: 1438264
CPU [0] UID 1002 comm: gen_fast, count: 1438364
CPU [0] UID 1002 comm: gen_fast, count: 1438513
CPU [0] UID 1002 comm: gen_fast, count: 1438564
CPU [0] UID 1002 comm: gen_fast, count: 1438758
CPU [0] UID 1002 comm: gen_fast, count: 1438764
CPU [0] UID 1002 comm: gen_fast, count: 1438864
CPU [0] UID 1002 comm: gen_fast, count: 1438977
CPU [0] UID 1002 comm: gen_fast, count: 1439122
CPU [0] UID 1002 comm: gen_fast, count: 1439164
CPU [0] UID 1002 comm: gen_fast, count: 1439311
CPU [0] UID 1002 comm: gen_fast, count: 1439484
CPU [0] UID 1002 comm: gen_fast, count: 1439484
CPU [0] UID 1002 comm: gen_fast, count: 1439564
CPU [0] UID 1002 comm: gen_fast, count: 1439664
CPU [0] UID 1002 comm: gen_fast, count: 1439764
CPU [0] UID 1002 comm: gen_fast, count: 1439916
CPU [0] UID 1002 comm: gen_fast, count: 1439964
CPU [0] UID 1002 comm: gen_fast, count: 1440097
CPU [0] UID 1002 comm: gen_fast, count: 1440164
CPU [0] UID 1002 comm: gen_fast, count: 1440264
CPU [0] UID 1002 comm: gen_fast, count: 1440384
CPU [0] UID 1002 comm: gen_fast, count: 1440541
CPU [0] UID 1002 comm: gen_fast, count: 1440564
CPU [0] UID 1002 comm: gen_fast, count: 1440705
CPU [0] UID 1002 comm: gen_fast, count: 1440764
CPU [0] UID 1002 comm: gen_fast, count: 1440880
CPU [0] UID 1002 comm: gen_fast, count: 1441084
CPU [0] UID 1002 comm: gen_fast, count: 1441084
CPU [0] UID 1002 comm: gen_fast, count: 1441183
CPU [0] UID 1002 comm: gen_fast, count: 1441339
CPU [0] UID 1002 comm: gen_fast, count: 1441364
CPU [0] UID 1002 comm: gen_fast, count: 1441591
CPU [0] UID 1002 comm: gen_fast, count: 1441591
CPU [0] UID 1002 comm: gen_fast, count: 1441664
CPU [0] UID 1002 comm: gen_fast, count: 1441809
CPU [0] UID 1002 comm: gen_fast, count: 1441864
CPU [0] UID 1002 comm: gen_fast, count: 1441996
CPU [0] UID 1002 comm: gen_fast, count: 1442064
CPU [0] UID 1002 comm: gen_fast, count: 1442164
CPU [0] UID 1002 comm: gen_fast, count: 1442278
CPU [0] UID 1002 comm: gen_fast, count: 1442364
CPU [0] UID 1002 comm: gen_fast, count: 1442485
CPU [0] UID 1002 comm: gen_fast, count: 1442564
CPU [0] UID 1002 comm: gen_fast, count: 1442690
CPU [0] UID 1002 comm: gen_fast, count: 1442778
CPU [0] UID 1002 comm: gen_fast, count: 1442944
CPU [0] UID 1002 comm: gen_fast, count: 1442964
CPU [0] UID 1002 comm: gen_fast, count: 1443064
CPU [0] UID 1002 comm: gen_fast, count: 1443164
CPU [0] UID 1002 comm: gen_fast, count: 1443264
CPU [0] UID 1002 comm: gen_fast, count: 1443451
CPU [0] UID 1002 comm: gen_fast, count: 1443464
CPU [0] UID 1002 comm: gen_fast, count: 1443591
CPU [0] UID 1002 comm: gen_fast, count: 1443664
CPU [0] UID 1002 comm: gen_fast, count: 1443764
CPU [0] UID 1002 comm: gen_fast, count: 1443899
CPU [0] UID 1002 comm: gen_fast, count: 1444073
CPU [0] UID 1002 comm: gen_fast, count: 1444073
CPU [0] UID 1002 comm: gen_fast, count: 1444232
CPU [0] UID 1002 comm: gen_fast, count: 1444264
CPU [0] UID 1002 comm: gen_fast, count: 1444365
CPU [0] UID 1002 comm: gen_fast, count: 1444464
CPU [0] UID 1002 comm: gen_fast, count: 1444564
CPU [0] UID 1002 comm: gen_fast, count: 1444680
CPU [0] UID 1002 comm: gen_fast, count: 1444837
CPU [0] UID 1002 comm: gen_fast, count: 1444864
CPU [0] UID 1002 comm: gen_fast, count: 1444974
CPU [0] UID 1002 comm: gen_fast, count: 1445065
CPU [0] UID 1002 comm: gen_fast, count: 1445216
CPU [0] UID 1002 comm: gen_fast, count: 1445264
CPU [0] UID 1002 comm: gen_fast, count: 1445435
CPU [0] UID 1002 comm: gen_fast, count: 1445464
CPU [0] UID 1002 comm: gen_fast, count: 1445564
CPU [0] UID 1002 comm: gen_fast, count: 1445698
CPU [0] UID 1002 comm: gen_fast, count: 1445764
CPU [0] UID 1002 comm: gen_fast, count: 1445877
CPU [0] UID 1002 comm: gen_fast, count: 1446030
CPU [0] UID 1002 comm: gen_fast, count: 1446172
CPU [0] UID 1002 comm: gen_fast, count: 1446172
CPU [0] UID 1002 comm: gen_fast, count: 1446265
CPU [0] UID 1002 comm: gen_fast, count: 1446391
CPU [0] UID 1002 comm: gen_fast, count: 1446546
CPU [0] UID 1002 comm: gen_fast, count: 1446564
CPU [0] UID 1002 comm: gen_fast, count: 1446726
CPU [0] UID 1002 comm: gen_fast, count: 1446764
CPU [0] UID 1002 comm: gen_fast, count: 1446968
CPU [0] UID 1002 comm: gen_fast, count: 1446968
CPU [0] UID 1002 comm: gen_fast, count: 1447068
CPU [0] UID 1002 comm: gen_fast, count: 1447164
CPU [0] UID 1002 comm: gen_fast, count: 1447264
CPU [0] UID 1002 comm: gen_fast, count: 1447374
CPU [0] UID 1002 comm: gen_fast, count: 1447503
CPU [0] UID 1002 comm: gen_fast, count: 1447594
CPU [0] UID 1002 comm: gen_fast, count: 1447664
CPU [0] UID 1002 comm: gen_fast, count: 1447789
CPU [0] UID 1002 comm: gen_fast, count: 1447864
CPU [0] UID 1002 comm: gen_fast, count: 1447964
CPU [0] UID 1002 comm: gen_fast, count: 1448118
CPU [0] UID 1002 comm: gen_fast, count: 1448164
CPU [0] UID 1002 comm: gen_fast, count: 1448297
CPU [0] UID 1002 comm: gen_fast, count: 1448364
CPU [0] UID 1002 comm: gen_fast, count: 1448464
CPU [0] UID 1002 comm: gen_fast, count: 1448599
CPU [0] UID 1002 comm: gen_fast, count: 1448664
CPU [0] UID 1002 comm: gen_fast, count: 1448791
CPU [0] UID 1002 comm: gen_fast, count: 1448920
CPU [0] UID 1002 comm: gen_fast, count: 1449035
CPU [0] UID 1002 comm: gen_fast, count: 1449161
CPU [0] UID 1002 comm: gen_fast, count: 1449282
CPU [0] UID 1002 comm: gen_fast, count: 1449282
CPU [0] UID 1002 comm: gen_fast, count: 1449410
CPU [0] UID 1002 comm: gen_fast, count: 1449521
CPU [0] UID 1002 comm: gen_fast, count: 1449651
CPU [0] UID 1002 comm: gen_fast, count: 1449794
CPU [0] UID 1002 comm: gen_fast, count: 1449794
CPU [0] UID 1002 comm: gen_fast, count: 1449949
CPU [0] UID 1002 comm: gen_fast, count: 1450091
CPU [0] UID 1002 comm: gen_fast, count: 1450091
CPU [0] UID 1002 comm: gen_fast, count: 1450237
CPU [0] UID 1002 comm: gen_fast, count: 1450375
CPU [0] UID 1002 comm: gen_fast, count: 1450375
CPU [0] UID 1002 comm: gen_fast, count: 1450515
CPU [0] UID 1002 comm: gen_fast, count: 1450657
CPU [0] UID 1002 comm: gen_fast, count: 1450763
CPU [0] UID 1002 comm: gen_fast, count: 1450870
CPU [0] UID 1002 comm: gen_fast, count: 1450870
CPU [0] UID 1002 comm: gen_fast, count: 1450980
CPU [0] UID 1002 comm: gen_fast, count: 1451090
CPU [0] UID 1002 comm: gen_fast, count: 1451197
CPU [0] UID 1002 comm: gen_fast, count: 1451313
CPU [0] UID 1002 comm: gen_fast, count: 1451463
CPU [0] UID 1002 comm: gen_fast, count: 1451588
CPU [0] UID 1002 comm: gen_fast, count: 1451588
CPU [0] UID 1002 comm: gen_fast, count: 1451739
CPU [0] UID 1002 comm: gen_fast, count: 1451885
CPU [0] UID 1002 comm: gen_fast, count: 1451885
CPU [0] UID 1002 comm: gen_fast, count: 1452034
CPU [0] UID 1002 comm: gen_fast, count: 1452176
CPU [0] UID 1002 comm: gen_fast, count: 1452176
CPU [0] UID 1002 comm: gen_fast, count: 1452319
CPU [0] UID 1002 comm: gen_fast, count: 1452465
CPU [0] UID 1002 comm: gen_fast, count: 1452465
CPU [0] UID 1002 comm: gen_fast, count: 1452667
CPU [0] UID 1002 comm: gen_fast, count: 1452667
CPU [0] UID 1002 comm: gen_fast, count: 1452815
CPU [0] UID 1002 comm: gen_fast, count: 1452949
CPU [0] UID 1002 comm: gen_fast, count: 1453062
CPU [0] UID 1002 comm: gen_fast, count: 1453064
CPU [0] UID 1002 comm: gen_fast, count: 1453269
CPU [0] UID 1002 comm: gen_fast, count: 1453269
CPU [0] UID 1002 comm: gen_fast, count: 1453444
CPU [0] UID 1002 comm: gen_fast, count: 1453588
CPU [0] UID 1002 comm: gen_fast, count: 1453588
CPU [0] UID 1002 comm: gen_fast, count: 1453770
CPU [0] UID 1002 comm: gen_fast, count: 1453770
CPU [0] UID 1002 comm: gen_fast, count: 1453985
CPU [0] UID 1002 comm: gen_fast, count: 1453985
CPU [0] UID 1002 comm: gen_fast, count: 1454107
CPU [0] UID 1002 comm: gen_fast, count: 1454309
CPU [0] UID 1002 comm: gen_fast, count: 1454309
CPU [0] UID 1002 comm: gen_fast, count: 1454448
CPU [0] UID 1002 comm: gen_fast, count: 1454464
CPU [0] UID 1002 comm: gen_fast, count: 1454601
CPU [0] UID 1002 comm: gen_fast, count: 1454729
CPU [0] UID 1002 comm: gen_fast, count: 1454857
CPU [0] UID 1002 comm: gen_fast, count: 1454934
CPU [0] UID 1002 comm: gen_fast, count: 1454964
CPU [0] UID 1002 comm: gen_fast, count: 1455091
CPU [0] UID 1002 comm: gen_fast, count: 1455188
CPU [0] UID 1002 comm: gen_fast, count: 1455308
CPU [0] UID 1002 comm: gen_fast, count: 1455445
CPU [0] UID 1002 comm: gen_fast, count: 1455565
CPU [0] UID 1002 comm: gen_fast, count: 1455565
CPU [0] UID 1002 comm: gen_fast, count: 1455674
CPU [0] UID 1002 comm: gen_fast, count: 1455841
CPU [0] UID 1002 comm: gen_fast, count: 1455864
CPU [0] UID 1002 comm: gen_fast, count: 1455992
CPU [0] UID 1002 comm: gen_fast, count: 1456120
CPU [0] UID 1002 comm: gen_fast, count: 1456273
CPU [0] UID 1002 comm: gen_fast, count: 1456273
CPU [0] UID 1002 comm: gen_fast, count: 1456428
CPU [0] UID 1002 comm: gen_fast, count: 1456569
CPU [0] UID 1002 comm: gen_fast, count: 1456569
CPU [0] UID 1002 comm: gen_fast, count: 1456760
CPU [0] UID 1002 comm: gen_fast, count: 1456764
CPU [0] UID 1002 comm: gen_fast, count: 1456935
CPU [0] UID 1002 comm: gen_fast, count: 1457113
CPU [0] UID 1002 comm: gen_fast, count: 1457113
CPU [0] UID 1002 comm: gen_fast, count: 1457164
CPU [0] UID 1002 comm: gen_fast, count: 1457346
CPU [0] UID 1002 comm: gen_fast, count: 1457364
CPU [0] UID 1002 comm: gen_fast, count: 1457524
CPU [0] UID 1002 comm: gen_fast, count: 1457718
CPU [0] UID 1002 comm: gen_fast, count: 1457718
CPU [0] UID 1002 comm: gen_fast, count: 1457900
CPU [0] UID 1002 comm: gen_fast, count: 1457900
CPU [0] UID 1002 comm: gen_fast, count: 1458070
CPU [0] UID 1002 comm: gen_fast, count: 1458070
CPU [0] UID 1002 comm: gen_fast, count: 1458164
CPU [0] UID 1002 comm: gen_fast, count: 1458303
CPU [0] UID 1002 comm: gen_fast, count: 1458501
CPU [0] UID 1002 comm: gen_fast, count: 1458501
CPU [0] UID 1002 comm: gen_fast, count: 1458660
CPU [0] UID 1002 comm: gen_fast, count: 1458798
CPU [0] UID 1002 comm: gen_fast, count: 1458798
CPU [0] UID 1002 comm: gen_fast, count: 1458972
CPU [0] UID 1002 comm: gen_fast, count: 1458972
CPU [0] UID 1002 comm: gen_fast, count: 1459164
CPU [0] UID 1002 comm: gen_fast, count: 1459164
CPU [0] UID 1002 comm: gen_fast, count: 1459264
CPU [0] UID 1002 comm: gen_fast, count: 1459418
CPU [0] UID 1002 comm: gen_fast, count: 1459557
CPU [0] UID 1002 comm: gen_fast, count: 1459564
CPU [0] UID 1002 comm: gen_fast, count: 1459737
CPU [0] UID 1002 comm: gen_fast, count: 1459880
CPU [0] UID 1002 comm: gen_fast, count: 1459880
CPU [0] UID 1002 comm: gen_fast, count: 1460053
CPU [0] UID 1002 comm: gen_fast, count: 1460064
CPU [0] UID 1002 comm: gen_fast, count: 1460270
CPU [0] UID 1002 comm: gen_fast, count: 1460270
CPU [0] UID 1002 comm: gen_fast, count: 1460409
CPU [0] UID 1002 comm: gen_fast, count: 1460464
CPU [0] UID 1002 comm: gen_fast, count: 1460637
CPU [0] UID 1002 comm: gen_fast, count: 1460790
CPU [0] UID 1002 comm: gen_fast, count: 1460790
CPU [0] UID 1002 comm: gen_fast, count: 1460864
CPU [0] UID 1002 comm: gen_fast, count: 1461024
CPU [0] UID 1002 comm: gen_fast, count: 1461206
CPU [0] UID 1002 comm: gen_fast, count: 1461206
CPU [0] UID 1002 comm: gen_fast, count: 1461386
CPU [0] UID 1002 comm: gen_fast, count: 1461386
CPU [0] UID 1002 comm: gen_fast, count: 1461547
CPU [0] UID 1002 comm: gen_fast, count: 1461690
CPU [0] UID 1002 comm: gen_fast, count: 1461690
CPU [0] UID 1002 comm: gen_fast, count: 1461764
CPU [0] UID 1002 comm: gen_fast, count: 1461940
CPU [0] UID 1002 comm: gen_fast, count: 1462085
CPU [0] UID 1002 comm: gen_fast, count: 1462085
CPU [0] UID 1002 comm: gen_fast, count: 1462244
CPU [0] UID 1002 comm: gen_fast, count: 1462401
CPU [0] UID 1002 comm: gen_fast, count: 1462401
CPU [0] UID 1002 comm: gen_fast, count: 1462581
CPU [0] UID 1002 comm: gen_fast, count: 1462581
CPU [0] UID 1002 comm: gen_fast, count: 1462727
CPU [0] UID 1002 comm: gen_fast, count: 1462875
CPU [0] UID 1002 comm: gen_fast, count: 1462875
CPU [0] UID 1002 comm: gen_fast, count: 1463079
CPU [0] UID 1002 comm: gen_fast, count: 1463079
CPU [0] UID 1002 comm: gen_fast, count: 1463219
CPU [0] UID 1002 comm: gen_fast, count: 1463366
CPU [0] UID 1002 comm: gen_fast, count: 1463366
CPU [0] UID 1002 comm: gen_fast, count: 1463590
CPU [0] UID 1002 comm: gen_fast, count: 1463590
CPU [0] UID 1002 comm: gen_fast, count: 1463732
CPU [0] UID 1002 comm: gen_fast, count: 1463900
CPU [0] UID 1002 comm: gen_fast, count: 1463900
CPU [0] UID 1002 comm: gen_fast, count: 1463964
CPU [0] UID 1002 comm: gen_fast, count: 1464131
CPU [0] UID 1002 comm: gen_fast, count: 1464164
CPU [0] UID 1002 comm: gen_fast, count: 1464305
CPU [0] UID 1002 comm: gen_fast, count: 1464364
CPU [0] UID 1002 comm: gen_fast, count: 1464519
CPU [0] UID 1002 comm: gen_fast, count: 1464564
CPU [0] UID 1002 comm: gen_fast, count: 1464725
CPU [0] UID 1002 comm: gen_fast, count: 1464870
CPU [0] UID 1002 comm: gen_fast, count: 1464870
CPU [0] UID 1002 comm: gen_fast, count: 1465090
CPU [0] UID 1002 comm: gen_fast, count: 1465090
CPU [0] UID 1002 comm: gen_fast, count: 1465246
CPU [0] UID 1002 comm: gen_fast, count: 1465264
CPU [0] UID 1002 comm: gen_fast, count: 1465498
CPU [0] UID 1002 comm: gen_fast, count: 1465498
CPU [0] UID 1002 comm: gen_fast, count: 1465645
CPU [0] UID 1002 comm: gen_fast, count: 1465664
CPU [0] UID 1002 comm: gen_fast, count: 1465834
CPU [0] UID 1002 comm: gen_fast, count: 1465864
CPU [0] UID 1002 comm: gen_fast, count: 1466024
CPU [0] UID 1002 comm: gen_fast, count: 1466172
CPU [0] UID 1002 comm: gen_fast, count: 1466172
CPU [0] UID 1002 comm: gen_fast, count: 1466321
CPU [0] UID 1002 comm: gen_fast, count: 1466364
CPU [0] UID 1002 comm: gen_fast, count: 1466556
CPU [0] UID 1002 comm: gen_fast, count: 1466564
CPU [0] UID 1002 comm: gen_fast, count: 1466682
CPU [0] UID 1002 comm: gen_fast, count: 1466764
CPU [0] UID 1002 comm: gen_fast, count: 1466864
CPU [0] UID 1002 comm: gen_fast, count: 1467099
CPU [0] UID 1002 comm: gen_fast, count: 1467099
CPU [0] UID 1002 comm: gen_fast, count: 1467164
CPU [0] UID 1002 comm: gen_fast, count: 1467375
CPU [0] UID 1002 comm: gen_fast, count: 1467375
CPU [0] UID 1002 comm: gen_fast, count: 1467464
CPU [0] UID 1002 comm: gen_fast, count: 1467572
CPU [0] UID 1002 comm: gen_fast, count: 1467664
CPU [0] UID 1002 comm: gen_fast, count: 1467764
CPU [0] UID 1002 comm: gen_fast, count: 1467886
CPU [0] UID 1002 comm: gen_fast, count: 1467964
CPU [0] UID 1002 comm: gen_fast, count: 1468064
CPU [0] UID 1002 comm: gen_fast, count: 1468256
CPU [0] UID 1002 comm: gen_fast, count: 1468264
CPU [0] UID 1002 comm: gen_fast, count: 1468364
CPU [0] UID 1002 comm: gen_fast, count: 1468510
CPU [0] UID 1002 comm: gen_fast, count: 1468564
CPU [0] UID 1002 comm: gen_fast, count: 1468777
CPU [0] UID 1002 comm: gen_fast, count: 1468777
CPU [0] UID 1002 comm: gen_fast, count: 1468864
CPU [0] UID 1002 comm: gen_fast, count: 1469033
CPU [0] UID 1002 comm: gen_fast, count: 1469064
CPU [0] UID 1002 comm: gen_fast, count: 1469284
CPU [0] UID 1002 comm: gen_fast, count: 1469284
CPU [0] UID 1002 comm: gen_fast, count: 1469364
CPU [0] UID 1002 comm: gen_fast, count: 1469489
CPU [0] UID 1002 comm: gen_fast, count: 1469567
CPU [0] UID 1002 comm: gen_fast, count: 1469664
CPU [0] UID 1002 comm: gen_fast, count: 1469832
CPU [0] UID 1002 comm: gen_fast, count: 1469864
CPU [0] UID 1002 comm: gen_fast, count: 1469972
CPU [0] UID 1002 comm: gen_fast, count: 1470064
CPU [0] UID 1002 comm: gen_fast, count: 1470164
CPU [0] UID 1002 comm: gen_fast, count: 1470264
CPU [0] UID 1002 comm: gen_fast, count: 1470388
CPU [0] UID 1002 comm: gen_fast, count: 1470472
CPU [0] UID 1002 comm: gen_fast, count: 1470564
CPU [0] UID 1002 comm: gen_fast, count: 1470664
CPU [0] UID 1002 comm: gen_fast, count: 1470803
CPU [0] UID 1002 comm: gen_fast, count: 1470887
CPU [0] UID 1002 comm: gen_fast, count: 1470964
CPU [0] UID 1002 comm: gen_fast, count: 1471126
CPU [0] UID 1002 comm: gen_fast, count: 1471164
CPU [0] UID 1002 comm: gen_fast, count: 1471380
CPU [0] UID 1002 comm: gen_fast, count: 1471380
CPU [0] UID 1002 comm: gen_fast, count: 1471464
CPU [0] UID 1002 comm: gen_fast, count: 1471564
CPU [0] UID 1002 comm: gen_fast, count: 1471664
CPU [0] UID 1002 comm: gen_fast, count: 1471764
CPU [0] UID 1002 comm: gen_fast, count: 1471864
CPU [0] UID 1002 comm: gen_fast, count: 1471989
CPU [0] UID 1002 comm: gen_fast, count: 1472068
CPU [0] UID 1002 comm: gen_fast, count: 1472261
CPU [0] UID 1002 comm: gen_fast, count: 1472264
CPU [0] UID 1002 comm: gen_fast, count: 1472369
CPU [0] UID 1002 comm: gen_fast, count: 1472464
CPU [0] UID 1002 comm: gen_fast, count: 1472596
CPU [0] UID 1002 comm: gen_fast, count: 1472664
CPU [0] UID 1002 comm: gen_fast, count: 1472818
CPU [0] UID 1002 comm: gen_fast, count: 1472864
CPU [0] UID 1002 comm: gen_fast, count: 1472979
CPU [0] UID 1002 comm: gen_fast, count: 1473155
CPU [0] UID 1002 comm: gen_fast, count: 1473164
CPU [0] UID 1002 comm: gen_fast, count: 1473325
CPU [0] UID 1002 comm: gen_fast, count: 1473395
CPU [0] UID 1002 comm: gen_fast, count: 1473522
CPU [0] UID 1002 comm: gen_fast, count: 1473564
CPU [0] UID 1002 comm: gen_fast, count: 1473680
CPU [0] UID 1002 comm: gen_fast, count: 1473764
CPU [0] UID 1002 comm: gen_fast, count: 1473864
CPU [0] UID 1002 comm: gen_fast, count: 1473976
CPU [0] UID 1002 comm: gen_fast, count: 1474064
CPU [0] UID 1002 comm: gen_fast, count: 1474164
CPU [0] UID 1002 comm: gen_fast, count: 1474287
CPU [0] UID 1002 comm: gen_fast, count: 1474364
CPU [0] UID 1002 comm: gen_fast, count: 1474511
CPU [0] UID 1002 comm: gen_fast, count: 1474564
CPU [0] UID 1002 comm: gen_fast, count: 1474679
CPU [0] UID 1002 comm: gen_fast, count: 1474813
CPU [0] UID 1002 comm: gen_fast, count: 1474864
CPU [0] UID 1002 comm: gen_fast, count: 1474965
CPU [0] UID 1002 comm: gen_fast, count: 1475073
CPU [0] UID 1002 comm: gen_fast, count: 1475164
CPU [0] UID 1002 comm: gen_fast, count: 1475270
CPU [0] UID 1002 comm: gen_fast, count: 1475398
CPU [0] UID 1002 comm: gen_fast, count: 1475495
CPU [0] UID 1002 comm: gen_fast, count: 1475650
CPU [0] UID 1002 comm: gen_fast, count: 1475733
CPU [0] UID 1002 comm: gen_fast, count: 1475764
CPU [0] UID 1002 comm: gen_fast, count: 1475897
CPU [0] UID 1002 comm: gen_fast, count: 1475964
CPU [0] UID 1002 comm: gen_fast, count: 1476064
CPU [0] UID 1002 comm: gen_fast, count: 1476190
CPU [0] UID 1002 comm: gen_fast, count: 1476275
CPU [0] UID 1002 comm: gen_fast, count: 1476364
CPU [0] UID 1002 comm: gen_fast, count: 1476464
CPU [0] UID 1002 comm: gen_fast, count: 1476685
CPU [0] UID 1002 comm: gen_fast, count: 1476685
CPU [0] UID 1002 comm: gen_fast, count: 1476882
CPU [0] UID 1002 comm: gen_fast, count: 1476882
CPU [0] UID 1002 comm: gen_fast, count: 1476971
CPU [0] UID 1002 comm: gen_fast, count: 1477120
CPU [0] UID 1002 comm: gen_fast, count: 1477164
CPU [0] UID 1002 comm: gen_fast, count: 1477320
CPU [0] UID 1002 comm: gen_fast, count: 1477364
CPU [0] UID 1002 comm: gen_fast, count: 1477464
CPU [0] UID 1002 comm: gen_fast, count: 1477593
CPU [0] UID 1002 comm: gen_fast, count: 1477664
CPU [0] UID 1002 comm: gen_fast, count: 1477773
CPU [0] UID 1002 comm: gen_fast, count: 1477864
CPU [0] UID 1002 comm: gen_fast, count: 1477964
CPU [0] UID 1002 comm: gen_fast, count: 1478083
CPU [0] UID 1002 comm: gen_fast, count: 1478232
CPU [0] UID 1002 comm: gen_fast, count: 1478264
CPU [0] UID 1002 comm: gen_fast, count: 1478373
CPU [0] UID 1002 comm: gen_fast, count: 1478530
CPU [0] UID 1002 comm: gen_fast, count: 1478564
CPU [0] UID 1002 comm: gen_fast, count: 1478697
CPU [0] UID 1002 comm: gen_fast, count: 1478764
CPU [0] UID 1002 comm: gen_fast, count: 1478874
CPU [0] UID 1002 comm: gen_fast, count: 1479015
CPU [0] UID 1002 comm: gen_fast, count: 1479064
CPU [0] UID 1002 comm: gen_fast, count: 1479196
CPU [0] UID 1002 comm: gen_fast, count: 1479264
CPU [0] UID 1002 comm: gen_fast, count: 1479469
CPU [0] UID 1002 comm: gen_fast, count: 1479469
CPU [0] UID 1002 comm: gen_fast, count: 1479564
CPU [0] UID 1002 comm: gen_fast, count: 1479664
CPU [0] UID 1002 comm: gen_fast, count: 1479793
CPU [0] UID 1002 comm: gen_fast, count: 1480012
CPU [0] UID 1002 comm: gen_fast, count: 1480012
CPU [0] UID 1002 comm: gen_fast, count: 1480064
CPU [0] UID 1002 comm: gen_fast, count: 1480164
CPU [0] UID 1002 comm: gen_fast, count: 1480264
CPU [0] UID 1002 comm: gen_fast, count: 1480364
CPU [0] UID 1002 comm: gen_fast, count: 1480489
CPU [0] UID 1002 comm: gen_fast, count: 1480595
CPU [0] UID 1002 comm: gen_fast, count: 1480807
CPU [0] UID 1002 comm: gen_fast, count: 1480807
CPU [0] UID 1002 comm: gen_fast, count: 1480864
CPU [0] UID 1002 comm: gen_fast, count: 1481087
CPU [0] UID 1002 comm: gen_fast, count: 1481087
CPU [0] UID 1002 comm: gen_fast, count: 1481164
CPU [0] UID 1002 comm: gen_fast, count: 1481351
CPU [0] UID 1002 comm: gen_fast, count: 1481364
CPU [0] UID 1002 comm: gen_fast, count: 1481498
CPU [0] UID 1002 comm: gen_fast, count: 1481564
CPU [0] UID 1002 comm: gen_fast, count: 1481676
CPU [0] UID 1002 comm: gen_fast, count: 1481810
CPU [0] UID 1002 comm: gen_fast, count: 1481864
CPU [0] UID 1002 comm: gen_fast, count: 1481988
CPU [0] UID 1002 comm: gen_fast, count: 1482064
CPU [0] UID 1002 comm: gen_fast, count: 1482248
CPU [0] UID 1002 comm: gen_fast, count: 1482264
CPU [0] UID 1002 comm: gen_fast, count: 1482406
CPU [0] UID 1002 comm: gen_fast, count: 1482464
CPU [0] UID 1002 comm: gen_fast, count: 1482565
CPU [0] UID 1002 comm: gen_fast, count: 1482681
CPU [0] UID 1002 comm: gen_fast, count: 1482866
CPU [0] UID 1002 comm: gen_fast, count: 1482866
CPU [0] UID 1002 comm: gen_fast, count: 1483069
CPU [0] UID 1002 comm: gen_fast, count: 1483069
CPU [0] UID 1002 comm: gen_fast, count: 1483164
CPU [0] UID 1002 comm: gen_fast, count: 1483264
CPU [0] UID 1002 comm: gen_fast, count: 1483377
CPU [0] UID 1002 comm: gen_fast, count: 1483478
CPU [0] UID 1002 comm: gen_fast, count: 1483622
CPU [0] UID 1002 comm: gen_fast, count: 1483760
CPU [0] UID 1002 comm: gen_fast, count: 1483764
CPU [0] UID 1002 comm: gen_fast, count: 1483864
CPU [0] UID 1002 comm: gen_fast, count: 1483989
CPU [0] UID 1002 comm: gen_fast, count: 1484064
CPU [0] UID 1002 comm: gen_fast, count: 1484164
CPU [0] UID 1002 comm: gen_fast, count: 1484296
CPU [0] UID 1002 comm: gen_fast, count: 1484390
CPU [0] UID 1002 comm: gen_fast, count: 1484464
CPU [0] UID 1002 comm: gen_fast, count: 1484564
CPU [0] UID 1002 comm: gen_fast, count: 1484664
CPU [0] UID 1002 comm: gen_fast, count: 1484764
CPU [0] UID 1002 comm: gen_fast, count: 1484932
CPU [0] UID 1002 comm: gen_fast, count: 1484964
CPU [0] UID 1002 comm: gen_fast, count: 1485116
CPU [0] UID 1002 comm: gen_fast, count: 1485164
CPU [0] UID 1002 comm: gen_fast, count: 1485264
CPU [0] UID 1002 comm: gen_fast, count: 1485364
CPU [0] UID 1002 comm: gen_fast, count: 1485556
CPU [0] UID 1002 comm: gen_fast, count: 1485564
CPU [0] UID 1002 comm: gen_fast, count: 1485664
CPU [0] UID 1002 comm: gen_fast, count: 1485821
CPU [0] UID 1002 comm: gen_fast, count: 1485864
CPU [0] UID 1002 comm: gen_fast, count: 1486088
CPU [0] UID 1002 comm: gen_fast, count: 1486088
CPU [0] UID 1002 comm: gen_fast, count: 1486164
CPU [0] UID 1002 comm: gen_fast, count: 1486352
CPU [0] UID 1002 comm: gen_fast, count: 1486364
CPU [0] UID 1002 comm: gen_fast, count: 1486598
CPU [0] UID 1002 comm: gen_fast, count: 1486598
CPU [0] UID 1002 comm: gen_fast, count: 1486664
CPU [0] UID 1002 comm: gen_fast, count: 1486783
CPU [0] UID 1002 comm: gen_fast, count: 1486864
CPU [0] UID 1002 comm: gen_fast, count: 1486964
CPU [0] UID 1002 comm: gen_fast, count: 1487138
CPU [0] UID 1002 comm: gen_fast, count: 1487164
CPU [0] UID 1002 comm: gen_fast, count: 1487410
CPU [0] UID 1002 comm: gen_fast, count: 1487410
CPU [0] UID 1002 comm: gen_fast, count: 1487464
CPU [0] UID 1002 comm: gen_fast, count: 1487564
CPU [0] UID 1002 comm: gen_fast, count: 1487664
CPU [0] UID 1002 comm: gen_fast, count: 1487786
CPU [0] UID 1002 comm: gen_fast, count: 1488010
CPU [0] UID 1002 comm: gen_fast, count: 1488010
CPU [0] UID 1002 comm: gen_fast, count: 1488064
CPU [0] UID 1002 comm: gen_fast, count: 1488283
CPU [0] UID 1002 comm: gen_fast, count: 1488283
CPU [0] UID 1002 comm: gen_fast, count: 1488364
CPU [0] UID 1002 comm: gen_fast, count: 1488471
CPU [0] UID 1002 comm: gen_fast, count: 1488621
CPU [0] UID 1002 comm: gen_fast, count: 1488664
CPU [0] UID 1002 comm: gen_fast, count: 1488764
CPU [0] UID 1002 comm: gen_fast, count: 1488876
CPU [0] UID 1002 comm: gen_fast, count: 1489051
CPU [0] UID 1002 comm: gen_fast, count: 1489123
CPU [0] UID 1002 comm: gen_fast, count: 1489164
CPU [0] UID 1002 comm: gen_fast, count: 1489290
CPU [0] UID 1002 comm: gen_fast, count: 1489364
CPU [0] UID 1002 comm: gen_fast, count: 1489464
CPU [0] UID 1002 comm: gen_fast, count: 1489637
CPU [0] UID 1002 comm: gen_fast, count: 1489664
CPU [0] UID 1002 comm: gen_fast, count: 1489777
CPU [0] UID 1002 comm: gen_fast, count: 1489864
CPU [0] UID 1002 comm: gen_fast, count: 1489965
CPU [0] UID 1002 comm: gen_fast, count: 1490143
CPU [0] UID 1002 comm: gen_fast, count: 1490186
CPU [0] UID 1002 comm: gen_fast, count: 1490264
CPU [0] UID 1002 comm: gen_fast, count: 1490394
CPU [0] UID 1002 comm: gen_fast, count: 1490464
CPU [0] UID 1002 comm: gen_fast, count: 1490564
CPU [0] UID 1002 comm: gen_fast, count: 1490664
CPU [0] UID 1002 comm: gen_fast, count: 1490802
CPU [0] UID 1002 comm: gen_fast, count: 1490864
CPU [0] UID 1002 comm: gen_fast, count: 1490974
CPU [0] UID 1002 comm: gen_fast, count: 1491064
CPU [0] UID 1002 comm: gen_fast, count: 1491251
CPU [0] UID 1002 comm: gen_fast, count: 1491264
CPU [0] UID 1002 comm: gen_fast, count: 1491422
CPU [0] UID 1002 comm: gen_fast, count: 1491464
CPU [0] UID 1002 comm: gen_fast, count: 1491564
CPU [0] UID 1002 comm: gen_fast, count: 1491664
CPU [0] UID 1002 comm: gen_fast, count: 1491855
CPU [0] UID 1002 comm: gen_fast, count: 1491864
CPU [0] UID 1002 comm: gen_fast, count: 1492018
CPU [0] UID 1002 comm: gen_fast, count: 1492064
CPU [0] UID 1002 comm: gen_fast, count: 1492227
CPU [0] UID 1002 comm: gen_fast, count: 1492264
CPU [0] UID 1002 comm: gen_fast, count: 1492489
CPU [0] UID 1002 comm: gen_fast, count: 1492489
CPU [0] UID 1002 comm: gen_fast, count: 1492569
CPU [0] UID 1002 comm: gen_fast, count: 1492664
CPU [0] UID 1002 comm: gen_fast, count: 1492764
CPU [0] UID 1002 comm: gen_fast, count: 1492956
CPU [0] UID 1002 comm: gen_fast, count: 1492964
CPU [0] UID 1002 comm: gen_fast, count: 1493155
CPU [0] UID 1002 comm: gen_fast, count: 1493164
CPU [0] UID 1002 comm: gen_fast, count: 1493264
CPU [0] UID 1002 comm: gen_fast, count: 1493394
CPU [0] UID 1002 comm: gen_fast, count: 1493464
CPU [0] UID 1002 comm: gen_fast, count: 1493564
CPU [0] UID 1002 comm: gen_fast, count: 1493664
CPU [0] UID 1002 comm: gen_fast, count: 1493764
CPU [0] UID 1002 comm: gen_fast, count: 1493892
CPU [0] UID 1002 comm: gen_fast, count: 1493964
CPU [0] UID 1002 comm: gen_fast, count: 1494064
CPU [0] UID 1002 comm: gen_fast, count: 1494244
CPU [0] UID 1002 comm: gen_fast, count: 1494264
CPU [0] UID 1002 comm: gen_fast, count: 1494364
CPU [0] UID 1002 comm: gen_fast, count: 1494489
CPU [0] UID 1002 comm: gen_fast, count: 1494564
CPU [0] UID 1002 comm: gen_fast, count: 1494698
CPU [0] UID 1002 comm: gen_fast, count: 1494764
CPU [0] UID 1002 comm: gen_fast, count: 1494884
CPU [0] UID 1002 comm: gen_fast, count: 1494964
CPU [0] UID 1002 comm: gen_fast, count: 1495156
CPU [0] UID 1002 comm: gen_fast, count: 1495308
CPU [0] UID 1002 comm: gen_fast, count: 1495308
CPU [0] UID 1002 comm: gen_fast, count: 1495492
CPU [0] UID 1002 comm: gen_fast, count: 1495492
CPU [0] UID 1002 comm: gen_fast, count: 1495564
CPU [0] UID 1002 comm: gen_fast, count: 1495731
CPU [0] UID 1002 comm: gen_fast, count: 1495764
CPU [0] UID 1002 comm: gen_fast, count: 1495864
CPU [0] UID 1002 comm: gen_fast, count: 1495991
CPU [0] UID 1002 comm: gen_fast, count: 1496188
CPU [0] UID 1002 comm: gen_fast, count: 1496188
CPU [0] UID 1002 comm: gen_fast, count: 1496264
CPU [0] UID 1002 comm: gen_fast, count: 1496412
CPU [0] UID 1002 comm: gen_fast, count: 1496464
CPU [0] UID 1002 comm: gen_fast, count: 1496564
CPU [0] UID 1002 comm: gen_fast, count: 1496698
CPU [0] UID 1002 comm: gen_fast, count: 1496783
CPU [0] UID 1002 comm: gen_fast, count: 1496956
CPU [0] UID 1002 comm: gen_fast, count: 1496964
CPU [0] UID 1002 comm: gen_fast, count: 1497064
CPU [0] UID 1002 comm: gen_fast, count: 1497283
CPU [0] UID 1002 comm: gen_fast, count: 1497283
CPU [0] UID 1002 comm: gen_fast, count: 1497364
CPU [0] UID 1002 comm: gen_fast, count: 1497473
CPU [0] UID 1002 comm: gen_fast, count: 1497564
CPU [0] UID 1002 comm: gen_fast, count: 1497693
CPU [0] UID 1002 comm: gen_fast, count: 1497779
CPU [0] UID 1002 comm: gen_fast, count: 1497864
CPU [0] UID 1002 comm: gen_fast, count: 1497964
CPU [0] UID 1002 comm: gen_fast, count: 1498090
CPU [0] UID 1002 comm: gen_fast, count: 1498288
CPU [0] UID 1002 comm: gen_fast, count: 1498288
CPU [0] UID 1002 comm: gen_fast, count: 1498364
CPU [0] UID 1002 comm: gen_fast, count: 1498464
CPU [0] UID 1002 comm: gen_fast, count: 1498602
CPU [0] UID 1002 comm: gen_fast, count: 1498664
CPU [0] UID 1002 comm: gen_fast, count: 1498853
CPU [0] UID 1002 comm: gen_fast, count: 1498864
CPU [0] UID 1002 comm: gen_fast, count: 1498995
CPU [0] UID 1002 comm: gen_fast, count: 1499068
CPU [0] UID 1002 comm: gen_fast, count: 1499173
CPU [0] UID 1002 comm: gen_fast, count: 1499264
CPU [0] UID 1002 comm: gen_fast, count: 1499364
CPU [0] UID 1002 comm: gen_fast, count: 1499464
CPU [0] UID 1002 comm: gen_fast, count: 1499564
CPU [0] UID 1002 comm: gen_fast, count: 1499670
CPU [0] UID 1002 comm: gen_fast, count: 1499764
CPU [0] UID 1002 comm: gen_fast, count: 1499915
CPU [0] UID 1002 comm: gen_fast, count: 1499974
CPU [0] UID 1002 comm: gen_fast, count: 1500140
CPU [0] UID 1002 comm: gen_fast, count: 1500164
CPU [0] UID 1002 comm: gen_fast, count: 1500264
CPU [0] UID 1002 comm: gen_fast, count: 1500364
CPU [0] UID 1002 comm: gen_fast, count: 1500541
CPU [0] UID 1002 comm: gen_fast, count: 1500564
CPU [0] UID 1002 comm: gen_fast, count: 1500764
CPU [0] UID 1002 comm: gen_fast, count: 1500764
CPU [0] UID 1002 comm: gen_fast, count: 1500894
CPU [0] UID 1002 comm: gen_fast, count: 1500976
CPU [0] UID 1002 comm: gen_fast, count: 1501064
CPU [0] UID 1002 comm: gen_fast, count: 1501173
CPU [0] UID 1002 comm: gen_fast, count: 1501264
CPU [0] UID 1002 comm: gen_fast, count: 1501465
CPU [0] UID 1002 comm: gen_fast, count: 1501465
CPU [0] UID 1002 comm: gen_fast, count: 1501601
CPU [0] UID 1002 comm: gen_fast, count: 1501664
CPU [0] UID 1002 comm: gen_fast, count: 1501774
CPU [0] UID 1002 comm: gen_fast, count: 1501864
CPU [0] UID 1002 comm: gen_fast, count: 1501964
CPU [0] UID 1002 comm: gen_fast, count: 1502064
CPU [0] UID 1002 comm: gen_fast, count: 1502192
CPU [0] UID 1002 comm: gen_fast, count: 1502266
CPU [0] UID 1002 comm: gen_fast, count: 1502364
CPU [0] UID 1002 comm: gen_fast, count: 1502497
CPU [0] UID 1002 comm: gen_fast, count: 1502564
CPU [0] UID 1002 comm: gen_fast, count: 1502729
CPU [0] UID 1002 comm: gen_fast, count: 1502764
CPU [0] UID 1002 comm: gen_fast, count: 1502864
CPU [0] UID 1002 comm: gen_fast, count: 1502964
CPU [0] UID 1002 comm: gen_fast, count: 1503064
CPU [0] UID 1002 comm: gen_fast, count: 1503164
CPU [0] UID 1002 comm: gen_fast, count: 1503264
CPU [0] UID 1002 comm: gen_fast, count: 1503364
CPU [0] UID 1002 comm: gen_fast, count: 1503615
CPU [0] UID 1002 comm: gen_fast, count: 1503615
CPU [0] UID 1002 comm: gen_fast, count: 1503664
CPU [0] UID 1002 comm: gen_fast, count: 1503827
CPU [0] UID 1002 comm: gen_fast, count: 1503864
CPU [0] UID 1002 comm: gen_fast, count: 1503965
CPU [0] UID 1002 comm: gen_fast, count: 1504142
CPU [0] UID 1002 comm: gen_fast, count: 1504164
CPU [0] UID 1002 comm: gen_fast, count: 1504311
CPU [0] UID 1002 comm: gen_fast, count: 1504457
CPU [0] UID 1002 comm: gen_fast, count: 1504464
CPU [0] UID 1002 comm: gen_fast, count: 1504584
CPU [0] UID 1002 comm: gen_fast, count: 1504664
CPU [0] UID 1002 comm: gen_fast, count: 1504768
CPU [0] UID 1002 comm: gen_fast, count: 1504888
CPU [0] UID 1002 comm: gen_fast, count: 1504964
CPU [0] UID 1002 comm: gen_fast, count: 1505149
CPU [0] UID 1002 comm: gen_fast, count: 1505164
CPU [0] UID 1002 comm: gen_fast, count: 1505264
CPU [0] UID 1002 comm: gen_fast, count: 1505364
CPU [0] UID 1002 comm: gen_fast, count: 1505520
CPU [0] UID 1002 comm: gen_fast, count: 1505564
CPU [0] UID 1002 comm: gen_fast, count: 1505668
CPU [0] UID 1002 comm: gen_fast, count: 1505855
CPU [0] UID 1002 comm: gen_fast, count: 1505864
CPU [0] UID 1002 comm: gen_fast, count: 1505964
CPU [0] UID 1002 comm: gen_fast, count: 1506073
CPU [0] UID 1002 comm: gen_fast, count: 1506212
CPU [0] UID 1002 comm: gen_fast, count: 1506264
CPU [0] UID 1002 comm: gen_fast, count: 1506364
CPU [0] UID 1002 comm: gen_fast, count: 1506476
CPU [0] UID 1002 comm: gen_fast, count: 1506644
CPU [0] UID 1002 comm: gen_fast, count: 1506664
CPU [0] UID 1002 comm: gen_fast, count: 1506793
CPU [0] UID 1002 comm: gen_fast, count: 1506864
CPU [0] UID 1002 comm: gen_fast, count: 1506964
CPU [0] UID 1002 comm: gen_fast, count: 1507100
CPU [0] UID 1002 comm: gen_fast, count: 1507275
CPU [0] UID 1002 comm: gen_fast, count: 1507275
CPU [0] UID 1002 comm: gen_fast, count: 1507364
CPU [0] UID 1002 comm: gen_fast, count: 1507496
CPU [0] UID 1002 comm: gen_fast, count: 1507564
CPU [0] UID 1002 comm: gen_fast, count: 1507664
CPU [0] UID 1002 comm: gen_fast, count: 1507772
CPU [0] UID 1002 comm: gen_fast, count: 1507913
CPU [0] UID 1002 comm: gen_fast, count: 1508098
CPU [0] UID 1002 comm: gen_fast, count: 1508098
CPU [0] UID 1002 comm: gen_fast, count: 1508260
CPU [0] UID 1002 comm: gen_fast, count: 1508264
CPU [0] UID 1002 comm: gen_fast, count: 1508364
CPU [0] UID 1002 comm: gen_fast, count: 1508464
CPU [0] UID 1002 comm: gen_fast, count: 1508590
CPU [0] UID 1002 comm: gen_fast, count: 1508768
CPU [0] UID 1002 comm: gen_fast, count: 1508768
CPU [0] UID 1002 comm: gen_fast, count: 1508864
CPU [0] UID 1002 comm: gen_fast, count: 1508974
CPU [0] UID 1002 comm: gen_fast, count: 1509064
CPU [0] UID 1002 comm: gen_fast, count: 1509195
CPU [0] UID 1002 comm: gen_fast, count: 1509272
CPU [0] UID 1002 comm: gen_fast, count: 1509436
CPU [0] UID 1002 comm: gen_fast, count: 1509464
CPU [0] UID 1002 comm: gen_fast, count: 1509584
CPU [0] UID 1002 comm: gen_fast, count: 1509665
CPU [0] UID 1002 comm: gen_fast, count: 1509764
CPU [0] UID 1002 comm: gen_fast, count: 1509885
CPU [0] UID 1002 comm: gen_fast, count: 1509964
CPU [0] UID 1002 comm: gen_fast, count: 1510064
CPU [0] UID 1002 comm: gen_fast, count: 1510189
CPU [0] UID 1002 comm: gen_fast, count: 1510264
CPU [0] UID 1002 comm: gen_fast, count: 1510364
CPU [0] UID 1002 comm: gen_fast, count: 1510532
CPU [0] UID 1002 comm: gen_fast, count: 1510564
CPU [0] UID 1002 comm: gen_fast, count: 1510686
CPU [0] UID 1002 comm: gen_fast, count: 1510764
CPU [0] UID 1002 comm: gen_fast, count: 1510894
CPU [0] UID 1002 comm: gen_fast, count: 1511040
CPU [0] UID 1002 comm: gen_fast, count: 1511064
CPU [0] UID 1002 comm: gen_fast, count: 1511297
CPU [0] UID 1002 comm: gen_fast, count: 1511297
CPU [0] UID 1002 comm: gen_fast, count: 1511364
CPU [0] UID 1002 comm: gen_fast, count: 1511555
CPU [0] UID 1002 comm: gen_fast, count: 1511564
CPU [0] UID 1002 comm: gen_fast, count: 1511664
CPU [0] UID 1002 comm: gen_fast, count: 1511784
CPU [0] UID 1002 comm: gen_fast, count: 1511864
CPU [0] UID 1002 comm: gen_fast, count: 1511964
CPU [0] UID 1002 comm: gen_fast, count: 1512129
CPU [0] UID 1002 comm: gen_fast, count: 1512164
CPU [0] UID 1002 comm: gen_fast, count: 1512315
CPU [0] UID 1002 comm: gen_fast, count: 1512364
CPU [0] UID 1002 comm: gen_fast, count: 1512576
CPU [0] UID 1002 comm: gen_fast, count: 1512576
CPU [0] UID 1002 comm: gen_fast, count: 1512664
CPU [0] UID 1002 comm: gen_fast, count: 1512764
CPU [0] UID 1002 comm: gen_fast, count: 1512864
CPU [0] UID 1002 comm: gen_fast, count: 1513038
CPU [0] UID 1002 comm: gen_fast, count: 1513064
CPU [0] UID 1002 comm: gen_fast, count: 1513278
CPU [0] UID 1002 comm: gen_fast, count: 1513278
CPU [0] UID 1002 comm: gen_fast, count: 1513364
CPU [0] UID 1002 comm: gen_fast, count: 1513486
CPU [0] UID 1002 comm: gen_fast, count: 1513570
CPU [0] UID 1002 comm: gen_fast, count: 1513664
CPU [0] UID 1002 comm: gen_fast, count: 1513764
CPU [0] UID 1002 comm: gen_fast, count: 1513864
CPU [0] UID 1002 comm: gen_fast, count: 1514032
CPU [0] UID 1002 comm: gen_fast, count: 1514110
CPU [0] UID 1002 comm: gen_fast, count: 1514164
CPU [0] UID 1002 comm: gen_fast, count: 1514264
CPU [0] UID 1002 comm: gen_fast, count: 1514364
CPU [0] UID 1002 comm: gen_fast, count: 1514565
CPU [0] UID 1002 comm: gen_fast, count: 1514565
CPU [0] UID 1002 comm: gen_fast, count: 1514664
CPU [0] UID 1002 comm: gen_fast, count: 1514825
CPU [0] UID 1002 comm: gen_fast, count: 1514901
CPU [0] UID 1002 comm: gen_fast, count: 1514990
CPU [0] UID 1002 comm: gen_fast, count: 1515098
CPU [0] UID 1002 comm: gen_fast, count: 1515217
CPU [0] UID 1002 comm: gen_fast, count: 1515264
CPU [0] UID 1002 comm: gen_fast, count: 1515399
CPU [0] UID 1002 comm: gen_fast, count: 1515464
CPU [0] UID 1002 comm: gen_fast, count: 1515606
CPU [0] UID 1002 comm: gen_fast, count: 1515664
CPU [0] UID 1002 comm: gen_fast, count: 1515850
CPU [0] UID 1002 comm: gen_fast, count: 1515864
CPU [0] UID 1002 comm: gen_fast, count: 1515971
CPU [0] UID 1002 comm: gen_fast, count: 1516114
CPU [0] UID 1002 comm: gen_fast, count: 1516164
CPU [0] UID 1002 comm: gen_fast, count: 1516293
CPU [0] UID 1002 comm: gen_fast, count: 1516447
CPU [0] UID 1002 comm: gen_fast, count: 1516535
CPU [0] UID 1002 comm: gen_fast, count: 1516590
CPU [0] UID 1002 comm: gen_fast, count: 1516664
CPU [0] UID 1002 comm: gen_fast, count: 1516778
CPU [0] UID 1002 comm: gen_fast, count: 1516921
CPU [0] UID 1002 comm: gen_fast, count: 1516964
CPU [0] UID 1002 comm: gen_fast, count: 1517064
CPU [0] UID 1002 comm: gen_fast, count: 1517205
CPU [0] UID 1002 comm: gen_fast, count: 1517405
CPU [0] UID 1002 comm: gen_fast, count: 1517405
CPU [0] UID 1002 comm: gen_fast, count: 1517464
CPU [0] UID 1002 comm: gen_fast, count: 1517623
CPU [0] UID 1002 comm: gen_fast, count: 1517664
CPU [0] UID 1002 comm: gen_fast, count: 1517769
CPU [0] UID 1002 comm: gen_fast, count: 1517934
CPU [0] UID 1002 comm: gen_fast, count: 1518021
CPU [0] UID 1002 comm: gen_fast, count: 1518095
CPU [0] UID 1002 comm: gen_fast, count: 1518256
CPU [0] UID 1002 comm: gen_fast, count: 1518264
CPU [0] UID 1002 comm: gen_fast, count: 1518364
CPU [0] UID 1002 comm: gen_fast, count: 1518482
CPU [0] UID 1002 comm: gen_fast, count: 1518564
CPU [0] UID 1002 comm: gen_fast, count: 1518664
CPU [0] UID 1002 comm: gen_fast, count: 1518764
CPU [0] UID 1002 comm: gen_fast, count: 1518899
CPU [0] UID 1002 comm: gen_fast, count: 1519033
CPU [0] UID 1002 comm: gen_fast, count: 1519111
CPU [0] UID 1002 comm: gen_fast, count: 1519237
CPU [0] UID 1002 comm: gen_fast, count: 1519264
CPU [0] UID 1002 comm: gen_fast, count: 1519374
CPU [0] UID 1002 comm: gen_fast, count: 1519468
CPU [0] UID 1002 comm: gen_fast, count: 1519585
CPU [0] UID 1002 comm: gen_fast, count: 1519720
CPU [0] UID 1002 comm: gen_fast, count: 1519764
CPU [0] UID 1002 comm: gen_fast, count: 1519875
CPU [0] UID 1002 comm: gen_fast, count: 1519994
CPU [0] UID 1002 comm: gen_fast, count: 1520126
CPU [0] UID 1002 comm: gen_fast, count: 1520164
CPU [0] UID 1002 comm: gen_fast, count: 1520264
CPU [0] UID 1002 comm: gen_fast, count: 1520406
CPU [0] UID 1002 comm: gen_fast, count: 1520572
CPU [0] UID 1002 comm: gen_fast, count: 1520572
CPU [0] UID 1002 comm: gen_fast, count: 1520706
CPU [0] UID 1002 comm: gen_fast, count: 1520802
CPU [0] UID 1002 comm: gen_fast, count: 1520864
CPU [0] UID 1002 comm: gen_fast, count: 1520964
CPU [0] UID 1002 comm: gen_fast, count: 1521096
CPU [0] UID 1002 comm: gen_fast, count: 1521167
CPU [0] UID 1002 comm: gen_fast, count: 1521271
CPU [0] UID 1002 comm: gen_fast, count: 1521460
CPU [0] UID 1002 comm: gen_fast, count: 1521464
CPU [0] UID 1002 comm: gen_fast, count: 1521592
CPU [0] UID 1002 comm: gen_fast, count: 1521692
CPU [0] UID 1002 comm: gen_fast, count: 1521764
CPU [0] UID 1002 comm: gen_fast, count: 1521864
CPU [0] UID 1002 comm: gen_fast, count: 1521964
CPU [0] UID 1002 comm: gen_fast, count: 1522100
CPU [0] UID 1002 comm: gen_fast, count: 1522270
CPU [0] UID 1002 comm: gen_fast, count: 1522270
CPU [0] UID 1002 comm: gen_fast, count: 1522374
CPU [0] UID 1002 comm: gen_fast, count: 1522516
CPU [0] UID 1002 comm: gen_fast, count: 1522629
CPU [0] UID 1002 comm: gen_fast, count: 1522664
CPU [0] UID 1002 comm: gen_fast, count: 1522798
CPU [0] UID 1002 comm: gen_fast, count: 1522978
CPU [0] UID 1002 comm: gen_fast, count: 1522978
CPU [0] UID 1002 comm: gen_fast, count: 1523096
CPU [0] UID 1002 comm: gen_fast, count: 1523186
CPU [0] UID 1002 comm: gen_fast, count: 1523373
CPU [0] UID 1002 comm: gen_fast, count: 1523373
CPU [0] UID 1002 comm: gen_fast, count: 1523500
CPU [0] UID 1002 comm: gen_fast, count: 1523570
CPU [0] UID 1002 comm: gen_fast, count: 1523664
CPU [0] UID 1002 comm: gen_fast, count: 1523810
CPU [0] UID 1002 comm: gen_fast, count: 1523864
CPU [0] UID 1002 comm: gen_fast, count: 1523964
CPU [0] UID 1002 comm: gen_fast, count: 1524104
CPU [0] UID 1002 comm: gen_fast, count: 1524210
CPU [0] UID 1002 comm: gen_fast, count: 1524264
CPU [0] UID 1002 comm: gen_fast, count: 1524383
CPU [0] UID 1002 comm: gen_fast, count: 1524517
CPU [0] UID 1002 comm: gen_fast, count: 1524564
CPU [0] UID 1002 comm: gen_fast, count: 1524694
CPU [0] UID 1002 comm: gen_fast, count: 1524764
CPU [0] UID 1002 comm: gen_fast, count: 1524904
CPU [0] UID 1002 comm: gen_fast, count: 1525050
CPU [0] UID 1002 comm: gen_fast, count: 1525064
CPU [0] UID 1002 comm: gen_fast, count: 1525249
CPU [0] UID 1002 comm: gen_fast, count: 1525264
CPU [0] UID 1002 comm: gen_fast, count: 1525410
CPU [0] UID 1002 comm: gen_fast, count: 1525478
CPU [0] UID 1002 comm: gen_fast, count: 1525583
CPU [0] UID 1002 comm: gen_fast, count: 1525753
CPU [0] UID 1002 comm: gen_fast, count: 1525764
CPU [0] UID 1002 comm: gen_fast, count: 1525878
CPU [0] UID 1002 comm: gen_fast, count: 1526051
CPU [0] UID 1002 comm: gen_fast, count: 1526064
CPU [0] UID 1002 comm: gen_fast, count: 1526193
CPU [0] UID 1002 comm: gen_fast, count: 1526387
CPU [0] UID 1002 comm: gen_fast, count: 1526387
CPU [0] UID 1002 comm: gen_fast, count: 1526464
CPU [0] UID 1002 comm: gen_fast, count: 1526591
CPU [0] UID 1002 comm: gen_fast, count: 1526669
CPU [0] UID 1002 comm: gen_fast, count: 1526764
CPU [0] UID 1002 comm: gen_fast, count: 1526864
CPU [0] UID 1002 comm: gen_fast, count: 1527031
CPU [0] UID 1002 comm: gen_fast, count: 1527064
CPU [0] UID 1002 comm: gen_fast, count: 1527168
CPU [0] UID 1002 comm: gen_fast, count: 1527360
CPU [0] UID 1002 comm: gen_fast, count: 1527364
CPU [0] UID 1002 comm: gen_fast, count: 1527506
CPU [0] UID 1002 comm: gen_fast, count: 1527571
CPU [0] UID 1002 comm: gen_fast, count: 1527690
CPU [0] UID 1002 comm: gen_fast, count: 1527827
CPU [0] UID 1002 comm: gen_fast, count: 1527864
CPU [0] UID 1002 comm: gen_fast, count: 1527964
CPU [0] UID 1002 comm: gen_fast, count: 1528099
CPU [0] UID 1002 comm: gen_fast, count: 1528179
CPU [0] UID 1002 comm: gen_fast, count: 1528354
CPU [0] UID 1002 comm: gen_fast, count: 1528364
CPU [0] UID 1002 comm: gen_fast, count: 1528464
CPU [0] UID 1002 comm: gen_fast, count: 1528604
CPU [0] UID 1002 comm: gen_fast, count: 1528682
CPU [0] UID 1002 comm: gen_fast, count: 1528769
CPU [0] UID 1002 comm: gen_fast, count: 1528864
CPU [0] UID 1002 comm: gen_fast, count: 1528999
CPU [0] UID 1002 comm: gen_fast, count: 1529064
CPU [0] UID 1002 comm: gen_fast, count: 1529164
CPU [0] UID 1002 comm: gen_fast, count: 1529264
CPU [0] UID 1002 comm: gen_fast, count: 1529471
CPU [0] UID 1002 comm: gen_fast, count: 1529471
CPU [0] UID 1002 comm: gen_fast, count: 1529677
CPU [0] UID 1002 comm: gen_fast, count: 1529677
CPU [0] UID 1002 comm: gen_fast, count: 1529764
CPU [0] UID 1002 comm: gen_fast, count: 1529864
CPU [0] UID 1002 comm: gen_fast, count: 1529991
CPU [0] UID 1002 comm: gen_fast, count: 1530145
CPU [0] UID 1002 comm: gen_fast, count: 1530164
CPU [0] UID 1002 comm: gen_fast, count: 1530296
CPU [0] UID 1002 comm: gen_fast, count: 1530487
CPU [0] UID 1002 comm: gen_fast, count: 1530487
CPU [0] UID 1002 comm: gen_fast, count: 1530564
CPU [0] UID 1002 comm: gen_fast, count: 1530664
CPU [0] UID 1002 comm: gen_fast, count: 1530764
CPU [0] UID 1002 comm: gen_fast, count: 1530889
CPU [0] UID 1002 comm: gen_fast, count: 1531057
CPU [0] UID 1002 comm: gen_fast, count: 1531064
CPU [0] UID 1002 comm: gen_fast, count: 1531179
CPU [0] UID 1002 comm: gen_fast, count: 1531296
CPU [0] UID 1002 comm: gen_fast, count: 1531364
CPU [0] UID 1002 comm: gen_fast, count: 1531464
CPU [0] UID 1002 comm: gen_fast, count: 1531604
CPU [0] UID 1002 comm: gen_fast, count: 1531664
CPU [0] UID 1002 comm: gen_fast, count: 1531796
CPU [0] UID 1002 comm: gen_fast, count: 1531864
CPU [0] UID 1002 comm: gen_fast, count: 1531974
CPU [0] UID 1002 comm: gen_fast, count: 1532148
CPU [0] UID 1002 comm: gen_fast, count: 1532164
CPU [0] UID 1002 comm: gen_fast, count: 1532370
CPU [0] UID 1002 comm: gen_fast, count: 1532370
CPU [0] UID 1002 comm: gen_fast, count: 1532464
CPU [0] UID 1002 comm: gen_fast, count: 1532618
CPU [0] UID 1002 comm: gen_fast, count: 1532664
CPU [0] UID 1002 comm: gen_fast, count: 1532764
CPU [0] UID 1002 comm: gen_fast, count: 1532864
CPU [0] UID 1002 comm: gen_fast, count: 1533039
CPU [0] UID 1002 comm: gen_fast, count: 1533064
CPU [0] UID 1002 comm: gen_fast, count: 1533177
CPU [0] UID 1002 comm: gen_fast, count: 1533264
CPU [0] UID 1002 comm: gen_fast, count: 1533364
CPU [0] UID 1002 comm: gen_fast, count: 1533490
CPU [0] UID 1002 comm: gen_fast, count: 1533578
CPU [0] UID 1002 comm: gen_fast, count: 1533664
CPU [0] UID 1002 comm: gen_fast, count: 1533764
CPU [0] UID 1002 comm: gen_fast, count: 1533972
CPU [0] UID 1002 comm: gen_fast, count: 1533972
CPU [0] UID 1002 comm: gen_fast, count: 1534066
CPU [0] UID 1002 comm: gen_fast, count: 1534233
CPU [0] UID 1002 comm: gen_fast, count: 1534264
CPU [0] UID 1002 comm: gen_fast, count: 1534364
CPU [0] UID 1002 comm: gen_fast, count: 1534474
CPU [0] UID 1002 comm: gen_fast, count: 1534564
CPU [0] UID 1002 comm: gen_fast, count: 1534664
CPU [0] UID 1002 comm: gen_fast, count: 1534764
CPU [0] UID 1002 comm: gen_fast, count: 1534913
CPU [0] UID 1002 comm: gen_fast, count: 1534964
CPU [0] UID 1002 comm: gen_fast, count: 1535128
CPU [0] UID 1002 comm: gen_fast, count: 1535164
CPU [0] UID 1002 comm: gen_fast, count: 1535373
CPU [0] UID 1002 comm: gen_fast, count: 1535373
CPU [0] UID 1002 comm: gen_fast, count: 1535464
CPU [0] UID 1002 comm: gen_fast, count: 1535564
CPU [0] UID 1002 comm: gen_fast, count: 1535693
CPU [0] UID 1002 comm: gen_fast, count: 1535764
CPU [0] UID 1002 comm: gen_fast, count: 1535864
CPU [0] UID 1002 comm: gen_fast, count: 1535984
CPU [0] UID 1002 comm: gen_fast, count: 1536072
CPU [0] UID 1002 comm: gen_fast, count: 1536260
CPU [0] UID 1002 comm: gen_fast, count: 1536264
CPU [0] UID 1002 comm: gen_fast, count: 1536364
CPU [0] UID 1002 comm: gen_fast, count: 1536558
CPU [0] UID 1002 comm: gen_fast, count: 1536564
CPU [0] UID 1002 comm: gen_fast, count: 1536664
CPU [0] UID 1002 comm: gen_fast, count: 1536887
CPU [0] UID 1002 comm: gen_fast, count: 1536887
CPU [0] UID 1002 comm: gen_fast, count: 1536964
CPU [0] UID 1002 comm: gen_fast, count: 1537089
CPU [0] UID 1002 comm: gen_fast, count: 1537171
CPU [0] UID 1002 comm: gen_fast, count: 1537372
CPU [0] UID 1002 comm: gen_fast, count: 1537372
CPU [0] UID 1002 comm: gen_fast, count: 1537517
CPU [0] UID 1002 comm: gen_fast, count: 1537564
CPU [0] UID 1002 comm: gen_fast, count: 1537777
CPU [0] UID 1002 comm: gen_fast, count: 1537777
CPU [0] UID 1002 comm: gen_fast, count: 1537864
CPU [0] UID 1002 comm: gen_fast, count: 1537989
CPU [0] UID 1002 comm: gen_fast, count: 1538198
CPU [0] UID 1002 comm: gen_fast, count: 1538198
CPU [0] UID 1002 comm: gen_fast, count: 1538264
CPU [0] UID 1002 comm: gen_fast, count: 1538404
CPU [0] UID 1002 comm: gen_fast, count: 1538487
CPU [0] UID 1002 comm: gen_fast, count: 1538702
CPU [0] UID 1002 comm: gen_fast, count: 1538702
CPU [0] UID 1002 comm: gen_fast, count: 1538764
CPU [0] UID 1002 comm: gen_fast, count: 1538935
CPU [0] UID 1002 comm: gen_fast, count: 1538964
CPU [0] UID 1002 comm: gen_fast, count: 1539064
CPU [0] UID 1002 comm: gen_fast, count: 1539164
CPU [0] UID 1002 comm: gen_fast, count: 1539310
CPU [0] UID 1002 comm: gen_fast, count: 1539364
CPU [0] UID 1002 comm: gen_fast, count: 1539538
CPU [0] UID 1002 comm: gen_fast, count: 1539564
CPU [0] UID 1002 comm: gen_fast, count: 1539664
CPU [0] UID 1002 comm: gen_fast, count: 1539764
CPU [0] UID 1002 comm: gen_fast, count: 1539913
CPU [0] UID 1002 comm: gen_fast, count: 1540002
CPU [0] UID 1002 comm: gen_fast, count: 1540064
CPU [0] UID 1002 comm: gen_fast, count: 1540164
CPU [0] UID 1002 comm: gen_fast, count: 1540278
CPU [0] UID 1002 comm: gen_fast, count: 1540364
CPU [0] UID 1002 comm: gen_fast, count: 1540464
CPU [0] UID 1002 comm: gen_fast, count: 1540600
CPU [0] UID 1002 comm: gen_fast, count: 1540664
CPU [0] UID 1002 comm: gen_fast, count: 1540764
CPU [0] UID 1002 comm: gen_fast, count: 1540864
CPU [0] UID 1002 comm: gen_fast, count: 1540964
CPU [0] UID 1002 comm: gen_fast, count: 1541072
CPU [0] UID 1002 comm: gen_fast, count: 1541228
CPU [0] UID 1002 comm: gen_fast, count: 1541264
CPU [0] UID 1002 comm: gen_fast, count: 1541364
CPU [0] UID 1002 comm: gen_fast, count: 1541504
CPU [0] UID 1002 comm: gen_fast, count: 1541564
CPU [0] UID 1002 comm: gen_fast, count: 1541708
CPU [0] UID 1002 comm: gen_fast, count: 1541883
CPU [0] UID 1002 comm: gen_fast, count: 1541883
CPU [0] UID 1002 comm: gen_fast, count: 1542088
CPU [0] UID 1002 comm: gen_fast, count: 1542088
CPU [0] UID 1002 comm: gen_fast, count: 1542164
CPU [0] UID 1002 comm: gen_fast, count: 1542332
CPU [0] UID 1002 comm: gen_fast, count: 1542364
CPU [0] UID 1002 comm: gen_fast, count: 1542518
CPU [0] UID 1002 comm: gen_fast, count: 1542564
CPU [0] UID 1002 comm: gen_fast, count: 1542664
CPU [0] UID 1002 comm: gen_fast, count: 1542764
CPU [0] UID 1002 comm: gen_fast, count: 1542996
CPU [0] UID 1002 comm: gen_fast, count: 1542996
CPU [0] UID 1002 comm: gen_fast, count: 1543064
CPU [0] UID 1002 comm: gen_fast, count: 1543246
CPU [0] UID 1002 comm: gen_fast, count: 1543264
CPU [0] UID 1002 comm: gen_fast, count: 1543364
CPU [0] UID 1002 comm: gen_fast, count: 1543492
CPU [0] UID 1002 comm: gen_fast, count: 1543564
CPU [0] UID 1002 comm: gen_fast, count: 1543692
CPU [0] UID 1002 comm: gen_fast, count: 1543775
CPU [0] UID 1002 comm: gen_fast, count: 1543864
CPU [0] UID 1002 comm: gen_fast, count: 1543964
CPU [0] UID 1002 comm: gen_fast, count: 1544141
CPU [0] UID 1002 comm: gen_fast, count: 1544164
CPU [0] UID 1002 comm: gen_fast, count: 1544333
CPU [0] UID 1002 comm: gen_fast, count: 1544364
CPU [0] UID 1002 comm: gen_fast, count: 1544593
CPU [0] UID 1002 comm: gen_fast, count: 1544593
CPU [0] UID 1002 comm: gen_fast, count: 1544664
CPU [0] UID 1002 comm: gen_fast, count: 1544858
CPU [0] UID 1002 comm: gen_fast, count: 1544864
CPU [0] UID 1002 comm: gen_fast, count: 1544964
CPU [0] UID 1002 comm: gen_fast, count: 1545064
CPU [0] UID 1002 comm: gen_fast, count: 1545164
CPU [0] UID 1002 comm: gen_fast, count: 1545264
CPU [0] UID 1002 comm: gen_fast, count: 1545400
CPU [0] UID 1002 comm: gen_fast, count: 1545464
CPU [0] UID 1002 comm: gen_fast, count: 1545594
CPU [0] UID 1002 comm: gen_fast, count: 1545664
CPU [0] UID 1002 comm: gen_fast, count: 1545764
CPU [0] UID 1002 comm: gen_fast, count: 1545895
CPU [0] UID 1002 comm: gen_fast, count: 1545975
CPU [0] UID 1002 comm: gen_fast, count: 1546064
CPU [0] UID 1002 comm: gen_fast, count: 1546164
CPU [0] UID 1002 comm: gen_fast, count: 1546295
CPU [0] UID 1002 comm: gen_fast, count: 1546396
CPU [0] UID 1002 comm: gen_fast, count: 1546464
CPU [0] UID 1002 comm: gen_fast, count: 1546564
CPU [0] UID 1002 comm: gen_fast, count: 1546684
CPU [0] UID 1002 comm: gen_fast, count: 1546764
CPU [0] UID 1002 comm: gen_fast, count: 1546864
CPU [0] UID 1002 comm: gen_fast, count: 1547002
CPU [0] UID 1002 comm: gen_fast, count: 1547064
CPU [0] UID 1002 comm: gen_fast, count: 1547196
CPU [0] UID 1002 comm: gen_fast, count: 1547371
CPU [0] UID 1002 comm: gen_fast, count: 1547371
CPU [0] UID 1002 comm: gen_fast, count: 1547584
CPU [0] UID 1002 comm: gen_fast, count: 1547584
CPU [0] UID 1002 comm: gen_fast, count: 1547729
CPU [0] UID 1002 comm: gen_fast, count: 1547764
CPU [0] UID 1002 comm: gen_fast, count: 1547864
CPU [0] UID 1002 comm: gen_fast, count: 1547964
CPU [0] UID 1002 comm: gen_fast, count: 1548064
CPU [0] UID 1002 comm: gen_fast, count: 1548180
CPU [0] UID 1002 comm: gen_fast, count: 1548264
CPU [0] UID 1002 comm: gen_fast, count: 1548364
CPU [0] UID 1002 comm: gen_fast, count: 1548507
CPU [0] UID 1002 comm: gen_fast, count: 1548680
CPU [0] UID 1002 comm: gen_fast, count: 1548680
CPU [0] UID 1002 comm: gen_fast, count: 1548764
CPU [0] UID 1002 comm: gen_fast, count: 1548864
CPU [0] UID 1002 comm: gen_fast, count: 1548964
CPU [0] UID 1002 comm: gen_fast, count: 1549064
CPU [0] UID 1002 comm: gen_fast, count: 1549164
CPU [0] UID 1002 comm: gen_fast, count: 1549346
CPU [0] UID 1002 comm: gen_fast, count: 1549461
CPU [0] UID 1002 comm: gen_fast, count: 1549464
CPU [0] UID 1002 comm: gen_fast, count: 1549604
CPU [0] UID 1002 comm: gen_fast, count: 1549808
CPU [0] UID 1002 comm: gen_fast, count: 1549808
CPU [0] UID 1002 comm: gen_fast, count: 1549864
CPU [0] UID 1002 comm: gen_fast, count: 1550030
CPU [0] UID 1002 comm: gen_fast, count: 1550064
CPU [0] UID 1002 comm: gen_fast, count: 1550169
CPU [0] UID 1002 comm: gen_fast, count: 1550370
CPU [0] UID 1002 comm: gen_fast, count: 1550370
CPU [0] UID 1002 comm: gen_fast, count: 1550464
CPU [0] UID 1002 comm: gen_fast, count: 1550616
CPU [0] UID 1002 comm: gen_fast, count: 1550664
CPU [0] UID 1002 comm: gen_fast, count: 1550829
CPU [0] UID 1002 comm: gen_fast, count: 1550864
CPU [0] UID 1002 comm: gen_fast, count: 1551100
CPU [0] UID 1002 comm: gen_fast, count: 1551100
CPU [0] UID 1002 comm: gen_fast, count: 1551262
CPU [0] UID 1002 comm: gen_fast, count: 1551264
CPU [0] UID 1002 comm: gen_fast, count: 1551369
CPU [0] UID 1002 comm: gen_fast, count: 1551464
CPU [0] UID 1002 comm: gen_fast, count: 1551576
CPU [0] UID 1002 comm: gen_fast, count: 1551664
CPU [0] UID 1002 comm: gen_fast, count: 1551799
CPU [0] UID 1002 comm: gen_fast, count: 1551864
CPU [0] UID 1002 comm: gen_fast, count: 1551964
CPU [0] UID 1002 comm: gen_fast, count: 1552096
CPU [0] UID 1002 comm: gen_fast, count: 1552164
CPU [0] UID 1002 comm: gen_fast, count: 1552277
CPU [0] UID 1002 comm: gen_fast, count: 1552382
CPU [0] UID 1002 comm: gen_fast, count: 1552464
CPU [0] UID 1002 comm: gen_fast, count: 1552565
CPU [0] UID 1002 comm: gen_fast, count: 1552680
CPU [0] UID 1002 comm: gen_fast, count: 1552764
CPU [0] UID 1002 comm: gen_fast, count: 1552972
CPU [0] UID 1002 comm: gen_fast, count: 1552972
CPU [0] UID 1002 comm: gen_fast, count: 1553064
CPU [0] UID 1002 comm: gen_fast, count: 1553177
CPU [0] UID 1002 comm: gen_fast, count: 1553339
CPU [0] UID 1002 comm: gen_fast, count: 1553364
CPU [0] UID 1002 comm: gen_fast, count: 1553518
CPU [0] UID 1002 comm: gen_fast, count: 1553564
CPU [0] UID 1002 comm: gen_fast, count: 1553664
CPU [0] UID 1002 comm: gen_fast, count: 1553764
CPU [0] UID 1002 comm: gen_fast, count: 1553864
CPU [0] UID 1002 comm: gen_fast, count: 1553964
CPU [0] UID 1002 comm: gen_fast, count: 1554193
CPU [0] UID 1002 comm: gen_fast, count: 1554193
CPU [0] UID 1002 comm: gen_fast, count: 1554387
CPU [0] UID 1002 comm: gen_fast, count: 1554387
CPU [0] UID 1002 comm: gen_fast, count: 1554464
CPU [0] UID 1002 comm: gen_fast, count: 1554586
CPU [0] UID 1002 comm: gen_fast, count: 1554664
CPU [0] UID 1002 comm: gen_fast, count: 1554796
CPU [0] UID 1002 comm: gen_fast, count: 1554959
CPU [0] UID 1002 comm: gen_fast, count: 1554964
CPU [0] UID 1002 comm: gen_fast, count: 1555143
CPU [0] UID 1002 comm: gen_fast, count: 1555164
CPU [0] UID 1002 comm: gen_fast, count: 1555286
CPU [0] UID 1002 comm: gen_fast, count: 1555387
CPU [0] UID 1002 comm: gen_fast, count: 1555469
CPU [0] UID 1002 comm: gen_fast, count: 1555564
CPU [0] UID 1002 comm: gen_fast, count: 1555664
CPU [0] UID 1002 comm: gen_fast, count: 1555775
CPU [0] UID 1002 comm: gen_fast, count: 1555911
CPU [0] UID 1002 comm: gen_fast, count: 1555964
CPU [0] UID 1002 comm: gen_fast, count: 1556064
CPU [0] UID 1002 comm: gen_fast, count: 1556164
CPU [0] UID 1002 comm: gen_fast, count: 1556286
CPU [0] UID 1002 comm: gen_fast, count: 1556425
CPU [0] UID 1002 comm: gen_fast, count: 1556471
CPU [0] UID 1002 comm: gen_fast, count: 1556578
CPU [0] UID 1002 comm: gen_fast, count: 1556698
CPU [0] UID 1002 comm: gen_fast, count: 1556784
CPU [0] UID 1002 comm: gen_fast, count: 1556870
CPU [0] UID 1002 comm: gen_fast, count: 1556964
CPU [0] UID 1002 comm: gen_fast, count: 1557064
CPU [0] UID 1002 comm: gen_fast, count: 1557169
CPU [0] UID 1002 comm: gen_fast, count: 1557299
CPU [0] UID 1002 comm: gen_fast, count: 1557463
CPU [0] UID 1002 comm: gen_fast, count: 1557464
CPU [0] UID 1002 comm: gen_fast, count: 1557564
CPU [0] UID 1002 comm: gen_fast, count: 1557720
CPU [0] UID 1002 comm: gen_fast, count: 1557764
CPU [0] UID 1002 comm: gen_fast, count: 1557876
CPU [0] UID 1002 comm: gen_fast, count: 1557964
CPU [0] UID 1002 comm: gen_fast, count: 1558101
CPU [0] UID 1002 comm: gen_fast, count: 1558280
CPU [0] UID 1002 comm: gen_fast, count: 1558280
CPU [0] UID 1002 comm: gen_fast, count: 1558364
CPU [0] UID 1002 comm: gen_fast, count: 1558472
CPU [0] UID 1002 comm: gen_fast, count: 1558564
CPU [0] UID 1002 comm: gen_fast, count: 1558672
CPU [0] UID 1002 comm: gen_fast, count: 1558822
CPU [0] UID 1002 comm: gen_fast, count: 1558878
CPU [0] UID 1002 comm: gen_fast, count: 1559038
CPU [0] UID 1002 comm: gen_fast, count: 1559064
CPU [0] UID 1002 comm: gen_fast, count: 1559211
CPU [0] UID 1002 comm: gen_fast, count: 1559264
CPU [0] UID 1002 comm: gen_fast, count: 1559433
CPU [0] UID 1002 comm: gen_fast, count: 1559464
CPU [0] UID 1002 comm: gen_fast, count: 1559564
CPU [0] UID 1002 comm: gen_fast, count: 1559664
CPU [0] UID 1002 comm: gen_fast, count: 1559906
CPU [0] UID 1002 comm: gen_fast, count: 1559906
CPU [0] UID 1002 comm: gen_fast, count: 1559964
CPU [0] UID 1002 comm: gen_fast, count: 1560068
CPU [0] UID 1002 comm: gen_fast, count: 1560238
CPU [0] UID 1002 comm: gen_fast, count: 1560264
CPU [0] UID 1002 comm: gen_fast, count: 1560426
CPU [0] UID 1002 comm: gen_fast, count: 1560573
CPU [0] UID 1002 comm: gen_fast, count: 1560573
CPU [0] UID 1002 comm: gen_fast, count: 1560751
CPU [0] UID 1002 comm: gen_fast, count: 1560913
CPU [0] UID 1002 comm: gen_fast, count: 1560913
CPU [0] UID 1002 comm: gen_fast, count: 1560964
CPU [0] UID 1002 comm: gen_fast, count: 1561164
CPU [0] UID 1002 comm: gen_fast, count: 1561164
CPU [0] UID 1002 comm: gen_fast, count: 1561264
CPU [0] UID 1002 comm: gen_fast, count: 1561364
CPU [0] UID 1002 comm: gen_fast, count: 1561464
CPU [0] UID 1002 comm: gen_fast, count: 1561564
CPU [0] UID 1002 comm: gen_fast, count: 1561664
CPU [0] UID 1002 comm: gen_fast, count: 1561840
CPU [0] UID 1002 comm: gen_fast, count: 1561864
CPU [0] UID 1002 comm: gen_fast, count: 1561964
CPU [0] UID 1002 comm: gen_fast, count: 1562064
CPU [0] UID 1002 comm: gen_fast, count: 1562164
CPU [0] UID 1002 comm: gen_fast, count: 1562277
CPU [0] UID 1002 comm: gen_fast, count: 1562364
CPU [0] UID 1002 comm: gen_fast, count: 1562477
CPU [0] UID 1002 comm: gen_fast, count: 1562662
CPU [0] UID 1002 comm: gen_fast, count: 1562664
CPU [0] UID 1002 comm: gen_fast, count: 1562764
CPU [0] UID 1002 comm: gen_fast, count: 1562864
CPU [0] UID 1002 comm: gen_fast, count: 1563022
CPU [0] UID 1002 comm: gen_fast, count: 1563064
CPU [0] UID 1002 comm: gen_fast, count: 1563171
CPU [0] UID 1002 comm: gen_fast, count: 1563268
CPU [0] UID 1002 comm: gen_fast, count: 1563364
CPU [0] UID 1002 comm: gen_fast, count: 1563514
CPU [0] UID 1002 comm: gen_fast, count: 1563564
CPU [0] UID 1002 comm: gen_fast, count: 1563726
CPU [0] UID 1002 comm: gen_fast, count: 1563764
CPU [0] UID 1002 comm: gen_fast, count: 1563877
CPU [0] UID 1002 comm: gen_fast, count: 1563999
CPU [0] UID 1002 comm: gen_fast, count: 1564090
CPU [0] UID 1002 comm: gen_fast, count: 1564185
CPU [0] UID 1002 comm: gen_fast, count: 1564264
CPU [0] UID 1002 comm: gen_fast, count: 1564425
CPU [0] UID 1002 comm: gen_fast, count: 1564563
CPU [0] UID 1002 comm: gen_fast, count: 1564564
CPU [0] UID 1002 comm: gen_fast, count: 1564664
CPU [0] UID 1002 comm: gen_fast, count: 1564764
CPU [0] UID 1002 comm: gen_fast, count: 1564963
CPU [0] UID 1002 comm: gen_fast, count: 1564964
CPU [0] UID 1002 comm: gen_fast, count: 1565104
CPU [0] UID 1002 comm: gen_fast, count: 1565239
CPU [0] UID 1002 comm: gen_fast, count: 1565264
CPU [0] UID 1002 comm: gen_fast, count: 1565416
CPU [0] UID 1002 comm: gen_fast, count: 1565464
CPU [0] UID 1002 comm: gen_fast, count: 1565583
CPU [0] UID 1002 comm: gen_fast, count: 1565666
CPU [0] UID 1002 comm: gen_fast, count: 1565764
CPU [0] UID 1002 comm: gen_fast, count: 1565864
CPU [0] UID 1002 comm: gen_fast, count: 1566001
CPU [0] UID 1002 comm: gen_fast, count: 1566064
CPU [0] UID 1002 comm: gen_fast, count: 1566164
CPU [0] UID 1002 comm: gen_fast, count: 1566289
CPU [0] UID 1002 comm: gen_fast, count: 1566472
CPU [0] UID 1002 comm: gen_fast, count: 1566472
CPU [0] UID 1002 comm: gen_fast, count: 1566564
CPU [0] UID 1002 comm: gen_fast, count: 1566743
CPU [0] UID 1002 comm: gen_fast, count: 1566764
CPU [0] UID 1002 comm: gen_fast, count: 1566864
CPU [0] UID 1002 comm: gen_fast, count: 1566990
CPU [0] UID 1002 comm: gen_fast, count: 1567064
CPU [0] UID 1002 comm: gen_fast, count: 1567164
CPU [0] UID 1002 comm: gen_fast, count: 1567374
CPU [0] UID 1002 comm: gen_fast, count: 1567374
CPU [0] UID 1002 comm: gen_fast, count: 1567464
CPU [0] UID 1002 comm: gen_fast, count: 1567564
CPU [0] UID 1002 comm: gen_fast, count: 1567733
CPU [0] UID 1002 comm: gen_fast, count: 1567764
CPU [0] UID 1002 comm: gen_fast, count: 1567864
CPU [0] UID 1002 comm: gen_fast, count: 1567977
CPU [0] UID 1002 comm: gen_fast, count: 1568064
CPU [0] UID 1002 comm: gen_fast, count: 1568190
CPU [0] UID 1002 comm: gen_fast, count: 1568277
CPU [0] UID 1002 comm: gen_fast, count: 1568364
CPU [0] UID 1002 comm: gen_fast, count: 1568464
CPU [0] UID 1002 comm: gen_fast, count: 1568653
CPU [0] UID 1002 comm: gen_fast, count: 1568664
CPU [0] UID 1002 comm: gen_fast, count: 1568785
CPU [0] UID 1002 comm: gen_fast, count: 1568864
CPU [0] UID 1002 comm: gen_fast, count: 1568964
CPU [0] UID 1002 comm: gen_fast, count: 1569123
CPU [0] UID 1002 comm: gen_fast, count: 1569164
CPU [0] UID 1002 comm: gen_fast, count: 1569264
CPU [0] UID 1002 comm: gen_fast, count: 1569364
CPU [0] UID 1002 comm: gen_fast, count: 1569499
CPU [0] UID 1002 comm: gen_fast, count: 1569648
CPU [0] UID 1002 comm: gen_fast, count: 1569664
CPU [0] UID 1002 comm: gen_fast, count: 1569789
CPU [0] UID 1002 comm: gen_fast, count: 1569864
CPU [0] UID 1002 comm: gen_fast, count: 1569968
CPU [0] UID 1002 comm: gen_fast, count: 1570107
CPU [0] UID 1002 comm: gen_fast, count: 1570252
CPU [0] UID 1002 comm: gen_fast, count: 1570264
CPU [0] UID 1002 comm: gen_fast, count: 1570424
CPU [0] UID 1002 comm: gen_fast, count: 1570464
CPU [0] UID 1002 comm: gen_fast, count: 1570599
CPU [0] UID 1002 comm: gen_fast, count: 1570664
CPU [0] UID 1002 comm: gen_fast, count: 1570764
CPU [0] UID 1002 comm: gen_fast, count: 1570864
CPU [0] UID 1002 comm: gen_fast, count: 1570964
CPU [0] UID 1002 comm: gen_fast, count: 1571068
CPU [0] UID 1002 comm: gen_fast, count: 1571189
CPU [0] UID 1002 comm: gen_fast, count: 1571264
CPU [0] UID 1002 comm: gen_fast, count: 1571443
CPU [0] UID 1002 comm: gen_fast, count: 1571513
CPU [0] UID 1002 comm: gen_fast, count: 1571564
CPU [0] UID 1002 comm: gen_fast, count: 1571761
CPU [0] UID 1002 comm: gen_fast, count: 1571764
CPU [0] UID 1002 comm: gen_fast, count: 1571898
CPU [0] UID 1002 comm: gen_fast, count: 1572050
CPU [0] UID 1002 comm: gen_fast, count: 1572064
CPU [0] UID 1002 comm: gen_fast, count: 1572164
CPU [0] UID 1002 comm: gen_fast, count: 1572374
CPU [0] UID 1002 comm: gen_fast, count: 1572374
CPU [0] UID 1002 comm: gen_fast, count: 1572464
CPU [0] UID 1002 comm: gen_fast, count: 1572564
CPU [0] UID 1002 comm: gen_fast, count: 1572745
CPU [0] UID 1002 comm: gen_fast, count: 1572764
CPU [0] UID 1002 comm: gen_fast, count: 1572864
CPU [0] UID 1002 comm: gen_fast, count: 1573076
CPU [0] UID 1002 comm: gen_fast, count: 1573076
CPU [0] UID 1002 comm: gen_fast, count: 1573164
CPU [0] UID 1002 comm: gen_fast, count: 1573264
CPU [0] UID 1002 comm: gen_fast, count: 1573364
CPU [0] UID 1002 comm: gen_fast, count: 1573492
CPU [0] UID 1002 comm: gen_fast, count: 1573564
CPU [0] UID 1002 comm: gen_fast, count: 1573664
CPU [0] UID 1002 comm: gen_fast, count: 1573764
CPU [0] UID 1002 comm: gen_fast, count: 1573942
CPU [0] UID 1002 comm: gen_fast, count: 1573964
CPU [0] UID 1002 comm: gen_fast, count: 1574113
CPU [0] UID 1002 comm: gen_fast, count: 1574164
CPU [0] UID 1002 comm: gen_fast, count: 1574397
CPU [0] UID 1002 comm: gen_fast, count: 1574397
CPU [0] UID 1002 comm: gen_fast, count: 1574464
CPU [0] UID 1002 comm: gen_fast, count: 1574650
CPU [0] UID 1002 comm: gen_fast, count: 1574664
CPU [0] UID 1002 comm: gen_fast, count: 1574782
CPU [0] UID 1002 comm: gen_fast, count: 1574963
CPU [0] UID 1002 comm: gen_fast, count: 1574964
CPU [0] UID 1002 comm: gen_fast, count: 1575128
CPU [0] UID 1002 comm: gen_fast, count: 1575164
CPU [0] UID 1002 comm: gen_fast, count: 1575340
CPU [0] UID 1002 comm: gen_fast, count: 1575364
CPU [0] UID 1002 comm: gen_fast, count: 1575580
CPU [0] UID 1002 comm: gen_fast, count: 1575580
CPU [0] UID 1002 comm: gen_fast, count: 1575664
CPU [0] UID 1002 comm: gen_fast, count: 1575764
CPU [0] UID 1002 comm: gen_fast, count: 1575942
CPU [0] UID 1002 comm: gen_fast, count: 1575964
CPU [0] UID 1002 comm: gen_fast, count: 1576110
CPU [0] UID 1002 comm: gen_fast, count: 1576164
CPU [0] UID 1002 comm: gen_fast, count: 1576264
CPU [0] UID 1002 comm: gen_fast, count: 1576433
CPU [0] UID 1002 comm: gen_fast, count: 1576464
CPU [0] UID 1002 comm: gen_fast, count: 1576564
CPU [0] UID 1002 comm: gen_fast, count: 1576664
CPU [0] UID 1002 comm: gen_fast, count: 1576788
CPU [0] UID 1002 comm: gen_fast, count: 1576868
CPU [0] UID 1002 comm: gen_fast, count: 1577052
CPU [0] UID 1002 comm: gen_fast, count: 1577064
CPU [0] UID 1002 comm: gen_fast, count: 1577238
CPU [0] UID 1002 comm: gen_fast, count: 1577264
CPU [0] UID 1002 comm: gen_fast, count: 1577379
CPU [0] UID 1002 comm: gen_fast, count: 1577503
CPU [0] UID 1002 comm: gen_fast, count: 1577564
CPU [0] UID 1002 comm: gen_fast, count: 1577722
CPU [0] UID 1002 comm: gen_fast, count: 1577764
CPU [0] UID 1002 comm: gen_fast, count: 1577864
CPU [0] UID 1002 comm: gen_fast, count: 1577981
CPU [0] UID 1002 comm: gen_fast, count: 1578064
CPU [0] UID 1002 comm: gen_fast, count: 1578237
CPU [0] UID 1002 comm: gen_fast, count: 1578264
CPU [0] UID 1002 comm: gen_fast, count: 1578449
CPU [0] UID 1002 comm: gen_fast, count: 1578464
CPU [0] UID 1002 comm: gen_fast, count: 1578633
CPU [0] UID 1002 comm: gen_fast, count: 1578664
CPU [0] UID 1002 comm: gen_fast, count: 1578793
CPU [0] UID 1002 comm: gen_fast, count: 1579014
CPU [0] UID 1002 comm: gen_fast, count: 1579014
CPU [0] UID 1002 comm: gen_fast, count: 1579064
CPU [0] UID 1002 comm: gen_fast, count: 1579164
CPU [0] UID 1002 comm: gen_fast, count: 1579379
CPU [0] UID 1002 comm: gen_fast, count: 1579379
CPU [0] UID 1002 comm: gen_fast, count: 1579464
CPU [0] UID 1002 comm: gen_fast, count: 1579662
CPU [0] UID 1002 comm: gen_fast, count: 1579664
CPU [0] UID 1002 comm: gen_fast, count: 1579764
CPU [0] UID 1002 comm: gen_fast, count: 1579864
CPU [0] UID 1002 comm: gen_fast, count: 1579999
CPU [0] UID 1002 comm: gen_fast, count: 1580064
CPU [0] UID 1002 comm: gen_fast, count: 1580164
CPU [0] UID 1002 comm: gen_fast, count: 1580264
CPU [0] UID 1002 comm: gen_fast, count: 1580453
CPU [0] UID 1002 comm: gen_fast, count: 1580464
CPU [0] UID 1002 comm: gen_fast, count: 1580607
CPU [0] UID 1002 comm: gen_fast, count: 1580700
CPU [0] UID 1002 comm: gen_fast, count: 1580770
CPU [0] UID 1002 comm: gen_fast, count: 1580864
CPU [0] UID 1002 comm: gen_fast, count: 1581003
CPU [0] UID 1002 comm: gen_fast, count: 1581064
CPU [0] UID 1002 comm: gen_fast, count: 1581200
CPU [0] UID 1002 comm: gen_fast, count: 1581264
CPU [0] UID 1002 comm: gen_fast, count: 1581364
CPU [0] UID 1002 comm: gen_fast, count: 1581464
CPU [0] UID 1002 comm: gen_fast, count: 1581659
CPU [0] UID 1002 comm: gen_fast, count: 1581664
CPU [0] UID 1002 comm: gen_fast, count: 1581764
CPU [0] UID 1002 comm: gen_fast, count: 1581906
CPU [0] UID 1002 comm: gen_fast, count: 1582106
CPU [0] UID 1002 comm: gen_fast, count: 1582106
CPU [0] UID 1002 comm: gen_fast, count: 1582164
CPU [0] UID 1002 comm: gen_fast, count: 1582365
CPU [0] UID 1002 comm: gen_fast, count: 1582365
CPU [0] UID 1002 comm: gen_fast, count: 1582464
CPU [0] UID 1002 comm: gen_fast, count: 1582599
CPU [0] UID 1002 comm: gen_fast, count: 1582664
CPU [0] UID 1002 comm: gen_fast, count: 1582764
CPU [0] UID 1002 comm: gen_fast, count: 1582924
CPU [0] UID 1002 comm: gen_fast, count: 1582964
CPU [0] UID 1002 comm: gen_fast, count: 1583064
CPU [0] UID 1002 comm: gen_fast, count: 1583164
CPU [0] UID 1002 comm: gen_fast, count: 1583277
CPU [0] UID 1002 comm: gen_fast, count: 1583364
CPU [0] UID 1002 comm: gen_fast, count: 1583464
CPU [0] UID 1002 comm: gen_fast, count: 1583576
CPU [0] UID 1002 comm: gen_fast, count: 1583775
CPU [0] UID 1002 comm: gen_fast, count: 1583775
CPU [0] UID 1002 comm: gen_fast, count: 1583864
CPU [0] UID 1002 comm: gen_fast, count: 1583964
CPU [0] UID 1002 comm: gen_fast, count: 1584080
CPU [0] UID 1002 comm: gen_fast, count: 1584281
CPU [0] UID 1002 comm: gen_fast, count: 1584281
CPU [0] UID 1002 comm: gen_fast, count: 1584364
CPU [0] UID 1002 comm: gen_fast, count: 1584464
CPU [0] UID 1002 comm: gen_fast, count: 1584573
CPU [0] UID 1002 comm: gen_fast, count: 1584666
CPU [0] UID 1002 comm: gen_fast, count: 1584764
CPU [0] UID 1002 comm: gen_fast, count: 1584893
CPU [0] UID 1002 comm: gen_fast, count: 1585107
CPU [0] UID 1002 comm: gen_fast, count: 1585107
CPU [0] UID 1002 comm: gen_fast, count: 1585316
CPU [0] UID 1002 comm: gen_fast, count: 1585316
CPU [0] UID 1002 comm: gen_fast, count: 1585364
CPU [0] UID 1002 comm: gen_fast, count: 1585464
CPU [0] UID 1002 comm: gen_fast, count: 1585648
CPU [0] UID 1002 comm: gen_fast, count: 1585664
CPU [0] UID 1002 comm: gen_fast, count: 1585764
CPU [0] UID 1002 comm: gen_fast, count: 1585881
CPU [0] UID 1002 comm: gen_fast, count: 1585987
CPU [0] UID 1002 comm: gen_fast, count: 1586197
CPU [0] UID 1002 comm: gen_fast, count: 1586197
CPU [0] UID 1002 comm: gen_fast, count: 1586264
CPU [0] UID 1002 comm: gen_fast, count: 1586404
CPU [0] UID 1002 comm: gen_fast, count: 1586475
CPU [0] UID 1002 comm: gen_fast, count: 1586564
CPU [0] UID 1002 comm: gen_fast, count: 1586751
CPU [0] UID 1002 comm: gen_fast, count: 1586764
CPU [0] UID 1002 comm: gen_fast, count: 1586900
CPU [0] UID 1002 comm: gen_fast, count: 1586990
CPU [0] UID 1002 comm: gen_fast, count: 1587064
CPU [0] UID 1002 comm: gen_fast, count: 1587164
CPU [0] UID 1002 comm: gen_fast, count: 1587264
CPU [0] UID 1002 comm: gen_fast, count: 1587364
CPU [0] UID 1002 comm: gen_fast, count: 1587464
CPU [0] UID 1002 comm: gen_fast, count: 1587564
CPU [0] UID 1002 comm: gen_fast, count: 1587664
CPU [0] UID 1002 comm: gen_fast, count: 1587846
CPU [0] UID 1002 comm: gen_fast, count: 1587864
CPU [0] UID 1002 comm: gen_fast, count: 1587964
CPU [0] UID 1002 comm: gen_fast, count: 1588109
CPU [0] UID 1002 comm: gen_fast, count: 1588164
CPU [0] UID 1002 comm: gen_fast, count: 1588304
CPU [0] UID 1002 comm: gen_fast, count: 1588364
CPU [0] UID 1002 comm: gen_fast, count: 1588464
CPU [0] UID 1002 comm: gen_fast, count: 1588597
CPU [0] UID 1002 comm: gen_fast, count: 1588693
CPU [0] UID 1002 comm: gen_fast, count: 1588914
CPU [0] UID 1002 comm: gen_fast, count: 1588914
CPU [0] UID 1002 comm: gen_fast, count: 1588964
CPU [0] UID 1002 comm: gen_fast, count: 1589064
CPU [0] UID 1002 comm: gen_fast, count: 1589309
CPU [0] UID 1002 comm: gen_fast, count: 1589309
CPU [0] UID 1002 comm: gen_fast, count: 1589364
CPU [0] UID 1002 comm: gen_fast, count: 1589494
CPU [0] UID 1002 comm: gen_fast, count: 1589564
CPU [0] UID 1002 comm: gen_fast, count: 1589664
CPU [0] UID 1002 comm: gen_fast, count: 1589764
CPU [0] UID 1002 comm: gen_fast, count: 1589870
CPU [0] UID 1002 comm: gen_fast, count: 1590031
CPU [0] UID 1002 comm: gen_fast, count: 1590064
CPU [0] UID 1002 comm: gen_fast, count: 1590179
CPU [0] UID 1002 comm: gen_fast, count: 1590264
CPU [0] UID 1002 comm: gen_fast, count: 1590364
CPU [0] UID 1002 comm: gen_fast, count: 1590497
CPU [0] UID 1002 comm: gen_fast, count: 1590709
CPU [0] UID 1002 comm: gen_fast, count: 1590709
CPU [0] UID 1002 comm: gen_fast, count: 1590764
CPU [0] UID 1002 comm: gen_fast, count: 1590978
CPU [0] UID 1002 comm: gen_fast, count: 1590978
CPU [0] UID 1002 comm: gen_fast, count: 1591128
CPU [0] UID 1002 comm: gen_fast, count: 1591164
CPU [0] UID 1002 comm: gen_fast, count: 1591290
CPU [0] UID 1002 comm: gen_fast, count: 1591446
CPU [0] UID 1002 comm: gen_fast, count: 1591464
CPU [0] UID 1002 comm: gen_fast, count: 1591631
CPU [0] UID 1002 comm: gen_fast, count: 1591664
CPU [0] UID 1002 comm: gen_fast, count: 1591810
CPU [0] UID 1002 comm: gen_fast, count: 1591875
CPU [0] UID 1002 comm: gen_fast, count: 1591964
CPU [0] UID 1002 comm: gen_fast, count: 1592177
CPU [0] UID 1002 comm: gen_fast, count: 1592177
CPU [0] UID 1002 comm: gen_fast, count: 1592264
CPU [0] UID 1002 comm: gen_fast, count: 1592364
CPU [0] UID 1002 comm: gen_fast, count: 1592501
CPU [0] UID 1002 comm: gen_fast, count: 1592564
CPU [0] UID 1002 comm: gen_fast, count: 1592707
CPU [0] UID 1002 comm: gen_fast, count: 1592797
CPU [0] UID 1002 comm: gen_fast, count: 1592888
CPU [0] UID 1002 comm: gen_fast, count: 1592978
CPU [0] UID 1002 comm: gen_fast, count: 1593064
CPU [0] UID 1002 comm: gen_fast, count: 1593164
CPU [0] UID 1002 comm: gen_fast, count: 1593301
CPU [0] UID 1002 comm: gen_fast, count: 1593520
CPU [0] UID 1002 comm: gen_fast, count: 1593520
CPU [0] UID 1002 comm: gen_fast, count: 1593564
CPU [0] UID 1002 comm: gen_fast, count: 1593664
CPU [0] UID 1002 comm: gen_fast, count: 1593764
CPU [0] UID 1002 comm: gen_fast, count: 1594017
CPU [0] UID 1002 comm: gen_fast, count: 1594017
CPU [0] UID 1002 comm: gen_fast, count: 1594064
CPU [0] UID 1002 comm: gen_fast, count: 1594285
CPU [0] UID 1002 comm: gen_fast, count: 1594285
CPU [0] UID 1002 comm: gen_fast, count: 1594364
CPU [0] UID 1002 comm: gen_fast, count: 1594557
CPU [0] UID 1002 comm: gen_fast, count: 1594564
CPU [0] UID 1002 comm: gen_fast, count: 1594664
CPU [0] UID 1002 comm: gen_fast, count: 1594809
CPU [0] UID 1002 comm: gen_fast, count: 1594864
CPU [0] UID 1002 comm: gen_fast, count: 1595081
CPU [0] UID 1002 comm: gen_fast, count: 1595081
CPU [0] UID 1002 comm: gen_fast, count: 1595196
CPU [0] UID 1002 comm: gen_fast, count: 1595264
CPU [0] UID 1002 comm: gen_fast, count: 1595424
CPU [0] UID 1002 comm: gen_fast, count: 1595464
CPU [0] UID 1002 comm: gen_fast, count: 1595583
CPU [0] UID 1002 comm: gen_fast, count: 1595742
CPU [0] UID 1002 comm: gen_fast, count: 1595764
CPU [0] UID 1002 comm: gen_fast, count: 1595864
CPU [0] UID 1002 comm: gen_fast, count: 1595964
CPU [0] UID 1002 comm: gen_fast, count: 1596073
CPU [0] UID 1002 comm: gen_fast, count: 1596164
CPU [0] UID 1002 comm: gen_fast, count: 1596264
CPU [0] UID 1002 comm: gen_fast, count: 1596390
CPU [0] UID 1002 comm: gen_fast, count: 1596476
CPU [0] UID 1002 comm: gen_fast, count: 1596657
CPU [0] UID 1002 comm: gen_fast, count: 1596664
CPU [0] UID 1002 comm: gen_fast, count: 1596764
CPU [0] UID 1002 comm: gen_fast, count: 1596869
CPU [0] UID 1002 comm: gen_fast, count: 1596964
CPU [0] UID 1002 comm: gen_fast, count: 1597165
CPU [0] UID 1002 comm: gen_fast, count: 1597165
CPU [0] UID 1002 comm: gen_fast, count: 1597264
CPU [0] UID 1002 comm: gen_fast, count: 1597456
CPU [0] UID 1002 comm: gen_fast, count: 1597464
CPU [0] UID 1002 comm: gen_fast, count: 1597598
CPU [0] UID 1002 comm: gen_fast, count: 1597664
CPU [0] UID 1002 comm: gen_fast, count: 1597871
CPU [0] UID 1002 comm: gen_fast, count: 1597871
CPU [0] UID 1002 comm: gen_fast, count: 1597964
CPU [0] UID 1002 comm: gen_fast, count: 1598064
CPU [0] UID 1002 comm: gen_fast, count: 1598174
CPU [0] UID 1002 comm: gen_fast, count: 1598264
CPU [0] UID 1002 comm: gen_fast, count: 1598469
CPU [0] UID 1002 comm: gen_fast, count: 1598469
CPU [0] UID 1002 comm: gen_fast, count: 1598564
CPU [0] UID 1002 comm: gen_fast, count: 1598664
CPU [0] UID 1002 comm: gen_fast, count: 1598764
CPU [0] UID 1002 comm: gen_fast, count: 1598864
CPU [0] UID 1002 comm: gen_fast, count: 1599049
CPU [0] UID 1002 comm: gen_fast, count: 1599064
CPU [0] UID 1002 comm: gen_fast, count: 1599164
CPU [0] UID 1002 comm: gen_fast, count: 1599361
CPU [0] UID 1002 comm: gen_fast, count: 1599364
CPU [0] UID 1002 comm: gen_fast, count: 1599464
CPU [0] UID 1002 comm: gen_fast, count: 1599587
CPU [0] UID 1002 comm: gen_fast, count: 1599664
CPU [0] UID 1002 comm: gen_fast, count: 1599764
CPU [0] UID 1002 comm: gen_fast, count: 1599864
CPU [0] UID 1002 comm: gen_fast, count: 1599996
CPU [0] UID 1002 comm: gen_fast, count: 1600064
CPU [0] UID 1002 comm: gen_fast, count: 1600164
CPU [0] UID 1002 comm: gen_fast, count: 1600264
CPU [0] UID 1002 comm: gen_fast, count: 1600364
CPU [0] UID 1002 comm: gen_fast, count: 1600493
CPU [0] UID 1002 comm: gen_fast, count: 1600564
CPU [0] UID 1002 comm: gen_fast, count: 1600695
CPU [0] UID 1002 comm: gen_fast, count: 1600764
CPU [0] UID 1002 comm: gen_fast, count: 1600864
CPU [0] UID 1002 comm: gen_fast, count: 1601071
CPU [0] UID 1002 comm: gen_fast, count: 1601071
CPU [0] UID 1002 comm: gen_fast, count: 1601164
CPU [0] UID 1002 comm: gen_fast, count: 1601297
CPU [0] UID 1002 comm: gen_fast, count: 1601372
CPU [0] UID 1002 comm: gen_fast, count: 1601464
CPU [0] UID 1002 comm: gen_fast, count: 1601564
CPU [0] UID 1002 comm: gen_fast, count: 1601703
CPU [0] UID 1002 comm: gen_fast, count: 1601920
CPU [0] UID 1002 comm: gen_fast, count: 1601920
CPU [0] UID 1002 comm: gen_fast, count: 1601964
CPU [0] UID 1002 comm: gen_fast, count: 1602139
CPU [0] UID 1002 comm: gen_fast, count: 1602164
CPU [0] UID 1002 comm: gen_fast, count: 1602293
CPU [0] UID 1002 comm: gen_fast, count: 1602502
CPU [0] UID 1002 comm: gen_fast, count: 1602502
CPU [0] UID 1002 comm: gen_fast, count: 1602564
CPU [0] UID 1002 comm: gen_fast, count: 1602724
CPU [0] UID 1002 comm: gen_fast, count: 1602764
CPU [0] UID 1002 comm: gen_fast, count: 1602870
CPU [0] UID 1002 comm: gen_fast, count: 1602964
CPU [0] UID 1002 comm: gen_fast, count: 1603064
CPU [0] UID 1002 comm: gen_fast, count: 1603207
CPU [0] UID 1002 comm: gen_fast, count: 1603295
CPU [0] UID 1002 comm: gen_fast, count: 1603516
CPU [0] UID 1002 comm: gen_fast, count: 1603516
CPU [0] UID 1002 comm: gen_fast, count: 1603564
CPU [0] UID 1002 comm: gen_fast, count: 1603664
CPU [0] UID 1002 comm: gen_fast, count: 1603880
CPU [0] UID 1002 comm: gen_fast, count: 1603880
CPU [0] UID 1002 comm: gen_fast, count: 1603964
CPU [0] UID 1002 comm: gen_fast, count: 1604148
CPU [0] UID 1002 comm: gen_fast, count: 1604164
CPU [0] UID 1002 comm: gen_fast, count: 1604297
CPU [0] UID 1002 comm: gen_fast, count: 1604364
CPU [0] UID 1002 comm: gen_fast, count: 1604464
CPU [0] UID 1002 comm: gen_fast, count: 1604609
CPU [0] UID 1002 comm: gen_fast, count: 1604664
CPU [0] UID 1002 comm: gen_fast, count: 1604764
CPU [0] UID 1002 comm: gen_fast, count: 1604882
CPU [0] UID 1002 comm: gen_fast, count: 1604964
CPU [0] UID 1002 comm: gen_fast, count: 1605064
CPU [0] UID 1002 comm: gen_fast, count: 1605164
CPU [0] UID 1002 comm: gen_fast, count: 1605301
CPU [0] UID 1002 comm: gen_fast, count: 1605387
CPU [0] UID 1002 comm: gen_fast, count: 1605472
CPU [0] UID 1002 comm: gen_fast, count: 1605564
CPU [0] UID 1002 comm: gen_fast, count: 1605664
CPU [0] UID 1002 comm: gen_fast, count: 1605843
CPU [0] UID 1002 comm: gen_fast, count: 1605864
CPU [0] UID 1002 comm: gen_fast, count: 1606043
CPU [0] UID 1002 comm: gen_fast, count: 1606064
CPU [0] UID 1002 comm: gen_fast, count: 1606313
CPU [0] UID 1002 comm: gen_fast, count: 1606313
CPU [0] UID 1002 comm: gen_fast, count: 1606364
CPU [0] UID 1002 comm: gen_fast, count: 1606531
CPU [0] UID 1002 comm: gen_fast, count: 1606564
CPU [0] UID 1002 comm: gen_fast, count: 1606683
CPU [0] UID 1002 comm: gen_fast, count: 1606764
CPU [0] UID 1002 comm: gen_fast, count: 1606903
CPU [0] UID 1002 comm: gen_fast, count: 1607106
CPU [0] UID 1002 comm: gen_fast, count: 1607106
CPU [0] UID 1002 comm: gen_fast, count: 1607164
CPU [0] UID 1002 comm: gen_fast, count: 1607264
CPU [0] UID 1002 comm: gen_fast, count: 1607364
CPU [0] UID 1002 comm: gen_fast, count: 1607499
CPU [0] UID 1002 comm: gen_fast, count: 1607564
CPU [0] UID 1002 comm: gen_fast, count: 1607664
CPU [0] UID 1002 comm: gen_fast, count: 1607810
CPU [0] UID 1002 comm: gen_fast, count: 1607882
CPU [0] UID 1002 comm: gen_fast, count: 1608032
CPU [0] UID 1002 comm: gen_fast, count: 1608064
CPU [0] UID 1002 comm: gen_fast, count: 1608175
CPU [0] UID 1002 comm: gen_fast, count: 1608368
CPU [0] UID 1002 comm: gen_fast, count: 1608368
CPU [0] UID 1002 comm: gen_fast, count: 1608464
CPU [0] UID 1002 comm: gen_fast, count: 1608564
CPU [0] UID 1002 comm: gen_fast, count: 1608681
CPU [0] UID 1002 comm: gen_fast, count: 1608835
CPU [0] UID 1002 comm: gen_fast, count: 1608864
CPU [0] UID 1002 comm: gen_fast, count: 1608976
CPU [0] UID 1002 comm: gen_fast, count: 1609121
CPU [0] UID 1002 comm: gen_fast, count: 1609164
CPU [0] UID 1002 comm: gen_fast, count: 1609309
CPU [0] UID 1002 comm: gen_fast, count: 1609364
CPU [0] UID 1002 comm: gen_fast, count: 1609464
CPU [0] UID 1002 comm: gen_fast, count: 1609610
CPU [0] UID 1002 comm: gen_fast, count: 1609664
CPU [0] UID 1002 comm: gen_fast, count: 1609803
CPU [0] UID 1002 comm: gen_fast, count: 1609864
CPU [0] UID 1002 comm: gen_fast, count: 1609993
CPU [0] UID 1002 comm: gen_fast, count: 1610064
CPU [0] UID 1002 comm: gen_fast, count: 1610164
CPU [0] UID 1002 comm: gen_fast, count: 1610311
CPU [0] UID 1002 comm: gen_fast, count: 1610364
CPU [0] UID 1002 comm: gen_fast, count: 1610498
CPU [0] UID 1002 comm: gen_fast, count: 1610583
CPU [0] UID 1002 comm: gen_fast, count: 1610688
CPU [0] UID 1002 comm: gen_fast, count: 1610764
CPU [0] UID 1002 comm: gen_fast, count: 1610966
CPU [0] UID 1002 comm: gen_fast, count: 1610966
CPU [0] UID 1002 comm: gen_fast, count: 1611064
CPU [0] UID 1002 comm: gen_fast, count: 1611164
CPU [0] UID 1002 comm: gen_fast, count: 1611264
CPU [0] UID 1002 comm: gen_fast, count: 1611364
CPU [0] UID 1002 comm: gen_fast, count: 1611491
CPU [0] UID 1002 comm: gen_fast, count: 1611645
CPU [0] UID 1002 comm: gen_fast, count: 1611664
CPU [0] UID 1002 comm: gen_fast, count: 1611764
CPU [0] UID 1002 comm: gen_fast, count: 1611949
CPU [0] UID 1002 comm: gen_fast, count: 1611964
CPU [0] UID 1002 comm: gen_fast, count: 1612064
CPU [0] UID 1002 comm: gen_fast, count: 1612187
CPU [0] UID 1002 comm: gen_fast, count: 1612264
CPU [0] UID 1002 comm: gen_fast, count: 1612383
CPU [0] UID 1002 comm: gen_fast, count: 1612464
CPU [0] UID 1002 comm: gen_fast, count: 1612564
CPU [0] UID 1002 comm: gen_fast, count: 1612664
CPU [0] UID 1002 comm: gen_fast, count: 1612793
CPU [0] UID 1002 comm: gen_fast, count: 1612864
CPU [0] UID 1002 comm: gen_fast, count: 1612964
CPU [0] UID 1002 comm: gen_fast, count: 1613064
CPU [0] UID 1002 comm: gen_fast, count: 1613198
CPU [0] UID 1002 comm: gen_fast, count: 1613287
CPU [0] UID 1002 comm: gen_fast, count: 1613378
CPU [0] UID 1002 comm: gen_fast, count: 1613467
CPU [0] UID 1002 comm: gen_fast, count: 1613564
CPU [0] UID 1002 comm: gen_fast, count: 1613664
CPU [0] UID 1002 comm: gen_fast, count: 1613789
CPU [0] UID 1002 comm: gen_fast, count: 1613996
CPU [0] UID 1002 comm: gen_fast, count: 1613996
CPU [0] UID 1002 comm: gen_fast, count: 1614064
CPU [0] UID 1002 comm: gen_fast, count: 1614226
CPU [0] UID 1002 comm: gen_fast, count: 1614264
CPU [0] UID 1002 comm: gen_fast, count: 1614408
CPU [0] UID 1002 comm: gen_fast, count: 1614464
CPU [0] UID 1002 comm: gen_fast, count: 1614685
CPU [0] UID 1002 comm: gen_fast, count: 1614685
CPU [0] UID 1002 comm: gen_fast, count: 1614879
CPU [0] UID 1002 comm: gen_fast, count: 1614879
CPU [0] UID 1002 comm: gen_fast, count: 1614968
CPU [0] UID 1002 comm: gen_fast, count: 1615064
CPU [0] UID 1002 comm: gen_fast, count: 1615164
CPU [0] UID 1002 comm: gen_fast, count: 1615294
CPU [0] UID 1002 comm: gen_fast, count: 1615440
CPU [0] UID 1002 comm: gen_fast, count: 1615464
CPU [0] UID 1002 comm: gen_fast, count: 1615583
CPU [0] UID 1002 comm: gen_fast, count: 1615733
CPU [0] UID 1002 comm: gen_fast, count: 1615876
CPU [0] UID 1002 comm: gen_fast, count: 1615876
CPU [0] UID 1002 comm: gen_fast, count: 1615964
CPU [0] UID 1002 comm: gen_fast, count: 1616064
CPU [0] UID 1002 comm: gen_fast, count: 1616164
CPU [0] UID 1002 comm: gen_fast, count: 1616264
CPU [0] UID 1002 comm: gen_fast, count: 1616415
CPU [0] UID 1002 comm: gen_fast, count: 1616464
CPU [0] UID 1002 comm: gen_fast, count: 1616582
CPU [0] UID 1002 comm: gen_fast, count: 1616763
CPU [0] UID 1002 comm: gen_fast, count: 1616764
CPU [0] UID 1002 comm: gen_fast, count: 1616864
CPU [0] UID 1002 comm: gen_fast, count: 1617077
CPU [0] UID 1002 comm: gen_fast, count: 1617077
CPU [0] UID 1002 comm: gen_fast, count: 1617164
CPU [0] UID 1002 comm: gen_fast, count: 1617304
CPU [0] UID 1002 comm: gen_fast, count: 1617364
CPU [0] UID 1002 comm: gen_fast, count: 1617568
CPU [0] UID 1002 comm: gen_fast, count: 1617568
CPU [0] UID 1002 comm: gen_fast, count: 1617664
CPU [0] UID 1002 comm: gen_fast, count: 1617764
CPU [0] UID 1002 comm: gen_fast, count: 1617864
CPU [0] UID 1002 comm: gen_fast, count: 1618054
CPU [0] UID 1002 comm: gen_fast, count: 1618064
CPU [0] UID 1002 comm: gen_fast, count: 1618164
CPU [0] UID 1002 comm: gen_fast, count: 1618303
CPU [0] UID 1002 comm: gen_fast, count: 1618364
CPU [0] UID 1002 comm: gen_fast, count: 1618481
CPU [0] UID 1002 comm: gen_fast, count: 1618564
CPU [0] UID 1002 comm: gen_fast, count: 1618664
CPU [0] UID 1002 comm: gen_fast, count: 1618814
CPU [0] UID 1002 comm: gen_fast, count: 1619014
CPU [0] UID 1002 comm: gen_fast, count: 1619014
CPU [0] UID 1002 comm: gen_fast, count: 1619201
CPU [0] UID 1002 comm: gen_fast, count: 1619201
CPU [0] UID 1002 comm: gen_fast, count: 1619397
CPU [0] UID 1002 comm: gen_fast, count: 1619397
CPU [0] UID 1002 comm: gen_fast, count: 1619464
CPU [0] UID 1002 comm: gen_fast, count: 1619610
CPU [0] UID 1002 comm: gen_fast, count: 1619664
CPU [0] UID 1002 comm: gen_fast, count: 1619818
CPU [0] UID 1002 comm: gen_fast, count: 1619864
CPU [0] UID 1002 comm: gen_fast, count: 1619964
CPU [0] UID 1002 comm: gen_fast, count: 1620145
CPU [0] UID 1002 comm: gen_fast, count: 1620164
CPU [0] UID 1002 comm: gen_fast, count: 1620397
CPU [0] UID 1002 comm: gen_fast, count: 1620397
CPU [0] UID 1002 comm: gen_fast, count: 1620464
CPU [0] UID 1002 comm: gen_fast, count: 1620635
CPU [0] UID 1002 comm: gen_fast, count: 1620664
CPU [0] UID 1002 comm: gen_fast, count: 1620808
CPU [0] UID 1002 comm: gen_fast, count: 1620864
CPU [0] UID 1002 comm: gen_fast, count: 1620964
CPU [0] UID 1002 comm: gen_fast, count: 1621064
CPU [0] UID 1002 comm: gen_fast, count: 1621240
CPU [0] UID 1002 comm: gen_fast, count: 1621264
CPU [0] UID 1002 comm: gen_fast, count: 1621364
CPU [0] UID 1002 comm: gen_fast, count: 1621467
CPU [0] UID 1002 comm: gen_fast, count: 1621630
CPU [0] UID 1002 comm: gen_fast, count: 1621664
CPU [0] UID 1002 comm: gen_fast, count: 1621891
CPU [0] UID 1002 comm: gen_fast, count: 1621891
CPU [0] UID 1002 comm: gen_fast, count: 1622087
CPU [0] UID 1002 comm: gen_fast, count: 1622087
CPU [0] UID 1002 comm: gen_fast, count: 1622164
CPU [0] UID 1002 comm: gen_fast, count: 1622288
CPU [0] UID 1002 comm: gen_fast, count: 1622364
CPU [0] UID 1002 comm: gen_fast, count: 1622464
CPU [0] UID 1002 comm: gen_fast, count: 1622564
CPU [0] UID 1002 comm: gen_fast, count: 1622666
CPU [0] UID 1002 comm: gen_fast, count: 1622796
CPU [0] UID 1002 comm: gen_fast, count: 1622864
CPU [0] UID 1002 comm: gen_fast, count: 1623064
CPU [0] UID 1002 comm: gen_fast, count: 1623064
CPU [0] UID 1002 comm: gen_fast, count: 1623164
CPU [0] UID 1002 comm: gen_fast, count: 1623264
CPU [0] UID 1002 comm: gen_fast, count: 1623366
CPU [0] UID 1002 comm: gen_fast, count: 1623464
CPU [0] UID 1002 comm: gen_fast, count: 1623601
CPU [0] UID 1002 comm: gen_fast, count: 1623680
CPU [0] UID 1002 comm: gen_fast, count: 1623773
CPU [0] UID 1002 comm: gen_fast, count: 1623864
CPU [0] UID 1002 comm: gen_fast, count: 1624011
CPU [0] UID 1002 comm: gen_fast, count: 1624064
CPU [0] UID 1002 comm: gen_fast, count: 1624295
CPU [0] UID 1002 comm: gen_fast, count: 1624295
CPU [0] UID 1002 comm: gen_fast, count: 1624364
CPU [0] UID 1002 comm: gen_fast, count: 1624571
CPU [0] UID 1002 comm: gen_fast, count: 1624571
CPU [0] UID 1002 comm: gen_fast, count: 1624664
CPU [0] UID 1002 comm: gen_fast, count: 1624764
CPU [0] UID 1002 comm: gen_fast, count: 1624876
CPU [0] UID 1002 comm: gen_fast, count: 1624964
CPU [0] UID 1002 comm: gen_fast, count: 1625064
CPU [0] UID 1002 comm: gen_fast, count: 1625201
CPU [0] UID 1002 comm: gen_fast, count: 1625419
CPU [0] UID 1002 comm: gen_fast, count: 1625419
CPU [0] UID 1002 comm: gen_fast, count: 1625464
CPU [0] UID 1002 comm: gen_fast, count: 1625564
CPU [0] UID 1002 comm: gen_fast, count: 1625664
CPU [0] UID 1002 comm: gen_fast, count: 1625792
CPU [0] UID 1002 comm: gen_fast, count: 1626013
CPU [0] UID 1002 comm: gen_fast, count: 1626013
CPU [0] UID 1002 comm: gen_fast, count: 1626064
CPU [0] UID 1002 comm: gen_fast, count: 1626164
CPU [0] UID 1002 comm: gen_fast, count: 1626264
CPU [0] UID 1002 comm: gen_fast, count: 1626439
CPU [0] UID 1002 comm: gen_fast, count: 1626464
CPU [0] UID 1002 comm: gen_fast, count: 1626718
CPU [0] UID 1002 comm: gen_fast, count: 1626718
CPU [0] UID 1002 comm: gen_fast, count: 1626764
CPU [0] UID 1002 comm: gen_fast, count: 1626864
CPU [0] UID 1002 comm: gen_fast, count: 1626964
CPU [0] UID 1002 comm: gen_fast, count: 1627152
CPU [0] UID 1002 comm: gen_fast, count: 1627164
CPU [0] UID 1002 comm: gen_fast, count: 1627264
CPU [0] UID 1002 comm: gen_fast, count: 1627404
CPU [0] UID 1002 comm: gen_fast, count: 1627464
CPU [0] UID 1002 comm: gen_fast, count: 1627671
CPU [0] UID 1002 comm: gen_fast, count: 1627671
CPU [0] UID 1002 comm: gen_fast, count: 1627764
CPU [0] UID 1002 comm: gen_fast, count: 1627935
CPU [0] UID 1002 comm: gen_fast, count: 1627964
CPU [0] UID 1002 comm: gen_fast, count: 1628141
CPU [0] UID 1002 comm: gen_fast, count: 1628164
CPU [0] UID 1002 comm: gen_fast, count: 1628264
CPU [0] UID 1002 comm: gen_fast, count: 1628422
CPU [0] UID 1002 comm: gen_fast, count: 1628464
CPU [0] UID 1002 comm: gen_fast, count: 1628564
CPU [0] UID 1002 comm: gen_fast, count: 1628695
CPU [0] UID 1002 comm: gen_fast, count: 1628764
CPU [0] UID 1002 comm: gen_fast, count: 1628864
CPU [0] UID 1002 comm: gen_fast, count: 1628991
CPU [0] UID 1002 comm: gen_fast, count: 1629110
CPU [0] UID 1002 comm: gen_fast, count: 1629227
CPU [0] UID 1002 comm: gen_fast, count: 1629264
CPU [0] UID 1002 comm: gen_fast, count: 1629411
CPU [0] UID 1002 comm: gen_fast, count: 1629486
CPU [0] UID 1002 comm: gen_fast, count: 1629565
CPU [0] UID 1002 comm: gen_fast, count: 1629664
CPU [0] UID 1002 comm: gen_fast, count: 1629764
CPU [0] UID 1002 comm: gen_fast, count: 1629867
CPU [0] UID 1002 comm: gen_fast, count: 1630065
CPU [0] UID 1002 comm: gen_fast, count: 1630065
CPU [0] UID 1002 comm: gen_fast, count: 1630164
CPU [0] UID 1002 comm: gen_fast, count: 1630297
CPU [0] UID 1002 comm: gen_fast, count: 1630364
CPU [0] UID 1002 comm: gen_fast, count: 1630464
CPU [0] UID 1002 comm: gen_fast, count: 1630602
CPU [0] UID 1002 comm: gen_fast, count: 1630664
CPU [0] UID 1002 comm: gen_fast, count: 1630790
CPU [0] UID 1002 comm: gen_fast, count: 1630972
CPU [0] UID 1002 comm: gen_fast, count: 1630972
CPU [0] UID 1002 comm: gen_fast, count: 1631101
CPU [0] UID 1002 comm: gen_fast, count: 1631171
CPU [0] UID 1002 comm: gen_fast, count: 1631264
CPU [0] UID 1002 comm: gen_fast, count: 1631431
CPU [0] UID 1002 comm: gen_fast, count: 1631464
CPU [0] UID 1002 comm: gen_fast, count: 1631564
CPU [0] UID 1002 comm: gen_fast, count: 1631674
CPU [0] UID 1002 comm: gen_fast, count: 1631873
CPU [0] UID 1002 comm: gen_fast, count: 1631873
CPU [0] UID 1002 comm: gen_fast, count: 1632009
CPU [0] UID 1002 comm: gen_fast, count: 1632064
CPU [0] UID 1002 comm: gen_fast, count: 1632177
CPU [0] UID 1002 comm: gen_fast, count: 1632264
CPU [0] UID 1002 comm: gen_fast, count: 1632364
CPU [0] UID 1002 comm: gen_fast, count: 1632464
CPU [0] UID 1002 comm: gen_fast, count: 1632629
CPU [0] UID 1002 comm: gen_fast, count: 1632664
CPU [0] UID 1002 comm: gen_fast, count: 1632785
CPU [0] UID 1002 comm: gen_fast, count: 1632948
CPU [0] UID 1002 comm: gen_fast, count: 1632964
CPU [0] UID 1002 comm: gen_fast, count: 1633189
CPU [0] UID 1002 comm: gen_fast, count: 1633189
CPU [0] UID 1002 comm: gen_fast, count: 1633264
CPU [0] UID 1002 comm: gen_fast, count: 1633513
CPU [0] UID 1002 comm: gen_fast, count: 1633513
CPU [0] UID 1002 comm: gen_fast, count: 1633564
CPU [0] UID 1002 comm: gen_fast, count: 1633678
CPU [0] UID 1002 comm: gen_fast, count: 1633791
CPU [0] UID 1002 comm: gen_fast, count: 1633885
CPU [0] UID 1002 comm: gen_fast, count: 1634085
CPU [0] UID 1002 comm: gen_fast, count: 1634085
CPU [0] UID 1002 comm: gen_fast, count: 1634164
CPU [0] UID 1002 comm: gen_fast, count: 1634294
CPU [0] UID 1002 comm: gen_fast, count: 1634488
CPU [0] UID 1002 comm: gen_fast, count: 1634488
CPU [0] UID 1002 comm: gen_fast, count: 1634564
CPU [0] UID 1002 comm: gen_fast, count: 1634782
CPU [0] UID 1002 comm: gen_fast, count: 1634782
CPU [0] UID 1002 comm: gen_fast, count: 1634864
CPU [0] UID 1002 comm: gen_fast, count: 1635009
CPU [0] UID 1002 comm: gen_fast, count: 1635064
CPU [0] UID 1002 comm: gen_fast, count: 1635178
CPU [0] UID 1002 comm: gen_fast, count: 1635268
CPU [0] UID 1002 comm: gen_fast, count: 1635406
CPU [0] UID 1002 comm: gen_fast, count: 1635473
CPU [0] UID 1002 comm: gen_fast, count: 1635564
CPU [0] UID 1002 comm: gen_fast, count: 1635694
CPU [0] UID 1002 comm: gen_fast, count: 1635764
CPU [0] UID 1002 comm: gen_fast, count: 1635864
CPU [0] UID 1002 comm: gen_fast, count: 1635974
CPU [0] UID 1002 comm: gen_fast, count: 1636127
CPU [0] UID 1002 comm: gen_fast, count: 1636164
CPU [0] UID 1002 comm: gen_fast, count: 1636264
CPU [0] UID 1002 comm: gen_fast, count: 1636364
CPU [0] UID 1002 comm: gen_fast, count: 1636501
CPU [0] UID 1002 comm: gen_fast, count: 1636692
CPU [0] UID 1002 comm: gen_fast, count: 1636692
CPU [0] UID 1002 comm: gen_fast, count: 1636771
CPU [0] UID 1002 comm: gen_fast, count: 1636924
CPU [0] UID 1002 comm: gen_fast, count: 1636964
CPU [0] UID 1002 comm: gen_fast, count: 1637064
CPU [0] UID 1002 comm: gen_fast, count: 1637164
CPU [0] UID 1002 comm: gen_fast, count: 1637329
CPU [0] UID 1002 comm: gen_fast, count: 1637364
CPU [0] UID 1002 comm: gen_fast, count: 1637464
CPU [0] UID 1002 comm: gen_fast, count: 1637564
CPU [0] UID 1002 comm: gen_fast, count: 1637737
CPU [0] UID 1002 comm: gen_fast, count: 1637764
CPU [0] UID 1002 comm: gen_fast, count: 1637984
CPU [0] UID 1002 comm: gen_fast, count: 1637984
CPU [0] UID 1002 comm: gen_fast, count: 1638064
CPU [0] UID 1002 comm: gen_fast, count: 1638167
CPU [0] UID 1002 comm: gen_fast, count: 1638314
CPU [0] UID 1002 comm: gen_fast, count: 1638496
CPU [0] UID 1002 comm: gen_fast, count: 1638496
CPU [0] UID 1002 comm: gen_fast, count: 1638668
CPU [0] UID 1002 comm: gen_fast, count: 1638668
CPU [0] UID 1002 comm: gen_fast, count: 1638787
CPU [0] UID 1002 comm: gen_fast, count: 1638996
CPU [0] UID 1002 comm: gen_fast, count: 1638996
CPU [0] UID 1002 comm: gen_fast, count: 1639176
CPU [0] UID 1002 comm: gen_fast, count: 1639176
CPU [0] UID 1002 comm: gen_fast, count: 1639368
CPU [0] UID 1002 comm: gen_fast, count: 1639368
CPU [0] UID 1002 comm: gen_fast, count: 1639464
CPU [0] UID 1002 comm: gen_fast, count: 1639567
CPU [0] UID 1002 comm: gen_fast, count: 1639664
CPU [0] UID 1002 comm: gen_fast, count: 1639809
CPU [0] UID 1002 comm: gen_fast, count: 1639893
CPU [0] UID 1002 comm: gen_fast, count: 1639964
CPU [0] UID 1002 comm: gen_fast, count: 1640066
CPU [0] UID 1002 comm: gen_fast, count: 1640208
CPU [0] UID 1002 comm: gen_fast, count: 1640264
CPU [0] UID 1002 comm: gen_fast, count: 1640412
CPU [0] UID 1002 comm: gen_fast, count: 1640464
CPU [0] UID 1002 comm: gen_fast, count: 1640585
CPU [0] UID 1002 comm: gen_fast, count: 1640664
CPU [0] UID 1002 comm: gen_fast, count: 1640788
CPU [0] UID 1002 comm: gen_fast, count: 1640874
CPU [0] UID 1002 comm: gen_fast, count: 1641071
CPU [0] UID 1002 comm: gen_fast, count: 1641071
CPU [0] UID 1002 comm: gen_fast, count: 1641164
CPU [0] UID 1002 comm: gen_fast, count: 1641335
CPU [0] UID 1002 comm: gen_fast, count: 1641364
CPU [0] UID 1002 comm: gen_fast, count: 1641474
CPU [0] UID 1002 comm: gen_fast, count: 1641564
CPU [0] UID 1002 comm: gen_fast, count: 1641724
CPU [0] UID 1002 comm: gen_fast, count: 1641764
CPU [0] UID 1002 comm: gen_fast, count: 1641928
CPU [0] UID 1002 comm: gen_fast, count: 1641964
CPU [0] UID 1002 comm: gen_fast, count: 1642064
CPU [0] UID 1002 comm: gen_fast, count: 1642164
CPU [0] UID 1002 comm: gen_fast, count: 1642264
CPU [0] UID 1002 comm: gen_fast, count: 1642364
CPU [0] UID 1002 comm: gen_fast, count: 1642507
CPU [0] UID 1002 comm: gen_fast, count: 1642564
CPU [0] UID 1002 comm: gen_fast, count: 1642664
CPU [0] UID 1002 comm: gen_fast, count: 1642817
CPU [0] UID 1002 comm: gen_fast, count: 1642864
CPU [0] UID 1002 comm: gen_fast, count: 1642989
CPU [0] UID 1002 comm: gen_fast, count: 1643064
CPU [0] UID 1002 comm: gen_fast, count: 1643171
CPU [0] UID 1002 comm: gen_fast, count: 1643372
CPU [0] UID 1002 comm: gen_fast, count: 1643372
CPU [0] UID 1002 comm: gen_fast, count: 1643464
CPU [0] UID 1002 comm: gen_fast, count: 1643600
CPU [0] UID 1002 comm: gen_fast, count: 1643664
CPU [0] UID 1002 comm: gen_fast, count: 1643803
CPU [0] UID 1002 comm: gen_fast, count: 1644007
CPU [0] UID 1002 comm: gen_fast, count: 1644007
CPU [0] UID 1002 comm: gen_fast, count: 1644118
CPU [0] UID 1002 comm: gen_fast, count: 1644164
CPU [0] UID 1002 comm: gen_fast, count: 1644264
CPU [0] UID 1002 comm: gen_fast, count: 1644458
CPU [0] UID 1002 comm: gen_fast, count: 1644464
CPU [0] UID 1002 comm: gen_fast, count: 1644564
CPU [0] UID 1002 comm: gen_fast, count: 1644790
CPU [0] UID 1002 comm: gen_fast, count: 1644790
CPU [0] UID 1002 comm: gen_fast, count: 1644864
CPU [0] UID 1002 comm: gen_fast, count: 1645042
CPU [0] UID 1002 comm: gen_fast, count: 1645064
CPU [0] UID 1002 comm: gen_fast, count: 1645181
CPU [0] UID 1002 comm: gen_fast, count: 1645275
CPU [0] UID 1002 comm: gen_fast, count: 1645489
CPU [0] UID 1002 comm: gen_fast, count: 1645489
CPU [0] UID 1002 comm: gen_fast, count: 1645564
CPU [0] UID 1002 comm: gen_fast, count: 1645758
CPU [0] UID 1002 comm: gen_fast, count: 1645764
CPU [0] UID 1002 comm: gen_fast, count: 1645864
CPU [0] UID 1002 comm: gen_fast, count: 1646025
CPU [0] UID 1002 comm: gen_fast, count: 1646064
CPU [0] UID 1002 comm: gen_fast, count: 1646164
CPU [0] UID 1002 comm: gen_fast, count: 1646264
CPU [0] UID 1002 comm: gen_fast, count: 1646406
CPU [0] UID 1002 comm: gen_fast, count: 1646464
CPU [0] UID 1002 comm: gen_fast, count: 1646611
CPU [0] UID 1002 comm: gen_fast, count: 1646664
CPU [0] UID 1002 comm: gen_fast, count: 1646877
CPU [0] UID 1002 comm: gen_fast, count: 1646877
CPU [0] UID 1002 comm: gen_fast, count: 1646964
CPU [0] UID 1002 comm: gen_fast, count: 1647122
CPU [0] UID 1002 comm: gen_fast, count: 1647164
CPU [0] UID 1002 comm: gen_fast, count: 1647264
CPU [0] UID 1002 comm: gen_fast, count: 1647481
CPU [0] UID 1002 comm: gen_fast, count: 1647481
CPU [0] UID 1002 comm: gen_fast, count: 1647564
CPU [0] UID 1002 comm: gen_fast, count: 1647742
CPU [0] UID 1002 comm: gen_fast, count: 1647764
CPU [0] UID 1002 comm: gen_fast, count: 1647864
CPU [0] UID 1002 comm: gen_fast, count: 1647974
CPU [0] UID 1002 comm: gen_fast, count: 1648064
CPU [0] UID 1002 comm: gen_fast, count: 1648164
CPU [0] UID 1002 comm: gen_fast, count: 1648411
CPU [0] UID 1002 comm: gen_fast, count: 1648411
CPU [0] UID 1002 comm: gen_fast, count: 1648464
CPU [0] UID 1002 comm: gen_fast, count: 1648675
CPU [0] UID 1002 comm: gen_fast, count: 1648675
CPU [0] UID 1002 comm: gen_fast, count: 1648764
CPU [0] UID 1002 comm: gen_fast, count: 1648864
CPU [0] UID 1002 comm: gen_fast, count: 1648964
CPU [0] UID 1002 comm: gen_fast, count: 1649119
CPU [0] UID 1002 comm: gen_fast, count: 1649164
CPU [0] UID 1002 comm: gen_fast, count: 1649372
CPU [0] UID 1002 comm: gen_fast, count: 1649372
CPU [0] UID 1002 comm: gen_fast, count: 1649464
CPU [0] UID 1002 comm: gen_fast, count: 1649564
CPU [0] UID 1002 comm: gen_fast, count: 1649664
CPU [0] UID 1002 comm: gen_fast, count: 1649860
CPU [0] UID 1002 comm: gen_fast, count: 1649864
CPU [0] UID 1002 comm: gen_fast, count: 1649964
CPU [0] UID 1002 comm: gen_fast, count: 1650130
CPU [0] UID 1002 comm: gen_fast, count: 1650164
CPU [0] UID 1002 comm: gen_fast, count: 1650316
CPU [0] UID 1002 comm: gen_fast, count: 1650364
CPU [0] UID 1002 comm: gen_fast, count: 1650464
CPU [0] UID 1002 comm: gen_fast, count: 1650564
CPU [0] UID 1002 comm: gen_fast, count: 1650664
CPU [0] UID 1002 comm: gen_fast, count: 1650810
CPU [0] UID 1002 comm: gen_fast, count: 1650894
CPU [0] UID 1002 comm: gen_fast, count: 1651101
CPU [0] UID 1002 comm: gen_fast, count: 1651101
CPU [0] UID 1002 comm: gen_fast, count: 1651164
CPU [0] UID 1002 comm: gen_fast, count: 1651362
CPU [0] UID 1002 comm: gen_fast, count: 1651364
CPU [0] UID 1002 comm: gen_fast, count: 1651464
CPU [0] UID 1002 comm: gen_fast, count: 1651564
CPU [0] UID 1002 comm: gen_fast, count: 1651664
CPU [0] UID 1002 comm: gen_fast, count: 1651789
CPU [0] UID 1002 comm: gen_fast, count: 1651864
CPU [0] UID 1002 comm: gen_fast, count: 1651964
CPU [0] UID 1002 comm: gen_fast, count: 1652064
CPU [0] UID 1002 comm: gen_fast, count: 1652176
CPU [0] UID 1002 comm: gen_fast, count: 1652365
CPU [0] UID 1002 comm: gen_fast, count: 1652365
CPU [0] UID 1002 comm: gen_fast, count: 1652506
CPU [0] UID 1002 comm: gen_fast, count: 1652709
CPU [0] UID 1002 comm: gen_fast, count: 1652709
CPU [0] UID 1002 comm: gen_fast, count: 1652764
CPU [0] UID 1002 comm: gen_fast, count: 1652953
CPU [0] UID 1002 comm: gen_fast, count: 1652964
CPU [0] UID 1002 comm: gen_fast, count: 1653211
CPU [0] UID 1002 comm: gen_fast, count: 1653211
CPU [0] UID 1002 comm: gen_fast, count: 1653264
CPU [0] UID 1002 comm: gen_fast, count: 1653473
CPU [0] UID 1002 comm: gen_fast, count: 1653473
CPU [0] UID 1002 comm: gen_fast, count: 1653564
CPU [0] UID 1002 comm: gen_fast, count: 1653700
CPU [0] UID 1002 comm: gen_fast, count: 1653764
CPU [0] UID 1002 comm: gen_fast, count: 1653931
CPU [0] UID 1002 comm: gen_fast, count: 1653964
CPU [0] UID 1002 comm: gen_fast, count: 1654082
CPU [0] UID 1002 comm: gen_fast, count: 1654164
CPU [0] UID 1002 comm: gen_fast, count: 1654264
CPU [0] UID 1002 comm: gen_fast, count: 1654394
CPU [0] UID 1002 comm: gen_fast, count: 1654464
CPU [0] UID 1002 comm: gen_fast, count: 1654564
CPU [0] UID 1002 comm: gen_fast, count: 1654681
CPU [0] UID 1002 comm: gen_fast, count: 1654764
CPU [0] UID 1002 comm: gen_fast, count: 1654864
CPU [0] UID 1002 comm: gen_fast, count: 1654964
CPU [0] UID 1002 comm: gen_fast, count: 1655087
CPU [0] UID 1002 comm: gen_fast, count: 1655220
CPU [0] UID 1002 comm: gen_fast, count: 1655375
CPU [0] UID 1002 comm: gen_fast, count: 1655375
CPU [0] UID 1002 comm: gen_fast, count: 1655464
CPU [0] UID 1002 comm: gen_fast, count: 1655568
CPU [0] UID 1002 comm: gen_fast, count: 1655714
CPU [0] UID 1002 comm: gen_fast, count: 1655764
CPU [0] UID 1002 comm: gen_fast, count: 1655881
CPU [0] UID 1002 comm: gen_fast, count: 1655964
CPU [0] UID 1002 comm: gen_fast, count: 1656064
CPU [0] UID 1002 comm: gen_fast, count: 1656189
CPU [0] UID 1002 comm: gen_fast, count: 1656264
CPU [0] UID 1002 comm: gen_fast, count: 1656471
CPU [0] UID 1002 comm: gen_fast, count: 1656471
CPU [0] UID 1002 comm: gen_fast, count: 1656616
CPU [0] UID 1002 comm: gen_fast, count: 1656808
CPU [0] UID 1002 comm: gen_fast, count: 1656808
CPU [0] UID 1002 comm: gen_fast, count: 1656864
CPU [0] UID 1002 comm: gen_fast, count: 1657028
CPU [0] UID 1002 comm: gen_fast, count: 1657064
CPU [0] UID 1002 comm: gen_fast, count: 1657164
CPU [0] UID 1002 comm: gen_fast, count: 1657270
CPU [0] UID 1002 comm: gen_fast, count: 1657410
CPU [0] UID 1002 comm: gen_fast, count: 1657464
CPU [0] UID 1002 comm: gen_fast, count: 1657565
CPU [0] UID 1002 comm: gen_fast, count: 1657726
CPU [0] UID 1002 comm: gen_fast, count: 1657764
CPU [0] UID 1002 comm: gen_fast, count: 1657864
CPU [0] UID 1002 comm: gen_fast, count: 1657964
CPU [0] UID 1002 comm: gen_fast, count: 1658064
CPU [0] UID 1002 comm: gen_fast, count: 1658186
CPU [0] UID 1002 comm: gen_fast, count: 1658298
CPU [0] UID 1002 comm: gen_fast, count: 1658452
CPU [0] UID 1002 comm: gen_fast, count: 1658464
CPU [0] UID 1002 comm: gen_fast, count: 1658564
CPU [0] UID 1002 comm: gen_fast, count: 1658692
CPU [0] UID 1002 comm: gen_fast, count: 1658764
CPU [0] UID 1002 comm: gen_fast, count: 1658913
CPU [0] UID 1002 comm: gen_fast, count: 1658964
CPU [0] UID 1002 comm: gen_fast, count: 1659214
CPU [0] UID 1002 comm: gen_fast, count: 1659214
CPU [0] UID 1002 comm: gen_fast, count: 1659264
CPU [0] UID 1002 comm: gen_fast, count: 1659447
CPU [0] UID 1002 comm: gen_fast, count: 1659464
CPU [0] UID 1002 comm: gen_fast, count: 1659656
CPU [0] UID 1002 comm: gen_fast, count: 1659664
CPU [0] UID 1002 comm: gen_fast, count: 1659802
CPU [0] UID 1002 comm: gen_fast, count: 1659864
CPU [0] UID 1002 comm: gen_fast, count: 1659964
CPU [0] UID 1002 comm: gen_fast, count: 1660099
CPU [0] UID 1002 comm: gen_fast, count: 1660164
CPU [0] UID 1002 comm: gen_fast, count: 1660265
CPU [0] UID 1002 comm: gen_fast, count: 1660364
CPU [0] UID 1002 comm: gen_fast, count: 1660464
CPU [0] UID 1002 comm: gen_fast, count: 1660565
CPU [0] UID 1002 comm: gen_fast, count: 1660716
CPU [0] UID 1002 comm: gen_fast, count: 1660899
CPU [0] UID 1002 comm: gen_fast, count: 1660899
CPU [0] UID 1002 comm: gen_fast, count: 1661057
CPU [0] UID 1002 comm: gen_fast, count: 1661064
CPU [0] UID 1002 comm: gen_fast, count: 1661215
CPU [0] UID 1002 comm: gen_fast, count: 1661264
CPU [0] UID 1002 comm: gen_fast, count: 1661364
CPU [0] UID 1002 comm: gen_fast, count: 1661464
CPU [0] UID 1002 comm: gen_fast, count: 1661564
CPU [0] UID 1002 comm: gen_fast, count: 1661686
CPU [0] UID 1002 comm: gen_fast, count: 1661764
CPU [0] UID 1002 comm: gen_fast, count: 1661864
CPU [0] UID 1002 comm: gen_fast, count: 1661964
CPU [0] UID 1002 comm: gen_fast, count: 1662094
CPU [0] UID 1002 comm: gen_fast, count: 1662181
CPU [0] UID 1002 comm: gen_fast, count: 1662361
CPU [0] UID 1002 comm: gen_fast, count: 1662364
CPU [0] UID 1002 comm: gen_fast, count: 1662503
CPU [0] UID 1002 comm: gen_fast, count: 1662591
CPU [0] UID 1002 comm: gen_fast, count: 1662664
CPU [0] UID 1002 comm: gen_fast, count: 1662764
CPU [0] UID 1002 comm: gen_fast, count: 1662888
CPU [0] UID 1002 comm: gen_fast, count: 1662964
CPU [0] UID 1002 comm: gen_fast, count: 1663123
CPU [0] UID 1002 comm: gen_fast, count: 1663168
CPU [0] UID 1002 comm: gen_fast, count: 1663264
CPU [0] UID 1002 comm: gen_fast, count: 1663383
CPU [0] UID 1002 comm: gen_fast, count: 1663464
CPU [0] UID 1002 comm: gen_fast, count: 1663594
CPU [0] UID 1002 comm: gen_fast, count: 1663787
CPU [0] UID 1002 comm: gen_fast, count: 1663787
CPU [0] UID 1002 comm: gen_fast, count: 1663864
CPU [0] UID 1002 comm: gen_fast, count: 1664013
CPU [0] UID 1002 comm: gen_fast, count: 1664064
CPU [0] UID 1002 comm: gen_fast, count: 1664210
CPU [0] UID 1002 comm: gen_fast, count: 1664264
CPU [0] UID 1002 comm: gen_fast, count: 1664392
CPU [0] UID 1002 comm: gen_fast, count: 1664464
CPU [0] UID 1002 comm: gen_fast, count: 1664564
CPU [0] UID 1002 comm: gen_fast, count: 1664682
CPU [0] UID 1002 comm: gen_fast, count: 1664764
CPU [0] UID 1002 comm: gen_fast, count: 1664968
CPU [0] UID 1002 comm: gen_fast, count: 1664968
CPU [0] UID 1002 comm: gen_fast, count: 1665168
CPU [0] UID 1002 comm: gen_fast, count: 1665168
CPU [0] UID 1002 comm: gen_fast, count: 1665264
CPU [0] UID 1002 comm: gen_fast, count: 1665406
CPU [0] UID 1002 comm: gen_fast, count: 1665464
CPU [0] UID 1002 comm: gen_fast, count: 1665564
CPU [0] UID 1002 comm: gen_fast, count: 1665664
CPU [0] UID 1002 comm: gen_fast, count: 1665764
CPU [0] UID 1002 comm: gen_fast, count: 1665890
CPU [0] UID 1002 comm: gen_fast, count: 1665996
CPU [0] UID 1002 comm: gen_fast, count: 1666064
CPU [0] UID 1002 comm: gen_fast, count: 1666190
CPU [0] UID 1002 comm: gen_fast, count: 1666264
CPU [0] UID 1002 comm: gen_fast, count: 1666491
CPU [0] UID 1002 comm: gen_fast, count: 1666491
CPU [0] UID 1002 comm: gen_fast, count: 1666697
CPU [0] UID 1002 comm: gen_fast, count: 1666697
CPU [0] UID 1002 comm: gen_fast, count: 1666764
CPU [0] UID 1002 comm: gen_fast, count: 1666962
CPU [0] UID 1002 comm: gen_fast, count: 1666964
CPU [0] UID 1002 comm: gen_fast, count: 1667064
CPU [0] UID 1002 comm: gen_fast, count: 1667164
CPU [0] UID 1002 comm: gen_fast, count: 1667280
CPU [0] UID 1002 comm: gen_fast, count: 1667431
CPU [0] UID 1002 comm: gen_fast, count: 1667464
CPU [0] UID 1002 comm: gen_fast, count: 1667603
CPU [0] UID 1002 comm: gen_fast, count: 1667801
CPU [0] UID 1002 comm: gen_fast, count: 1667801
CPU [0] UID 1002 comm: gen_fast, count: 1667947
CPU [0] UID 1002 comm: gen_fast, count: 1667964
CPU [0] UID 1002 comm: gen_fast, count: 1668142
CPU [0] UID 1002 comm: gen_fast, count: 1668226
CPU [0] UID 1002 comm: gen_fast, count: 1668264
CPU [0] UID 1002 comm: gen_fast, count: 1668426
CPU [0] UID 1002 comm: gen_fast, count: 1668464
CPU [0] UID 1002 comm: gen_fast, count: 1668567
CPU [0] UID 1002 comm: gen_fast, count: 1668664
CPU [0] UID 1002 comm: gen_fast, count: 1668764
CPU [0] UID 1002 comm: gen_fast, count: 1668866
CPU [0] UID 1002 comm: gen_fast, count: 1668964
CPU [0] UID 1002 comm: gen_fast, count: 1669064
CPU [0] UID 1002 comm: gen_fast, count: 1669165
CPU [0] UID 1002 comm: gen_fast, count: 1669390
CPU [0] UID 1002 comm: gen_fast, count: 1669390
CPU [0] UID 1002 comm: gen_fast, count: 1669464
CPU [0] UID 1002 comm: gen_fast, count: 1669657
CPU [0] UID 1002 comm: gen_fast, count: 1669664
CPU [0] UID 1002 comm: gen_fast, count: 1669764
CPU [0] UID 1002 comm: gen_fast, count: 1669886
CPU [0] UID 1002 comm: gen_fast, count: 1669964
CPU [0] UID 1002 comm: gen_fast, count: 1670076
CPU [0] UID 1002 comm: gen_fast, count: 1670164
CPU [0] UID 1002 comm: gen_fast, count: 1670264
CPU [0] UID 1002 comm: gen_fast, count: 1670465
CPU [0] UID 1002 comm: gen_fast, count: 1670465
CPU [0] UID 1002 comm: gen_fast, count: 1670564
CPU [0] UID 1002 comm: gen_fast, count: 1670746
CPU [0] UID 1002 comm: gen_fast, count: 1670764
CPU [0] UID 1002 comm: gen_fast, count: 1670955
CPU [0] UID 1002 comm: gen_fast, count: 1670964
CPU [0] UID 1002 comm: gen_fast, count: 1671064
CPU [0] UID 1002 comm: gen_fast, count: 1671229
CPU [0] UID 1002 comm: gen_fast, count: 1671264
CPU [0] UID 1002 comm: gen_fast, count: 1671505
CPU [0] UID 1002 comm: gen_fast, count: 1671505
CPU [0] UID 1002 comm: gen_fast, count: 1671564
CPU [0] UID 1002 comm: gen_fast, count: 1671782
CPU [0] UID 1002 comm: gen_fast, count: 1671782
CPU [0] UID 1002 comm: gen_fast, count: 1671864
CPU [0] UID 1002 comm: gen_fast, count: 1672060
CPU [0] UID 1002 comm: gen_fast, count: 1672064
CPU [0] UID 1002 comm: gen_fast, count: 1672164
CPU [0] UID 1002 comm: gen_fast, count: 1672303
CPU [0] UID 1002 comm: gen_fast, count: 1672364
CPU [0] UID 1002 comm: gen_fast, count: 1672464
CPU [0] UID 1002 comm: gen_fast, count: 1672564
CPU [0] UID 1002 comm: gen_fast, count: 1672664
CPU [0] UID 1002 comm: gen_fast, count: 1672764
CPU [0] UID 1002 comm: gen_fast, count: 1672864
CPU [0] UID 1002 comm: gen_fast, count: 1672993
CPU [0] UID 1002 comm: gen_fast, count: 1673064
CPU [0] UID 1002 comm: gen_fast, count: 1673265
CPU [0] UID 1002 comm: gen_fast, count: 1673265
CPU [0] UID 1002 comm: gen_fast, count: 1673364
CPU [0] UID 1002 comm: gen_fast, count: 1673464
CPU [0] UID 1002 comm: gen_fast, count: 1673573
CPU [0] UID 1002 comm: gen_fast, count: 1673664
CPU [0] UID 1002 comm: gen_fast, count: 1673764
CPU [0] UID 1002 comm: gen_fast, count: 1673987
CPU [0] UID 1002 comm: gen_fast, count: 1673987
CPU [0] UID 1002 comm: gen_fast, count: 1674201
CPU [0] UID 1002 comm: gen_fast, count: 1674201
CPU [0] UID 1002 comm: gen_fast, count: 1674270
CPU [0] UID 1002 comm: gen_fast, count: 1674364
CPU [0] UID 1002 comm: gen_fast, count: 1674464
CPU [0] UID 1002 comm: gen_fast, count: 1674564
CPU [0] UID 1002 comm: gen_fast, count: 1674767
CPU [0] UID 1002 comm: gen_fast, count: 1674767
CPU [0] UID 1002 comm: gen_fast, count: 1674864
CPU [0] UID 1002 comm: gen_fast, count: 1675104
CPU [0] UID 1002 comm: gen_fast, count: 1675104
CPU [0] UID 1002 comm: gen_fast, count: 1675164
CPU [0] UID 1002 comm: gen_fast, count: 1675289
CPU [0] UID 1002 comm: gen_fast, count: 1675437
CPU [0] UID 1002 comm: gen_fast, count: 1675464
CPU [0] UID 1002 comm: gen_fast, count: 1675624
CPU [0] UID 1002 comm: gen_fast, count: 1675664
CPU [0] UID 1002 comm: gen_fast, count: 1675807
CPU [0] UID 1002 comm: gen_fast, count: 1675864
CPU [0] UID 1002 comm: gen_fast, count: 1675967
CPU [0] UID 1002 comm: gen_fast, count: 1676072
CPU [0] UID 1002 comm: gen_fast, count: 1676164
CPU [0] UID 1002 comm: gen_fast, count: 1676297
CPU [0] UID 1002 comm: gen_fast, count: 1676381
CPU [0] UID 1002 comm: gen_fast, count: 1676562
CPU [0] UID 1002 comm: gen_fast, count: 1676564
CPU [0] UID 1002 comm: gen_fast, count: 1676708
CPU [0] UID 1002 comm: gen_fast, count: 1676764
CPU [0] UID 1002 comm: gen_fast, count: 1676883
CPU [0] UID 1002 comm: gen_fast, count: 1677058
CPU [0] UID 1002 comm: gen_fast, count: 1677064
CPU [0] UID 1002 comm: gen_fast, count: 1677203
CPU [0] UID 1002 comm: gen_fast, count: 1677272
CPU [0] UID 1002 comm: gen_fast, count: 1677364
CPU [0] UID 1002 comm: gen_fast, count: 1677464
CPU [0] UID 1002 comm: gen_fast, count: 1677602
CPU [0] UID 1002 comm: gen_fast, count: 1677781
CPU [0] UID 1002 comm: gen_fast, count: 1677781
CPU [0] UID 1002 comm: gen_fast, count: 1677904
CPU [0] UID 1002 comm: gen_fast, count: 1678092
CPU [0] UID 1002 comm: gen_fast, count: 1678092
CPU [0] UID 1002 comm: gen_fast, count: 1678278
CPU [0] UID 1002 comm: gen_fast, count: 1678278
CPU [0] UID 1002 comm: gen_fast, count: 1678364
CPU [0] UID 1002 comm: gen_fast, count: 1678527
CPU [0] UID 1002 comm: gen_fast, count: 1678564
CPU [0] UID 1002 comm: gen_fast, count: 1678773
CPU [0] UID 1002 comm: gen_fast, count: 1678773
CPU [0] UID 1002 comm: gen_fast, count: 1678887
CPU [0] UID 1002 comm: gen_fast, count: 1678964
CPU [0] UID 1002 comm: gen_fast, count: 1679064
CPU [0] UID 1002 comm: gen_fast, count: 1679237
CPU [0] UID 1002 comm: gen_fast, count: 1679264
CPU [0] UID 1002 comm: gen_fast, count: 1679498
CPU [0] UID 1002 comm: gen_fast, count: 1679498
CPU [0] UID 1002 comm: gen_fast, count: 1679564
CPU [0] UID 1002 comm: gen_fast, count: 1679744
CPU [0] UID 1002 comm: gen_fast, count: 1679764
CPU [0] UID 1002 comm: gen_fast, count: 1679870
CPU [0] UID 1002 comm: gen_fast, count: 1679973
CPU [0] UID 1002 comm: gen_fast, count: 1680064
CPU [0] UID 1002 comm: gen_fast, count: 1680165
CPU [0] UID 1002 comm: gen_fast, count: 1680264
CPU [0] UID 1002 comm: gen_fast, count: 1680375
CPU [0] UID 1002 comm: gen_fast, count: 1680490
CPU [0] UID 1002 comm: gen_fast, count: 1680564
CPU [0] UID 1002 comm: gen_fast, count: 1680772
CPU [0] UID 1002 comm: gen_fast, count: 1680772
CPU [0] UID 1002 comm: gen_fast, count: 1680864
CPU [0] UID 1002 comm: gen_fast, count: 1680964
CPU [0] UID 1002 comm: gen_fast, count: 1681064
CPU [0] UID 1002 comm: gen_fast, count: 1681194
CPU [0] UID 1002 comm: gen_fast, count: 1681282
CPU [0] UID 1002 comm: gen_fast, count: 1681489
CPU [0] UID 1002 comm: gen_fast, count: 1681489
CPU [0] UID 1002 comm: gen_fast, count: 1681564
CPU [0] UID 1002 comm: gen_fast, count: 1681687
CPU [0] UID 1002 comm: gen_fast, count: 1681871
CPU [0] UID 1002 comm: gen_fast, count: 1681871
CPU [0] UID 1002 comm: gen_fast, count: 1682004
CPU [0] UID 1002 comm: gen_fast, count: 1682197
CPU [0] UID 1002 comm: gen_fast, count: 1682197
CPU [0] UID 1002 comm: gen_fast, count: 1682264
CPU [0] UID 1002 comm: gen_fast, count: 1682367
CPU [0] UID 1002 comm: gen_fast, count: 1682464
CPU [0] UID 1002 comm: gen_fast, count: 1682649
CPU [0] UID 1002 comm: gen_fast, count: 1682664
CPU [0] UID 1002 comm: gen_fast, count: 1682835
CPU [0] UID 1002 comm: gen_fast, count: 1682864
CPU [0] UID 1002 comm: gen_fast, count: 1683001
CPU [0] UID 1002 comm: gen_fast, count: 1683139
CPU [0] UID 1002 comm: gen_fast, count: 1683164
CPU [0] UID 1002 comm: gen_fast, count: 1683290
CPU [0] UID 1002 comm: gen_fast, count: 1683364
CPU [0] UID 1002 comm: gen_fast, count: 1683471
CPU [0] UID 1002 comm: gen_fast, count: 1683628
CPU [0] UID 1002 comm: gen_fast, count: 1683681
CPU [0] UID 1002 comm: gen_fast, count: 1683764
CPU [0] UID 1002 comm: gen_fast, count: 1683977
CPU [0] UID 1002 comm: gen_fast, count: 1683977
CPU [0] UID 1002 comm: gen_fast, count: 1684064
CPU [0] UID 1002 comm: gen_fast, count: 1684217
CPU [0] UID 1002 comm: gen_fast, count: 1684264
CPU [0] UID 1002 comm: gen_fast, count: 1684481
CPU [0] UID 1002 comm: gen_fast, count: 1684481
CPU [0] UID 1002 comm: gen_fast, count: 1684564
CPU [0] UID 1002 comm: gen_fast, count: 1684664
CPU [0] UID 1002 comm: gen_fast, count: 1684778
CPU [0] UID 1002 comm: gen_fast, count: 1684864
CPU [0] UID 1002 comm: gen_fast, count: 1684986
CPU [0] UID 1002 comm: gen_fast, count: 1685070
CPU [0] UID 1002 comm: gen_fast, count: 1685164
CPU [0] UID 1002 comm: gen_fast, count: 1685306
CPU [0] UID 1002 comm: gen_fast, count: 1685381
CPU [0] UID 1002 comm: gen_fast, count: 1685464
CPU [0] UID 1002 comm: gen_fast, count: 1685648
CPU [0] UID 1002 comm: gen_fast, count: 1685664
CPU [0] UID 1002 comm: gen_fast, count: 1685800
CPU [0] UID 1002 comm: gen_fast, count: 1685864
CPU [0] UID 1002 comm: gen_fast, count: 1685964
CPU [0] UID 1002 comm: gen_fast, count: 1686064
CPU [0] UID 1002 comm: gen_fast, count: 1686194
CPU [0] UID 1002 comm: gen_fast, count: 1686264
CPU [0] UID 1002 comm: gen_fast, count: 1686364
CPU [0] UID 1002 comm: gen_fast, count: 1686504
CPU [0] UID 1002 comm: gen_fast, count: 1686564
CPU [0] UID 1002 comm: gen_fast, count: 1686717
CPU [0] UID 1002 comm: gen_fast, count: 1686764
CPU [0] UID 1002 comm: gen_fast, count: 1686864
CPU [0] UID 1002 comm: gen_fast, count: 1687027
CPU [0] UID 1002 comm: gen_fast, count: 1687064
CPU [0] UID 1002 comm: gen_fast, count: 1687164
CPU [0] UID 1002 comm: gen_fast, count: 1687264
CPU [0] UID 1002 comm: gen_fast, count: 1687373
CPU [0] UID 1002 comm: gen_fast, count: 1687464
CPU [0] UID 1002 comm: gen_fast, count: 1687661
CPU [0] UID 1002 comm: gen_fast, count: 1687664
CPU [0] UID 1002 comm: gen_fast, count: 1687796
CPU [0] UID 1002 comm: gen_fast, count: 1687985
CPU [0] UID 1002 comm: gen_fast, count: 1687985
CPU [0] UID 1002 comm: gen_fast, count: 1688064
CPU [0] UID 1002 comm: gen_fast, count: 1688231
CPU [0] UID 1002 comm: gen_fast, count: 1688264
CPU [0] UID 1002 comm: gen_fast, count: 1688373
CPU [0] UID 1002 comm: gen_fast, count: 1688464
CPU [0] UID 1002 comm: gen_fast, count: 1688564
CPU [0] UID 1002 comm: gen_fast, count: 1688705
CPU [0] UID 1002 comm: gen_fast, count: 1688775
CPU [0] UID 1002 comm: gen_fast, count: 1688864
CPU [0] UID 1002 comm: gen_fast, count: 1689012
CPU [0] UID 1002 comm: gen_fast, count: 1689064
CPU [0] UID 1002 comm: gen_fast, count: 1689210
CPU [0] UID 1002 comm: gen_fast, count: 1689293
CPU [0] UID 1002 comm: gen_fast, count: 1689380
CPU [0] UID 1002 comm: gen_fast, count: 1689465
CPU [0] UID 1002 comm: gen_fast, count: 1689564
CPU [0] UID 1002 comm: gen_fast, count: 1689727
CPU [0] UID 1002 comm: gen_fast, count: 1689764
CPU [0] UID 1002 comm: gen_fast, count: 1689906
CPU [0] UID 1002 comm: gen_fast, count: 1690094
CPU [0] UID 1002 comm: gen_fast, count: 1690094
CPU [0] UID 1002 comm: gen_fast, count: 1690164
CPU [0] UID 1002 comm: gen_fast, count: 1690297
CPU [0] UID 1002 comm: gen_fast, count: 1690377
CPU [0] UID 1002 comm: gen_fast, count: 1690472
CPU [0] UID 1002 comm: gen_fast, count: 1690608
CPU [0] UID 1002 comm: gen_fast, count: 1690667
CPU [0] UID 1002 comm: gen_fast, count: 1690764
CPU [0] UID 1002 comm: gen_fast, count: 1690941
CPU [0] UID 1002 comm: gen_fast, count: 1690964
CPU [0] UID 1002 comm: gen_fast, count: 1691097
CPU [0] UID 1002 comm: gen_fast, count: 1691245
CPU [0] UID 1002 comm: gen_fast, count: 1691264
CPU [0] UID 1002 comm: gen_fast, count: 1691403
CPU [0] UID 1002 comm: gen_fast, count: 1691464
CPU [0] UID 1002 comm: gen_fast, count: 1691564
CPU [0] UID 1002 comm: gen_fast, count: 1691781
CPU [0] UID 1002 comm: gen_fast, count: 1691781
CPU [0] UID 1002 comm: gen_fast, count: 1691937
CPU [0] UID 1002 comm: gen_fast, count: 1691964
CPU [0] UID 1002 comm: gen_fast, count: 1692203
CPU [0] UID 1002 comm: gen_fast, count: 1692203
CPU [0] UID 1002 comm: gen_fast, count: 1692264
CPU [0] UID 1002 comm: gen_fast, count: 1692470
CPU [0] UID 1002 comm: gen_fast, count: 1692470
CPU [0] UID 1002 comm: gen_fast, count: 1692607
CPU [0] UID 1002 comm: gen_fast, count: 1692670
CPU [0] UID 1002 comm: gen_fast, count: 1692783
CPU [0] UID 1002 comm: gen_fast, count: 1692910
CPU [0] UID 1002 comm: gen_fast, count: 1692964
CPU [0] UID 1002 comm: gen_fast, count: 1693111
CPU [0] UID 1002 comm: gen_fast, count: 1693164
CPU [0] UID 1002 comm: gen_fast, count: 1693376
CPU [0] UID 1002 comm: gen_fast, count: 1693376
CPU [0] UID 1002 comm: gen_fast, count: 1693464
CPU [0] UID 1002 comm: gen_fast, count: 1693635
CPU [0] UID 1002 comm: gen_fast, count: 1693664
CPU [0] UID 1002 comm: gen_fast, count: 1693820
CPU [0] UID 1002 comm: gen_fast, count: 1693864
CPU [0] UID 1002 comm: gen_fast, count: 1694085
CPU [0] UID 1002 comm: gen_fast, count: 1694085
CPU [0] UID 1002 comm: gen_fast, count: 1694164
CPU [0] UID 1002 comm: gen_fast, count: 1694266
CPU [0] UID 1002 comm: gen_fast, count: 1694386
CPU [0] UID 1002 comm: gen_fast, count: 1694464
CPU [0] UID 1002 comm: gen_fast, count: 1694564
CPU [0] UID 1002 comm: gen_fast, count: 1694677
CPU [0] UID 1002 comm: gen_fast, count: 1694848
CPU [0] UID 1002 comm: gen_fast, count: 1694864
CPU [0] UID 1002 comm: gen_fast, count: 1695018
CPU [0] UID 1002 comm: gen_fast, count: 1695064
CPU [0] UID 1002 comm: gen_fast, count: 1695164
CPU [0] UID 1002 comm: gen_fast, count: 1695264
CPU [0] UID 1002 comm: gen_fast, count: 1695394
CPU [0] UID 1002 comm: gen_fast, count: 1695468
CPU [0] UID 1002 comm: gen_fast, count: 1695564
CPU [0] UID 1002 comm: gen_fast, count: 1695734
CPU [0] UID 1002 comm: gen_fast, count: 1695764
CPU [0] UID 1002 comm: gen_fast, count: 1695931
CPU [0] UID 1002 comm: gen_fast, count: 1695964
CPU [0] UID 1002 comm: gen_fast, count: 1696064
CPU [0] UID 1002 comm: gen_fast, count: 1696164
CPU [0] UID 1002 comm: gen_fast, count: 1696290
CPU [0] UID 1002 comm: gen_fast, count: 1696469
CPU [0] UID 1002 comm: gen_fast, count: 1696469
CPU [0] UID 1002 comm: gen_fast, count: 1696604
CPU [0] UID 1002 comm: gen_fast, count: 1696664
CPU [0] UID 1002 comm: gen_fast, count: 1696764
CPU [0] UID 1002 comm: gen_fast, count: 1696895
CPU [0] UID 1002 comm: gen_fast, count: 1697072
CPU [0] UID 1002 comm: gen_fast, count: 1697072
CPU [0] UID 1002 comm: gen_fast, count: 1697164
CPU [0] UID 1002 comm: gen_fast, count: 1697403
CPU [0] UID 1002 comm: gen_fast, count: 1697403
CPU [0] UID 1002 comm: gen_fast, count: 1697464
CPU [0] UID 1002 comm: gen_fast, count: 1697659
CPU [0] UID 1002 comm: gen_fast, count: 1697664
CPU [0] UID 1002 comm: gen_fast, count: 1697788
CPU [0] UID 1002 comm: gen_fast, count: 1697960
CPU [0] UID 1002 comm: gen_fast, count: 1697964
CPU [0] UID 1002 comm: gen_fast, count: 1698094
CPU [0] UID 1002 comm: gen_fast, count: 1698164
CPU [0] UID 1002 comm: gen_fast, count: 1698282
CPU [0] UID 1002 comm: gen_fast, count: 1698364
CPU [0] UID 1002 comm: gen_fast, count: 1698503
CPU [0] UID 1002 comm: gen_fast, count: 1698701
CPU [0] UID 1002 comm: gen_fast, count: 1698701
CPU [0] UID 1002 comm: gen_fast, count: 1698764
CPU [0] UID 1002 comm: gen_fast, count: 1698882
CPU [0] UID 1002 comm: gen_fast, count: 1698964
CPU [0] UID 1002 comm: gen_fast, count: 1699064
CPU [0] UID 1002 comm: gen_fast, count: 1699164
CPU [0] UID 1002 comm: gen_fast, count: 1699413
CPU [0] UID 1002 comm: gen_fast, count: 1699413
CPU [0] UID 1002 comm: gen_fast, count: 1699464
CPU [0] UID 1002 comm: gen_fast, count: 1699564
CPU [0] UID 1002 comm: gen_fast, count: 1699664
CPU [0] UID 1002 comm: gen_fast, count: 1699795
CPU [0] UID 1002 comm: gen_fast, count: 1699967
CPU [0] UID 1002 comm: gen_fast, count: 1699967
CPU [0] UID 1002 comm: gen_fast, count: 1700152
CPU [0] UID 1002 comm: gen_fast, count: 1700164
CPU [0] UID 1002 comm: gen_fast, count: 1700414
CPU [0] UID 1002 comm: gen_fast, count: 1700414
CPU [0] UID 1002 comm: gen_fast, count: 1700464
CPU [0] UID 1002 comm: gen_fast, count: 1700682
CPU [0] UID 1002 comm: gen_fast, count: 1700682
CPU [0] UID 1002 comm: gen_fast, count: 1700764
CPU [0] UID 1002 comm: gen_fast, count: 1700916
CPU [0] UID 1002 comm: gen_fast, count: 1700964
CPU [0] UID 1002 comm: gen_fast, count: 1701064
CPU [0] UID 1002 comm: gen_fast, count: 1701244
CPU [0] UID 1002 comm: gen_fast, count: 1701264
CPU [0] UID 1002 comm: gen_fast, count: 1701364
CPU [0] UID 1002 comm: gen_fast, count: 1701464
CPU [0] UID 1002 comm: gen_fast, count: 1701609
CPU [0] UID 1002 comm: gen_fast, count: 1701774
CPU [0] UID 1002 comm: gen_fast, count: 1701774
CPU [0] UID 1002 comm: gen_fast, count: 1701935
CPU [0] UID 1002 comm: gen_fast, count: 1701964
CPU [0] UID 1002 comm: gen_fast, count: 1702122
CPU [0] UID 1002 comm: gen_fast, count: 1702164
CPU [0] UID 1002 comm: gen_fast, count: 1702297
CPU [0] UID 1002 comm: gen_fast, count: 1702364
CPU [0] UID 1002 comm: gen_fast, count: 1702464
CPU [0] UID 1002 comm: gen_fast, count: 1702570
CPU [0] UID 1002 comm: gen_fast, count: 1702705
CPU [0] UID 1002 comm: gen_fast, count: 1702787
CPU [0] UID 1002 comm: gen_fast, count: 1702960
CPU [0] UID 1002 comm: gen_fast, count: 1702964
CPU [0] UID 1002 comm: gen_fast, count: 1703092
CPU [0] UID 1002 comm: gen_fast, count: 1703245
CPU [0] UID 1002 comm: gen_fast, count: 1703264
CPU [0] UID 1002 comm: gen_fast, count: 1703372
CPU [0] UID 1002 comm: gen_fast, count: 1703464
CPU [0] UID 1002 comm: gen_fast, count: 1703608
CPU [0] UID 1002 comm: gen_fast, count: 1703695
CPU [0] UID 1002 comm: gen_fast, count: 1703764
CPU [0] UID 1002 comm: gen_fast, count: 1703864
CPU [0] UID 1002 comm: gen_fast, count: 1703969
CPU [0] UID 1002 comm: gen_fast, count: 1704064
CPU [0] UID 1002 comm: gen_fast, count: 1704180
CPU [0] UID 1002 comm: gen_fast, count: 1704355
CPU [0] UID 1002 comm: gen_fast, count: 1704364
CPU [0] UID 1002 comm: gen_fast, count: 1704488
CPU [0] UID 1002 comm: gen_fast, count: 1704564
CPU [0] UID 1002 comm: gen_fast, count: 1704664
CPU [0] UID 1002 comm: gen_fast, count: 1704810
CPU [0] UID 1002 comm: gen_fast, count: 1704864
CPU [0] UID 1002 comm: gen_fast, count: 1704964
CPU [0] UID 1002 comm: gen_fast, count: 1705064
CPU [0] UID 1002 comm: gen_fast, count: 1705201
CPU [0] UID 1002 comm: gen_fast, count: 1705264
CPU [0] UID 1002 comm: gen_fast, count: 1705465
CPU [0] UID 1002 comm: gen_fast, count: 1705465
CPU [0] UID 1002 comm: gen_fast, count: 1705564
CPU [0] UID 1002 comm: gen_fast, count: 1705690
CPU [0] UID 1002 comm: gen_fast, count: 1705856
CPU [0] UID 1002 comm: gen_fast, count: 1705864
CPU [0] UID 1002 comm: gen_fast, count: 1705995
CPU [0] UID 1002 comm: gen_fast, count: 1706064
CPU [0] UID 1002 comm: gen_fast, count: 1706261
CPU [0] UID 1002 comm: gen_fast, count: 1706264
CPU [0] UID 1002 comm: gen_fast, count: 1706364
CPU [0] UID 1002 comm: gen_fast, count: 1706464
CPU [0] UID 1002 comm: gen_fast, count: 1706564
CPU [0] UID 1002 comm: gen_fast, count: 1706664
CPU [0] UID 1002 comm: gen_fast, count: 1706789
CPU [0] UID 1002 comm: gen_fast, count: 1706864
CPU [0] UID 1002 comm: gen_fast, count: 1706964
CPU [0] UID 1002 comm: gen_fast, count: 1707092
CPU [0] UID 1002 comm: gen_fast, count: 1707293
CPU [0] UID 1002 comm: gen_fast, count: 1707293
CPU [0] UID 1002 comm: gen_fast, count: 1707364
CPU [0] UID 1002 comm: gen_fast, count: 1707464
CPU [0] UID 1002 comm: gen_fast, count: 1707596
CPU [0] UID 1002 comm: gen_fast, count: 1707793
CPU [0] UID 1002 comm: gen_fast, count: 1707793
CPU [0] UID 1002 comm: gen_fast, count: 1707864
CPU [0] UID 1002 comm: gen_fast, count: 1708073
CPU [0] UID 1002 comm: gen_fast, count: 1708073
CPU [0] UID 1002 comm: gen_fast, count: 1708227
CPU [0] UID 1002 comm: gen_fast, count: 1708264
CPU [0] UID 1002 comm: gen_fast, count: 1708475
CPU [0] UID 1002 comm: gen_fast, count: 1708475
CPU [0] UID 1002 comm: gen_fast, count: 1708564
CPU [0] UID 1002 comm: gen_fast, count: 1708717
CPU [0] UID 1002 comm: gen_fast, count: 1708764
CPU [0] UID 1002 comm: gen_fast, count: 1708864
CPU [0] UID 1002 comm: gen_fast, count: 1708964
CPU [0] UID 1002 comm: gen_fast, count: 1709064
CPU [0] UID 1002 comm: gen_fast, count: 1709203
CPU [0] UID 1002 comm: gen_fast, count: 1709264
CPU [0] UID 1002 comm: gen_fast, count: 1709364
CPU [0] UID 1002 comm: gen_fast, count: 1709464
CPU [0] UID 1002 comm: gen_fast, count: 1709592
CPU [0] UID 1002 comm: gen_fast, count: 1709664
CPU [0] UID 1002 comm: gen_fast, count: 1709846
CPU [0] UID 1002 comm: gen_fast, count: 1709864
CPU [0] UID 1002 comm: gen_fast, count: 1710078
CPU [0] UID 1002 comm: gen_fast, count: 1710078
CPU [0] UID 1002 comm: gen_fast, count: 1710164
CPU [0] UID 1002 comm: gen_fast, count: 1710305
CPU [0] UID 1002 comm: gen_fast, count: 1710364
CPU [0] UID 1002 comm: gen_fast, count: 1710464
CPU [0] UID 1002 comm: gen_fast, count: 1710564
CPU [0] UID 1002 comm: gen_fast, count: 1710673
CPU [0] UID 1002 comm: gen_fast, count: 1710764
CPU [0] UID 1002 comm: gen_fast, count: 1710906
CPU [0] UID 1002 comm: gen_fast, count: 1710966
CPU [0] UID 1002 comm: gen_fast, count: 1711175
CPU [0] UID 1002 comm: gen_fast, count: 1711175
CPU [0] UID 1002 comm: gen_fast, count: 1711264
CPU [0] UID 1002 comm: gen_fast, count: 1711370
CPU [0] UID 1002 comm: gen_fast, count: 1711464
CPU [0] UID 1002 comm: gen_fast, count: 1711611
CPU [0] UID 1002 comm: gen_fast, count: 1711664
CPU [0] UID 1002 comm: gen_fast, count: 1711832
CPU [0] UID 1002 comm: gen_fast, count: 1711864
CPU [0] UID 1002 comm: gen_fast, count: 1712008
CPU [0] UID 1002 comm: gen_fast, count: 1712064
CPU [0] UID 1002 comm: gen_fast, count: 1712188
CPU [0] UID 1002 comm: gen_fast, count: 1712264
CPU [0] UID 1002 comm: gen_fast, count: 1712457
CPU [0] UID 1002 comm: gen_fast, count: 1712464
CPU [0] UID 1002 comm: gen_fast, count: 1712564
CPU [0] UID 1002 comm: gen_fast, count: 1712702
CPU [0] UID 1002 comm: gen_fast, count: 1712891
CPU [0] UID 1002 comm: gen_fast, count: 1712891
CPU [0] UID 1002 comm: gen_fast, count: 1712964
CPU [0] UID 1002 comm: gen_fast, count: 1713073
CPU [0] UID 1002 comm: gen_fast, count: 1713164
CPU [0] UID 1002 comm: gen_fast, count: 1713264
CPU [0] UID 1002 comm: gen_fast, count: 1713364
CPU [0] UID 1002 comm: gen_fast, count: 1713497
CPU [0] UID 1002 comm: gen_fast, count: 1713564
CPU [0] UID 1002 comm: gen_fast, count: 1713664
CPU [0] UID 1002 comm: gen_fast, count: 1713764
CPU [0] UID 1002 comm: gen_fast, count: 1713876
CPU [0] UID 1002 comm: gen_fast, count: 1713964
CPU [0] UID 1002 comm: gen_fast, count: 1714132
CPU [0] UID 1002 comm: gen_fast, count: 1714164
CPU [0] UID 1002 comm: gen_fast, count: 1714264
CPU [0] UID 1002 comm: gen_fast, count: 1714364
CPU [0] UID 1002 comm: gen_fast, count: 1714505
CPU [0] UID 1002 comm: gen_fast, count: 1714697
CPU [0] UID 1002 comm: gen_fast, count: 1714697
CPU [0] UID 1002 comm: gen_fast, count: 1714764
CPU [0] UID 1002 comm: gen_fast, count: 1714864
CPU [0] UID 1002 comm: gen_fast, count: 1715006
CPU [0] UID 1002 comm: gen_fast, count: 1715210
CPU [0] UID 1002 comm: gen_fast, count: 1715210
CPU [0] UID 1002 comm: gen_fast, count: 1715404
CPU [0] UID 1002 comm: gen_fast, count: 1715404
CPU [0] UID 1002 comm: gen_fast, count: 1715464
CPU [0] UID 1002 comm: gen_fast, count: 1715564
CPU [0] UID 1002 comm: gen_fast, count: 1715664
CPU [0] UID 1002 comm: gen_fast, count: 1715863
CPU [0] UID 1002 comm: gen_fast, count: 1715864
CPU [0] UID 1002 comm: gen_fast, count: 1715964
CPU [0] UID 1002 comm: gen_fast, count: 1716100
CPU [0] UID 1002 comm: gen_fast, count: 1716164
CPU [0] UID 1002 comm: gen_fast, count: 1716264
CPU [0] UID 1002 comm: gen_fast, count: 1716364
CPU [0] UID 1002 comm: gen_fast, count: 1716464
CPU [0] UID 1002 comm: gen_fast, count: 1716576
CPU [0] UID 1002 comm: gen_fast, count: 1716664
CPU [0] UID 1002 comm: gen_fast, count: 1716838
CPU [0] UID 1002 comm: gen_fast, count: 1716864
CPU [0] UID 1002 comm: gen_fast, count: 1716978
CPU [0] UID 1002 comm: gen_fast, count: 1717064
CPU [0] UID 1002 comm: gen_fast, count: 1717164
CPU [0] UID 1002 comm: gen_fast, count: 1717269
CPU [0] UID 1002 comm: gen_fast, count: 1717364
CPU [0] UID 1002 comm: gen_fast, count: 1717495
CPU [0] UID 1002 comm: gen_fast, count: 1717685
CPU [0] UID 1002 comm: gen_fast, count: 1717685
CPU [0] UID 1002 comm: gen_fast, count: 1717764
CPU [0] UID 1002 comm: gen_fast, count: 1717900
CPU [0] UID 1002 comm: gen_fast, count: 1718055
CPU [0] UID 1002 comm: gen_fast, count: 1718064
CPU [0] UID 1002 comm: gen_fast, count: 1718212
CPU [0] UID 1002 comm: gen_fast, count: 1718264
CPU [0] UID 1002 comm: gen_fast, count: 1718409
CPU [0] UID 1002 comm: gen_fast, count: 1718464
CPU [0] UID 1002 comm: gen_fast, count: 1718654
CPU [0] UID 1002 comm: gen_fast, count: 1718664
CPU [0] UID 1002 comm: gen_fast, count: 1718836
CPU [0] UID 1002 comm: gen_fast, count: 1718864
CPU [0] UID 1002 comm: gen_fast, count: 1719067
CPU [0] UID 1002 comm: gen_fast, count: 1719067
CPU [0] UID 1002 comm: gen_fast, count: 1719164
CPU [0] UID 1002 comm: gen_fast, count: 1719264
CPU [0] UID 1002 comm: gen_fast, count: 1719364
CPU [0] UID 1002 comm: gen_fast, count: 1719477
CPU [0] UID 1002 comm: gen_fast, count: 1719564
CPU [0] UID 1002 comm: gen_fast, count: 1719664
CPU [0] UID 1002 comm: gen_fast, count: 1719814
CPU [0] UID 1002 comm: gen_fast, count: 1719864
CPU [0] UID 1002 comm: gen_fast, count: 1720057
CPU [0] UID 1002 comm: gen_fast, count: 1720064
CPU [0] UID 1002 comm: gen_fast, count: 1720164
CPU [0] UID 1002 comm: gen_fast, count: 1720305
CPU [0] UID 1002 comm: gen_fast, count: 1720364
CPU [0] UID 1002 comm: gen_fast, count: 1720475
CPU [0] UID 1002 comm: gen_fast, count: 1720594
CPU [0] UID 1002 comm: gen_fast, count: 1720682
CPU [0] UID 1002 comm: gen_fast, count: 1720900
CPU [0] UID 1002 comm: gen_fast, count: 1720900
CPU [0] UID 1002 comm: gen_fast, count: 1720964
CPU [0] UID 1002 comm: gen_fast, count: 1721142
CPU [0] UID 1002 comm: gen_fast, count: 1721164
CPU [0] UID 1002 comm: gen_fast, count: 1721394
CPU [0] UID 1002 comm: gen_fast, count: 1721394
CPU [0] UID 1002 comm: gen_fast, count: 1721504
CPU [0] UID 1002 comm: gen_fast, count: 1721564
CPU [0] UID 1002 comm: gen_fast, count: 1721664
CPU [0] UID 1002 comm: gen_fast, count: 1721764
CPU [0] UID 1002 comm: gen_fast, count: 1721898
CPU [0] UID 1002 comm: gen_fast, count: 1722039
CPU [0] UID 1002 comm: gen_fast, count: 1722064
CPU [0] UID 1002 comm: gen_fast, count: 1722164
CPU [0] UID 1002 comm: gen_fast, count: 1722373
CPU [0] UID 1002 comm: gen_fast, count: 1722373
CPU [0] UID 1002 comm: gen_fast, count: 1722550
CPU [0] UID 1002 comm: gen_fast, count: 1722564
CPU [0] UID 1002 comm: gen_fast, count: 1722664
CPU [0] UID 1002 comm: gen_fast, count: 1722764
CPU [0] UID 1002 comm: gen_fast, count: 1722867
CPU [0] UID 1002 comm: gen_fast, count: 1722979
CPU [0] UID 1002 comm: gen_fast, count: 1723064
CPU [0] UID 1002 comm: gen_fast, count: 1723164
CPU [0] UID 1002 comm: gen_fast, count: 1723264
CPU [0] UID 1002 comm: gen_fast, count: 1723391
CPU [0] UID 1002 comm: gen_fast, count: 1723464
CPU [0] UID 1002 comm: gen_fast, count: 1723564
CPU [0] UID 1002 comm: gen_fast, count: 1723722
CPU [0] UID 1002 comm: gen_fast, count: 1723764
CPU [0] UID 1002 comm: gen_fast, count: 1723996
CPU [0] UID 1002 comm: gen_fast, count: 1723996
CPU [0] UID 1002 comm: gen_fast, count: 1724064
CPU [0] UID 1002 comm: gen_fast, count: 1724182
CPU [0] UID 1002 comm: gen_fast, count: 1724269
CPU [0] UID 1002 comm: gen_fast, count: 1724364
CPU [0] UID 1002 comm: gen_fast, count: 1724464
CPU [0] UID 1002 comm: gen_fast, count: 1724684
CPU [0] UID 1002 comm: gen_fast, count: 1724684
CPU [0] UID 1002 comm: gen_fast, count: 1724764
CPU [0] UID 1002 comm: gen_fast, count: 1724864
CPU [0] UID 1002 comm: gen_fast, count: 1725086
CPU [0] UID 1002 comm: gen_fast, count: 1725086
CPU [0] UID 1002 comm: gen_fast, count: 1725192
CPU [0] UID 1002 comm: gen_fast, count: 1725269
CPU [0] UID 1002 comm: gen_fast, count: 1725364
CPU [0] UID 1002 comm: gen_fast, count: 1725492
CPU [0] UID 1002 comm: gen_fast, count: 1725564
CPU [0] UID 1002 comm: gen_fast, count: 1725727
CPU [0] UID 1002 comm: gen_fast, count: 1725764
CPU [0] UID 1002 comm: gen_fast, count: 1725864
CPU [0] UID 1002 comm: gen_fast, count: 1726001
CPU [0] UID 1002 comm: gen_fast, count: 1726064
CPU [0] UID 1002 comm: gen_fast, count: 1726179
CPU [0] UID 1002 comm: gen_fast, count: 1726264
CPU [0] UID 1002 comm: gen_fast, count: 1726364
CPU [0] UID 1002 comm: gen_fast, count: 1726464
CPU [0] UID 1002 comm: gen_fast, count: 1726636
CPU [0] UID 1002 comm: gen_fast, count: 1726664
CPU [0] UID 1002 comm: gen_fast, count: 1726788
CPU [0] UID 1002 comm: gen_fast, count: 1726864
CPU [0] UID 1002 comm: gen_fast, count: 1726964
CPU [0] UID 1002 comm: gen_fast, count: 1727064
CPU [0] UID 1002 comm: gen_fast, count: 1727187
CPU [0] UID 1002 comm: gen_fast, count: 1727334
CPU [0] UID 1002 comm: gen_fast, count: 1727364
CPU [0] UID 1002 comm: gen_fast, count: 1727493
CPU [0] UID 1002 comm: gen_fast, count: 1727564
CPU [0] UID 1002 comm: gen_fast, count: 1727668
CPU [0] UID 1002 comm: gen_fast, count: 1727811
CPU [0] UID 1002 comm: gen_fast, count: 1727864
CPU [0] UID 1002 comm: gen_fast, count: 1728086
CPU [0] UID 1002 comm: gen_fast, count: 1728086
CPU [0] UID 1002 comm: gen_fast, count: 1728164
CPU [0] UID 1002 comm: gen_fast, count: 1728264
CPU [0] UID 1002 comm: gen_fast, count: 1728364
CPU [0] UID 1002 comm: gen_fast, count: 1728464
CPU [0] UID 1002 comm: gen_fast, count: 1728697
CPU [0] UID 1002 comm: gen_fast, count: 1728697
CPU [0] UID 1002 comm: gen_fast, count: 1728878
CPU [0] UID 1002 comm: gen_fast, count: 1728878
CPU [0] UID 1002 comm: gen_fast, count: 1728964
CPU [0] UID 1002 comm: gen_fast, count: 1729153
CPU [0] UID 1002 comm: gen_fast, count: 1729164
CPU [0] UID 1002 comm: gen_fast, count: 1729276
CPU [0] UID 1002 comm: gen_fast, count: 1729372
CPU [0] UID 1002 comm: gen_fast, count: 1729534
CPU [0] UID 1002 comm: gen_fast, count: 1729564
CPU [0] UID 1002 comm: gen_fast, count: 1729770
CPU [0] UID 1002 comm: gen_fast, count: 1729770
CPU [0] UID 1002 comm: gen_fast, count: 1729864
CPU [0] UID 1002 comm: gen_fast, count: 1730006
CPU [0] UID 1002 comm: gen_fast, count: 1730082
CPU [0] UID 1002 comm: gen_fast, count: 1730164
CPU [0] UID 1002 comm: gen_fast, count: 1730264
CPU [0] UID 1002 comm: gen_fast, count: 1730416
CPU [0] UID 1002 comm: gen_fast, count: 1730464
CPU [0] UID 1002 comm: gen_fast, count: 1730669
CPU [0] UID 1002 comm: gen_fast, count: 1730669
CPU [0] UID 1002 comm: gen_fast, count: 1730764
CPU [0] UID 1002 comm: gen_fast, count: 1730866
CPU [0] UID 1002 comm: gen_fast, count: 1730964
CPU [0] UID 1002 comm: gen_fast, count: 1731090
CPU [0] UID 1002 comm: gen_fast, count: 1731164
CPU [0] UID 1002 comm: gen_fast, count: 1731264
CPU [0] UID 1002 comm: gen_fast, count: 1731421
CPU [0] UID 1002 comm: gen_fast, count: 1731499
CPU [0] UID 1002 comm: gen_fast, count: 1731564
CPU [0] UID 1002 comm: gen_fast, count: 1731664
CPU [0] UID 1002 comm: gen_fast, count: 1731764
CPU [0] UID 1002 comm: gen_fast, count: 1731885
CPU [0] UID 1002 comm: gen_fast, count: 1731969
CPU [0] UID 1002 comm: gen_fast, count: 1732064
CPU [0] UID 1002 comm: gen_fast, count: 1732164
CPU [0] UID 1002 comm: gen_fast, count: 1732326
CPU [0] UID 1002 comm: gen_fast, count: 1732364
CPU [0] UID 1002 comm: gen_fast, count: 1732468
CPU [0] UID 1002 comm: gen_fast, count: 1732564
CPU [0] UID 1002 comm: gen_fast, count: 1732664
CPU [0] UID 1002 comm: gen_fast, count: 1732775
CPU [0] UID 1002 comm: gen_fast, count: 1732926
CPU [0] UID 1002 comm: gen_fast, count: 1732964
CPU [0] UID 1002 comm: gen_fast, count: 1733067
CPU [0] UID 1002 comm: gen_fast, count: 1733164
CPU [0] UID 1002 comm: gen_fast, count: 1733264
CPU [0] UID 1002 comm: gen_fast, count: 1733434
CPU [0] UID 1002 comm: gen_fast, count: 1733464
CPU [0] UID 1002 comm: gen_fast, count: 1733667
CPU [0] UID 1002 comm: gen_fast, count: 1733667
CPU [0] UID 1002 comm: gen_fast, count: 1733858
CPU [0] UID 1002 comm: gen_fast, count: 1733864
CPU [0] UID 1002 comm: gen_fast, count: 1733964
CPU [0] UID 1002 comm: gen_fast, count: 1734174
CPU [0] UID 1002 comm: gen_fast, count: 1734174
CPU [0] UID 1002 comm: gen_fast, count: 1734264
CPU [0] UID 1002 comm: gen_fast, count: 1734366
CPU [0] UID 1002 comm: gen_fast, count: 1734464
CPU [0] UID 1002 comm: gen_fast, count: 1734612
CPU [0] UID 1002 comm: gen_fast, count: 1734664
CPU [0] UID 1002 comm: gen_fast, count: 1734888
CPU [0] UID 1002 comm: gen_fast, count: 1734888
CPU [0] UID 1002 comm: gen_fast, count: 1734964
CPU [0] UID 1002 comm: gen_fast, count: 1735141
CPU [0] UID 1002 comm: gen_fast, count: 1735164
CPU [0] UID 1002 comm: gen_fast, count: 1735416
CPU [0] UID 1002 comm: gen_fast, count: 1735416
CPU [0] UID 1002 comm: gen_fast, count: 1735464
CPU [0] UID 1002 comm: gen_fast, count: 1735611
CPU [0] UID 1002 comm: gen_fast, count: 1735664
CPU [0] UID 1002 comm: gen_fast, count: 1735825
CPU [0] UID 1002 comm: gen_fast, count: 1735864
CPU [0] UID 1002 comm: gen_fast, count: 1736020
CPU [0] UID 1002 comm: gen_fast, count: 1736099
CPU [0] UID 1002 comm: gen_fast, count: 1736168
CPU [0] UID 1002 comm: gen_fast, count: 1736264
CPU [0] UID 1002 comm: gen_fast, count: 1736368
CPU [0] UID 1002 comm: gen_fast, count: 1736477
CPU [0] UID 1002 comm: gen_fast, count: 1736593
CPU [0] UID 1002 comm: gen_fast, count: 1736766
CPU [0] UID 1002 comm: gen_fast, count: 1736766
CPU [0] UID 1002 comm: gen_fast, count: 1736877
CPU [0] UID 1002 comm: gen_fast, count: 1737002
CPU [0] UID 1002 comm: gen_fast, count: 1737064
CPU [0] UID 1002 comm: gen_fast, count: 1737164
CPU [0] UID 1002 comm: gen_fast, count: 1737343
CPU [0] UID 1002 comm: gen_fast, count: 1737364
CPU [0] UID 1002 comm: gen_fast, count: 1737464
CPU [0] UID 1002 comm: gen_fast, count: 1737574
CPU [0] UID 1002 comm: gen_fast, count: 1737713
CPU [0] UID 1002 comm: gen_fast, count: 1737764
CPU [0] UID 1002 comm: gen_fast, count: 1737872
CPU [0] UID 1002 comm: gen_fast, count: 1737992
CPU [0] UID 1002 comm: gen_fast, count: 1738064
CPU [0] UID 1002 comm: gen_fast, count: 1738179
CPU [0] UID 1002 comm: gen_fast, count: 1738264
CPU [0] UID 1002 comm: gen_fast, count: 1738364
CPU [0] UID 1002 comm: gen_fast, count: 1738494
CPU [0] UID 1002 comm: gen_fast, count: 1738564
CPU [0] UID 1002 comm: gen_fast, count: 1738664
CPU [0] UID 1002 comm: gen_fast, count: 1738875
CPU [0] UID 1002 comm: gen_fast, count: 1738875
CPU [0] UID 1002 comm: gen_fast, count: 1739001
CPU [0] UID 1002 comm: gen_fast, count: 1739182
CPU [0] UID 1002 comm: gen_fast, count: 1739182
CPU [0] UID 1002 comm: gen_fast, count: 1739264
CPU [0] UID 1002 comm: gen_fast, count: 1739378
CPU [0] UID 1002 comm: gen_fast, count: 1739501
CPU [0] UID 1002 comm: gen_fast, count: 1739584
CPU [0] UID 1002 comm: gen_fast, count: 1739741
CPU [0] UID 1002 comm: gen_fast, count: 1739764
CPU [0] UID 1002 comm: gen_fast, count: 1739986
CPU [0] UID 1002 comm: gen_fast, count: 1739986
CPU [0] UID 1002 comm: gen_fast, count: 1740139
CPU [0] UID 1002 comm: gen_fast, count: 1740164
CPU [0] UID 1002 comm: gen_fast, count: 1740369
CPU [0] UID 1002 comm: gen_fast, count: 1740369
CPU [0] UID 1002 comm: gen_fast, count: 1740464
CPU [0] UID 1002 comm: gen_fast, count: 1740564
CPU [0] UID 1002 comm: gen_fast, count: 1740732
CPU [0] UID 1002 comm: gen_fast, count: 1740764
CPU [0] UID 1002 comm: gen_fast, count: 1740864
CPU [0] UID 1002 comm: gen_fast, count: 1741015
CPU [0] UID 1002 comm: gen_fast, count: 1741064
CPU [0] UID 1002 comm: gen_fast, count: 1741164
CPU [0] UID 1002 comm: gen_fast, count: 1741274
CPU [0] UID 1002 comm: gen_fast, count: 1741412
CPU [0] UID 1002 comm: gen_fast, count: 1741550
CPU [0] UID 1002 comm: gen_fast, count: 1741564
CPU [0] UID 1002 comm: gen_fast, count: 1741682
CPU [0] UID 1002 comm: gen_fast, count: 1741845
CPU [0] UID 1002 comm: gen_fast, count: 1741864
CPU [0] UID 1002 comm: gen_fast, count: 1741964
CPU [0] UID 1002 comm: gen_fast, count: 1742064
CPU [0] UID 1002 comm: gen_fast, count: 1742164
CPU [0] UID 1002 comm: gen_fast, count: 1742292
CPU [0] UID 1002 comm: gen_fast, count: 1742441
CPU [0] UID 1002 comm: gen_fast, count: 1742464
CPU [0] UID 1002 comm: gen_fast, count: 1742571
CPU [0] UID 1002 comm: gen_fast, count: 1742664
CPU [0] UID 1002 comm: gen_fast, count: 1742764
CPU [0] UID 1002 comm: gen_fast, count: 1742888
CPU [0] UID 1002 comm: gen_fast, count: 1742964
CPU [0] UID 1002 comm: gen_fast, count: 1743183
CPU [0] UID 1002 comm: gen_fast, count: 1743183
CPU [0] UID 1002 comm: gen_fast, count: 1743337
CPU [0] UID 1002 comm: gen_fast, count: 1743364
CPU [0] UID 1002 comm: gen_fast, count: 1743604
CPU [0] UID 1002 comm: gen_fast, count: 1743604
CPU [0] UID 1002 comm: gen_fast, count: 1743664
CPU [0] UID 1002 comm: gen_fast, count: 1743827
CPU [0] UID 1002 comm: gen_fast, count: 1743864
CPU [0] UID 1002 comm: gen_fast, count: 1744082
CPU [0] UID 1002 comm: gen_fast, count: 1744082
CPU [0] UID 1002 comm: gen_fast, count: 1744164
CPU [0] UID 1002 comm: gen_fast, count: 1744321
CPU [0] UID 1002 comm: gen_fast, count: 1744364
CPU [0] UID 1002 comm: gen_fast, count: 1744538
CPU [0] UID 1002 comm: gen_fast, count: 1744564
CPU [0] UID 1002 comm: gen_fast, count: 1744792
CPU [0] UID 1002 comm: gen_fast, count: 1744792
CPU [0] UID 1002 comm: gen_fast, count: 1744864
CPU [0] UID 1002 comm: gen_fast, count: 1744964
CPU [0] UID 1002 comm: gen_fast, count: 1745210
CPU [0] UID 1002 comm: gen_fast, count: 1745210
CPU [0] UID 1002 comm: gen_fast, count: 1745264
CPU [0] UID 1002 comm: gen_fast, count: 1745431
CPU [0] UID 1002 comm: gen_fast, count: 1745464
CPU [0] UID 1002 comm: gen_fast, count: 1745565
CPU [0] UID 1002 comm: gen_fast, count: 1745764
CPU [0] UID 1002 comm: gen_fast, count: 1745764
CPU [0] UID 1002 comm: gen_fast, count: 1745864
CPU [0] UID 1002 comm: gen_fast, count: 1746016
CPU [0] UID 1002 comm: gen_fast, count: 1746064
CPU [0] UID 1002 comm: gen_fast, count: 1746253
CPU [0] UID 1002 comm: gen_fast, count: 1746264
CPU [0] UID 1002 comm: gen_fast, count: 1746489
CPU [0] UID 1002 comm: gen_fast, count: 1746489
CPU [0] UID 1002 comm: gen_fast, count: 1746564
CPU [0] UID 1002 comm: gen_fast, count: 1746664
CPU [0] UID 1002 comm: gen_fast, count: 1746843
CPU [0] UID 1002 comm: gen_fast, count: 1746864
CPU [0] UID 1002 comm: gen_fast, count: 1747072
CPU [0] UID 1002 comm: gen_fast, count: 1747072
CPU [0] UID 1002 comm: gen_fast, count: 1747211
CPU [0] UID 1002 comm: gen_fast, count: 1747281
CPU [0] UID 1002 comm: gen_fast, count: 1747496
CPU [0] UID 1002 comm: gen_fast, count: 1747496
CPU [0] UID 1002 comm: gen_fast, count: 1747564
CPU [0] UID 1002 comm: gen_fast, count: 1747670
CPU [0] UID 1002 comm: gen_fast, count: 1747799
CPU [0] UID 1002 comm: gen_fast, count: 1747882
CPU [0] UID 1002 comm: gen_fast, count: 1747964
CPU [0] UID 1002 comm: gen_fast, count: 1748064
CPU [0] UID 1002 comm: gen_fast, count: 1748319
CPU [0] UID 1002 comm: gen_fast, count: 1748319
CPU [0] UID 1002 comm: gen_fast, count: 1748364
CPU [0] UID 1002 comm: gen_fast, count: 1748591
CPU [0] UID 1002 comm: gen_fast, count: 1748591
CPU [0] UID 1002 comm: gen_fast, count: 1748664
CPU [0] UID 1002 comm: gen_fast, count: 1748791
CPU [0] UID 1002 comm: gen_fast, count: 1748864
CPU [0] UID 1002 comm: gen_fast, count: 1748981
CPU [0] UID 1002 comm: gen_fast, count: 1749064
CPU [0] UID 1002 comm: gen_fast, count: 1749164
CPU [0] UID 1002 comm: gen_fast, count: 1749264
CPU [0] UID 1002 comm: gen_fast, count: 1749375
CPU [0] UID 1002 comm: gen_fast, count: 1749464
CPU [0] UID 1002 comm: gen_fast, count: 1749564
CPU [0] UID 1002 comm: gen_fast, count: 1749740
CPU [0] UID 1002 comm: gen_fast, count: 1749862
CPU [0] UID 1002 comm: gen_fast, count: 1749864
CPU [0] UID 1002 comm: gen_fast, count: 1749964
CPU [0] UID 1002 comm: gen_fast, count: 1750064
CPU [0] UID 1002 comm: gen_fast, count: 1750182
CPU [0] UID 1002 comm: gen_fast, count: 1750317
CPU [0] UID 1002 comm: gen_fast, count: 1750364
CPU [0] UID 1002 comm: gen_fast, count: 1750505
CPU [0] UID 1002 comm: gen_fast, count: 1750696
CPU [0] UID 1002 comm: gen_fast, count: 1750696
CPU [0] UID 1002 comm: gen_fast, count: 1750764
CPU [0] UID 1002 comm: gen_fast, count: 1750864
CPU [0] UID 1002 comm: gen_fast, count: 1751082
CPU [0] UID 1002 comm: gen_fast, count: 1751082
CPU [0] UID 1002 comm: gen_fast, count: 1751164
CPU [0] UID 1002 comm: gen_fast, count: 1751344
CPU [0] UID 1002 comm: gen_fast, count: 1751364
CPU [0] UID 1002 comm: gen_fast, count: 1751464
CPU [0] UID 1002 comm: gen_fast, count: 1751594
CPU [0] UID 1002 comm: gen_fast, count: 1751664
CPU [0] UID 1002 comm: gen_fast, count: 1751764
CPU [0] UID 1002 comm: gen_fast, count: 1751889
CPU [0] UID 1002 comm: gen_fast, count: 1751992
CPU [0] UID 1002 comm: gen_fast, count: 1752199
CPU [0] UID 1002 comm: gen_fast, count: 1752199
CPU [0] UID 1002 comm: gen_fast, count: 1752264
CPU [0] UID 1002 comm: gen_fast, count: 1752380
CPU [0] UID 1002 comm: gen_fast, count: 1752464
CPU [0] UID 1002 comm: gen_fast, count: 1752564
CPU [0] UID 1002 comm: gen_fast, count: 1752746
CPU [0] UID 1002 comm: gen_fast, count: 1752764
CPU [0] UID 1002 comm: gen_fast, count: 1752886
CPU [0] UID 1002 comm: gen_fast, count: 1752976
CPU [0] UID 1002 comm: gen_fast, count: 1753189
CPU [0] UID 1002 comm: gen_fast, count: 1753189
CPU [0] UID 1002 comm: gen_fast, count: 1753264
CPU [0] UID 1002 comm: gen_fast, count: 1753364
CPU [0] UID 1002 comm: gen_fast, count: 1753511
CPU [0] UID 1002 comm: gen_fast, count: 1753564
CPU [0] UID 1002 comm: gen_fast, count: 1753686
CPU [0] UID 1002 comm: gen_fast, count: 1753872
CPU [0] UID 1002 comm: gen_fast, count: 1753872
CPU [0] UID 1002 comm: gen_fast, count: 1753964
CPU [0] UID 1002 comm: gen_fast, count: 1754064
CPU [0] UID 1002 comm: gen_fast, count: 1754190
CPU [0] UID 1002 comm: gen_fast, count: 1754264
CPU [0] UID 1002 comm: gen_fast, count: 1754404
CPU [0] UID 1002 comm: gen_fast, count: 1754485
CPU [0] UID 1002 comm: gen_fast, count: 1754564
CPU [0] UID 1002 comm: gen_fast, count: 1754773
CPU [0] UID 1002 comm: gen_fast, count: 1754773
CPU [0] UID 1002 comm: gen_fast, count: 1754864
CPU [0] UID 1002 comm: gen_fast, count: 1754984
CPU [0] UID 1002 comm: gen_fast, count: 1755068
CPU [0] UID 1002 comm: gen_fast, count: 1755164
CPU [0] UID 1002 comm: gen_fast, count: 1755264
CPU [0] UID 1002 comm: gen_fast, count: 1755503
CPU [0] UID 1002 comm: gen_fast, count: 1755503
CPU [0] UID 1002 comm: gen_fast, count: 1755564
CPU [0] UID 1002 comm: gen_fast, count: 1755755
CPU [0] UID 1002 comm: gen_fast, count: 1755764
CPU [0] UID 1002 comm: gen_fast, count: 1755903
CPU [0] UID 1002 comm: gen_fast, count: 1755967
CPU [0] UID 1002 comm: gen_fast, count: 1756064
CPU [0] UID 1002 comm: gen_fast, count: 1756221
CPU [0] UID 1002 comm: gen_fast, count: 1756264
CPU [0] UID 1002 comm: gen_fast, count: 1756382
CPU [0] UID 1002 comm: gen_fast, count: 1756464
CPU [0] UID 1002 comm: gen_fast, count: 1756564
CPU [0] UID 1002 comm: gen_fast, count: 1756733
CPU [0] UID 1002 comm: gen_fast, count: 1756764
CPU [0] UID 1002 comm: gen_fast, count: 1756906
CPU [0] UID 1002 comm: gen_fast, count: 1756964
CPU [0] UID 1002 comm: gen_fast, count: 1757064
CPU [0] UID 1002 comm: gen_fast, count: 1757164
CPU [0] UID 1002 comm: gen_fast, count: 1757274
CPU [0] UID 1002 comm: gen_fast, count: 1757487
CPU [0] UID 1002 comm: gen_fast, count: 1757487
CPU [0] UID 1002 comm: gen_fast, count: 1757564
CPU [0] UID 1002 comm: gen_fast, count: 1757664
CPU [0] UID 1002 comm: gen_fast, count: 1757844
CPU [0] UID 1002 comm: gen_fast, count: 1757864
CPU [0] UID 1002 comm: gen_fast, count: 1758117
CPU [0] UID 1002 comm: gen_fast, count: 1758117
CPU [0] UID 1002 comm: gen_fast, count: 1758164
CPU [0] UID 1002 comm: gen_fast, count: 1758357
CPU [0] UID 1002 comm: gen_fast, count: 1758364
CPU [0] UID 1002 comm: gen_fast, count: 1758495
CPU [0] UID 1002 comm: gen_fast, count: 1758570
CPU [0] UID 1002 comm: gen_fast, count: 1758743
CPU [0] UID 1002 comm: gen_fast, count: 1758764
CPU [0] UID 1002 comm: gen_fast, count: 1759020
CPU [0] UID 1002 comm: gen_fast, count: 1759020
CPU [0] UID 1002 comm: gen_fast, count: 1759064
CPU [0] UID 1002 comm: gen_fast, count: 1759219
CPU [0] UID 1002 comm: gen_fast, count: 1759264
CPU [0] UID 1002 comm: gen_fast, count: 1759491
CPU [0] UID 1002 comm: gen_fast, count: 1759491
CPU [0] UID 1002 comm: gen_fast, count: 1759564
CPU [0] UID 1002 comm: gen_fast, count: 1759763
CPU [0] UID 1002 comm: gen_fast, count: 1759764
CPU [0] UID 1002 comm: gen_fast, count: 1759864
CPU [0] UID 1002 comm: gen_fast, count: 1759972
CPU [0] UID 1002 comm: gen_fast, count: 1760187
CPU [0] UID 1002 comm: gen_fast, count: 1760187
CPU [0] UID 1002 comm: gen_fast, count: 1760264
CPU [0] UID 1002 comm: gen_fast, count: 1760394
CPU [0] UID 1002 comm: gen_fast, count: 1760611
CPU [0] UID 1002 comm: gen_fast, count: 1760611
CPU [0] UID 1002 comm: gen_fast, count: 1760664
CPU [0] UID 1002 comm: gen_fast, count: 1760875
CPU [0] UID 1002 comm: gen_fast, count: 1760875
CPU [0] UID 1002 comm: gen_fast, count: 1760964
CPU [0] UID 1002 comm: gen_fast, count: 1761103
CPU [0] UID 1002 comm: gen_fast, count: 1761305
CPU [0] UID 1002 comm: gen_fast, count: 1761305
CPU [0] UID 1002 comm: gen_fast, count: 1761364
CPU [0] UID 1002 comm: gen_fast, count: 1761559
CPU [0] UID 1002 comm: gen_fast, count: 1761564
CPU [0] UID 1002 comm: gen_fast, count: 1761664
CPU [0] UID 1002 comm: gen_fast, count: 1761785
CPU [0] UID 1002 comm: gen_fast, count: 1761864
CPU [0] UID 1002 comm: gen_fast, count: 1761964
CPU [0] UID 1002 comm: gen_fast, count: 1762103
CPU [0] UID 1002 comm: gen_fast, count: 1762300
CPU [0] UID 1002 comm: gen_fast, count: 1762300
CPU [0] UID 1002 comm: gen_fast, count: 1762364
CPU [0] UID 1002 comm: gen_fast, count: 1762464
CPU [0] UID 1002 comm: gen_fast, count: 1762564
CPU [0] UID 1002 comm: gen_fast, count: 1762664
CPU [0] UID 1002 comm: gen_fast, count: 1762839
CPU [0] UID 1002 comm: gen_fast, count: 1762864
CPU [0] UID 1002 comm: gen_fast, count: 1763084
CPU [0] UID 1002 comm: gen_fast, count: 1763084
CPU [0] UID 1002 comm: gen_fast, count: 1763271
CPU [0] UID 1002 comm: gen_fast, count: 1763271
CPU [0] UID 1002 comm: gen_fast, count: 1763513
CPU [0] UID 1002 comm: gen_fast, count: 1763513
CPU [0] UID 1002 comm: gen_fast, count: 1763564
CPU [0] UID 1002 comm: gen_fast, count: 1763710
CPU [0] UID 1002 comm: gen_fast, count: 1763764
CPU [0] UID 1002 comm: gen_fast, count: 1763940
CPU [0] UID 1002 comm: gen_fast, count: 1763964
CPU [0] UID 1002 comm: gen_fast, count: 1764064
CPU [0] UID 1002 comm: gen_fast, count: 1764171
CPU [0] UID 1002 comm: gen_fast, count: 1764264
CPU [0] UID 1002 comm: gen_fast, count: 1764364
CPU [0] UID 1002 comm: gen_fast, count: 1764513
CPU [0] UID 1002 comm: gen_fast, count: 1764564
CPU [0] UID 1002 comm: gen_fast, count: 1764687
CPU [0] UID 1002 comm: gen_fast, count: 1764764
CPU [0] UID 1002 comm: gen_fast, count: 1764864
CPU [0] UID 1002 comm: gen_fast, count: 1765007
CPU [0] UID 1002 comm: gen_fast, count: 1765064
CPU [0] UID 1002 comm: gen_fast, count: 1765164
CPU [0] UID 1002 comm: gen_fast, count: 1765264
CPU [0] UID 1002 comm: gen_fast, count: 1765364
CPU [0] UID 1002 comm: gen_fast, count: 1765508
CPU [0] UID 1002 comm: gen_fast, count: 1765564
CPU [0] UID 1002 comm: gen_fast, count: 1765709
CPU [0] UID 1002 comm: gen_fast, count: 1765764
CPU [0] UID 1002 comm: gen_fast, count: 1765985
CPU [0] UID 1002 comm: gen_fast, count: 1765985
CPU [0] UID 1002 comm: gen_fast, count: 1766173
CPU [0] UID 1002 comm: gen_fast, count: 1766173
CPU [0] UID 1002 comm: gen_fast, count: 1766320
CPU [0] UID 1002 comm: gen_fast, count: 1766364
CPU [0] UID 1002 comm: gen_fast, count: 1766482
CPU [0] UID 1002 comm: gen_fast, count: 1766575
CPU [0] UID 1002 comm: gen_fast, count: 1766664
CPU [0] UID 1002 comm: gen_fast, count: 1766764
CPU [0] UID 1002 comm: gen_fast, count: 1766864
CPU [0] UID 1002 comm: gen_fast, count: 1767006
CPU [0] UID 1002 comm: gen_fast, count: 1767210
CPU [0] UID 1002 comm: gen_fast, count: 1767210
CPU [0] UID 1002 comm: gen_fast, count: 1767264
CPU [0] UID 1002 comm: gen_fast, count: 1767403
CPU [0] UID 1002 comm: gen_fast, count: 1767464
CPU [0] UID 1002 comm: gen_fast, count: 1767564
CPU [0] UID 1002 comm: gen_fast, count: 1767664
CPU [0] UID 1002 comm: gen_fast, count: 1767909
CPU [0] UID 1002 comm: gen_fast, count: 1767909
CPU [0] UID 1002 comm: gen_fast, count: 1767964
CPU [0] UID 1002 comm: gen_fast, count: 1768099
CPU [0] UID 1002 comm: gen_fast, count: 1768164
CPU [0] UID 1002 comm: gen_fast, count: 1768264
CPU [0] UID 1002 comm: gen_fast, count: 1768506
CPU [0] UID 1002 comm: gen_fast, count: 1768506
CPU [0] UID 1002 comm: gen_fast, count: 1768564
CPU [0] UID 1002 comm: gen_fast, count: 1768664
CPU [0] UID 1002 comm: gen_fast, count: 1768764
CPU [0] UID 1002 comm: gen_fast, count: 1768996
CPU [0] UID 1002 comm: gen_fast, count: 1768996
CPU [0] UID 1002 comm: gen_fast, count: 1769064
CPU [0] UID 1002 comm: gen_fast, count: 1769262
CPU [0] UID 1002 comm: gen_fast, count: 1769264
CPU [0] UID 1002 comm: gen_fast, count: 1769364
CPU [0] UID 1002 comm: gen_fast, count: 1769485
CPU [0] UID 1002 comm: gen_fast, count: 1769564
CPU [0] UID 1002 comm: gen_fast, count: 1769733
CPU [0] UID 1002 comm: gen_fast, count: 1769764
CPU [0] UID 1002 comm: gen_fast, count: 1769943
CPU [0] UID 1002 comm: gen_fast, count: 1769964
CPU [0] UID 1002 comm: gen_fast, count: 1770210
CPU [0] UID 1002 comm: gen_fast, count: 1770210
CPU [0] UID 1002 comm: gen_fast, count: 1770264
CPU [0] UID 1002 comm: gen_fast, count: 1770364
CPU [0] UID 1002 comm: gen_fast, count: 1770464
CPU [0] UID 1002 comm: gen_fast, count: 1770598
CPU [0] UID 1002 comm: gen_fast, count: 1770664
CPU [0] UID 1002 comm: gen_fast, count: 1770791
CPU [0] UID 1002 comm: gen_fast, count: 1770864
CPU [0] UID 1002 comm: gen_fast, count: 1771028
CPU [0] UID 1002 comm: gen_fast, count: 1771064
CPU [0] UID 1002 comm: gen_fast, count: 1771174
CPU [0] UID 1002 comm: gen_fast, count: 1771265
CPU [0] UID 1002 comm: gen_fast, count: 1771364
CPU [0] UID 1002 comm: gen_fast, count: 1771464
CPU [0] UID 1002 comm: gen_fast, count: 1771601
CPU [0] UID 1002 comm: gen_fast, count: 1771817
CPU [0] UID 1002 comm: gen_fast, count: 1771817
CPU [0] UID 1002 comm: gen_fast, count: 1771864
CPU [0] UID 1002 comm: gen_fast, count: 1771964
CPU [0] UID 1002 comm: gen_fast, count: 1772206
CPU [0] UID 1002 comm: gen_fast, count: 1772206
CPU [0] UID 1002 comm: gen_fast, count: 1772264
CPU [0] UID 1002 comm: gen_fast, count: 1772474
CPU [0] UID 1002 comm: gen_fast, count: 1772474
CPU [0] UID 1002 comm: gen_fast, count: 1772564
CPU [0] UID 1002 comm: gen_fast, count: 1772683
CPU [0] UID 1002 comm: gen_fast, count: 1772871
CPU [0] UID 1002 comm: gen_fast, count: 1772871
CPU [0] UID 1002 comm: gen_fast, count: 1773040
CPU [0] UID 1002 comm: gen_fast, count: 1773064
CPU [0] UID 1002 comm: gen_fast, count: 1773164
CPU [0] UID 1002 comm: gen_fast, count: 1773306
CPU [0] UID 1002 comm: gen_fast, count: 1773512
CPU [0] UID 1002 comm: gen_fast, count: 1773512
CPU [0] UID 1002 comm: gen_fast, count: 1773564
CPU [0] UID 1002 comm: gen_fast, count: 1773782
CPU [0] UID 1002 comm: gen_fast, count: 1773782
CPU [0] UID 1002 comm: gen_fast, count: 1773864
CPU [0] UID 1002 comm: gen_fast, count: 1774045
CPU [0] UID 1002 comm: gen_fast, count: 1774064
CPU [0] UID 1002 comm: gen_fast, count: 1774164
CPU [0] UID 1002 comm: gen_fast, count: 1774307
CPU [0] UID 1002 comm: gen_fast, count: 1774364
CPU [0] UID 1002 comm: gen_fast, count: 1774585
CPU [0] UID 1002 comm: gen_fast, count: 1774585
CPU [0] UID 1002 comm: gen_fast, count: 1774664
CPU [0] UID 1002 comm: gen_fast, count: 1774764
CPU [0] UID 1002 comm: gen_fast, count: 1774939
CPU [0] UID 1002 comm: gen_fast, count: 1774964
CPU [0] UID 1002 comm: gen_fast, count: 1775215
CPU [0] UID 1002 comm: gen_fast, count: 1775215
CPU [0] UID 1002 comm: gen_fast, count: 1775264
CPU [0] UID 1002 comm: gen_fast, count: 1775364
CPU [0] UID 1002 comm: gen_fast, count: 1775464
CPU [0] UID 1002 comm: gen_fast, count: 1775647
CPU [0] UID 1002 comm: gen_fast, count: 1775664
CPU [0] UID 1002 comm: gen_fast, count: 1775764
CPU [0] UID 1002 comm: gen_fast, count: 1775894
CPU [0] UID 1002 comm: gen_fast, count: 1775964
CPU [0] UID 1002 comm: gen_fast, count: 1776097
CPU [0] UID 1002 comm: gen_fast, count: 1776183
CPU [0] UID 1002 comm: gen_fast, count: 1776400
CPU [0] UID 1002 comm: gen_fast, count: 1776400
CPU [0] UID 1002 comm: gen_fast, count: 1776464
CPU [0] UID 1002 comm: gen_fast, count: 1776664
CPU [0] UID 1002 comm: gen_fast, count: 1776664
CPU [0] UID 1002 comm: gen_fast, count: 1776854
CPU [0] UID 1002 comm: gen_fast, count: 1776864
CPU [0] UID 1002 comm: gen_fast, count: 1776999
CPU [0] UID 1002 comm: gen_fast, count: 1777064
CPU [0] UID 1002 comm: gen_fast, count: 1777199
CPU [0] UID 1002 comm: gen_fast, count: 1777264
CPU [0] UID 1002 comm: gen_fast, count: 1777364
CPU [0] UID 1002 comm: gen_fast, count: 1777464
CPU [0] UID 1002 comm: gen_fast, count: 1777636
CPU [0] UID 1002 comm: gen_fast, count: 1777664
CPU [0] UID 1002 comm: gen_fast, count: 1777764
CPU [0] UID 1002 comm: gen_fast, count: 1777884
CPU [0] UID 1002 comm: gen_fast, count: 1777964
CPU [0] UID 1002 comm: gen_fast, count: 1778064
CPU [0] UID 1002 comm: gen_fast, count: 1778246
CPU [0] UID 1002 comm: gen_fast, count: 1778264
CPU [0] UID 1002 comm: gen_fast, count: 1778445
CPU [0] UID 1002 comm: gen_fast, count: 1778464
CPU [0] UID 1002 comm: gen_fast, count: 1778564
CPU [0] UID 1002 comm: gen_fast, count: 1778708
CPU [0] UID 1002 comm: gen_fast, count: 1778764
CPU [0] UID 1002 comm: gen_fast, count: 1778984
CPU [0] UID 1002 comm: gen_fast, count: 1778984
CPU [0] UID 1002 comm: gen_fast, count: 1779064
CPU [0] UID 1002 comm: gen_fast, count: 1779197
CPU [0] UID 1002 comm: gen_fast, count: 1779408
CPU [0] UID 1002 comm: gen_fast, count: 1779408
CPU [0] UID 1002 comm: gen_fast, count: 1779464
CPU [0] UID 1002 comm: gen_fast, count: 1779659
CPU [0] UID 1002 comm: gen_fast, count: 1779664
CPU [0] UID 1002 comm: gen_fast, count: 1779764
CPU [0] UID 1002 comm: gen_fast, count: 1779864
CPU [0] UID 1002 comm: gen_fast, count: 1779966
CPU [0] UID 1002 comm: gen_fast, count: 1780064
CPU [0] UID 1002 comm: gen_fast, count: 1780164
CPU [0] UID 1002 comm: gen_fast, count: 1780301
CPU [0] UID 1002 comm: gen_fast, count: 1780364
CPU [0] UID 1002 comm: gen_fast, count: 1780464
CPU [0] UID 1002 comm: gen_fast, count: 1780594
CPU [0] UID 1002 comm: gen_fast, count: 1780664
CPU [0] UID 1002 comm: gen_fast, count: 1780789
CPU [0] UID 1002 comm: gen_fast, count: 1780987
CPU [0] UID 1002 comm: gen_fast, count: 1780987
CPU [0] UID 1002 comm: gen_fast, count: 1781188
CPU [0] UID 1002 comm: gen_fast, count: 1781188
CPU [0] UID 1002 comm: gen_fast, count: 1781264
CPU [0] UID 1002 comm: gen_fast, count: 1781447
CPU [0] UID 1002 comm: gen_fast, count: 1781464
CPU [0] UID 1002 comm: gen_fast, count: 1781712
CPU [0] UID 1002 comm: gen_fast, count: 1781712
CPU [0] UID 1002 comm: gen_fast, count: 1781764
CPU [0] UID 1002 comm: gen_fast, count: 1781864
CPU [0] UID 1002 comm: gen_fast, count: 1782005
CPU [0] UID 1002 comm: gen_fast, count: 1782064
CPU [0] UID 1002 comm: gen_fast, count: 1782201
CPU [0] UID 1002 comm: gen_fast, count: 1782395
CPU [0] UID 1002 comm: gen_fast, count: 1782395
CPU [0] UID 1002 comm: gen_fast, count: 1782464
CPU [0] UID 1002 comm: gen_fast, count: 1782648
CPU [0] UID 1002 comm: gen_fast, count: 1782664
CPU [0] UID 1002 comm: gen_fast, count: 1782764
CPU [0] UID 1002 comm: gen_fast, count: 1782919
CPU [0] UID 1002 comm: gen_fast, count: 1782964
CPU [0] UID 1002 comm: gen_fast, count: 1783064
CPU [0] UID 1002 comm: gen_fast, count: 1783164
CPU [0] UID 1002 comm: gen_fast, count: 1783293
CPU [0] UID 1002 comm: gen_fast, count: 1783373
CPU [0] UID 1002 comm: gen_fast, count: 1783464
CPU [0] UID 1002 comm: gen_fast, count: 1783564
CPU [0] UID 1002 comm: gen_fast, count: 1783753
CPU [0] UID 1002 comm: gen_fast, count: 1783764
CPU [0] UID 1002 comm: gen_fast, count: 1783864
CPU [0] UID 1002 comm: gen_fast, count: 1783996
CPU [0] UID 1002 comm: gen_fast, count: 1784064
CPU [0] UID 1002 comm: gen_fast, count: 1784164
CPU [0] UID 1002 comm: gen_fast, count: 1784292
CPU [0] UID 1002 comm: gen_fast, count: 1784507
CPU [0] UID 1002 comm: gen_fast, count: 1784507
CPU [0] UID 1002 comm: gen_fast, count: 1784564
CPU [0] UID 1002 comm: gen_fast, count: 1784664
CPU [0] UID 1002 comm: gen_fast, count: 1784764
CPU [0] UID 1002 comm: gen_fast, count: 1784889
CPU [0] UID 1002 comm: gen_fast, count: 1784964
CPU [0] UID 1002 comm: gen_fast, count: 1785084
CPU [0] UID 1002 comm: gen_fast, count: 1785164
CPU [0] UID 1002 comm: gen_fast, count: 1785264
CPU [0] UID 1002 comm: gen_fast, count: 1785454
CPU [0] UID 1002 comm: gen_fast, count: 1785464
CPU [0] UID 1002 comm: gen_fast, count: 1785564
CPU [0] UID 1002 comm: gen_fast, count: 1785724
CPU [0] UID 1002 comm: gen_fast, count: 1785764
CPU [0] UID 1002 comm: gen_fast, count: 1786002
CPU [0] UID 1002 comm: gen_fast, count: 1786002
CPU [0] UID 1002 comm: gen_fast, count: 1786064
CPU [0] UID 1002 comm: gen_fast, count: 1786267
CPU [0] UID 1002 comm: gen_fast, count: 1786267
CPU [0] UID 1002 comm: gen_fast, count: 1786364
CPU [0] UID 1002 comm: gen_fast, count: 1786505
CPU [0] UID 1002 comm: gen_fast, count: 1786676
CPU [0] UID 1002 comm: gen_fast, count: 1786676
CPU [0] UID 1002 comm: gen_fast, count: 1786764
CPU [0] UID 1002 comm: gen_fast, count: 1786866
CPU [0] UID 1002 comm: gen_fast, count: 1786964
CPU [0] UID 1002 comm: gen_fast, count: 1787175
CPU [0] UID 1002 comm: gen_fast, count: 1787175
CPU [0] UID 1002 comm: gen_fast, count: 1787279
CPU [0] UID 1002 comm: gen_fast, count: 1787364
CPU [0] UID 1002 comm: gen_fast, count: 1787493
CPU [0] UID 1002 comm: gen_fast, count: 1787564
CPU [0] UID 1002 comm: gen_fast, count: 1787664
CPU [0] UID 1002 comm: gen_fast, count: 1787777
CPU [0] UID 1002 comm: gen_fast, count: 1787981
CPU [0] UID 1002 comm: gen_fast, count: 1787981
CPU [0] UID 1002 comm: gen_fast, count: 1788064
CPU [0] UID 1002 comm: gen_fast, count: 1788260
CPU [0] UID 1002 comm: gen_fast, count: 1788264
CPU [0] UID 1002 comm: gen_fast, count: 1788364
CPU [0] UID 1002 comm: gen_fast, count: 1788464
CPU [0] UID 1002 comm: gen_fast, count: 1788595
CPU [0] UID 1002 comm: gen_fast, count: 1788677
CPU [0] UID 1002 comm: gen_fast, count: 1788794
CPU [0] UID 1002 comm: gen_fast, count: 1788864
CPU [0] UID 1002 comm: gen_fast, count: 1788971
CPU [0] UID 1002 comm: gen_fast, count: 1789129
CPU [0] UID 1002 comm: gen_fast, count: 1789164
CPU [0] UID 1002 comm: gen_fast, count: 1789283
CPU [0] UID 1002 comm: gen_fast, count: 1789364
CPU [0] UID 1002 comm: gen_fast, count: 1789464
CPU [0] UID 1002 comm: gen_fast, count: 1789564
CPU [0] UID 1002 comm: gen_fast, count: 1789746
CPU [0] UID 1002 comm: gen_fast, count: 1789764
CPU [0] UID 1002 comm: gen_fast, count: 1789864
CPU [0] UID 1002 comm: gen_fast, count: 1789969
CPU [0] UID 1002 comm: gen_fast, count: 1790067
CPU [0] UID 1002 comm: gen_fast, count: 1790164
CPU [0] UID 1002 comm: gen_fast, count: 1790264
CPU [0] UID 1002 comm: gen_fast, count: 1790364
CPU [0] UID 1002 comm: gen_fast, count: 1790478
CPU [0] UID 1002 comm: gen_fast, count: 1790642
CPU [0] UID 1002 comm: gen_fast, count: 1790664
CPU [0] UID 1002 comm: gen_fast, count: 1790848
CPU [0] UID 1002 comm: gen_fast, count: 1790864
CPU [0] UID 1002 comm: gen_fast, count: 1790964
CPU [0] UID 1002 comm: gen_fast, count: 1791105
CPU [0] UID 1002 comm: gen_fast, count: 1791164
CPU [0] UID 1002 comm: gen_fast, count: 1791264
CPU [0] UID 1002 comm: gen_fast, count: 1791364
CPU [0] UID 1002 comm: gen_fast, count: 1791469
CPU [0] UID 1002 comm: gen_fast, count: 1791564
CPU [0] UID 1002 comm: gen_fast, count: 1791664
CPU [0] UID 1002 comm: gen_fast, count: 1791764
CPU [0] UID 1002 comm: gen_fast, count: 1791961
CPU [0] UID 1002 comm: gen_fast, count: 1791964
CPU [0] UID 1002 comm: gen_fast, count: 1792107
CPU [0] UID 1002 comm: gen_fast, count: 1792189
CPU [0] UID 1002 comm: gen_fast, count: 1792273
CPU [0] UID 1002 comm: gen_fast, count: 1792423
CPU [0] UID 1002 comm: gen_fast, count: 1792464
CPU [0] UID 1002 comm: gen_fast, count: 1792621
CPU [0] UID 1002 comm: gen_fast, count: 1792664
CPU [0] UID 1002 comm: gen_fast, count: 1792834
CPU [0] UID 1002 comm: gen_fast, count: 1792864
CPU [0] UID 1002 comm: gen_fast, count: 1792964
CPU [0] UID 1002 comm: gen_fast, count: 1793072
CPU [0] UID 1002 comm: gen_fast, count: 1793209
CPU [0] UID 1002 comm: gen_fast, count: 1793264
CPU [0] UID 1002 comm: gen_fast, count: 1793372
CPU [0] UID 1002 comm: gen_fast, count: 1793464
CPU [0] UID 1002 comm: gen_fast, count: 1793578
CPU [0] UID 1002 comm: gen_fast, count: 1793664
CPU [0] UID 1002 comm: gen_fast, count: 1793807
CPU [0] UID 1002 comm: gen_fast, count: 1793876
CPU [0] UID 1002 comm: gen_fast, count: 1793982
CPU [0] UID 1002 comm: gen_fast, count: 1794093
CPU [0] UID 1002 comm: gen_fast, count: 1794331
CPU [0] UID 1002 comm: gen_fast, count: 1794331
CPU [0] UID 1002 comm: gen_fast, count: 1794364
CPU [0] UID 1002 comm: gen_fast, count: 1794464
CPU [0] UID 1002 comm: gen_fast, count: 1794614
CPU [0] UID 1002 comm: gen_fast, count: 1794664
CPU [0] UID 1002 comm: gen_fast, count: 1794764
CPU [0] UID 1002 comm: gen_fast, count: 1794940
CPU [0] UID 1002 comm: gen_fast, count: 1795024
CPU [0] UID 1002 comm: gen_fast, count: 1795064
CPU [0] UID 1002 comm: gen_fast, count: 1795164
CPU [0] UID 1002 comm: gen_fast, count: 1795264
CPU [0] UID 1002 comm: gen_fast, count: 1795405
CPU [0] UID 1002 comm: gen_fast, count: 1795561
CPU [0] UID 1002 comm: gen_fast, count: 1795564
CPU [0] UID 1002 comm: gen_fast, count: 1795680
CPU [0] UID 1002 comm: gen_fast, count: 1795789
CPU [0] UID 1002 comm: gen_fast, count: 1795919
CPU [0] UID 1002 comm: gen_fast, count: 1795964
CPU [0] UID 1002 comm: gen_fast, count: 1796064
CPU [0] UID 1002 comm: gen_fast, count: 1796164
CPU [0] UID 1002 comm: gen_fast, count: 1796280
CPU [0] UID 1002 comm: gen_fast, count: 1796364
CPU [0] UID 1002 comm: gen_fast, count: 1796564
CPU [0] UID 1002 comm: gen_fast, count: 1796564
CPU [0] UID 1002 comm: gen_fast, count: 1796664
CPU [0] UID 1002 comm: gen_fast, count: 1796779
CPU [0] UID 1002 comm: gen_fast, count: 1796983
CPU [0] UID 1002 comm: gen_fast, count: 1796983
CPU [0] UID 1002 comm: gen_fast, count: 1797064
CPU [0] UID 1002 comm: gen_fast, count: 1797236
CPU [0] UID 1002 comm: gen_fast, count: 1797264
CPU [0] UID 1002 comm: gen_fast, count: 1797490
CPU [0] UID 1002 comm: gen_fast, count: 1797490
CPU [0] UID 1002 comm: gen_fast, count: 1797564
CPU [0] UID 1002 comm: gen_fast, count: 1797719
CPU [0] UID 1002 comm: gen_fast, count: 1797764
CPU [0] UID 1002 comm: gen_fast, count: 1797927
CPU [0] UID 1002 comm: gen_fast, count: 1797964
CPU [0] UID 1002 comm: gen_fast, count: 1798065
CPU [0] UID 1002 comm: gen_fast, count: 1798168
CPU [0] UID 1002 comm: gen_fast, count: 1798348
CPU [0] UID 1002 comm: gen_fast, count: 1798364
CPU [0] UID 1002 comm: gen_fast, count: 1798464
CPU [0] UID 1002 comm: gen_fast, count: 1798599
CPU [0] UID 1002 comm: gen_fast, count: 1798664
CPU [0] UID 1002 comm: gen_fast, count: 1798861
CPU [0] UID 1002 comm: gen_fast, count: 1798864
CPU [0] UID 1002 comm: gen_fast, count: 1798989
CPU [0] UID 1002 comm: gen_fast, count: 1799067
CPU [0] UID 1002 comm: gen_fast, count: 1799263
CPU [0] UID 1002 comm: gen_fast, count: 1799264
CPU [0] UID 1002 comm: gen_fast, count: 1799373
CPU [0] UID 1002 comm: gen_fast, count: 1799464
CPU [0] UID 1002 comm: gen_fast, count: 1799564
CPU [0] UID 1002 comm: gen_fast, count: 1799752
CPU [0] UID 1002 comm: gen_fast, count: 1799764
CPU [0] UID 1002 comm: gen_fast, count: 1800011
CPU [0] UID 1002 comm: gen_fast, count: 1800011
CPU [0] UID 1002 comm: gen_fast, count: 1800064
CPU [0] UID 1002 comm: gen_fast, count: 1800203
CPU [0] UID 1002 comm: gen_fast, count: 1800264
CPU [0] UID 1002 comm: gen_fast, count: 1800364
CPU [0] UID 1002 comm: gen_fast, count: 1800503
CPU [0] UID 1002 comm: gen_fast, count: 1800578
CPU [0] UID 1002 comm: gen_fast, count: 1800664
CPU [0] UID 1002 comm: gen_fast, count: 1800764
CPU [0] UID 1002 comm: gen_fast, count: 1800864
CPU [0] UID 1002 comm: gen_fast, count: 1801043
CPU [0] UID 1002 comm: gen_fast, count: 1801064
CPU [0] UID 1002 comm: gen_fast, count: 1801298
CPU [0] UID 1002 comm: gen_fast, count: 1801298
CPU [0] UID 1002 comm: gen_fast, count: 1801364
CPU [0] UID 1002 comm: gen_fast, count: 1801464
CPU [0] UID 1002 comm: gen_fast, count: 1801564
CPU [0] UID 1002 comm: gen_fast, count: 1801716
CPU [0] UID 1002 comm: gen_fast, count: 1801764
CPU [0] UID 1002 comm: gen_fast, count: 1801946
CPU [0] UID 1002 comm: gen_fast, count: 1801964
CPU [0] UID 1002 comm: gen_fast, count: 1802082
CPU [0] UID 1002 comm: gen_fast, count: 1802164
CPU [0] UID 1002 comm: gen_fast, count: 1802285
CPU [0] UID 1002 comm: gen_fast, count: 1802488
CPU [0] UID 1002 comm: gen_fast, count: 1802488
CPU [0] UID 1002 comm: gen_fast, count: 1802564
CPU [0] UID 1002 comm: gen_fast, count: 1802664
CPU [0] UID 1002 comm: gen_fast, count: 1802832
CPU [0] UID 1002 comm: gen_fast, count: 1802864
CPU [0] UID 1002 comm: gen_fast, count: 1802964
CPU [0] UID 1002 comm: gen_fast, count: 1803080
CPU [0] UID 1002 comm: gen_fast, count: 1803165
CPU [0] UID 1002 comm: gen_fast, count: 1803264
CPU [0] UID 1002 comm: gen_fast, count: 1803364
CPU [0] UID 1002 comm: gen_fast, count: 1803482
CPU [0] UID 1002 comm: gen_fast, count: 1803691
CPU [0] UID 1002 comm: gen_fast, count: 1803691
CPU [0] UID 1002 comm: gen_fast, count: 1803764
CPU [0] UID 1002 comm: gen_fast, count: 1803864
CPU [0] UID 1002 comm: gen_fast, count: 1804023
CPU [0] UID 1002 comm: gen_fast, count: 1804064
CPU [0] UID 1002 comm: gen_fast, count: 1804224
CPU [0] UID 1002 comm: gen_fast, count: 1804264
CPU [0] UID 1002 comm: gen_fast, count: 1804445
CPU [0] UID 1002 comm: gen_fast, count: 1804464
CPU [0] UID 1002 comm: gen_fast, count: 1804683
CPU [0] UID 1002 comm: gen_fast, count: 1804683
CPU [0] UID 1002 comm: gen_fast, count: 1804764
CPU [0] UID 1002 comm: gen_fast, count: 1804929
CPU [0] UID 1002 comm: gen_fast, count: 1804964
CPU [0] UID 1002 comm: gen_fast, count: 1805151
CPU [0] UID 1002 comm: gen_fast, count: 1805164
CPU [0] UID 1002 comm: gen_fast, count: 1805334
CPU [0] UID 1002 comm: gen_fast, count: 1805364
CPU [0] UID 1002 comm: gen_fast, count: 1805485
CPU [0] UID 1002 comm: gen_fast, count: 1805666
CPU [0] UID 1002 comm: gen_fast, count: 1805666
CPU [0] UID 1002 comm: gen_fast, count: 1805794
CPU [0] UID 1002 comm: gen_fast, count: 1805871
CPU [0] UID 1002 comm: gen_fast, count: 1805981
CPU [0] UID 1002 comm: gen_fast, count: 1806160
CPU [0] UID 1002 comm: gen_fast, count: 1806164
CPU [0] UID 1002 comm: gen_fast, count: 1806295
CPU [0] UID 1002 comm: gen_fast, count: 1806469
CPU [0] UID 1002 comm: gen_fast, count: 1806469
CPU [0] UID 1002 comm: gen_fast, count: 1806564
CPU [0] UID 1002 comm: gen_fast, count: 1806682
CPU [0] UID 1002 comm: gen_fast, count: 1806847
CPU [0] UID 1002 comm: gen_fast, count: 1806864
CPU [0] UID 1002 comm: gen_fast, count: 1807014
CPU [0] UID 1002 comm: gen_fast, count: 1807181
CPU [0] UID 1002 comm: gen_fast, count: 1807181
CPU [0] UID 1002 comm: gen_fast, count: 1807264
CPU [0] UID 1002 comm: gen_fast, count: 1807364
CPU [0] UID 1002 comm: gen_fast, count: 1807464
CPU [0] UID 1002 comm: gen_fast, count: 1807609
CPU [0] UID 1002 comm: gen_fast, count: 1807664
CPU [0] UID 1002 comm: gen_fast, count: 1807838
CPU [0] UID 1002 comm: gen_fast, count: 1807864
CPU [0] UID 1002 comm: gen_fast, count: 1807964
CPU [0] UID 1002 comm: gen_fast, count: 1808075
CPU [0] UID 1002 comm: gen_fast, count: 1808230
CPU [0] UID 1002 comm: gen_fast, count: 1808264
CPU [0] UID 1002 comm: gen_fast, count: 1808429
CPU [0] UID 1002 comm: gen_fast, count: 1808464
CPU [0] UID 1002 comm: gen_fast, count: 1808564
CPU [0] UID 1002 comm: gen_fast, count: 1808664
CPU [0] UID 1002 comm: gen_fast, count: 1808815
CPU [0] UID 1002 comm: gen_fast, count: 1808864
CPU [0] UID 1002 comm: gen_fast, count: 1808964
CPU [0] UID 1002 comm: gen_fast, count: 1809064
CPU [0] UID 1002 comm: gen_fast, count: 1809227
CPU [0] UID 1002 comm: gen_fast, count: 1809264
CPU [0] UID 1002 comm: gen_fast, count: 1809364
CPU [0] UID 1002 comm: gen_fast, count: 1809496
CPU [0] UID 1002 comm: gen_fast, count: 1809564
CPU [0] UID 1002 comm: gen_fast, count: 1809666
CPU [0] UID 1002 comm: gen_fast, count: 1809801
CPU [0] UID 1002 comm: gen_fast, count: 1809995
CPU [0] UID 1002 comm: gen_fast, count: 1809995
CPU [0] UID 1002 comm: gen_fast, count: 1810178
CPU [0] UID 1002 comm: gen_fast, count: 1810178
CPU [0] UID 1002 comm: gen_fast, count: 1810271
CPU [0] UID 1002 comm: gen_fast, count: 1810364
CPU [0] UID 1002 comm: gen_fast, count: 1810466
CPU [0] UID 1002 comm: gen_fast, count: 1810612
CPU [0] UID 1002 comm: gen_fast, count: 1810756
CPU [0] UID 1002 comm: gen_fast, count: 1810764
CPU [0] UID 1002 comm: gen_fast, count: 1810864
CPU [0] UID 1002 comm: gen_fast, count: 1810964
CPU [0] UID 1002 comm: gen_fast, count: 1811073
CPU [0] UID 1002 comm: gen_fast, count: 1811189
CPU [0] UID 1002 comm: gen_fast, count: 1811336
CPU [0] UID 1002 comm: gen_fast, count: 1811386
CPU [0] UID 1002 comm: gen_fast, count: 1811541
CPU [0] UID 1002 comm: gen_fast, count: 1811564
CPU [0] UID 1002 comm: gen_fast, count: 1811716
CPU [0] UID 1002 comm: gen_fast, count: 1811764
CPU [0] UID 1002 comm: gen_fast, count: 1811866
CPU [0] UID 1002 comm: gen_fast, count: 1812015
CPU [0] UID 1002 comm: gen_fast, count: 1812070
CPU [0] UID 1002 comm: gen_fast, count: 1812217
CPU [0] UID 1002 comm: gen_fast, count: 1812264
CPU [0] UID 1002 comm: gen_fast, count: 1812396
CPU [0] UID 1002 comm: gen_fast, count: 1812464
CPU [0] UID 1002 comm: gen_fast, count: 1812564
CPU [0] UID 1002 comm: gen_fast, count: 1812688
CPU [0] UID 1002 comm: gen_fast, count: 1812764
CPU [0] UID 1002 comm: gen_fast, count: 1812864
CPU [0] UID 1002 comm: gen_fast, count: 1812964
CPU [0] UID 1002 comm: gen_fast, count: 1813091
CPU [0] UID 1002 comm: gen_fast, count: 1813164
CPU [0] UID 1002 comm: gen_fast, count: 1813268
CPU [0] UID 1002 comm: gen_fast, count: 1813416
CPU [0] UID 1002 comm: gen_fast, count: 1813545
CPU [0] UID 1002 comm: gen_fast, count: 1813564
CPU [0] UID 1002 comm: gen_fast, count: 1813667
CPU [0] UID 1002 comm: gen_fast, count: 1813862
CPU [0] UID 1002 comm: gen_fast, count: 1813864
CPU [0] UID 1002 comm: gen_fast, count: 1813964
CPU [0] UID 1002 comm: gen_fast, count: 1814077
CPU [0] UID 1002 comm: gen_fast, count: 1814181
CPU [0] UID 1002 comm: gen_fast, count: 1814264
CPU [0] UID 1002 comm: gen_fast, count: 1814364
CPU [0] UID 1002 comm: gen_fast, count: 1814531
CPU [0] UID 1002 comm: gen_fast, count: 1814564
CPU [0] UID 1002 comm: gen_fast, count: 1814664
CPU [0] UID 1002 comm: gen_fast, count: 1814764
CPU [0] UID 1002 comm: gen_fast, count: 1814918
CPU [0] UID 1002 comm: gen_fast, count: 1814964
CPU [0] UID 1002 comm: gen_fast, count: 1815184
CPU [0] UID 1002 comm: gen_fast, count: 1815184
CPU [0] UID 1002 comm: gen_fast, count: 1815264
CPU [0] UID 1002 comm: gen_fast, count: 1815387
CPU [0] UID 1002 comm: gen_fast, count: 1815474
CPU [0] UID 1002 comm: gen_fast, count: 1815564
CPU [0] UID 1002 comm: gen_fast, count: 1815664
CPU [0] UID 1002 comm: gen_fast, count: 1815764
CPU [0] UID 1002 comm: gen_fast, count: 1815914
CPU [0] UID 1002 comm: gen_fast, count: 1815964
CPU [0] UID 1002 comm: gen_fast, count: 1816083
CPU [0] UID 1002 comm: gen_fast, count: 1816182
CPU [0] UID 1002 comm: gen_fast, count: 1816322
CPU [0] UID 1002 comm: gen_fast, count: 1816364
CPU [0] UID 1002 comm: gen_fast, count: 1816464
CPU [0] UID 1002 comm: gen_fast, count: 1816564
CPU [0] UID 1002 comm: gen_fast, count: 1816694
CPU [0] UID 1002 comm: gen_fast, count: 1816792
CPU [0] UID 1002 comm: gen_fast, count: 1816864
CPU [0] UID 1002 comm: gen_fast, count: 1816990
CPU [0] UID 1002 comm: gen_fast, count: 1817122
CPU [0] UID 1002 comm: gen_fast, count: 1817258
CPU [0] UID 1002 comm: gen_fast, count: 1817264
CPU [0] UID 1002 comm: gen_fast, count: 1817364
CPU [0] UID 1002 comm: gen_fast, count: 1817521
CPU [0] UID 1002 comm: gen_fast, count: 1817564
CPU [0] UID 1002 comm: gen_fast, count: 1817737
CPU [0] UID 1002 comm: gen_fast, count: 1817764
CPU [0] UID 1002 comm: gen_fast, count: 1818005
CPU [0] UID 1002 comm: gen_fast, count: 1818005
CPU [0] UID 1002 comm: gen_fast, count: 1818064
CPU [0] UID 1002 comm: gen_fast, count: 1818259
CPU [0] UID 1002 comm: gen_fast, count: 1818264
CPU [0] UID 1002 comm: gen_fast, count: 1818366
CPU [0] UID 1002 comm: gen_fast, count: 1818476
CPU [0] UID 1002 comm: gen_fast, count: 1818606
CPU [0] UID 1002 comm: gen_fast, count: 1818664
CPU [0] UID 1002 comm: gen_fast, count: 1818764
CPU [0] UID 1002 comm: gen_fast, count: 1818864
CPU [0] UID 1002 comm: gen_fast, count: 1818964
CPU [0] UID 1002 comm: gen_fast, count: 1819074
CPU [0] UID 1002 comm: gen_fast, count: 1819180
CPU [0] UID 1002 comm: gen_fast, count: 1819264
CPU [0] UID 1002 comm: gen_fast, count: 1819364
CPU [0] UID 1002 comm: gen_fast, count: 1819531
CPU [0] UID 1002 comm: gen_fast, count: 1819564
CPU [0] UID 1002 comm: gen_fast, count: 1819664
CPU [0] UID 1002 comm: gen_fast, count: 1819801
CPU [0] UID 1002 comm: gen_fast, count: 1819874
CPU [0] UID 1002 comm: gen_fast, count: 1820048
CPU [0] UID 1002 comm: gen_fast, count: 1820064
CPU [0] UID 1002 comm: gen_fast, count: 1820192
CPU [0] UID 1002 comm: gen_fast, count: 1820367
CPU [0] UID 1002 comm: gen_fast, count: 1820367
CPU [0] UID 1002 comm: gen_fast, count: 1820464
CPU [0] UID 1002 comm: gen_fast, count: 1820595
CPU [0] UID 1002 comm: gen_fast, count: 1820762
CPU [0] UID 1002 comm: gen_fast, count: 1820764
CPU [0] UID 1002 comm: gen_fast, count: 1820912
CPU [0] UID 1002 comm: gen_fast, count: 1821052
CPU [0] UID 1002 comm: gen_fast, count: 1821064
CPU [0] UID 1002 comm: gen_fast, count: 1821164
CPU [0] UID 1002 comm: gen_fast, count: 1821264
CPU [0] UID 1002 comm: gen_fast, count: 1821364
CPU [0] UID 1002 comm: gen_fast, count: 1821464
CPU [0] UID 1002 comm: gen_fast, count: 1821573
CPU [0] UID 1002 comm: gen_fast, count: 1821704
CPU [0] UID 1002 comm: gen_fast, count: 1821764
CPU [0] UID 1002 comm: gen_fast, count: 1821914
CPU [0] UID 1002 comm: gen_fast, count: 1822040
CPU [0] UID 1002 comm: gen_fast, count: 1822064
CPU [0] UID 1002 comm: gen_fast, count: 1822214
CPU [0] UID 1002 comm: gen_fast, count: 1822264
CPU [0] UID 1002 comm: gen_fast, count: 1822364
CPU [0] UID 1002 comm: gen_fast, count: 1822464
CPU [0] UID 1002 comm: gen_fast, count: 1822567
CPU [0] UID 1002 comm: gen_fast, count: 1822744
CPU [0] UID 1002 comm: gen_fast, count: 1822764
CPU [0] UID 1002 comm: gen_fast, count: 1822921
CPU [0] UID 1002 comm: gen_fast, count: 1822964
CPU [0] UID 1002 comm: gen_fast, count: 1823064
CPU [0] UID 1002 comm: gen_fast, count: 1823239
CPU [0] UID 1002 comm: gen_fast, count: 1823309
CPU [0] UID 1002 comm: gen_fast, count: 1823364
CPU [0] UID 1002 comm: gen_fast, count: 1823560
CPU [0] UID 1002 comm: gen_fast, count: 1823564
CPU [0] UID 1002 comm: gen_fast, count: 1823742
CPU [0] UID 1002 comm: gen_fast, count: 1823764
CPU [0] UID 1002 comm: gen_fast, count: 1823868
CPU [0] UID 1002 comm: gen_fast, count: 1823991
CPU [0] UID 1002 comm: gen_fast, count: 1824144
CPU [0] UID 1002 comm: gen_fast, count: 1824164
CPU [0] UID 1002 comm: gen_fast, count: 1824290
CPU [0] UID 1002 comm: gen_fast, count: 1824364
CPU [0] UID 1002 comm: gen_fast, count: 1824476
CPU [0] UID 1002 comm: gen_fast, count: 1824631
CPU [0] UID 1002 comm: gen_fast, count: 1824664
CPU [0] UID 1002 comm: gen_fast, count: 1824793
CPU [0] UID 1002 comm: gen_fast, count: 1824951
CPU [0] UID 1002 comm: gen_fast, count: 1824964
CPU [0] UID 1002 comm: gen_fast, count: 1825064
CPU [0] UID 1002 comm: gen_fast, count: 1825233
CPU [0] UID 1002 comm: gen_fast, count: 1825264
CPU [0] UID 1002 comm: gen_fast, count: 1825446
CPU [0] UID 1002 comm: gen_fast, count: 1825464
CPU [0] UID 1002 comm: gen_fast, count: 1825691
CPU [0] UID 1002 comm: gen_fast, count: 1825691
CPU [0] UID 1002 comm: gen_fast, count: 1825764
CPU [0] UID 1002 comm: gen_fast, count: 1825938
CPU [0] UID 1002 comm: gen_fast, count: 1825964
CPU [0] UID 1002 comm: gen_fast, count: 1826137
CPU [0] UID 1002 comm: gen_fast, count: 1826164
CPU [0] UID 1002 comm: gen_fast, count: 1826326
CPU [0] UID 1002 comm: gen_fast, count: 1826364
CPU [0] UID 1002 comm: gen_fast, count: 1826576
CPU [0] UID 1002 comm: gen_fast, count: 1826576
CPU [0] UID 1002 comm: gen_fast, count: 1826717
CPU [0] UID 1002 comm: gen_fast, count: 1826764
CPU [0] UID 1002 comm: gen_fast, count: 1826916
CPU [0] UID 1002 comm: gen_fast, count: 1826964
CPU [0] UID 1002 comm: gen_fast, count: 1827168
CPU [0] UID 1002 comm: gen_fast, count: 1827168
CPU [0] UID 1002 comm: gen_fast, count: 1827264
CPU [0] UID 1002 comm: gen_fast, count: 1827429
CPU [0] UID 1002 comm: gen_fast, count: 1827464
CPU [0] UID 1002 comm: gen_fast, count: 1827591
CPU [0] UID 1002 comm: gen_fast, count: 1827664
CPU [0] UID 1002 comm: gen_fast, count: 1827784
CPU [0] UID 1002 comm: gen_fast, count: 1827864
CPU [0] UID 1002 comm: gen_fast, count: 1828018
CPU [0] UID 1002 comm: gen_fast, count: 1828064
CPU [0] UID 1002 comm: gen_fast, count: 1828164
CPU [0] UID 1002 comm: gen_fast, count: 1828264
CPU [0] UID 1002 comm: gen_fast, count: 1828364
CPU [0] UID 1002 comm: gen_fast, count: 1828464
CPU [0] UID 1002 comm: gen_fast, count: 1828592
CPU [0] UID 1002 comm: gen_fast, count: 1828664
CPU [0] UID 1002 comm: gen_fast, count: 1828773
CPU [0] UID 1002 comm: gen_fast, count: 1828864
CPU [0] UID 1002 comm: gen_fast, count: 1828976
CPU [0] UID 1002 comm: gen_fast, count: 1829072
CPU [0] UID 1002 comm: gen_fast, count: 1829283
CPU [0] UID 1002 comm: gen_fast, count: 1829283
CPU [0] UID 1002 comm: gen_fast, count: 1829364
CPU [0] UID 1002 comm: gen_fast, count: 1829548
CPU [0] UID 1002 comm: gen_fast, count: 1829564
CPU [0] UID 1002 comm: gen_fast, count: 1829741
CPU [0] UID 1002 comm: gen_fast, count: 1829764
CPU [0] UID 1002 comm: gen_fast, count: 1829864
CPU [0] UID 1002 comm: gen_fast, count: 1829974
CPU [0] UID 1002 comm: gen_fast, count: 1830138
CPU [0] UID 1002 comm: gen_fast, count: 1830164
CPU [0] UID 1002 comm: gen_fast, count: 1830281
CPU [0] UID 1002 comm: gen_fast, count: 1830364
CPU [0] UID 1002 comm: gen_fast, count: 1830499
CPU [0] UID 1002 comm: gen_fast, count: 1830708
CPU [0] UID 1002 comm: gen_fast, count: 1830708
CPU [0] UID 1002 comm: gen_fast, count: 1830764
CPU [0] UID 1002 comm: gen_fast, count: 1830974
CPU [0] UID 1002 comm: gen_fast, count: 1830974
CPU [0] UID 1002 comm: gen_fast, count: 1831064
CPU [0] UID 1002 comm: gen_fast, count: 1831315
CPU [0] UID 1002 comm: gen_fast, count: 1831315
CPU [0] UID 1002 comm: gen_fast, count: 1831364
CPU [0] UID 1002 comm: gen_fast, count: 1831464
CPU [0] UID 1002 comm: gen_fast, count: 1831564
CPU [0] UID 1002 comm: gen_fast, count: 1831664
CPU [0] UID 1002 comm: gen_fast, count: 1831800
CPU [0] UID 1002 comm: gen_fast, count: 1831864
CPU [0] UID 1002 comm: gen_fast, count: 1831964
CPU [0] UID 1002 comm: gen_fast, count: 1832064
CPU [0] UID 1002 comm: gen_fast, count: 1832186
CPU [0] UID 1002 comm: gen_fast, count: 1832264
CPU [0] UID 1002 comm: gen_fast, count: 1832364
CPU [0] UID 1002 comm: gen_fast, count: 1832464
CPU [0] UID 1002 comm: gen_fast, count: 1832601
CPU [0] UID 1002 comm: gen_fast, count: 1832686
CPU [0] UID 1002 comm: gen_fast, count: 1832764
CPU [0] UID 1002 comm: gen_fast, count: 1832870
CPU [0] UID 1002 comm: gen_fast, count: 1833022
CPU [0] UID 1002 comm: gen_fast, count: 1833064
CPU [0] UID 1002 comm: gen_fast, count: 1833164
CPU [0] UID 1002 comm: gen_fast, count: 1833264
CPU [0] UID 1002 comm: gen_fast, count: 1833453
CPU [0] UID 1002 comm: gen_fast, count: 1833464
CPU [0] UID 1002 comm: gen_fast, count: 1833609
CPU [0] UID 1002 comm: gen_fast, count: 1833664
CPU [0] UID 1002 comm: gen_fast, count: 1833796
CPU [0] UID 1002 comm: gen_fast, count: 1833864
CPU [0] UID 1002 comm: gen_fast, count: 1833964
CPU [0] UID 1002 comm: gen_fast, count: 1834064
CPU [0] UID 1002 comm: gen_fast, count: 1834206
CPU [0] UID 1002 comm: gen_fast, count: 1834264
CPU [0] UID 1002 comm: gen_fast, count: 1834368
CPU [0] UID 1002 comm: gen_fast, count: 1834499
CPU [0] UID 1002 comm: gen_fast, count: 1834565
CPU [0] UID 1002 comm: gen_fast, count: 1834664
CPU [0] UID 1002 comm: gen_fast, count: 1834867
CPU [0] UID 1002 comm: gen_fast, count: 1834867
CPU [0] UID 1002 comm: gen_fast, count: 1835017
CPU [0] UID 1002 comm: gen_fast, count: 1835064
CPU [0] UID 1002 comm: gen_fast, count: 1835170
CPU [0] UID 1002 comm: gen_fast, count: 1835264
CPU [0] UID 1002 comm: gen_fast, count: 1835387
CPU [0] UID 1002 comm: gen_fast, count: 1835464
CPU [0] UID 1002 comm: gen_fast, count: 1835674
CPU [0] UID 1002 comm: gen_fast, count: 1835674
CPU [0] UID 1002 comm: gen_fast, count: 1835869
CPU [0] UID 1002 comm: gen_fast, count: 1835869
CPU [0] UID 1002 comm: gen_fast, count: 1836010
CPU [0] UID 1002 comm: gen_fast, count: 1836064
CPU [0] UID 1002 comm: gen_fast, count: 1836203
CPU [0] UID 1002 comm: gen_fast, count: 1836264
CPU [0] UID 1002 comm: gen_fast, count: 1836364
CPU [0] UID 1002 comm: gen_fast, count: 1836464
CPU [0] UID 1002 comm: gen_fast, count: 1836564
CPU [0] UID 1002 comm: gen_fast, count: 1836664
CPU [0] UID 1002 comm: gen_fast, count: 1836764
CPU [0] UID 1002 comm: gen_fast, count: 1836881
CPU [0] UID 1002 comm: gen_fast, count: 1837031
CPU [0] UID 1002 comm: gen_fast, count: 1837064
CPU [0] UID 1002 comm: gen_fast, count: 1837216
CPU [0] UID 1002 comm: gen_fast, count: 1837264
CPU [0] UID 1002 comm: gen_fast, count: 1837364
CPU [0] UID 1002 comm: gen_fast, count: 1837464
CPU [0] UID 1002 comm: gen_fast, count: 1837564
CPU [0] UID 1002 comm: gen_fast, count: 1837697
CPU [0] UID 1002 comm: gen_fast, count: 1837764
CPU [0] UID 1002 comm: gen_fast, count: 1837943
CPU [0] UID 1002 comm: gen_fast, count: 1837964
CPU [0] UID 1002 comm: gen_fast, count: 1838103
CPU [0] UID 1002 comm: gen_fast, count: 1838164
CPU [0] UID 1002 comm: gen_fast, count: 1838361
CPU [0] UID 1002 comm: gen_fast, count: 1838364
CPU [0] UID 1002 comm: gen_fast, count: 1838547
CPU [0] UID 1002 comm: gen_fast, count: 1838626
CPU [0] UID 1002 comm: gen_fast, count: 1838664
CPU [0] UID 1002 comm: gen_fast, count: 1838782
CPU [0] UID 1002 comm: gen_fast, count: 1838864
CPU [0] UID 1002 comm: gen_fast, count: 1838965
CPU [0] UID 1002 comm: gen_fast, count: 1839086
CPU [0] UID 1002 comm: gen_fast, count: 1839236
CPU [0] UID 1002 comm: gen_fast, count: 1839264
CPU [0] UID 1002 comm: gen_fast, count: 1839404
CPU [0] UID 1002 comm: gen_fast, count: 1839518
CPU [0] UID 1002 comm: gen_fast, count: 1839564
CPU [0] UID 1002 comm: gen_fast, count: 1839664
CPU [0] UID 1002 comm: gen_fast, count: 1839764
CPU [0] UID 1002 comm: gen_fast, count: 1839864
CPU [0] UID 1002 comm: gen_fast, count: 1839972
CPU [0] UID 1002 comm: gen_fast, count: 1840094
CPU [0] UID 1002 comm: gen_fast, count: 1840269
CPU [0] UID 1002 comm: gen_fast, count: 1840269
CPU [0] UID 1002 comm: gen_fast, count: 1840364
CPU [0] UID 1002 comm: gen_fast, count: 1840493
CPU [0] UID 1002 comm: gen_fast, count: 1840657
CPU [0] UID 1002 comm: gen_fast, count: 1840664
CPU [0] UID 1002 comm: gen_fast, count: 1840852
CPU [0] UID 1002 comm: gen_fast, count: 1840864
CPU [0] UID 1002 comm: gen_fast, count: 1841055
CPU [0] UID 1002 comm: gen_fast, count: 1841064
CPU [0] UID 1002 comm: gen_fast, count: 1841220
CPU [0] UID 1002 comm: gen_fast, count: 1841264
CPU [0] UID 1002 comm: gen_fast, count: 1841364
CPU [0] UID 1002 comm: gen_fast, count: 1841464
CPU [0] UID 1002 comm: gen_fast, count: 1841573
CPU [0] UID 1002 comm: gen_fast, count: 1841726
CPU [0] UID 1002 comm: gen_fast, count: 1841764
CPU [0] UID 1002 comm: gen_fast, count: 1841864
CPU [0] UID 1002 comm: gen_fast, count: 1841964
CPU [0] UID 1002 comm: gen_fast, count: 1842064
CPU [0] UID 1002 comm: gen_fast, count: 1842166
CPU [0] UID 1002 comm: gen_fast, count: 1842264
CPU [0] UID 1002 comm: gen_fast, count: 1842364
CPU [0] UID 1002 comm: gen_fast, count: 1842464
CPU [0] UID 1002 comm: gen_fast, count: 1842564
CPU [0] UID 1002 comm: gen_fast, count: 1842665
CPU [0] UID 1002 comm: gen_fast, count: 1842783
CPU [0] UID 1002 comm: gen_fast, count: 1842932
CPU [0] UID 1002 comm: gen_fast, count: 1842964
CPU [0] UID 1002 comm: gen_fast, count: 1843207
CPU [0] UID 1002 comm: gen_fast, count: 1843207
CPU [0] UID 1002 comm: gen_fast, count: 1843264
CPU [0] UID 1002 comm: gen_fast, count: 1843476
CPU [0] UID 1002 comm: gen_fast, count: 1843476
CPU [0] UID 1002 comm: gen_fast, count: 1843633
CPU [0] UID 1002 comm: gen_fast, count: 1843664
CPU [0] UID 1002 comm: gen_fast, count: 1843814
CPU [0] UID 1002 comm: gen_fast, count: 1843864
CPU [0] UID 1002 comm: gen_fast, count: 1843964
CPU [0] UID 1002 comm: gen_fast, count: 1844097
CPU [0] UID 1002 comm: gen_fast, count: 1844171
CPU [0] UID 1002 comm: gen_fast, count: 1844264
CPU [0] UID 1002 comm: gen_fast, count: 1844364
CPU [0] UID 1002 comm: gen_fast, count: 1844464
CPU [0] UID 1002 comm: gen_fast, count: 1844642
CPU [0] UID 1002 comm: gen_fast, count: 1844664
CPU [0] UID 1002 comm: gen_fast, count: 1844838
CPU [0] UID 1002 comm: gen_fast, count: 1844864
CPU [0] UID 1002 comm: gen_fast, count: 1845090
CPU [0] UID 1002 comm: gen_fast, count: 1845090
CPU [0] UID 1002 comm: gen_fast, count: 1845164
CPU [0] UID 1002 comm: gen_fast, count: 1845338
CPU [0] UID 1002 comm: gen_fast, count: 1845364
CPU [0] UID 1002 comm: gen_fast, count: 1845487
CPU [0] UID 1002 comm: gen_fast, count: 1845566
CPU [0] UID 1002 comm: gen_fast, count: 1845664
CPU [0] UID 1002 comm: gen_fast, count: 1845871
CPU [0] UID 1002 comm: gen_fast, count: 1845871
CPU [0] UID 1002 comm: gen_fast, count: 1846058
CPU [0] UID 1002 comm: gen_fast, count: 1846064
CPU [0] UID 1002 comm: gen_fast, count: 1846164
CPU [0] UID 1002 comm: gen_fast, count: 1846365
CPU [0] UID 1002 comm: gen_fast, count: 1846365
CPU [0] UID 1002 comm: gen_fast, count: 1846567
CPU [0] UID 1002 comm: gen_fast, count: 1846567
CPU [0] UID 1002 comm: gen_fast, count: 1846664
CPU [0] UID 1002 comm: gen_fast, count: 1846811
CPU [0] UID 1002 comm: gen_fast, count: 1846864
CPU [0] UID 1002 comm: gen_fast, count: 1847036
CPU [0] UID 1002 comm: gen_fast, count: 1847064
CPU [0] UID 1002 comm: gen_fast, count: 1847164
CPU [0] UID 1002 comm: gen_fast, count: 1847293
CPU [0] UID 1002 comm: gen_fast, count: 1847364
CPU [0] UID 1002 comm: gen_fast, count: 1847464
CPU [0] UID 1002 comm: gen_fast, count: 1847604
CPU [0] UID 1002 comm: gen_fast, count: 1847664
CPU [0] UID 1002 comm: gen_fast, count: 1847764
CPU [0] UID 1002 comm: gen_fast, count: 1847898
CPU [0] UID 1002 comm: gen_fast, count: 1848044
CPU [0] UID 1002 comm: gen_fast, count: 1848156
CPU [0] UID 1002 comm: gen_fast, count: 1848164
CPU [0] UID 1002 comm: gen_fast, count: 1848272
CPU [0] UID 1002 comm: gen_fast, count: 1848364
CPU [0] UID 1002 comm: gen_fast, count: 1848512
CPU [0] UID 1002 comm: gen_fast, count: 1848564
CPU [0] UID 1002 comm: gen_fast, count: 1848693
CPU [0] UID 1002 comm: gen_fast, count: 1848764
CPU [0] UID 1002 comm: gen_fast, count: 1848988
CPU [0] UID 1002 comm: gen_fast, count: 1848988
CPU [0] UID 1002 comm: gen_fast, count: 1849064
CPU [0] UID 1002 comm: gen_fast, count: 1849164
CPU [0] UID 1002 comm: gen_fast, count: 1849284
CPU [0] UID 1002 comm: gen_fast, count: 1849364
CPU [0] UID 1002 comm: gen_fast, count: 1849464
CPU [0] UID 1002 comm: gen_fast, count: 1849623
CPU [0] UID 1002 comm: gen_fast, count: 1849664
CPU [0] UID 1002 comm: gen_fast, count: 1849845
CPU [0] UID 1002 comm: gen_fast, count: 1849864
CPU [0] UID 1002 comm: gen_fast, count: 1849975
CPU [0] UID 1002 comm: gen_fast, count: 1850064
CPU [0] UID 1002 comm: gen_fast, count: 1850164
CPU [0] UID 1002 comm: gen_fast, count: 1850344
CPU [0] UID 1002 comm: gen_fast, count: 1850364
CPU [0] UID 1002 comm: gen_fast, count: 1850591
CPU [0] UID 1002 comm: gen_fast, count: 1850591
CPU [0] UID 1002 comm: gen_fast, count: 1850664
CPU [0] UID 1002 comm: gen_fast, count: 1850843
CPU [0] UID 1002 comm: gen_fast, count: 1850864
CPU [0] UID 1002 comm: gen_fast, count: 1850964
CPU [0] UID 1002 comm: gen_fast, count: 1851144
CPU [0] UID 1002 comm: gen_fast, count: 1851164
CPU [0] UID 1002 comm: gen_fast, count: 1851347
CPU [0] UID 1002 comm: gen_fast, count: 1851364
CPU [0] UID 1002 comm: gen_fast, count: 1851528
CPU [0] UID 1002 comm: gen_fast, count: 1851564
CPU [0] UID 1002 comm: gen_fast, count: 1851721
CPU [0] UID 1002 comm: gen_fast, count: 1851764
CPU [0] UID 1002 comm: gen_fast, count: 1851993
CPU [0] UID 1002 comm: gen_fast, count: 1851993
CPU [0] UID 1002 comm: gen_fast, count: 1852064
CPU [0] UID 1002 comm: gen_fast, count: 1852164
CPU [0] UID 1002 comm: gen_fast, count: 1852278
CPU [0] UID 1002 comm: gen_fast, count: 1852364
CPU [0] UID 1002 comm: gen_fast, count: 1852464
CPU [0] UID 1002 comm: gen_fast, count: 1852698
CPU [0] UID 1002 comm: gen_fast, count: 1852698
CPU [0] UID 1002 comm: gen_fast, count: 1852764
CPU [0] UID 1002 comm: gen_fast, count: 1852864
CPU [0] UID 1002 comm: gen_fast, count: 1853069
CPU [0] UID 1002 comm: gen_fast, count: 1853069
CPU [0] UID 1002 comm: gen_fast, count: 1853164
CPU [0] UID 1002 comm: gen_fast, count: 1853299
CPU [0] UID 1002 comm: gen_fast, count: 1853364
CPU [0] UID 1002 comm: gen_fast, count: 1853553
CPU [0] UID 1002 comm: gen_fast, count: 1853564
CPU [0] UID 1002 comm: gen_fast, count: 1853673
CPU [0] UID 1002 comm: gen_fast, count: 1853764
CPU [0] UID 1002 comm: gen_fast, count: 1853864
CPU [0] UID 1002 comm: gen_fast, count: 1853997
CPU [0] UID 1002 comm: gen_fast, count: 1854064
CPU [0] UID 1002 comm: gen_fast, count: 1854164
CPU [0] UID 1002 comm: gen_fast, count: 1854264
CPU [0] UID 1002 comm: gen_fast, count: 1854364
CPU [0] UID 1002 comm: gen_fast, count: 1854471
CPU [0] UID 1002 comm: gen_fast, count: 1854624
CPU [0] UID 1002 comm: gen_fast, count: 1854664
CPU [0] UID 1002 comm: gen_fast, count: 1854797
CPU [0] UID 1002 comm: gen_fast, count: 1854889
CPU [0] UID 1002 comm: gen_fast, count: 1854998
CPU [0] UID 1002 comm: gen_fast, count: 1855070
CPU [0] UID 1002 comm: gen_fast, count: 1855240
CPU [0] UID 1002 comm: gen_fast, count: 1855264
CPU [0] UID 1002 comm: gen_fast, count: 1855443
CPU [0] UID 1002 comm: gen_fast, count: 1855464
CPU [0] UID 1002 comm: gen_fast, count: 1855564
CPU [0] UID 1002 comm: gen_fast, count: 1855664
CPU [0] UID 1002 comm: gen_fast, count: 1855847
CPU [0] UID 1002 comm: gen_fast, count: 1855864
CPU [0] UID 1002 comm: gen_fast, count: 1855969
CPU [0] UID 1002 comm: gen_fast, count: 1856069
CPU [0] UID 1002 comm: gen_fast, count: 1856266
CPU [0] UID 1002 comm: gen_fast, count: 1856266
CPU [0] UID 1002 comm: gen_fast, count: 1856364
CPU [0] UID 1002 comm: gen_fast, count: 1856483
CPU [0] UID 1002 comm: gen_fast, count: 1856596
CPU [0] UID 1002 comm: gen_fast, count: 1856664
CPU [0] UID 1002 comm: gen_fast, count: 1856764
CPU [0] UID 1002 comm: gen_fast, count: 1856864
CPU [0] UID 1002 comm: gen_fast, count: 1856964
CPU [0] UID 1002 comm: gen_fast, count: 1857085
CPU [0] UID 1002 comm: gen_fast, count: 1857164
CPU [0] UID 1002 comm: gen_fast, count: 1857264
CPU [0] UID 1002 comm: gen_fast, count: 1857391
CPU [0] UID 1002 comm: gen_fast, count: 1857464
CPU [0] UID 1002 comm: gen_fast, count: 1857578
CPU [0] UID 1002 comm: gen_fast, count: 1857664
CPU [0] UID 1002 comm: gen_fast, count: 1857764
CPU [0] UID 1002 comm: gen_fast, count: 1857864
CPU [0] UID 1002 comm: gen_fast, count: 1858102
CPU [0] UID 1002 comm: gen_fast, count: 1858102
CPU [0] UID 1002 comm: gen_fast, count: 1858164
CPU [0] UID 1002 comm: gen_fast, count: 1858268
CPU [0] UID 1002 comm: gen_fast, count: 1858364
CPU [0] UID 1002 comm: gen_fast, count: 1858508
CPU [0] UID 1002 comm: gen_fast, count: 1858564
CPU [0] UID 1002 comm: gen_fast, count: 1858707
CPU [0] UID 1002 comm: gen_fast, count: 1858764
CPU [0] UID 1002 comm: gen_fast, count: 1858956
CPU [0] UID 1002 comm: gen_fast, count: 1858964
CPU [0] UID 1002 comm: gen_fast, count: 1859064
CPU [0] UID 1002 comm: gen_fast, count: 1859196
CPU [0] UID 1002 comm: gen_fast, count: 1859264
CPU [0] UID 1002 comm: gen_fast, count: 1859367
CPU [0] UID 1002 comm: gen_fast, count: 1859464
CPU [0] UID 1002 comm: gen_fast, count: 1859573
CPU [0] UID 1002 comm: gen_fast, count: 1859773
CPU [0] UID 1002 comm: gen_fast, count: 1859773
CPU [0] UID 1002 comm: gen_fast, count: 1859864
CPU [0] UID 1002 comm: gen_fast, count: 1859990
CPU [0] UID 1002 comm: gen_fast, count: 1860100
CPU [0] UID 1002 comm: gen_fast, count: 1860164
CPU [0] UID 1002 comm: gen_fast, count: 1860309
CPU [0] UID 1002 comm: gen_fast, count: 1860452
CPU [0] UID 1002 comm: gen_fast, count: 1860464
CPU [0] UID 1002 comm: gen_fast, count: 1860564
CPU [0] UID 1002 comm: gen_fast, count: 1860673
CPU [0] UID 1002 comm: gen_fast, count: 1860834
CPU [0] UID 1002 comm: gen_fast, count: 1860864
CPU [0] UID 1002 comm: gen_fast, count: 1861050
CPU [0] UID 1002 comm: gen_fast, count: 1861064
CPU [0] UID 1002 comm: gen_fast, count: 1861309
CPU [0] UID 1002 comm: gen_fast, count: 1861309
CPU [0] UID 1002 comm: gen_fast, count: 1861364
CPU [0] UID 1002 comm: gen_fast, count: 1861556
CPU [0] UID 1002 comm: gen_fast, count: 1861564
CPU [0] UID 1002 comm: gen_fast, count: 1861763
CPU [0] UID 1002 comm: gen_fast, count: 1861764
CPU [0] UID 1002 comm: gen_fast, count: 1861864
CPU [0] UID 1002 comm: gen_fast, count: 1861976
CPU [0] UID 1002 comm: gen_fast, count: 1862185
CPU [0] UID 1002 comm: gen_fast, count: 1862185
CPU [0] UID 1002 comm: gen_fast, count: 1862324
CPU [0] UID 1002 comm: gen_fast, count: 1862364
CPU [0] UID 1002 comm: gen_fast, count: 1862529
CPU [0] UID 1002 comm: gen_fast, count: 1862564
CPU [0] UID 1002 comm: gen_fast, count: 1862686
CPU [0] UID 1002 comm: gen_fast, count: 1862764
CPU [0] UID 1002 comm: gen_fast, count: 1862864
CPU [0] UID 1002 comm: gen_fast, count: 1862991
CPU [0] UID 1002 comm: gen_fast, count: 1863064
CPU [0] UID 1002 comm: gen_fast, count: 1863164
CPU [0] UID 1002 comm: gen_fast, count: 1863333
CPU [0] UID 1002 comm: gen_fast, count: 1863364
CPU [0] UID 1002 comm: gen_fast, count: 1863464
CPU [0] UID 1002 comm: gen_fast, count: 1863564
CPU [0] UID 1002 comm: gen_fast, count: 1863712
CPU [0] UID 1002 comm: gen_fast, count: 1863890
CPU [0] UID 1002 comm: gen_fast, count: 1863890
CPU [0] UID 1002 comm: gen_fast, count: 1864037
CPU [0] UID 1002 comm: gen_fast, count: 1864064
CPU [0] UID 1002 comm: gen_fast, count: 1864205
CPU [0] UID 1002 comm: gen_fast, count: 1864393
CPU [0] UID 1002 comm: gen_fast, count: 1864393
CPU [0] UID 1002 comm: gen_fast, count: 1864559
CPU [0] UID 1002 comm: gen_fast, count: 1864564
CPU [0] UID 1002 comm: gen_fast, count: 1864664
CPU [0] UID 1002 comm: gen_fast, count: 1864783
CPU [0] UID 1002 comm: gen_fast, count: 1864864
CPU [0] UID 1002 comm: gen_fast, count: 1864964
CPU [0] UID 1002 comm: gen_fast, count: 1865152
CPU [0] UID 1002 comm: gen_fast, count: 1865164
CPU [0] UID 1002 comm: gen_fast, count: 1865339
CPU [0] UID 1002 comm: gen_fast, count: 1865364
CPU [0] UID 1002 comm: gen_fast, count: 1865489
CPU [0] UID 1002 comm: gen_fast, count: 1865679
CPU [0] UID 1002 comm: gen_fast, count: 1865679
CPU [0] UID 1002 comm: gen_fast, count: 1865764
CPU [0] UID 1002 comm: gen_fast, count: 1865906
CPU [0] UID 1002 comm: gen_fast, count: 1865964
CPU [0] UID 1002 comm: gen_fast, count: 1866161
CPU [0] UID 1002 comm: gen_fast, count: 1866164
CPU [0] UID 1002 comm: gen_fast, count: 1866307
CPU [0] UID 1002 comm: gen_fast, count: 1866364
CPU [0] UID 1002 comm: gen_fast, count: 1866464
CPU [0] UID 1002 comm: gen_fast, count: 1866564
CPU [0] UID 1002 comm: gen_fast, count: 1866728
CPU [0] UID 1002 comm: gen_fast, count: 1866809
CPU [0] UID 1002 comm: gen_fast, count: 1866896
CPU [0] UID 1002 comm: gen_fast, count: 1866972
CPU [0] UID 1002 comm: gen_fast, count: 1867064
CPU [0] UID 1002 comm: gen_fast, count: 1867164
CPU [0] UID 1002 comm: gen_fast, count: 1867349
CPU [0] UID 1002 comm: gen_fast, count: 1867364
CPU [0] UID 1002 comm: gen_fast, count: 1867604
CPU [0] UID 1002 comm: gen_fast, count: 1867604
CPU [0] UID 1002 comm: gen_fast, count: 1867664
CPU [0] UID 1002 comm: gen_fast, count: 1867848
CPU [0] UID 1002 comm: gen_fast, count: 1867864
CPU [0] UID 1002 comm: gen_fast, count: 1867976
CPU [0] UID 1002 comm: gen_fast, count: 1868064
CPU [0] UID 1002 comm: gen_fast, count: 1868164
CPU [0] UID 1002 comm: gen_fast, count: 1868288
CPU [0] UID 1002 comm: gen_fast, count: 1868384
CPU [0] UID 1002 comm: gen_fast, count: 1868512
CPU [0] UID 1002 comm: gen_fast, count: 1868564
CPU [0] UID 1002 comm: gen_fast, count: 1868668
CPU [0] UID 1002 comm: gen_fast, count: 1868805
CPU [0] UID 1002 comm: gen_fast, count: 1868890
CPU [0] UID 1002 comm: gen_fast, count: 1868964
CPU [0] UID 1002 comm: gen_fast, count: 1869169
CPU [0] UID 1002 comm: gen_fast, count: 1869169
CPU [0] UID 1002 comm: gen_fast, count: 1869264
CPU [0] UID 1002 comm: gen_fast, count: 1869385
CPU [0] UID 1002 comm: gen_fast, count: 1869464
CPU [0] UID 1002 comm: gen_fast, count: 1869586
CPU [0] UID 1002 comm: gen_fast, count: 1869669
CPU [0] UID 1002 comm: gen_fast, count: 1869764
CPU [0] UID 1002 comm: gen_fast, count: 1869864
CPU [0] UID 1002 comm: gen_fast, count: 1870043
CPU [0] UID 1002 comm: gen_fast, count: 1870064
CPU [0] UID 1002 comm: gen_fast, count: 1870191
CPU [0] UID 1002 comm: gen_fast, count: 1870406
CPU [0] UID 1002 comm: gen_fast, count: 1870406
CPU [0] UID 1002 comm: gen_fast, count: 1870464
CPU [0] UID 1002 comm: gen_fast, count: 1870674
CPU [0] UID 1002 comm: gen_fast, count: 1870674
CPU [0] UID 1002 comm: gen_fast, count: 1870764
CPU [0] UID 1002 comm: gen_fast, count: 1870888
CPU [0] UID 1002 comm: gen_fast, count: 1871105
CPU [0] UID 1002 comm: gen_fast, count: 1871105
CPU [0] UID 1002 comm: gen_fast, count: 1871164
CPU [0] UID 1002 comm: gen_fast, count: 1871375
CPU [0] UID 1002 comm: gen_fast, count: 1871375
CPU [0] UID 1002 comm: gen_fast, count: 1871464
CPU [0] UID 1002 comm: gen_fast, count: 1871591
CPU [0] UID 1002 comm: gen_fast, count: 1871796
CPU [0] UID 1002 comm: gen_fast, count: 1871796
CPU [0] UID 1002 comm: gen_fast, count: 1871864
CPU [0] UID 1002 comm: gen_fast, count: 1871981
CPU [0] UID 1002 comm: gen_fast, count: 1872064
CPU [0] UID 1002 comm: gen_fast, count: 1872164
CPU [0] UID 1002 comm: gen_fast, count: 1872264
CPU [0] UID 1002 comm: gen_fast, count: 1872394
CPU [0] UID 1002 comm: gen_fast, count: 1872464
CPU [0] UID 1002 comm: gen_fast, count: 1872635
CPU [0] UID 1002 comm: gen_fast, count: 1872664
CPU [0] UID 1002 comm: gen_fast, count: 1872794
CPU [0] UID 1002 comm: gen_fast, count: 1872864
CPU [0] UID 1002 comm: gen_fast, count: 1872967
CPU [0] UID 1002 comm: gen_fast, count: 1873117
CPU [0] UID 1002 comm: gen_fast, count: 1873164
CPU [0] UID 1002 comm: gen_fast, count: 1873264
CPU [0] UID 1002 comm: gen_fast, count: 1873364
CPU [0] UID 1002 comm: gen_fast, count: 1873539
CPU [0] UID 1002 comm: gen_fast, count: 1873564
CPU [0] UID 1002 comm: gen_fast, count: 1873664
CPU [0] UID 1002 comm: gen_fast, count: 1873802
CPU [0] UID 1002 comm: gen_fast, count: 1873864
CPU [0] UID 1002 comm: gen_fast, count: 1873998
CPU [0] UID 1002 comm: gen_fast, count: 1874201
CPU [0] UID 1002 comm: gen_fast, count: 1874201
CPU [0] UID 1002 comm: gen_fast, count: 1874352
CPU [0] UID 1002 comm: gen_fast, count: 1874364
CPU [0] UID 1002 comm: gen_fast, count: 1874464
CPU [0] UID 1002 comm: gen_fast, count: 1874566
CPU [0] UID 1002 comm: gen_fast, count: 1874775
CPU [0] UID 1002 comm: gen_fast, count: 1874775
CPU [0] UID 1002 comm: gen_fast, count: 1874864
CPU [0] UID 1002 comm: gen_fast, count: 1875048
CPU [0] UID 1002 comm: gen_fast, count: 1875064
CPU [0] UID 1002 comm: gen_fast, count: 1875169
CPU [0] UID 1002 comm: gen_fast, count: 1875266
CPU [0] UID 1002 comm: gen_fast, count: 1875473
CPU [0] UID 1002 comm: gen_fast, count: 1875473
CPU [0] UID 1002 comm: gen_fast, count: 1875700
CPU [0] UID 1002 comm: gen_fast, count: 1875700
CPU [0] UID 1002 comm: gen_fast, count: 1875907
CPU [0] UID 1002 comm: gen_fast, count: 1875907
CPU [0] UID 1002 comm: gen_fast, count: 1875964
CPU [0] UID 1002 comm: gen_fast, count: 1876154
CPU [0] UID 1002 comm: gen_fast, count: 1876164
CPU [0] UID 1002 comm: gen_fast, count: 1876264
CPU [0] UID 1002 comm: gen_fast, count: 1876364
CPU [0] UID 1002 comm: gen_fast, count: 1876464
CPU [0] UID 1002 comm: gen_fast, count: 1876564
CPU [0] UID 1002 comm: gen_fast, count: 1876664
CPU [0] UID 1002 comm: gen_fast, count: 1876764
CPU [0] UID 1002 comm: gen_fast, count: 1876898
CPU [0] UID 1002 comm: gen_fast, count: 1876964
CPU [0] UID 1002 comm: gen_fast, count: 1877176
CPU [0] UID 1002 comm: gen_fast, count: 1877176
CPU [0] UID 1002 comm: gen_fast, count: 1877264
CPU [0] UID 1002 comm: gen_fast, count: 1877401
CPU [0] UID 1002 comm: gen_fast, count: 1877464
CPU [0] UID 1002 comm: gen_fast, count: 1877564
CPU [0] UID 1002 comm: gen_fast, count: 1877695
CPU [0] UID 1002 comm: gen_fast, count: 1877820
CPU [0] UID 1002 comm: gen_fast, count: 1877864
CPU [0] UID 1002 comm: gen_fast, count: 1877964
CPU [0] UID 1002 comm: gen_fast, count: 1878065
CPU [0] UID 1002 comm: gen_fast, count: 1878164
CPU [0] UID 1002 comm: gen_fast, count: 1878264
CPU [0] UID 1002 comm: gen_fast, count: 1878383
CPU [0] UID 1002 comm: gen_fast, count: 1878464
CPU [0] UID 1002 comm: gen_fast, count: 1878662
CPU [0] UID 1002 comm: gen_fast, count: 1878664
CPU [0] UID 1002 comm: gen_fast, count: 1878804
CPU [0] UID 1002 comm: gen_fast, count: 1878864
CPU [0] UID 1002 comm: gen_fast, count: 1879064
CPU [0] UID 1002 comm: gen_fast, count: 1879064
CPU [0] UID 1002 comm: gen_fast, count: 1879164
CPU [0] UID 1002 comm: gen_fast, count: 1879298
CPU [0] UID 1002 comm: gen_fast, count: 1879364
CPU [0] UID 1002 comm: gen_fast, count: 1879498
CPU [0] UID 1002 comm: gen_fast, count: 1879564
CPU [0] UID 1002 comm: gen_fast, count: 1879664
CPU [0] UID 1002 comm: gen_fast, count: 1879764
CPU [0] UID 1002 comm: gen_fast, count: 1879864
CPU [0] UID 1002 comm: gen_fast, count: 1880011
CPU [0] UID 1002 comm: gen_fast, count: 1880064
CPU [0] UID 1002 comm: gen_fast, count: 1880182
CPU [0] UID 1002 comm: gen_fast, count: 1880379
CPU [0] UID 1002 comm: gen_fast, count: 1880379
CPU [0] UID 1002 comm: gen_fast, count: 1880464
CPU [0] UID 1002 comm: gen_fast, count: 1880588
CPU [0] UID 1002 comm: gen_fast, count: 1880672
CPU [0] UID 1002 comm: gen_fast, count: 1880801
CPU [0] UID 1002 comm: gen_fast, count: 1881010
CPU [0] UID 1002 comm: gen_fast, count: 1881010
CPU [0] UID 1002 comm: gen_fast, count: 1881064
CPU [0] UID 1002 comm: gen_fast, count: 1881164
CPU [0] UID 1002 comm: gen_fast, count: 1881264
CPU [0] UID 1002 comm: gen_fast, count: 1881382
CPU [0] UID 1002 comm: gen_fast, count: 1881464
CPU [0] UID 1002 comm: gen_fast, count: 1881564
CPU [0] UID 1002 comm: gen_fast, count: 1881708
CPU [0] UID 1002 comm: gen_fast, count: 1881799
CPU [0] UID 1002 comm: gen_fast, count: 1881864
CPU [0] UID 1002 comm: gen_fast, count: 1881964
CPU [0] UID 1002 comm: gen_fast, count: 1882064
CPU [0] UID 1002 comm: gen_fast, count: 1882199
CPU [0] UID 1002 comm: gen_fast, count: 1882264
CPU [0] UID 1002 comm: gen_fast, count: 1882389
CPU [0] UID 1002 comm: gen_fast, count: 1882599
CPU [0] UID 1002 comm: gen_fast, count: 1882599
CPU [0] UID 1002 comm: gen_fast, count: 1882664
CPU [0] UID 1002 comm: gen_fast, count: 1882769
CPU [0] UID 1002 comm: gen_fast, count: 1882915
CPU [0] UID 1002 comm: gen_fast, count: 1883097
CPU [0] UID 1002 comm: gen_fast, count: 1883097
CPU [0] UID 1002 comm: gen_fast, count: 1883164
CPU [0] UID 1002 comm: gen_fast, count: 1883264
CPU [0] UID 1002 comm: gen_fast, count: 1883419
CPU [0] UID 1002 comm: gen_fast, count: 1883464
CPU [0] UID 1002 comm: gen_fast, count: 1883580
CPU [0] UID 1002 comm: gen_fast, count: 1883770
CPU [0] UID 1002 comm: gen_fast, count: 1883770
CPU [0] UID 1002 comm: gen_fast, count: 1883864
CPU [0] UID 1002 comm: gen_fast, count: 1883965
CPU [0] UID 1002 comm: gen_fast, count: 1884064
CPU [0] UID 1002 comm: gen_fast, count: 1884164
CPU [0] UID 1002 comm: gen_fast, count: 1884264
CPU [0] UID 1002 comm: gen_fast, count: 1884364
CPU [0] UID 1002 comm: gen_fast, count: 1884489
CPU [0] UID 1002 comm: gen_fast, count: 1884564
CPU [0] UID 1002 comm: gen_fast, count: 1884664
CPU [0] UID 1002 comm: gen_fast, count: 1884803
CPU [0] UID 1002 comm: gen_fast, count: 1885013
CPU [0] UID 1002 comm: gen_fast, count: 1885013
CPU [0] UID 1002 comm: gen_fast, count: 1885064
CPU [0] UID 1002 comm: gen_fast, count: 1885194
CPU [0] UID 1002 comm: gen_fast, count: 1885264
CPU [0] UID 1002 comm: gen_fast, count: 1885374
CPU [0] UID 1002 comm: gen_fast, count: 1885498
CPU [0] UID 1002 comm: gen_fast, count: 1885564
CPU [0] UID 1002 comm: gen_fast, count: 1885664
CPU [0] UID 1002 comm: gen_fast, count: 1885764
CPU [0] UID 1002 comm: gen_fast, count: 1885899
CPU [0] UID 1002 comm: gen_fast, count: 1885964
CPU [0] UID 1002 comm: gen_fast, count: 1886064
CPU [0] UID 1002 comm: gen_fast, count: 1886164
CPU [0] UID 1002 comm: gen_fast, count: 1886362
CPU [0] UID 1002 comm: gen_fast, count: 1886364
CPU [0] UID 1002 comm: gen_fast, count: 1886464
CPU [0] UID 1002 comm: gen_fast, count: 1886590
CPU [0] UID 1002 comm: gen_fast, count: 1886664
CPU [0] UID 1002 comm: gen_fast, count: 1886764
CPU [0] UID 1002 comm: gen_fast, count: 1886884
CPU [0] UID 1002 comm: gen_fast, count: 1887073
CPU [0] UID 1002 comm: gen_fast, count: 1887073
CPU [0] UID 1002 comm: gen_fast, count: 1887164
CPU [0] UID 1002 comm: gen_fast, count: 1887344
CPU [0] UID 1002 comm: gen_fast, count: 1887364
CPU [0] UID 1002 comm: gen_fast, count: 1887581
CPU [0] UID 1002 comm: gen_fast, count: 1887581
CPU [0] UID 1002 comm: gen_fast, count: 1887664
CPU [0] UID 1002 comm: gen_fast, count: 1887764
CPU [0] UID 1002 comm: gen_fast, count: 1887874
CPU [0] UID 1002 comm: gen_fast, count: 1888035
CPU [0] UID 1002 comm: gen_fast, count: 1888064
CPU [0] UID 1002 comm: gen_fast, count: 1888250
CPU [0] UID 1002 comm: gen_fast, count: 1888264
CPU [0] UID 1002 comm: gen_fast, count: 1888517
CPU [0] UID 1002 comm: gen_fast, count: 1888517
CPU [0] UID 1002 comm: gen_fast, count: 1888564
CPU [0] UID 1002 comm: gen_fast, count: 1888726
CPU [0] UID 1002 comm: gen_fast, count: 1888764
CPU [0] UID 1002 comm: gen_fast, count: 1888864
CPU [0] UID 1002 comm: gen_fast, count: 1888984
CPU [0] UID 1002 comm: gen_fast, count: 1889180
CPU [0] UID 1002 comm: gen_fast, count: 1889180
CPU [0] UID 1002 comm: gen_fast, count: 1889299
CPU [0] UID 1002 comm: gen_fast, count: 1889376
CPU [0] UID 1002 comm: gen_fast, count: 1889464
CPU [0] UID 1002 comm: gen_fast, count: 1889710
CPU [0] UID 1002 comm: gen_fast, count: 1889710
CPU [0] UID 1002 comm: gen_fast, count: 1889764
CPU [0] UID 1002 comm: gen_fast, count: 1889892
CPU [0] UID 1002 comm: gen_fast, count: 1889964
CPU [0] UID 1002 comm: gen_fast, count: 1890064
CPU [0] UID 1002 comm: gen_fast, count: 1890164
CPU [0] UID 1002 comm: gen_fast, count: 1890264
CPU [0] UID 1002 comm: gen_fast, count: 1890417
CPU [0] UID 1002 comm: gen_fast, count: 1890464
CPU [0] UID 1002 comm: gen_fast, count: 1890600
CPU [0] UID 1002 comm: gen_fast, count: 1890799
CPU [0] UID 1002 comm: gen_fast, count: 1890799
CPU [0] UID 1002 comm: gen_fast, count: 1890864
CPU [0] UID 1002 comm: gen_fast, count: 1890964
CPU [0] UID 1002 comm: gen_fast, count: 1891121
CPU [0] UID 1002 comm: gen_fast, count: 1891164
CPU [0] UID 1002 comm: gen_fast, count: 1891264
CPU [0] UID 1002 comm: gen_fast, count: 1891364
CPU [0] UID 1002 comm: gen_fast, count: 1891496
CPU [0] UID 1002 comm: gen_fast, count: 1891579
CPU [0] UID 1002 comm: gen_fast, count: 1891768
CPU [0] UID 1002 comm: gen_fast, count: 1891768
CPU [0] UID 1002 comm: gen_fast, count: 1891864
CPU [0] UID 1002 comm: gen_fast, count: 1892095
CPU [0] UID 1002 comm: gen_fast, count: 1892095
CPU [0] UID 1002 comm: gen_fast, count: 1892270
CPU [0] UID 1002 comm: gen_fast, count: 1892270
CPU [0] UID 1002 comm: gen_fast, count: 1892364
CPU [0] UID 1002 comm: gen_fast, count: 1892464
CPU [0] UID 1002 comm: gen_fast, count: 1892594
CPU [0] UID 1002 comm: gen_fast, count: 1892664
CPU [0] UID 1002 comm: gen_fast, count: 1892824
CPU [0] UID 1002 comm: gen_fast, count: 1892864
CPU [0] UID 1002 comm: gen_fast, count: 1893074
CPU [0] UID 1002 comm: gen_fast, count: 1893074
CPU [0] UID 1002 comm: gen_fast, count: 1893164
CPU [0] UID 1002 comm: gen_fast, count: 1893264
CPU [0] UID 1002 comm: gen_fast, count: 1893439
CPU [0] UID 1002 comm: gen_fast, count: 1893464
CPU [0] UID 1002 comm: gen_fast, count: 1893713
CPU [0] UID 1002 comm: gen_fast, count: 1893713
CPU [0] UID 1002 comm: gen_fast, count: 1893764
CPU [0] UID 1002 comm: gen_fast, count: 1893864
CPU [0] UID 1002 comm: gen_fast, count: 1893964
CPU [0] UID 1002 comm: gen_fast, count: 1894102
CPU [0] UID 1002 comm: gen_fast, count: 1894177
CPU [0] UID 1002 comm: gen_fast, count: 1894264
CPU [0] UID 1002 comm: gen_fast, count: 1894364
CPU [0] UID 1002 comm: gen_fast, count: 1894464
CPU [0] UID 1002 comm: gen_fast, count: 1894564
CPU [0] UID 1002 comm: gen_fast, count: 1894684
CPU [0] UID 1002 comm: gen_fast, count: 1894764
CPU [0] UID 1002 comm: gen_fast, count: 1894864
CPU [0] UID 1002 comm: gen_fast, count: 1894964
CPU [0] UID 1002 comm: gen_fast, count: 1895124
CPU [0] UID 1002 comm: gen_fast, count: 1895164
CPU [0] UID 1002 comm: gen_fast, count: 1895369
CPU [0] UID 1002 comm: gen_fast, count: 1895369
CPU [0] UID 1002 comm: gen_fast, count: 1895557
CPU [0] UID 1002 comm: gen_fast, count: 1895564
CPU [0] UID 1002 comm: gen_fast, count: 1895664
CPU [0] UID 1002 comm: gen_fast, count: 1895764
CPU [0] UID 1002 comm: gen_fast, count: 1895864
CPU [0] UID 1002 comm: gen_fast, count: 1895964
CPU [0] UID 1002 comm: gen_fast, count: 1896089
CPU [0] UID 1002 comm: gen_fast, count: 1896170
CPU [0] UID 1002 comm: gen_fast, count: 1896264
CPU [0] UID 1002 comm: gen_fast, count: 1896364
CPU [0] UID 1002 comm: gen_fast, count: 1896464
CPU [0] UID 1002 comm: gen_fast, count: 1896564
CPU [0] UID 1002 comm: gen_fast, count: 1896664
CPU [0] UID 1002 comm: gen_fast, count: 1896792
CPU [0] UID 1002 comm: gen_fast, count: 1896886
CPU [0] UID 1002 comm: gen_fast, count: 1897076
CPU [0] UID 1002 comm: gen_fast, count: 1897076
CPU [0] UID 1002 comm: gen_fast, count: 1897164
CPU [0] UID 1002 comm: gen_fast, count: 1897276
CPU [0] UID 1002 comm: gen_fast, count: 1897364
CPU [0] UID 1002 comm: gen_fast, count: 1897493
CPU [0] UID 1002 comm: gen_fast, count: 1897564
CPU [0] UID 1002 comm: gen_fast, count: 1897672
CPU [0] UID 1002 comm: gen_fast, count: 1897822
CPU [0] UID 1002 comm: gen_fast, count: 1897864
CPU [0] UID 1002 comm: gen_fast, count: 1897964
CPU [0] UID 1002 comm: gen_fast, count: 1898064
CPU [0] UID 1002 comm: gen_fast, count: 1898164
CPU [0] UID 1002 comm: gen_fast, count: 1898325
CPU [0] UID 1002 comm: gen_fast, count: 1898364
CPU [0] UID 1002 comm: gen_fast, count: 1898464
CPU [0] UID 1002 comm: gen_fast, count: 1898564
CPU [0] UID 1002 comm: gen_fast, count: 1898690
CPU [0] UID 1002 comm: gen_fast, count: 1898877
CPU [0] UID 1002 comm: gen_fast, count: 1898877
CPU [0] UID 1002 comm: gen_fast, count: 1898964
CPU [0] UID 1002 comm: gen_fast, count: 1899064
CPU [0] UID 1002 comm: gen_fast, count: 1899164
CPU [0] UID 1002 comm: gen_fast, count: 1899280
CPU [0] UID 1002 comm: gen_fast, count: 1899364
CPU [0] UID 1002 comm: gen_fast, count: 1899464
CPU [0] UID 1002 comm: gen_fast, count: 1899588
CPU [0] UID 1002 comm: gen_fast, count: 1899752
CPU [0] UID 1002 comm: gen_fast, count: 1899764
CPU [0] UID 1002 comm: gen_fast, count: 1899864
CPU [0] UID 1002 comm: gen_fast, count: 1899964
CPU [0] UID 1002 comm: gen_fast, count: 1900064
CPU [0] UID 1002 comm: gen_fast, count: 1900207
CPU [0] UID 1002 comm: gen_fast, count: 1900393
CPU [0] UID 1002 comm: gen_fast, count: 1900393
CPU [0] UID 1002 comm: gen_fast, count: 1900464
CPU [0] UID 1002 comm: gen_fast, count: 1900564
CPU [0] UID 1002 comm: gen_fast, count: 1900702
CPU [0] UID 1002 comm: gen_fast, count: 1900764
CPU [0] UID 1002 comm: gen_fast, count: 1900864
CPU [0] UID 1002 comm: gen_fast, count: 1901046
CPU [0] UID 1002 comm: gen_fast, count: 1901064
CPU [0] UID 1002 comm: gen_fast, count: 1901273
CPU [0] UID 1002 comm: gen_fast, count: 1901273
CPU [0] UID 1002 comm: gen_fast, count: 1901364
CPU [0] UID 1002 comm: gen_fast, count: 1901496
CPU [0] UID 1002 comm: gen_fast, count: 1901660
CPU [0] UID 1002 comm: gen_fast, count: 1901664
CPU [0] UID 1002 comm: gen_fast, count: 1901795
CPU [0] UID 1002 comm: gen_fast, count: 1901864
CPU [0] UID 1002 comm: gen_fast, count: 1901980
CPU [0] UID 1002 comm: gen_fast, count: 1902064
CPU [0] UID 1002 comm: gen_fast, count: 1902174
CPU [0] UID 1002 comm: gen_fast, count: 1902264
CPU [0] UID 1002 comm: gen_fast, count: 1902364
CPU [0] UID 1002 comm: gen_fast, count: 1902546
CPU [0] UID 1002 comm: gen_fast, count: 1902564
CPU [0] UID 1002 comm: gen_fast, count: 1902664
CPU [0] UID 1002 comm: gen_fast, count: 1902787
CPU [0] UID 1002 comm: gen_fast, count: 1902876
CPU [0] UID 1002 comm: gen_fast, count: 1902964
CPU [0] UID 1002 comm: gen_fast, count: 1903064
CPU [0] UID 1002 comm: gen_fast, count: 1903164
CPU [0] UID 1002 comm: gen_fast, count: 1903407
CPU [0] UID 1002 comm: gen_fast, count: 1903407
CPU [0] UID 1002 comm: gen_fast, count: 1903464
CPU [0] UID 1002 comm: gen_fast, count: 1903596
CPU [0] UID 1002 comm: gen_fast, count: 1903664
CPU [0] UID 1002 comm: gen_fast, count: 1903861
CPU [0] UID 1002 comm: gen_fast, count: 1903864
CPU [0] UID 1002 comm: gen_fast, count: 1903964
CPU [0] UID 1002 comm: gen_fast, count: 1904120
CPU [0] UID 1002 comm: gen_fast, count: 1904164
CPU [0] UID 1002 comm: gen_fast, count: 1904335
CPU [0] UID 1002 comm: gen_fast, count: 1904364
CPU [0] UID 1002 comm: gen_fast, count: 1904464
CPU [0] UID 1002 comm: gen_fast, count: 1904564
CPU [0] UID 1002 comm: gen_fast, count: 1904735
CPU [0] UID 1002 comm: gen_fast, count: 1904770
CPU [0] UID 1002 comm: gen_fast, count: 1904864
CPU [0] UID 1002 comm: gen_fast, count: 1904981
CPU [0] UID 1002 comm: gen_fast, count: 1905064
CPU [0] UID 1002 comm: gen_fast, count: 1905289
CPU [0] UID 1002 comm: gen_fast, count: 1905289
CPU [0] UID 1002 comm: gen_fast, count: 1905364
CPU [0] UID 1002 comm: gen_fast, count: 1905515
CPU [0] UID 1002 comm: gen_fast, count: 1905564
CPU [0] UID 1002 comm: gen_fast, count: 1905664
CPU [0] UID 1002 comm: gen_fast, count: 1905764
CPU [0] UID 1002 comm: gen_fast, count: 1905864
CPU [0] UID 1002 comm: gen_fast, count: 1906010
CPU [0] UID 1002 comm: gen_fast, count: 1906064
CPU [0] UID 1002 comm: gen_fast, count: 1906164
CPU [0] UID 1002 comm: gen_fast, count: 1906287
CPU [0] UID 1002 comm: gen_fast, count: 1906427
CPU [0] UID 1002 comm: gen_fast, count: 1906464
CPU [0] UID 1002 comm: gen_fast, count: 1906564
CPU [0] UID 1002 comm: gen_fast, count: 1906670
CPU [0] UID 1002 comm: gen_fast, count: 1906764
CPU [0] UID 1002 comm: gen_fast, count: 1906900
CPU [0] UID 1002 comm: gen_fast, count: 1906964
CPU [0] UID 1002 comm: gen_fast, count: 1907064
CPU [0] UID 1002 comm: gen_fast, count: 1907170
CPU [0] UID 1002 comm: gen_fast, count: 1907385
CPU [0] UID 1002 comm: gen_fast, count: 1907385
CPU [0] UID 1002 comm: gen_fast, count: 1907464
CPU [0] UID 1002 comm: gen_fast, count: 1907564
CPU [0] UID 1002 comm: gen_fast, count: 1907713
CPU [0] UID 1002 comm: gen_fast, count: 1907764
CPU [0] UID 1002 comm: gen_fast, count: 1907864
CPU [0] UID 1002 comm: gen_fast, count: 1907982
CPU [0] UID 1002 comm: gen_fast, count: 1908068
CPU [0] UID 1002 comm: gen_fast, count: 1908164
CPU [0] UID 1002 comm: gen_fast, count: 1908302
CPU [0] UID 1002 comm: gen_fast, count: 1908384
CPU [0] UID 1002 comm: gen_fast, count: 1908589
CPU [0] UID 1002 comm: gen_fast, count: 1908589
CPU [0] UID 1002 comm: gen_fast, count: 1908738
CPU [0] UID 1002 comm: gen_fast, count: 1908764
CPU [0] UID 1002 comm: gen_fast, count: 1908922
CPU [0] UID 1002 comm: gen_fast, count: 1908964
CPU [0] UID 1002 comm: gen_fast, count: 1909064
CPU [0] UID 1002 comm: gen_fast, count: 1909164
CPU [0] UID 1002 comm: gen_fast, count: 1909287
CPU [0] UID 1002 comm: gen_fast, count: 1909364
CPU [0] UID 1002 comm: gen_fast, count: 1909464
CPU [0] UID 1002 comm: gen_fast, count: 1909593
CPU [0] UID 1002 comm: gen_fast, count: 1909788
CPU [0] UID 1002 comm: gen_fast, count: 1909788
CPU [0] UID 1002 comm: gen_fast, count: 1909961
CPU [0] UID 1002 comm: gen_fast, count: 1909964
CPU [0] UID 1002 comm: gen_fast, count: 1910064
CPU [0] UID 1002 comm: gen_fast, count: 1910263
CPU [0] UID 1002 comm: gen_fast, count: 1910264
CPU [0] UID 1002 comm: gen_fast, count: 1910364
CPU [0] UID 1002 comm: gen_fast, count: 1910464
CPU [0] UID 1002 comm: gen_fast, count: 1910598
CPU [0] UID 1002 comm: gen_fast, count: 1910807
CPU [0] UID 1002 comm: gen_fast, count: 1910807
CPU [0] UID 1002 comm: gen_fast, count: 1910864
CPU [0] UID 1002 comm: gen_fast, count: 1910977
CPU [0] UID 1002 comm: gen_fast, count: 1911098
CPU [0] UID 1002 comm: gen_fast, count: 1911180
CPU [0] UID 1002 comm: gen_fast, count: 1911264
CPU [0] UID 1002 comm: gen_fast, count: 1911422
CPU [0] UID 1002 comm: gen_fast, count: 1911593
CPU [0] UID 1002 comm: gen_fast, count: 1911593
CPU [0] UID 1002 comm: gen_fast, count: 1911664
CPU [0] UID 1002 comm: gen_fast, count: 1911813
CPU [0] UID 1002 comm: gen_fast, count: 1912001
CPU [0] UID 1002 comm: gen_fast, count: 1912001
CPU [0] UID 1002 comm: gen_fast, count: 1912064
CPU [0] UID 1002 comm: gen_fast, count: 1912256
CPU [0] UID 1002 comm: gen_fast, count: 1912264
CPU [0] UID 1002 comm: gen_fast, count: 1912508
CPU [0] UID 1002 comm: gen_fast, count: 1912508
CPU [0] UID 1002 comm: gen_fast, count: 1912564
CPU [0] UID 1002 comm: gen_fast, count: 1912718
CPU [0] UID 1002 comm: gen_fast, count: 1912898
CPU [0] UID 1002 comm: gen_fast, count: 1912898
CPU [0] UID 1002 comm: gen_fast, count: 1912964
CPU [0] UID 1002 comm: gen_fast, count: 1913196
CPU [0] UID 1002 comm: gen_fast, count: 1913196
CPU [0] UID 1002 comm: gen_fast, count: 1913395
CPU [0] UID 1002 comm: gen_fast, count: 1913395
CPU [0] UID 1002 comm: gen_fast, count: 1913464
CPU [0] UID 1002 comm: gen_fast, count: 1913609
CPU [0] UID 1002 comm: gen_fast, count: 1913664
CPU [0] UID 1002 comm: gen_fast, count: 1913764
CPU [0] UID 1002 comm: gen_fast, count: 1913864
CPU [0] UID 1002 comm: gen_fast, count: 1913983
CPU [0] UID 1002 comm: gen_fast, count: 1914140
CPU [0] UID 1002 comm: gen_fast, count: 1914164
CPU [0] UID 1002 comm: gen_fast, count: 1914296
CPU [0] UID 1002 comm: gen_fast, count: 1914364
CPU [0] UID 1002 comm: gen_fast, count: 1914485
CPU [0] UID 1002 comm: gen_fast, count: 1914564
CPU [0] UID 1002 comm: gen_fast, count: 1914731
CPU [0] UID 1002 comm: gen_fast, count: 1914764
CPU [0] UID 1002 comm: gen_fast, count: 1914864
CPU [0] UID 1002 comm: gen_fast, count: 1914972
CPU [0] UID 1002 comm: gen_fast, count: 1915064
CPU [0] UID 1002 comm: gen_fast, count: 1915164
CPU [0] UID 1002 comm: gen_fast, count: 1915287
CPU [0] UID 1002 comm: gen_fast, count: 1915465
CPU [0] UID 1002 comm: gen_fast, count: 1915465
CPU [0] UID 1002 comm: gen_fast, count: 1915596
CPU [0] UID 1002 comm: gen_fast, count: 1915782
CPU [0] UID 1002 comm: gen_fast, count: 1915782
CPU [0] UID 1002 comm: gen_fast, count: 1915961
CPU [0] UID 1002 comm: gen_fast, count: 1915964
CPU [0] UID 1002 comm: gen_fast, count: 1916064
CPU [0] UID 1002 comm: gen_fast, count: 1916187
CPU [0] UID 1002 comm: gen_fast, count: 1916264
CPU [0] UID 1002 comm: gen_fast, count: 1916372
CPU [0] UID 1002 comm: gen_fast, count: 1916503
CPU [0] UID 1002 comm: gen_fast, count: 1916583
CPU [0] UID 1002 comm: gen_fast, count: 1916664
CPU [0] UID 1002 comm: gen_fast, count: 1916764
CPU [0] UID 1002 comm: gen_fast, count: 1916864
CPU [0] UID 1002 comm: gen_fast, count: 1916993
CPU [0] UID 1002 comm: gen_fast, count: 1917194
CPU [0] UID 1002 comm: gen_fast, count: 1917194
CPU [0] UID 1002 comm: gen_fast, count: 1917264
CPU [0] UID 1002 comm: gen_fast, count: 1917364
CPU [0] UID 1002 comm: gen_fast, count: 1917464
CPU [0] UID 1002 comm: gen_fast, count: 1917610
CPU [0] UID 1002 comm: gen_fast, count: 1917681
CPU [0] UID 1002 comm: gen_fast, count: 1917833
CPU [0] UID 1002 comm: gen_fast, count: 1917864
CPU [0] UID 1002 comm: gen_fast, count: 1917977
CPU [0] UID 1002 comm: gen_fast, count: 1918064
CPU [0] UID 1002 comm: gen_fast, count: 1918184
CPU [0] UID 1002 comm: gen_fast, count: 1918391
CPU [0] UID 1002 comm: gen_fast, count: 1918391
CPU [0] UID 1002 comm: gen_fast, count: 1918571
CPU [0] UID 1002 comm: gen_fast, count: 1918571
CPU [0] UID 1002 comm: gen_fast, count: 1918770
CPU [0] UID 1002 comm: gen_fast, count: 1918770
CPU [0] UID 1002 comm: gen_fast, count: 1918864
CPU [0] UID 1002 comm: gen_fast, count: 1919037
CPU [0] UID 1002 comm: gen_fast, count: 1919064
CPU [0] UID 1002 comm: gen_fast, count: 1919164
CPU [0] UID 1002 comm: gen_fast, count: 1919264
CPU [0] UID 1002 comm: gen_fast, count: 1919453
CPU [0] UID 1002 comm: gen_fast, count: 1919464
CPU [0] UID 1002 comm: gen_fast, count: 1919564
CPU [0] UID 1002 comm: gen_fast, count: 1919700
CPU [0] UID 1002 comm: gen_fast, count: 1919796
CPU [0] UID 1002 comm: gen_fast, count: 1919945
CPU [0] UID 1002 comm: gen_fast, count: 1919964
CPU [0] UID 1002 comm: gen_fast, count: 1920136
CPU [0] UID 1002 comm: gen_fast, count: 1920164
CPU [0] UID 1002 comm: gen_fast, count: 1920307
CPU [0] UID 1002 comm: gen_fast, count: 1920364
CPU [0] UID 1002 comm: gen_fast, count: 1920472
CPU [0] UID 1002 comm: gen_fast, count: 1920609
CPU [0] UID 1002 comm: gen_fast, count: 1920699
CPU [0] UID 1002 comm: gen_fast, count: 1920764
CPU [0] UID 1002 comm: gen_fast, count: 1920904
CPU [0] UID 1002 comm: gen_fast, count: 1920964
CPU [0] UID 1002 comm: gen_fast, count: 1921064
CPU [0] UID 1002 comm: gen_fast, count: 1921164
CPU [0] UID 1002 comm: gen_fast, count: 1921264
CPU [0] UID 1002 comm: gen_fast, count: 1921392
CPU [0] UID 1002 comm: gen_fast, count: 1921464
CPU [0] UID 1002 comm: gen_fast, count: 1921640
CPU [0] UID 1002 comm: gen_fast, count: 1921664
CPU [0] UID 1002 comm: gen_fast, count: 1921764
CPU [0] UID 1002 comm: gen_fast, count: 1921864
CPU [0] UID 1002 comm: gen_fast, count: 1921964
CPU [0] UID 1002 comm: gen_fast, count: 1922147
CPU [0] UID 1002 comm: gen_fast, count: 1922164
CPU [0] UID 1002 comm: gen_fast, count: 1922300
CPU [0] UID 1002 comm: gen_fast, count: 1922372
CPU [0] UID 1002 comm: gen_fast, count: 1922490
CPU [0] UID 1002 comm: gen_fast, count: 1922564
CPU [0] UID 1002 comm: gen_fast, count: 1922780
CPU [0] UID 1002 comm: gen_fast, count: 1922780
CPU [0] UID 1002 comm: gen_fast, count: 1922864
CPU [0] UID 1002 comm: gen_fast, count: 1922990
CPU [0] UID 1002 comm: gen_fast, count: 1923064
CPU [0] UID 1002 comm: gen_fast, count: 1923166
CPU [0] UID 1002 comm: gen_fast, count: 1923276
CPU [0] UID 1002 comm: gen_fast, count: 1923435
CPU [0] UID 1002 comm: gen_fast, count: 1923464
CPU [0] UID 1002 comm: gen_fast, count: 1923567
CPU [0] UID 1002 comm: gen_fast, count: 1923664
CPU [0] UID 1002 comm: gen_fast, count: 1923764
CPU [0] UID 1002 comm: gen_fast, count: 1923901
CPU [0] UID 1002 comm: gen_fast, count: 1923964
CPU [0] UID 1002 comm: gen_fast, count: 1924099
CPU [0] UID 1002 comm: gen_fast, count: 1924285
CPU [0] UID 1002 comm: gen_fast, count: 1924285
CPU [0] UID 1002 comm: gen_fast, count: 1924448
CPU [0] UID 1002 comm: gen_fast, count: 1924464
CPU [0] UID 1002 comm: gen_fast, count: 1924564
CPU [0] UID 1002 comm: gen_fast, count: 1924753
CPU [0] UID 1002 comm: gen_fast, count: 1924764
CPU [0] UID 1002 comm: gen_fast, count: 1924919
CPU [0] UID 1002 comm: gen_fast, count: 1924964
CPU [0] UID 1002 comm: gen_fast, count: 1925143
CPU [0] UID 1002 comm: gen_fast, count: 1925164
CPU [0] UID 1002 comm: gen_fast, count: 1925391
CPU [0] UID 1002 comm: gen_fast, count: 1925391
CPU [0] UID 1002 comm: gen_fast, count: 1925464
CPU [0] UID 1002 comm: gen_fast, count: 1925577
CPU [0] UID 1002 comm: gen_fast, count: 1925674
CPU [0] UID 1002 comm: gen_fast, count: 1925808
CPU [0] UID 1002 comm: gen_fast, count: 1925898
CPU [0] UID 1002 comm: gen_fast, count: 1925964
CPU [0] UID 1002 comm: gen_fast, count: 1926105
CPU [0] UID 1002 comm: gen_fast, count: 1926307
CPU [0] UID 1002 comm: gen_fast, count: 1926307
CPU [0] UID 1002 comm: gen_fast, count: 1926364
CPU [0] UID 1002 comm: gen_fast, count: 1926572
CPU [0] UID 1002 comm: gen_fast, count: 1926572
CPU [0] UID 1002 comm: gen_fast, count: 1926664
CPU [0] UID 1002 comm: gen_fast, count: 1926790
CPU [0] UID 1002 comm: gen_fast, count: 1926877
CPU [0] UID 1002 comm: gen_fast, count: 1927004
CPU [0] UID 1002 comm: gen_fast, count: 1927160
CPU [0] UID 1002 comm: gen_fast, count: 1927164
CPU [0] UID 1002 comm: gen_fast, count: 1927295
CPU [0] UID 1002 comm: gen_fast, count: 1927419
CPU [0] UID 1002 comm: gen_fast, count: 1927464
CPU [0] UID 1002 comm: gen_fast, count: 1927564
CPU [0] UID 1002 comm: gen_fast, count: 1927705
CPU [0] UID 1002 comm: gen_fast, count: 1927764
CPU [0] UID 1002 comm: gen_fast, count: 1927980
CPU [0] UID 1002 comm: gen_fast, count: 1927980
CPU [0] UID 1002 comm: gen_fast, count: 1928064
CPU [0] UID 1002 comm: gen_fast, count: 1928255
CPU [0] UID 1002 comm: gen_fast, count: 1928264
CPU [0] UID 1002 comm: gen_fast, count: 1928456
CPU [0] UID 1002 comm: gen_fast, count: 1928464
CPU [0] UID 1002 comm: gen_fast, count: 1928564
CPU [0] UID 1002 comm: gen_fast, count: 1928670
CPU [0] UID 1002 comm: gen_fast, count: 1928764
CPU [0] UID 1002 comm: gen_fast, count: 1928864
CPU [0] UID 1002 comm: gen_fast, count: 1929036
CPU [0] UID 1002 comm: gen_fast, count: 1929064
CPU [0] UID 1002 comm: gen_fast, count: 1929164
CPU [0] UID 1002 comm: gen_fast, count: 1929264
CPU [0] UID 1002 comm: gen_fast, count: 1929373
CPU [0] UID 1002 comm: gen_fast, count: 1929571
CPU [0] UID 1002 comm: gen_fast, count: 1929571
CPU [0] UID 1002 comm: gen_fast, count: 1929752
CPU [0] UID 1002 comm: gen_fast, count: 1929764
CPU [0] UID 1002 comm: gen_fast, count: 1929864
CPU [0] UID 1002 comm: gen_fast, count: 1930066
CPU [0] UID 1002 comm: gen_fast, count: 1930066
CPU [0] UID 1002 comm: gen_fast, count: 1930164
CPU [0] UID 1002 comm: gen_fast, count: 1930264
CPU [0] UID 1002 comm: gen_fast, count: 1930364
CPU [0] UID 1002 comm: gen_fast, count: 1930496
CPU [0] UID 1002 comm: gen_fast, count: 1930564
CPU [0] UID 1002 comm: gen_fast, count: 1930664
CPU [0] UID 1002 comm: gen_fast, count: 1930899
CPU [0] UID 1002 comm: gen_fast, count: 1930899
CPU [0] UID 1002 comm: gen_fast, count: 1930964
CPU [0] UID 1002 comm: gen_fast, count: 1931137
CPU [0] UID 1002 comm: gen_fast, count: 1931225
CPU [0] UID 1002 comm: gen_fast, count: 1931264
CPU [0] UID 1002 comm: gen_fast, count: 1931364
CPU [0] UID 1002 comm: gen_fast, count: 1931564
CPU [0] UID 1002 comm: gen_fast, count: 1931564
CPU [0] UID 1002 comm: gen_fast, count: 1931664
CPU [0] UID 1002 comm: gen_fast, count: 1931764
CPU [0] UID 1002 comm: gen_fast, count: 1931864
CPU [0] UID 1002 comm: gen_fast, count: 1931964
CPU [0] UID 1002 comm: gen_fast, count: 1932064
CPU [0] UID 1002 comm: gen_fast, count: 1932184
CPU [0] UID 1002 comm: gen_fast, count: 1932264
CPU [0] UID 1002 comm: gen_fast, count: 1932407
CPU [0] UID 1002 comm: gen_fast, count: 1932464
CPU [0] UID 1002 comm: gen_fast, count: 1932579
CPU [0] UID 1002 comm: gen_fast, count: 1932731
CPU [0] UID 1002 comm: gen_fast, count: 1932764
CPU [0] UID 1002 comm: gen_fast, count: 1932900
CPU [0] UID 1002 comm: gen_fast, count: 1932964
CPU [0] UID 1002 comm: gen_fast, count: 1933161
CPU [0] UID 1002 comm: gen_fast, count: 1933164
CPU [0] UID 1002 comm: gen_fast, count: 1933264
CPU [0] UID 1002 comm: gen_fast, count: 1933372
CPU [0] UID 1002 comm: gen_fast, count: 1933570
CPU [0] UID 1002 comm: gen_fast, count: 1933570
CPU [0] UID 1002 comm: gen_fast, count: 1933664
CPU [0] UID 1002 comm: gen_fast, count: 1933764
CPU [0] UID 1002 comm: gen_fast, count: 1933888
CPU [0] UID 1002 comm: gen_fast, count: 1933964
CPU [0] UID 1002 comm: gen_fast, count: 1934097
CPU [0] UID 1002 comm: gen_fast, count: 1934290
CPU [0] UID 1002 comm: gen_fast, count: 1934290
CPU [0] UID 1002 comm: gen_fast, count: 1934364
CPU [0] UID 1002 comm: gen_fast, count: 1934464
CPU [0] UID 1002 comm: gen_fast, count: 1934716
CPU [0] UID 1002 comm: gen_fast, count: 1934716
CPU [0] UID 1002 comm: gen_fast, count: 1934764
CPU [0] UID 1002 comm: gen_fast, count: 1934864
CPU [0] UID 1002 comm: gen_fast, count: 1934964
CPU [0] UID 1002 comm: gen_fast, count: 1935097
CPU [0] UID 1002 comm: gen_fast, count: 1935178
CPU [0] UID 1002 comm: gen_fast, count: 1935268
CPU [0] UID 1002 comm: gen_fast, count: 1935364
CPU [0] UID 1002 comm: gen_fast, count: 1935464
CPU [0] UID 1002 comm: gen_fast, count: 1935580
CPU [0] UID 1002 comm: gen_fast, count: 1935713
CPU [0] UID 1002 comm: gen_fast, count: 1935764
CPU [0] UID 1002 comm: gen_fast, count: 1935864
CPU [0] UID 1002 comm: gen_fast, count: 1935964
CPU [0] UID 1002 comm: gen_fast, count: 1936093
CPU [0] UID 1002 comm: gen_fast, count: 1936164
CPU [0] UID 1002 comm: gen_fast, count: 1936317
CPU [0] UID 1002 comm: gen_fast, count: 1936364
CPU [0] UID 1002 comm: gen_fast, count: 1936506
CPU [0] UID 1002 comm: gen_fast, count: 1936654
CPU [0] UID 1002 comm: gen_fast, count: 1936664
CPU [0] UID 1002 comm: gen_fast, count: 1936805
CPU [0] UID 1002 comm: gen_fast, count: 1936864
CPU [0] UID 1002 comm: gen_fast, count: 1936999
CPU [0] UID 1002 comm: gen_fast, count: 1937064
CPU [0] UID 1002 comm: gen_fast, count: 1937207
CPU [0] UID 1002 comm: gen_fast, count: 1937264
CPU [0] UID 1002 comm: gen_fast, count: 1937371
CPU [0] UID 1002 comm: gen_fast, count: 1937464
CPU [0] UID 1002 comm: gen_fast, count: 1937654
CPU [0] UID 1002 comm: gen_fast, count: 1937664
CPU [0] UID 1002 comm: gen_fast, count: 1937872
CPU [0] UID 1002 comm: gen_fast, count: 1937872
CPU [0] UID 1002 comm: gen_fast, count: 1937964
CPU [0] UID 1002 comm: gen_fast, count: 1938197
CPU [0] UID 1002 comm: gen_fast, count: 1938197
CPU [0] UID 1002 comm: gen_fast, count: 1938264
CPU [0] UID 1002 comm: gen_fast, count: 1938440
CPU [0] UID 1002 comm: gen_fast, count: 1938464
CPU [0] UID 1002 comm: gen_fast, count: 1938592
CPU [0] UID 1002 comm: gen_fast, count: 1938720
CPU [0] UID 1002 comm: gen_fast, count: 1938845
CPU [0] UID 1002 comm: gen_fast, count: 1938864
CPU [0] UID 1002 comm: gen_fast, count: 1938964
CPU [0] UID 1002 comm: gen_fast, count: 1939077
CPU [0] UID 1002 comm: gen_fast, count: 1939194
CPU [0] UID 1002 comm: gen_fast, count: 1939264
CPU [0] UID 1002 comm: gen_fast, count: 1939426
CPU [0] UID 1002 comm: gen_fast, count: 1939464
CPU [0] UID 1002 comm: gen_fast, count: 1939564
CPU [0] UID 1002 comm: gen_fast, count: 1939754
CPU [0] UID 1002 comm: gen_fast, count: 1939764
CPU [0] UID 1002 comm: gen_fast, count: 1939896
CPU [0] UID 1002 comm: gen_fast, count: 1940064
CPU [0] UID 1002 comm: gen_fast, count: 1940064
CPU [0] UID 1002 comm: gen_fast, count: 1940272
CPU [0] UID 1002 comm: gen_fast, count: 1940272
CPU [0] UID 1002 comm: gen_fast, count: 1940440
CPU [0] UID 1002 comm: gen_fast, count: 1940464
CPU [0] UID 1002 comm: gen_fast, count: 1940564
CPU [0] UID 1002 comm: gen_fast, count: 1940664
CPU [0] UID 1002 comm: gen_fast, count: 1940790
CPU [0] UID 1002 comm: gen_fast, count: 1940864
CPU [0] UID 1002 comm: gen_fast, count: 1941055
CPU [0] UID 1002 comm: gen_fast, count: 1941064
CPU [0] UID 1002 comm: gen_fast, count: 1941164
CPU [0] UID 1002 comm: gen_fast, count: 1941264
CPU [0] UID 1002 comm: gen_fast, count: 1941405
CPU [0] UID 1002 comm: gen_fast, count: 1941464
CPU [0] UID 1002 comm: gen_fast, count: 1941569
CPU [0] UID 1002 comm: gen_fast, count: 1941664
CPU [0] UID 1002 comm: gen_fast, count: 1941764
CPU [0] UID 1002 comm: gen_fast, count: 1941870
CPU [0] UID 1002 comm: gen_fast, count: 1941992
CPU [0] UID 1002 comm: gen_fast, count: 1942064
CPU [0] UID 1002 comm: gen_fast, count: 1942164
CPU [0] UID 1002 comm: gen_fast, count: 1942264
CPU [0] UID 1002 comm: gen_fast, count: 1942370
CPU [0] UID 1002 comm: gen_fast, count: 1942532
CPU [0] UID 1002 comm: gen_fast, count: 1942672
CPU [0] UID 1002 comm: gen_fast, count: 1942672
CPU [0] UID 1002 comm: gen_fast, count: 1942764
CPU [0] UID 1002 comm: gen_fast, count: 1942872
CPU [0] UID 1002 comm: gen_fast, count: 1942964
CPU [0] UID 1002 comm: gen_fast, count: 1943064
CPU [0] UID 1002 comm: gen_fast, count: 1943164
CPU [0] UID 1002 comm: gen_fast, count: 1943264
CPU [0] UID 1002 comm: gen_fast, count: 1943471
CPU [0] UID 1002 comm: gen_fast, count: 1943471
CPU [0] UID 1002 comm: gen_fast, count: 1943619
CPU [0] UID 1002 comm: gen_fast, count: 1943664
CPU [0] UID 1002 comm: gen_fast, count: 1943830
CPU [0] UID 1002 comm: gen_fast, count: 1943864
CPU [0] UID 1002 comm: gen_fast, count: 1943964
CPU [0] UID 1002 comm: gen_fast, count: 1944064
CPU [0] UID 1002 comm: gen_fast, count: 1944164
CPU [0] UID 1002 comm: gen_fast, count: 1944277
CPU [0] UID 1002 comm: gen_fast, count: 1944474
CPU [0] UID 1002 comm: gen_fast, count: 1944474
CPU [0] UID 1002 comm: gen_fast, count: 1944564
CPU [0] UID 1002 comm: gen_fast, count: 1944692
CPU [0] UID 1002 comm: gen_fast, count: 1944887
CPU [0] UID 1002 comm: gen_fast, count: 1944887
CPU [0] UID 1002 comm: gen_fast, count: 1944964
CPU [0] UID 1002 comm: gen_fast, count: 1945116
CPU [0] UID 1002 comm: gen_fast, count: 1945164
CPU [0] UID 1002 comm: gen_fast, count: 1945273
CPU [0] UID 1002 comm: gen_fast, count: 1945396
CPU [0] UID 1002 comm: gen_fast, count: 1945464
CPU [0] UID 1002 comm: gen_fast, count: 1945576
CPU [0] UID 1002 comm: gen_fast, count: 1945664
CPU [0] UID 1002 comm: gen_fast, count: 1945764
CPU [0] UID 1002 comm: gen_fast, count: 1945871
CPU [0] UID 1002 comm: gen_fast, count: 1945999
CPU [0] UID 1002 comm: gen_fast, count: 1946064
CPU [0] UID 1002 comm: gen_fast, count: 1946165
CPU [0] UID 1002 comm: gen_fast, count: 1946264
CPU [0] UID 1002 comm: gen_fast, count: 1946384
CPU [0] UID 1002 comm: gen_fast, count: 1946464
CPU [0] UID 1002 comm: gen_fast, count: 1946564
CPU [0] UID 1002 comm: gen_fast, count: 1946780
CPU [0] UID 1002 comm: gen_fast, count: 1946780
CPU [0] UID 1002 comm: gen_fast, count: 1946910
CPU [0] UID 1002 comm: gen_fast, count: 1946998
CPU [0] UID 1002 comm: gen_fast, count: 1947200
CPU [0] UID 1002 comm: gen_fast, count: 1947200
CPU [0] UID 1002 comm: gen_fast, count: 1947358
CPU [0] UID 1002 comm: gen_fast, count: 1947364
CPU [0] UID 1002 comm: gen_fast, count: 1947497
CPU [0] UID 1002 comm: gen_fast, count: 1947688
CPU [0] UID 1002 comm: gen_fast, count: 1947688
CPU [0] UID 1002 comm: gen_fast, count: 1947764
CPU [0] UID 1002 comm: gen_fast, count: 1947951
CPU [0] UID 1002 comm: gen_fast, count: 1947964
CPU [0] UID 1002 comm: gen_fast, count: 1948166
CPU [0] UID 1002 comm: gen_fast, count: 1948166
CPU [0] UID 1002 comm: gen_fast, count: 1948264
CPU [0] UID 1002 comm: gen_fast, count: 1948378
CPU [0] UID 1002 comm: gen_fast, count: 1948579
CPU [0] UID 1002 comm: gen_fast, count: 1948579
CPU [0] UID 1002 comm: gen_fast, count: 1948664
CPU [0] UID 1002 comm: gen_fast, count: 1948764
CPU [0] UID 1002 comm: gen_fast, count: 1948864
CPU [0] UID 1002 comm: gen_fast, count: 1948964
CPU [0] UID 1002 comm: gen_fast, count: 1949084
CPU [0] UID 1002 comm: gen_fast, count: 1949164
CPU [0] UID 1002 comm: gen_fast, count: 1949264
CPU [0] UID 1002 comm: gen_fast, count: 1949417
CPU [0] UID 1002 comm: gen_fast, count: 1949464
CPU [0] UID 1002 comm: gen_fast, count: 1949612
CPU [0] UID 1002 comm: gen_fast, count: 1949664
CPU [0] UID 1002 comm: gen_fast, count: 1949858
CPU [0] UID 1002 comm: gen_fast, count: 1949864
CPU [0] UID 1002 comm: gen_fast, count: 1949964
CPU [0] UID 1002 comm: gen_fast, count: 1950141
CPU [0] UID 1002 comm: gen_fast, count: 1950164
CPU [0] UID 1002 comm: gen_fast, count: 1950362
CPU [0] UID 1002 comm: gen_fast, count: 1950364
CPU [0] UID 1002 comm: gen_fast, count: 1950570
CPU [0] UID 1002 comm: gen_fast, count: 1950570
CPU [0] UID 1002 comm: gen_fast, count: 1950693
CPU [0] UID 1002 comm: gen_fast, count: 1950867
CPU [0] UID 1002 comm: gen_fast, count: 1950867
CPU [0] UID 1002 comm: gen_fast, count: 1950964
CPU [0] UID 1002 comm: gen_fast, count: 1951081
CPU [0] UID 1002 comm: gen_fast, count: 1951205
CPU [0] UID 1002 comm: gen_fast, count: 1951287
CPU [0] UID 1002 comm: gen_fast, count: 1951454
CPU [0] UID 1002 comm: gen_fast, count: 1951464
CPU [0] UID 1002 comm: gen_fast, count: 1951564
CPU [0] UID 1002 comm: gen_fast, count: 1951664
CPU [0] UID 1002 comm: gen_fast, count: 1951779
CPU [0] UID 1002 comm: gen_fast, count: 1951864
CPU [0] UID 1002 comm: gen_fast, count: 1951964
CPU [0] UID 1002 comm: gen_fast, count: 1952112
CPU [0] UID 1002 comm: gen_fast, count: 1952264
CPU [0] UID 1002 comm: gen_fast, count: 1952264
CPU [0] UID 1002 comm: gen_fast, count: 1952364
CPU [0] UID 1002 comm: gen_fast, count: 1952464
CPU [0] UID 1002 comm: gen_fast, count: 1952607
CPU [0] UID 1002 comm: gen_fast, count: 1952664
CPU [0] UID 1002 comm: gen_fast, count: 1952766
CPU [0] UID 1002 comm: gen_fast, count: 1952871
CPU [0] UID 1002 comm: gen_fast, count: 1952997
CPU [0] UID 1002 comm: gen_fast, count: 1953064
CPU [0] UID 1002 comm: gen_fast, count: 1953213
CPU [0] UID 1002 comm: gen_fast, count: 1953350
CPU [0] UID 1002 comm: gen_fast, count: 1953364
CPU [0] UID 1002 comm: gen_fast, count: 1953464
CPU [0] UID 1002 comm: gen_fast, count: 1953564
CPU [0] UID 1002 comm: gen_fast, count: 1953664
CPU [0] UID 1002 comm: gen_fast, count: 1953783
CPU [0] UID 1002 comm: gen_fast, count: 1953896
CPU [0] UID 1002 comm: gen_fast, count: 1954033
CPU [0] UID 1002 comm: gen_fast, count: 1954064
CPU [0] UID 1002 comm: gen_fast, count: 1954166
CPU [0] UID 1002 comm: gen_fast, count: 1954300
CPU [0] UID 1002 comm: gen_fast, count: 1954470
CPU [0] UID 1002 comm: gen_fast, count: 1954470
CPU [0] UID 1002 comm: gen_fast, count: 1954564
CPU [0] UID 1002 comm: gen_fast, count: 1954664
CPU [0] UID 1002 comm: gen_fast, count: 1954853
CPU [0] UID 1002 comm: gen_fast, count: 1954925
CPU [0] UID 1002 comm: gen_fast, count: 1954964
CPU [0] UID 1002 comm: gen_fast, count: 1955064
CPU [0] UID 1002 comm: gen_fast, count: 1955225
CPU [0] UID 1002 comm: gen_fast, count: 1955264
CPU [0] UID 1002 comm: gen_fast, count: 1955364
CPU [0] UID 1002 comm: gen_fast, count: 1955533
CPU [0] UID 1002 comm: gen_fast, count: 1955564
CPU [0] UID 1002 comm: gen_fast, count: 1955664
CPU [0] UID 1002 comm: gen_fast, count: 1955780
CPU [0] UID 1002 comm: gen_fast, count: 1955864
CPU [0] UID 1002 comm: gen_fast, count: 1955971
CPU [0] UID 1002 comm: gen_fast, count: 1956064
CPU [0] UID 1002 comm: gen_fast, count: 1956164
CPU [0] UID 1002 comm: gen_fast, count: 1956288
CPU [0] UID 1002 comm: gen_fast, count: 1956365
CPU [0] UID 1002 comm: gen_fast, count: 1956475
CPU [0] UID 1002 comm: gen_fast, count: 1956566
CPU [0] UID 1002 comm: gen_fast, count: 1956664
CPU [0] UID 1002 comm: gen_fast, count: 1956777
CPU [0] UID 1002 comm: gen_fast, count: 1956864
CPU [0] UID 1002 comm: gen_fast, count: 1956964
CPU [0] UID 1002 comm: gen_fast, count: 1957064
CPU [0] UID 1002 comm: gen_fast, count: 1957164
CPU [0] UID 1002 comm: gen_fast, count: 1957264
CPU [0] UID 1002 comm: gen_fast, count: 1957364
CPU [0] UID 1002 comm: gen_fast, count: 1957488
CPU [0] UID 1002 comm: gen_fast, count: 1957629
CPU [0] UID 1002 comm: gen_fast, count: 1957664
CPU [0] UID 1002 comm: gen_fast, count: 1957798
CPU [0] UID 1002 comm: gen_fast, count: 1957864
CPU [0] UID 1002 comm: gen_fast, count: 1958055
CPU [0] UID 1002 comm: gen_fast, count: 1958128
CPU [0] UID 1002 comm: gen_fast, count: 1958164
CPU [0] UID 1002 comm: gen_fast, count: 1958264
CPU [0] UID 1002 comm: gen_fast, count: 1958364
CPU [0] UID 1002 comm: gen_fast, count: 1958468
CPU [0] UID 1002 comm: gen_fast, count: 1958564
CPU [0] UID 1002 comm: gen_fast, count: 1958664
CPU [0] UID 1002 comm: gen_fast, count: 1958764
CPU [0] UID 1002 comm: gen_fast, count: 1958877
CPU [0] UID 1002 comm: gen_fast, count: 1958964
CPU [0] UID 1002 comm: gen_fast, count: 1959074
CPU [0] UID 1002 comm: gen_fast, count: 1959189
CPU [0] UID 1002 comm: gen_fast, count: 1959354
CPU [0] UID 1002 comm: gen_fast, count: 1959364
CPU [0] UID 1002 comm: gen_fast, count: 1959558
CPU [0] UID 1002 comm: gen_fast, count: 1959564
CPU [0] UID 1002 comm: gen_fast, count: 1959664
CPU [0] UID 1002 comm: gen_fast, count: 1959764
CPU [0] UID 1002 comm: gen_fast, count: 1959887
CPU [0] UID 1002 comm: gen_fast, count: 1960036
CPU [0] UID 1002 comm: gen_fast, count: 1960064
CPU [0] UID 1002 comm: gen_fast, count: 1960230
CPU [0] UID 1002 comm: gen_fast, count: 1960264
CPU [0] UID 1002 comm: gen_fast, count: 1960414
CPU [0] UID 1002 comm: gen_fast, count: 1960464
CPU [0] UID 1002 comm: gen_fast, count: 1960606
CPU [0] UID 1002 comm: gen_fast, count: 1960664
CPU [0] UID 1002 comm: gen_fast, count: 1960764
CPU [0] UID 1002 comm: gen_fast, count: 1960864
CPU [0] UID 1002 comm: gen_fast, count: 1960989
CPU [0] UID 1002 comm: gen_fast, count: 1961064
CPU [0] UID 1002 comm: gen_fast, count: 1961207
CPU [0] UID 1002 comm: gen_fast, count: 1961264
CPU [0] UID 1002 comm: gen_fast, count: 1961376
CPU [0] UID 1002 comm: gen_fast, count: 1961476
CPU [0] UID 1002 comm: gen_fast, count: 1961564
CPU [0] UID 1002 comm: gen_fast, count: 1961664
CPU [0] UID 1002 comm: gen_fast, count: 1961767
CPU [0] UID 1002 comm: gen_fast, count: 1961864
CPU [0] UID 1002 comm: gen_fast, count: 1962008
CPU [0] UID 1002 comm: gen_fast, count: 1962064
CPU [0] UID 1002 comm: gen_fast, count: 1962164
CPU [0] UID 1002 comm: gen_fast, count: 1962268
CPU [0] UID 1002 comm: gen_fast, count: 1962364
CPU [0] UID 1002 comm: gen_fast, count: 1962464
CPU [0] UID 1002 comm: gen_fast, count: 1962564
CPU [0] UID 1002 comm: gen_fast, count: 1962713
CPU [0] UID 1002 comm: gen_fast, count: 1962764
CPU [0] UID 1002 comm: gen_fast, count: 1962869
CPU [0] UID 1002 comm: gen_fast, count: 1962988
CPU [0] UID 1002 comm: gen_fast, count: 1963064
CPU [0] UID 1002 comm: gen_fast, count: 1963164
CPU [0] UID 1002 comm: gen_fast, count: 1963264
CPU [0] UID 1002 comm: gen_fast, count: 1963391
CPU [0] UID 1002 comm: gen_fast, count: 1963464
CPU [0] UID 1002 comm: gen_fast, count: 1963568
CPU [0] UID 1002 comm: gen_fast, count: 1963692
CPU [0] UID 1002 comm: gen_fast, count: 1963764
CPU [0] UID 1002 comm: gen_fast, count: 1963870
CPU [0] UID 1002 comm: gen_fast, count: 1964020
CPU [0] UID 1002 comm: gen_fast, count: 1964167
CPU [0] UID 1002 comm: gen_fast, count: 1964167
CPU [0] UID 1002 comm: gen_fast, count: 1964264
CPU [0] UID 1002 comm: gen_fast, count: 1964466
CPU [0] UID 1002 comm: gen_fast, count: 1964466
CPU [0] UID 1002 comm: gen_fast, count: 1964610
CPU [0] UID 1002 comm: gen_fast, count: 1964664
CPU [0] UID 1002 comm: gen_fast, count: 1964803
CPU [0] UID 1002 comm: gen_fast, count: 1964947
CPU [0] UID 1002 comm: gen_fast, count: 1964964
CPU [0] UID 1002 comm: gen_fast, count: 1965064
CPU [0] UID 1002 comm: gen_fast, count: 1965164
CPU [0] UID 1002 comm: gen_fast, count: 1965264
CPU [0] UID 1002 comm: gen_fast, count: 1965370
CPU [0] UID 1002 comm: gen_fast, count: 1965503
CPU [0] UID 1002 comm: gen_fast, count: 1965614
CPU [0] UID 1002 comm: gen_fast, count: 1965664
CPU [0] UID 1002 comm: gen_fast, count: 1965764
CPU [0] UID 1002 comm: gen_fast, count: 1965898
CPU [0] UID 1002 comm: gen_fast, count: 1965964
CPU [0] UID 1002 comm: gen_fast, count: 1966064
CPU [0] UID 1002 comm: gen_fast, count: 1966164
CPU [0] UID 1002 comm: gen_fast, count: 1966285
CPU [0] UID 1002 comm: gen_fast, count: 1966378
CPU [0] UID 1002 comm: gen_fast, count: 1966464
CPU [0] UID 1002 comm: gen_fast, count: 1966569
CPU [0] UID 1002 comm: gen_fast, count: 1966687
CPU [0] UID 1002 comm: gen_fast, count: 1966838
CPU [0] UID 1002 comm: gen_fast, count: 1966864
CPU [0] UID 1002 comm: gen_fast, count: 1966982
CPU [0] UID 1002 comm: gen_fast, count: 1967068
CPU [0] UID 1002 comm: gen_fast, count: 1967164
CPU [0] UID 1002 comm: gen_fast, count: 1967266
CPU [0] UID 1002 comm: gen_fast, count: 1967364
CPU [0] UID 1002 comm: gen_fast, count: 1967464
CPU [0] UID 1002 comm: gen_fast, count: 1967570
CPU [0] UID 1002 comm: gen_fast, count: 1967664
CPU [0] UID 1002 comm: gen_fast, count: 1967764
CPU [0] UID 1002 comm: gen_fast, count: 1967871
CPU [0] UID 1002 comm: gen_fast, count: 1968022
CPU [0] UID 1002 comm: gen_fast, count: 1968064
CPU [0] UID 1002 comm: gen_fast, count: 1968184
CPU [0] UID 1002 comm: gen_fast, count: 1968264
CPU [0] UID 1002 comm: gen_fast, count: 1968364
CPU [0] UID 1002 comm: gen_fast, count: 1968579
CPU [0] UID 1002 comm: gen_fast, count: 1968579
CPU [0] UID 1002 comm: gen_fast, count: 1968664
CPU [0] UID 1002 comm: gen_fast, count: 1968764
CPU [0] UID 1002 comm: gen_fast, count: 1968936
CPU [0] UID 1002 comm: gen_fast, count: 1968964
CPU [0] UID 1002 comm: gen_fast, count: 1969075
CPU [0] UID 1002 comm: gen_fast, count: 1969220
CPU [0] UID 1002 comm: gen_fast, count: 1969264
CPU [0] UID 1002 comm: gen_fast, count: 1969470
CPU [0] UID 1002 comm: gen_fast, count: 1969470
CPU [0] UID 1002 comm: gen_fast, count: 1969564
CPU [0] UID 1002 comm: gen_fast, count: 1969672
CPU [0] UID 1002 comm: gen_fast, count: 1969847
CPU [0] UID 1002 comm: gen_fast, count: 1969864
CPU [0] UID 1002 comm: gen_fast, count: 1969964
CPU [0] UID 1002 comm: gen_fast, count: 1970157
CPU [0] UID 1002 comm: gen_fast, count: 1970164
CPU [0] UID 1002 comm: gen_fast, count: 1970264
CPU [0] UID 1002 comm: gen_fast, count: 1970364
CPU [0] UID 1002 comm: gen_fast, count: 1970475
CPU [0] UID 1002 comm: gen_fast, count: 1970597
CPU [0] UID 1002 comm: gen_fast, count: 1970664
CPU [0] UID 1002 comm: gen_fast, count: 1970771
CPU [0] UID 1002 comm: gen_fast, count: 1970877
CPU [0] UID 1002 comm: gen_fast, count: 1970964
CPU [0] UID 1002 comm: gen_fast, count: 1971064
CPU [0] UID 1002 comm: gen_fast, count: 1971186
CPU [0] UID 1002 comm: gen_fast, count: 1971296
CPU [0] UID 1002 comm: gen_fast, count: 1971432
CPU [0] UID 1002 comm: gen_fast, count: 1971464
CPU [0] UID 1002 comm: gen_fast, count: 1971624
CPU [0] UID 1002 comm: gen_fast, count: 1971766
CPU [0] UID 1002 comm: gen_fast, count: 1971766
CPU [0] UID 1002 comm: gen_fast, count: 1971948
CPU [0] UID 1002 comm: gen_fast, count: 1971964
CPU [0] UID 1002 comm: gen_fast, count: 1972064
CPU [0] UID 1002 comm: gen_fast, count: 1972164
CPU [0] UID 1002 comm: gen_fast, count: 1972279
CPU [0] UID 1002 comm: gen_fast, count: 1972426
CPU [0] UID 1002 comm: gen_fast, count: 1972464
CPU [0] UID 1002 comm: gen_fast, count: 1972605
CPU [0] UID 1002 comm: gen_fast, count: 1972682
CPU [0] UID 1002 comm: gen_fast, count: 1972785
CPU [0] UID 1002 comm: gen_fast, count: 1972957
CPU [0] UID 1002 comm: gen_fast, count: 1972964
CPU [0] UID 1002 comm: gen_fast, count: 1973098
CPU [0] UID 1002 comm: gen_fast, count: 1973164
CPU [0] UID 1002 comm: gen_fast, count: 1973359
CPU [0] UID 1002 comm: gen_fast, count: 1973364
CPU [0] UID 1002 comm: gen_fast, count: 1973539
CPU [0] UID 1002 comm: gen_fast, count: 1973564
CPU [0] UID 1002 comm: gen_fast, count: 1973690
CPU [0] UID 1002 comm: gen_fast, count: 1973764
CPU [0] UID 1002 comm: gen_fast, count: 1973930
CPU [0] UID 1002 comm: gen_fast, count: 1973964
CPU [0] UID 1002 comm: gen_fast, count: 1974120
CPU [0] UID 1002 comm: gen_fast, count: 1974164
CPU [0] UID 1002 comm: gen_fast, count: 1974264
CPU [0] UID 1002 comm: gen_fast, count: 1974383
CPU [0] UID 1002 comm: gen_fast, count: 1974466
CPU [0] UID 1002 comm: gen_fast, count: 1974652
CPU [0] UID 1002 comm: gen_fast, count: 1974664
CPU [0] UID 1002 comm: gen_fast, count: 1974764
CPU [0] UID 1002 comm: gen_fast, count: 1974954
CPU [0] UID 1002 comm: gen_fast, count: 1975021
CPU [0] UID 1002 comm: gen_fast, count: 1975162
CPU [0] UID 1002 comm: gen_fast, count: 1975164
CPU [0] UID 1002 comm: gen_fast, count: 1975264
CPU [0] UID 1002 comm: gen_fast, count: 1975452
CPU [0] UID 1002 comm: gen_fast, count: 1975464
CPU [0] UID 1002 comm: gen_fast, count: 1975614
CPU [0] UID 1002 comm: gen_fast, count: 1975758
CPU [0] UID 1002 comm: gen_fast, count: 1975764
CPU [0] UID 1002 comm: gen_fast, count: 1975917
CPU [0] UID 1002 comm: gen_fast, count: 1975964
CPU [0] UID 1002 comm: gen_fast, count: 1976064
CPU [0] UID 1002 comm: gen_fast, count: 1976164
CPU [0] UID 1002 comm: gen_fast, count: 1976264
CPU [0] UID 1002 comm: gen_fast, count: 1976364
CPU [0] UID 1002 comm: gen_fast, count: 1976464
CPU [0] UID 1002 comm: gen_fast, count: 1976588
CPU [0] UID 1002 comm: gen_fast, count: 1976664
CPU [0] UID 1002 comm: gen_fast, count: 1976764
CPU [0] UID 1002 comm: gen_fast, count: 1976971
CPU [0] UID 1002 comm: gen_fast, count: 1976971
CPU [0] UID 1002 comm: gen_fast, count: 1977064
CPU [0] UID 1002 comm: gen_fast, count: 1977175
CPU [0] UID 1002 comm: gen_fast, count: 1977264
CPU [0] UID 1002 comm: gen_fast, count: 1977364
CPU [0] UID 1002 comm: gen_fast, count: 1977488
CPU [0] UID 1002 comm: gen_fast, count: 1977576
CPU [0] UID 1002 comm: gen_fast, count: 1977694
CPU [0] UID 1002 comm: gen_fast, count: 1977764
CPU [0] UID 1002 comm: gen_fast, count: 1977878
CPU [0] UID 1002 comm: gen_fast, count: 1977964
CPU [0] UID 1002 comm: gen_fast, count: 1978134
CPU [0] UID 1002 comm: gen_fast, count: 1978276
CPU [0] UID 1002 comm: gen_fast, count: 1978276
CPU [0] UID 1002 comm: gen_fast, count: 1978364
CPU [0] UID 1002 comm: gen_fast, count: 1978480
CPU [0] UID 1002 comm: gen_fast, count: 1978564
CPU [0] UID 1002 comm: gen_fast, count: 1978749
CPU [0] UID 1002 comm: gen_fast, count: 1978764
CPU [0] UID 1002 comm: gen_fast, count: 1978932
CPU [0] UID 1002 comm: gen_fast, count: 1978964
CPU [0] UID 1002 comm: gen_fast, count: 1979074
CPU [0] UID 1002 comm: gen_fast, count: 1979164
CPU [0] UID 1002 comm: gen_fast, count: 1979312
CPU [0] UID 1002 comm: gen_fast, count: 1979364
CPU [0] UID 1002 comm: gen_fast, count: 1979464
CPU [0] UID 1002 comm: gen_fast, count: 1979564
CPU [0] UID 1002 comm: gen_fast, count: 1979664
CPU [0] UID 1002 comm: gen_fast, count: 1979767
CPU [0] UID 1002 comm: gen_fast, count: 1979910
CPU [0] UID 1002 comm: gen_fast, count: 1979988
CPU [0] UID 1002 comm: gen_fast, count: 1980097
CPU [0] UID 1002 comm: gen_fast, count: 1980164
CPU [0] UID 1002 comm: gen_fast, count: 1980287
CPU [0] UID 1002 comm: gen_fast, count: 1980430
CPU [0] UID 1002 comm: gen_fast, count: 1980464
CPU [0] UID 1002 comm: gen_fast, count: 1980671
CPU [0] UID 1002 comm: gen_fast, count: 1980671
CPU [0] UID 1002 comm: gen_fast, count: 1980764
CPU [0] UID 1002 comm: gen_fast, count: 1980865
CPU [0] UID 1002 comm: gen_fast, count: 1980982
CPU [0] UID 1002 comm: gen_fast, count: 1981108
CPU [0] UID 1002 comm: gen_fast, count: 1981164
CPU [0] UID 1002 comm: gen_fast, count: 1981292
CPU [0] UID 1002 comm: gen_fast, count: 1981426
CPU [0] UID 1002 comm: gen_fast, count: 1981464
CPU [0] UID 1002 comm: gen_fast, count: 1981564
CPU [0] UID 1002 comm: gen_fast, count: 1981707
CPU [0] UID 1002 comm: gen_fast, count: 1981859
CPU [0] UID 1002 comm: gen_fast, count: 1981864
CPU [0] UID 1002 comm: gen_fast, count: 1982048
CPU [0] UID 1002 comm: gen_fast, count: 1982064
CPU [0] UID 1002 comm: gen_fast, count: 1982216
CPU [0] UID 1002 comm: gen_fast, count: 1982264
CPU [0] UID 1002 comm: gen_fast, count: 1982405
CPU [0] UID 1002 comm: gen_fast, count: 1982464
CPU [0] UID 1002 comm: gen_fast, count: 1982564
CPU [0] UID 1002 comm: gen_fast, count: 1982804
CPU [0] UID 1002 comm: gen_fast, count: 1982804
CPU [0] UID 1002 comm: gen_fast, count: 1982864
CPU [0] UID 1002 comm: gen_fast, count: 1983003
CPU [0] UID 1002 comm: gen_fast, count: 1983064
CPU [0] UID 1002 comm: gen_fast, count: 1983171
CPU [0] UID 1002 comm: gen_fast, count: 1983264
CPU [0] UID 1002 comm: gen_fast, count: 1983364
CPU [0] UID 1002 comm: gen_fast, count: 1983471
CPU [0] UID 1002 comm: gen_fast, count: 1983564
CPU [0] UID 1002 comm: gen_fast, count: 1983721
CPU [0] UID 1002 comm: gen_fast, count: 1983764
CPU [0] UID 1002 comm: gen_fast, count: 1983888
CPU [0] UID 1002 comm: gen_fast, count: 1984047
CPU [0] UID 1002 comm: gen_fast, count: 1984064
CPU [0] UID 1002 comm: gen_fast, count: 1984164
CPU [0] UID 1002 comm: gen_fast, count: 1984299
CPU [0] UID 1002 comm: gen_fast, count: 1984364
CPU [0] UID 1002 comm: gen_fast, count: 1984464
CPU [0] UID 1002 comm: gen_fast, count: 1984576
CPU [0] UID 1002 comm: gen_fast, count: 1984669
CPU [0] UID 1002 comm: gen_fast, count: 1984815
CPU [0] UID 1002 comm: gen_fast, count: 1984864
CPU [0] UID 1002 comm: gen_fast, count: 1984964
CPU [0] UID 1002 comm: gen_fast, count: 1985138
CPU [0] UID 1002 comm: gen_fast, count: 1985164
CPU [0] UID 1002 comm: gen_fast, count: 1985360
CPU [0] UID 1002 comm: gen_fast, count: 1985453
CPU [0] UID 1002 comm: gen_fast, count: 1985464
CPU [0] UID 1002 comm: gen_fast, count: 1985603
CPU [0] UID 1002 comm: gen_fast, count: 1985676
CPU [0] UID 1002 comm: gen_fast, count: 1985827
CPU [0] UID 1002 comm: gen_fast, count: 1985864
CPU [0] UID 1002 comm: gen_fast, count: 1985976
CPU [0] UID 1002 comm: gen_fast, count: 1986139
CPU [0] UID 1002 comm: gen_fast, count: 1986164
CPU [0] UID 1002 comm: gen_fast, count: 1986268
CPU [0] UID 1002 comm: gen_fast, count: 1986364
CPU [0] UID 1002 comm: gen_fast, count: 1986464
CPU [0] UID 1002 comm: gen_fast, count: 1986601
CPU [0] UID 1002 comm: gen_fast, count: 1986664
CPU [0] UID 1002 comm: gen_fast, count: 1986852
CPU [0] UID 1002 comm: gen_fast, count: 1986864
CPU [0] UID 1002 comm: gen_fast, count: 1986969
CPU [0] UID 1002 comm: gen_fast, count: 1987064
CPU [0] UID 1002 comm: gen_fast, count: 1987211
CPU [0] UID 1002 comm: gen_fast, count: 1987264
CPU [0] UID 1002 comm: gen_fast, count: 1987392
CPU [0] UID 1002 comm: gen_fast, count: 1987541
CPU [0] UID 1002 comm: gen_fast, count: 1987564
CPU [0] UID 1002 comm: gen_fast, count: 1987667
CPU [0] UID 1002 comm: gen_fast, count: 1987848
CPU [0] UID 1002 comm: gen_fast, count: 1987864
CPU [0] UID 1002 comm: gen_fast, count: 1988114
CPU [0] UID 1002 comm: gen_fast, count: 1988114
CPU [0] UID 1002 comm: gen_fast, count: 1988188
CPU [0] UID 1002 comm: gen_fast, count: 1988380
CPU [0] UID 1002 comm: gen_fast, count: 1988380
CPU [0] UID 1002 comm: gen_fast, count: 1988464
CPU [0] UID 1002 comm: gen_fast, count: 1988574
CPU [0] UID 1002 comm: gen_fast, count: 1988664
CPU [0] UID 1002 comm: gen_fast, count: 1988793
CPU [0] UID 1002 comm: gen_fast, count: 1988864
CPU [0] UID 1002 comm: gen_fast, count: 1988964
CPU [0] UID 1002 comm: gen_fast, count: 1989101
CPU [0] UID 1002 comm: gen_fast, count: 1989193
CPU [0] UID 1002 comm: gen_fast, count: 1989264
CPU [0] UID 1002 comm: gen_fast, count: 1989368
CPU [0] UID 1002 comm: gen_fast, count: 1989464
CPU [0] UID 1002 comm: gen_fast, count: 1989578
CPU [0] UID 1002 comm: gen_fast, count: 1989664
CPU [0] UID 1002 comm: gen_fast, count: 1989764
CPU [0] UID 1002 comm: gen_fast, count: 1989864
CPU [0] UID 1002 comm: gen_fast, count: 1990001
CPU [0] UID 1002 comm: gen_fast, count: 1990064
CPU [0] UID 1002 comm: gen_fast, count: 1990176
CPU [0] UID 1002 comm: gen_fast, count: 1990303
CPU [0] UID 1002 comm: gen_fast, count: 1990378
CPU [0] UID 1002 comm: gen_fast, count: 1990546
CPU [0] UID 1002 comm: gen_fast, count: 1990564
CPU [0] UID 1002 comm: gen_fast, count: 1990688
CPU [0] UID 1002 comm: gen_fast, count: 1990764
CPU [0] UID 1002 comm: gen_fast, count: 1990864
CPU [0] UID 1002 comm: gen_fast, count: 1991090
CPU [0] UID 1002 comm: gen_fast, count: 1991090
CPU [0] UID 1002 comm: gen_fast, count: 1991259
CPU [0] UID 1002 comm: gen_fast, count: 1991264
CPU [0] UID 1002 comm: gen_fast, count: 1991368
CPU [0] UID 1002 comm: gen_fast, count: 1991464
CPU [0] UID 1002 comm: gen_fast, count: 1991584
CPU [0] UID 1002 comm: gen_fast, count: 1991744
CPU [0] UID 1002 comm: gen_fast, count: 1991764
CPU [0] UID 1002 comm: gen_fast, count: 1991920
CPU [0] UID 1002 comm: gen_fast, count: 1991964
CPU [0] UID 1002 comm: gen_fast, count: 1992074
CPU [0] UID 1002 comm: gen_fast, count: 1992231
CPU [0] UID 1002 comm: gen_fast, count: 1992264
CPU [0] UID 1002 comm: gen_fast, count: 1992399
CPU [0] UID 1002 comm: gen_fast, count: 1992466
CPU [0] UID 1002 comm: gen_fast, count: 1992635
CPU [0] UID 1002 comm: gen_fast, count: 1992664
CPU [0] UID 1002 comm: gen_fast, count: 1992764
CPU [0] UID 1002 comm: gen_fast, count: 1992896
CPU [0] UID 1002 comm: gen_fast, count: 1993021
CPU [0] UID 1002 comm: gen_fast, count: 1993064
CPU [0] UID 1002 comm: gen_fast, count: 1993164
CPU [0] UID 1002 comm: gen_fast, count: 1993279
CPU [0] UID 1002 comm: gen_fast, count: 1993372
CPU [0] UID 1002 comm: gen_fast, count: 1993464
CPU [0] UID 1002 comm: gen_fast, count: 1993608
CPU [0] UID 1002 comm: gen_fast, count: 1993747
CPU [0] UID 1002 comm: gen_fast, count: 1993764
CPU [0] UID 1002 comm: gen_fast, count: 1993864
CPU [0] UID 1002 comm: gen_fast, count: 1993970
CPU [0] UID 1002 comm: gen_fast, count: 1994097
CPU [0] UID 1002 comm: gen_fast, count: 1994164
CPU [0] UID 1002 comm: gen_fast, count: 1994376
CPU [0] UID 1002 comm: gen_fast, count: 1994376
CPU [0] UID 1002 comm: gen_fast, count: 1994464
CPU [0] UID 1002 comm: gen_fast, count: 1994701
CPU [0] UID 1002 comm: gen_fast, count: 1994701
CPU [0] UID 1002 comm: gen_fast, count: 1994764
CPU [0] UID 1002 comm: gen_fast, count: 1994956
CPU [0] UID 1002 comm: gen_fast, count: 1994964
CPU [0] UID 1002 comm: gen_fast, count: 1995064
CPU [0] UID 1002 comm: gen_fast, count: 1995194
CPU [0] UID 1002 comm: gen_fast, count: 1995264
CPU [0] UID 1002 comm: gen_fast, count: 1995375
CPU [0] UID 1002 comm: gen_fast, count: 1995511
CPU [0] UID 1002 comm: gen_fast, count: 1995564
CPU [0] UID 1002 comm: gen_fast, count: 1995706
CPU [0] UID 1002 comm: gen_fast, count: 1995881
CPU [0] UID 1002 comm: gen_fast, count: 1995881
CPU [0] UID 1002 comm: gen_fast, count: 1995964
CPU [0] UID 1002 comm: gen_fast, count: 1996072
CPU [0] UID 1002 comm: gen_fast, count: 1996222
CPU [0] UID 1002 comm: gen_fast, count: 1996264
CPU [0] UID 1002 comm: gen_fast, count: 1996375
CPU [0] UID 1002 comm: gen_fast, count: 1996501
CPU [0] UID 1002 comm: gen_fast, count: 1996579
CPU [0] UID 1002 comm: gen_fast, count: 1996747
CPU [0] UID 1002 comm: gen_fast, count: 1996764
CPU [0] UID 1002 comm: gen_fast, count: 1996884
CPU [0] UID 1002 comm: gen_fast, count: 1997043
CPU [0] UID 1002 comm: gen_fast, count: 1997064
CPU [0] UID 1002 comm: gen_fast, count: 1997164
CPU [0] UID 1002 comm: gen_fast, count: 1997264
CPU [0] UID 1002 comm: gen_fast, count: 1997364
CPU [0] UID 1002 comm: gen_fast, count: 1997480
CPU [0] UID 1002 comm: gen_fast, count: 1997685
CPU [0] UID 1002 comm: gen_fast, count: 1997685
CPU [0] UID 1002 comm: gen_fast, count: 1997778
CPU [0] UID 1002 comm: gen_fast, count: 1997934
CPU [0] UID 1002 comm: gen_fast, count: 1997964
CPU [0] UID 1002 comm: gen_fast, count: 1998091
CPU [0] UID 1002 comm: gen_fast, count: 1998164
CPU [0] UID 1002 comm: gen_fast, count: 1998264
CPU [0] UID 1002 comm: gen_fast, count: 1998437
CPU [0] UID 1002 comm: gen_fast, count: 1998464
CPU [0] UID 1002 comm: gen_fast, count: 1998628
CPU [0] UID 1002 comm: gen_fast, count: 1998664
CPU [0] UID 1002 comm: gen_fast, count: 1998828
CPU [0] UID 1002 comm: gen_fast, count: 1998864
CPU [0] UID 1002 comm: gen_fast, count: 1999062
CPU [0] UID 1002 comm: gen_fast, count: 1999064
CPU [0] UID 1002 comm: gen_fast, count: 1999164
CPU [0] UID 1002 comm: gen_fast, count: 1999334
CPU [0] UID 1002 comm: gen_fast, count: 1999364
CPU [0] UID 1002 comm: gen_fast, count: 1999483
CPU [0] UID 1002 comm: gen_fast, count: 1999564
CPU [0] UID 1002 comm: gen_fast, count: 1999664
CPU [0] UID 1002 comm: gen_fast, count: 1999778
CPU [0] UID 1002 comm: gen_fast, count: 1999864
CPU [0] UID 1002 comm: gen_fast, count: 1999964
[TIMING] Poll loop CPU: 10.089s  wall: 30.109s
[TIMING] Total CPU: 10.113s  wall: 30.155s
[SUMMARY] Events in map: 1999999
[SUMMARY] Callback invocations: 1998335
